ISO-10303-21;
HEADER;
FILE_DESCRIPTION(('FreeCAD Model'),'2;1');
FILE_NAME('Open CASCADE Shape Model','2026-09-24T10:13:11',('FreeCAD'),(
    'FreeCAD'),'Open CASCADE STEP processor 7.8','FreeCAD','Unknown');
FILE_SCHEMA(('AUTOMOTIVE_DESIGN { 1 0 10303 214 1 1 1 1 }'));
ENDSEC;
DATA;
#1 = APPLICATION_PROTOCOL_DEFINITION('international standard',
  'automotive_design',2000,#2);
#2 = APPLICATION_CONTEXT(
  'core data for automotive mechanical design processes');
#3 = SHAPE_DEFINITION_REPRESENTATION(#4,#10);
#4 = PRODUCT_DEFINITION_SHAPE('','',#5);
#5 = PRODUCT_DEFINITION('design','',#6,#9);
#6 = PRODUCT_DEFINITION_FORMATION('','',#7);
#7 = PRODUCT('Open CASCADE STEP translator 7.8 1',
  'Open CASCADE STEP translator 7.8 1','',(#8));
#8 = PRODUCT_CONTEXT('',#2,'mechanical');
#9 = PRODUCT_DEFINITION_CONTEXT('part definition',#2,'design');
#10 = ADVANCED_BREP_SHAPE_REPRESENTATION('',(#11,#15),#6225);
#11 = AXIS2_PLACEMENT_3D('',#12,#13,#14);
#12 = CARTESIAN_POINT('',(0.,0.,0.));
#13 = DIRECTION('',(0.,0.,1.));
#14 = DIRECTION('',(1.,0.,-0.));
#15 = MANIFOLD_SOLID_BREP('',#16);
#16 = CLOSED_SHELL('',(#17,#189,#240,#265,#308,#325,#590,#615,#640,#959,
    #1010,#1035,#1078,#1095,#1112,#1175,#1394,#1502,#1519,#1553,#1570,
    #1587,#1604,#1621,#1633,#1650,#1667,#1816,#1833,#1850,#1867,#1886,
    #1905,#1922,#1939,#1956,#1997,#2054,#2079,#2104,#2129,#2154,#2179,
    #2204,#2229,#2261,#2285,#2309,#2334,#2359,#2383,#2407,#2425,#2450,
    #2462,#2479,#2537,#2561,#2617,#2680,#2715,#2732,#2750,#2779,#2814,
    #2832,#2861,#2878,#2895,#2909,#2934,#2965,#2989,#3013,#3030,#3047,
    #3064,#3089,#3109,#3129,#3149,#3169,#3189,#3209,#3229,#3315,#3335,
    #3347,#3359,#3371,#3383,#3474,#3497,#3517,#3542,#3567,#3592,#3617,
    #3642,#3667,#3692,#3724,#3748,#3773,#3797,#3822,#3846,#3871,#3888,
    #3913,#4013,#4037,#4061,#4078,#4121,#4284,#4331,#4538,#4555,#4580,
    #4605,#4617,#4629,#4641,#4653,#4665,#4716,#4750,#4794,#4811,#4869,
    #4893,#4917,#4957,#4981,#5021,#5045,#5062,#5086,#5133,#5157,#5181,
    #5198,#5215,#5227,#5251,#5275,#5292,#5316,#5340,#5357,#5382,#5407,
    #5438,#5462,#5486,#5503,#5528,#5559,#5583,#5607,#5624,#5633,#5653,
    #5684,#5772,#5796,#5813,#5835,#5852,#5864,#5876,#5893,#5905,#5917,
    #5926,#5935,#5947,#5967,#5979,#6037,#6061,#6085,#6102,#6126,#6150,
    #6167,#6192,#6204,#6216));
#17 = ADVANCED_FACE('',(#18,#84,#118),#184,.F.);
#18 = FACE_BOUND('',#19,.F.);
#19 = EDGE_LOOP('',(#20,#30,#38,#46,#54,#62,#70,#78));
#20 = ORIENTED_EDGE('',*,*,#21,.F.);
#21 = EDGE_CURVE('',#22,#24,#26,.T.);
#22 = VERTEX_POINT('',#23);
#23 = CARTESIAN_POINT('',(5.,-4.6,-2.));
#24 = VERTEX_POINT('',#25);
#25 = CARTESIAN_POINT('',(5.,-4.6,-1.));
#26 = LINE('',#27,#28);
#27 = CARTESIAN_POINT('',(5.,-4.6,-7.));
#28 = VECTOR('',#29,1.);
#29 = DIRECTION('',(0.,-0.,1.));
#30 = ORIENTED_EDGE('',*,*,#31,.T.);
#31 = EDGE_CURVE('',#22,#32,#34,.T.);
#32 = VERTEX_POINT('',#33);
#33 = CARTESIAN_POINT('',(5.,-4.6,-5.));
#34 = LINE('',#35,#36);
#35 = CARTESIAN_POINT('',(5.,-4.6,-7.));
#36 = VECTOR('',#37,1.);
#37 = DIRECTION('',(-0.,0.,-1.));
#38 = ORIENTED_EDGE('',*,*,#39,.T.);
#39 = EDGE_CURVE('',#32,#40,#42,.T.);
#40 = VERTEX_POINT('',#41);
#41 = CARTESIAN_POINT('',(5.,-4.6,-8.5));
#42 = LINE('',#43,#44);
#43 = CARTESIAN_POINT('',(5.,-4.6,-7.));
#44 = VECTOR('',#45,1.);
#45 = DIRECTION('',(-0.,0.,-1.));
#46 = ORIENTED_EDGE('',*,*,#47,.T.);
#47 = EDGE_CURVE('',#40,#48,#50,.T.);
#48 = VERTEX_POINT('',#49);
#49 = CARTESIAN_POINT('',(11.,-4.6,-8.5));
#50 = LINE('',#51,#52);
#51 = CARTESIAN_POINT('',(5.,-4.6,-8.5));
#52 = VECTOR('',#53,1.);
#53 = DIRECTION('',(1.,0.,-0.));
#54 = ORIENTED_EDGE('',*,*,#55,.F.);
#55 = EDGE_CURVE('',#56,#48,#58,.T.);
#56 = VERTEX_POINT('',#57);
#57 = CARTESIAN_POINT('',(11.,-4.6,-5.));
#58 = LINE('',#59,#60);
#59 = CARTESIAN_POINT('',(11.,-4.6,-7.));
#60 = VECTOR('',#61,1.);
#61 = DIRECTION('',(-0.,0.,-1.));
#62 = ORIENTED_EDGE('',*,*,#63,.F.);
#63 = EDGE_CURVE('',#64,#56,#66,.T.);
#64 = VERTEX_POINT('',#65);
#65 = CARTESIAN_POINT('',(11.,-4.6,-2.));
#66 = LINE('',#67,#68);
#67 = CARTESIAN_POINT('',(11.,-4.6,-7.));
#68 = VECTOR('',#69,1.);
#69 = DIRECTION('',(-0.,0.,-1.));
#70 = ORIENTED_EDGE('',*,*,#71,.T.);
#71 = EDGE_CURVE('',#64,#72,#74,.T.);
#72 = VERTEX_POINT('',#73);
#73 = CARTESIAN_POINT('',(11.,-4.6,-1.));
#74 = LINE('',#75,#76);
#75 = CARTESIAN_POINT('',(11.,-4.6,-7.));
#76 = VECTOR('',#77,1.);
#77 = DIRECTION('',(0.,-0.,1.));
#78 = ORIENTED_EDGE('',*,*,#79,.F.);
#79 = EDGE_CURVE('',#24,#72,#80,.T.);
#80 = LINE('',#81,#82);
#81 = CARTESIAN_POINT('',(5.,-4.6,-1.));
#82 = VECTOR('',#83,1.);
#83 = DIRECTION('',(1.,0.,-0.));
#84 = FACE_BOUND('',#85,.F.);
#85 = EDGE_LOOP('',(#86,#96,#104,#112));
#86 = ORIENTED_EDGE('',*,*,#87,.F.);
#87 = EDGE_CURVE('',#88,#90,#92,.T.);
#88 = VERTEX_POINT('',#89);
#89 = CARTESIAN_POINT('',(2.,-4.6,-9.));
#90 = VERTEX_POINT('',#91);
#91 = CARTESIAN_POINT('',(67.,-4.6,-9.));
#92 = LINE('',#93,#94);
#93 = CARTESIAN_POINT('',(-4.6,-4.6,-9.));
#94 = VECTOR('',#95,1.);
#95 = DIRECTION('',(1.,0.,-0.));
#96 = ORIENTED_EDGE('',*,*,#97,.T.);
#97 = EDGE_CURVE('',#88,#98,#100,.T.);
#98 = VERTEX_POINT('',#99);
#99 = CARTESIAN_POINT('',(2.,-4.6,28.));
#100 = LINE('',#101,#102);
#101 = CARTESIAN_POINT('',(2.,-4.6,-9.));
#102 = VECTOR('',#103,1.);
#103 = DIRECTION('',(0.,0.,1.));
#104 = ORIENTED_EDGE('',*,*,#105,.T.);
#105 = EDGE_CURVE('',#98,#106,#108,.T.);
#106 = VERTEX_POINT('',#107);
#107 = CARTESIAN_POINT('',(67.,-4.6,28.));
#108 = LINE('',#109,#110);
#109 = CARTESIAN_POINT('',(-4.6,-4.6,28.));
#110 = VECTOR('',#111,1.);
#111 = DIRECTION('',(1.,0.,-0.));
#112 = ORIENTED_EDGE('',*,*,#113,.F.);
#113 = EDGE_CURVE('',#90,#106,#114,.T.);
#114 = LINE('',#115,#116);
#115 = CARTESIAN_POINT('',(67.,-4.6,-9.));
#116 = VECTOR('',#117,1.);
#117 = DIRECTION('',(0.,0.,1.));
#118 = FACE_BOUND('',#119,.F.);
#119 = EDGE_LOOP('',(#120,#130,#138,#146,#154,#162,#170,#178));
#120 = ORIENTED_EDGE('',*,*,#121,.F.);
#121 = EDGE_CURVE('',#122,#124,#126,.T.);
#122 = VERTEX_POINT('',#123);
#123 = CARTESIAN_POINT('',(56.,-4.6,-2.));
#124 = VERTEX_POINT('',#125);
#125 = CARTESIAN_POINT('',(56.,-4.6,-1.));
#126 = LINE('',#127,#128);
#127 = CARTESIAN_POINT('',(56.,-4.6,-7.));
#128 = VECTOR('',#129,1.);
#129 = DIRECTION('',(0.,-0.,1.));
#130 = ORIENTED_EDGE('',*,*,#131,.T.);
#131 = EDGE_CURVE('',#122,#132,#134,.T.);
#132 = VERTEX_POINT('',#133);
#133 = CARTESIAN_POINT('',(56.,-4.6,-5.));
#134 = LINE('',#135,#136);
#135 = CARTESIAN_POINT('',(56.,-4.6,-7.));
#136 = VECTOR('',#137,1.);
#137 = DIRECTION('',(-0.,0.,-1.));
#138 = ORIENTED_EDGE('',*,*,#139,.T.);
#139 = EDGE_CURVE('',#132,#140,#142,.T.);
#140 = VERTEX_POINT('',#141);
#141 = CARTESIAN_POINT('',(56.,-4.6,-8.5));
#142 = LINE('',#143,#144);
#143 = CARTESIAN_POINT('',(56.,-4.6,-7.));
#144 = VECTOR('',#145,1.);
#145 = DIRECTION('',(-0.,0.,-1.));
#146 = ORIENTED_EDGE('',*,*,#147,.T.);
#147 = EDGE_CURVE('',#140,#148,#150,.T.);
#148 = VERTEX_POINT('',#149);
#149 = CARTESIAN_POINT('',(62.,-4.6,-8.5));
#150 = LINE('',#151,#152);
#151 = CARTESIAN_POINT('',(56.,-4.6,-8.5));
#152 = VECTOR('',#153,1.);
#153 = DIRECTION('',(1.,0.,-0.));
#154 = ORIENTED_EDGE('',*,*,#155,.F.);
#155 = EDGE_CURVE('',#156,#148,#158,.T.);
#156 = VERTEX_POINT('',#157);
#157 = CARTESIAN_POINT('',(62.,-4.6,-5.));
#158 = LINE('',#159,#160);
#159 = CARTESIAN_POINT('',(62.,-4.6,-7.));
#160 = VECTOR('',#161,1.);
#161 = DIRECTION('',(-0.,0.,-1.));
#162 = ORIENTED_EDGE('',*,*,#163,.F.);
#163 = EDGE_CURVE('',#164,#156,#166,.T.);
#164 = VERTEX_POINT('',#165);
#165 = CARTESIAN_POINT('',(62.,-4.6,-2.));
#166 = LINE('',#167,#168);
#167 = CARTESIAN_POINT('',(62.,-4.6,-7.));
#168 = VECTOR('',#169,1.);
#169 = DIRECTION('',(-0.,0.,-1.));
#170 = ORIENTED_EDGE('',*,*,#171,.T.);
#171 = EDGE_CURVE('',#164,#172,#174,.T.);
#172 = VERTEX_POINT('',#173);
#173 = CARTESIAN_POINT('',(62.,-4.6,-1.));
#174 = LINE('',#175,#176);
#175 = CARTESIAN_POINT('',(62.,-4.6,-7.));
#176 = VECTOR('',#177,1.);
#177 = DIRECTION('',(0.,-0.,1.));
#178 = ORIENTED_EDGE('',*,*,#179,.F.);
#179 = EDGE_CURVE('',#124,#172,#180,.T.);
#180 = LINE('',#181,#182);
#181 = CARTESIAN_POINT('',(56.,-4.6,-1.));
#182 = VECTOR('',#183,1.);
#183 = DIRECTION('',(1.,0.,-0.));
#184 = PLANE('',#185);
#185 = AXIS2_PLACEMENT_3D('',#186,#187,#188);
#186 = CARTESIAN_POINT('',(-4.6,-4.6,-9.));
#187 = DIRECTION('',(-0.,1.,0.));
#188 = DIRECTION('',(0.,0.,1.));
#189 = ADVANCED_FACE('',(#190),#235,.T.);
#190 = FACE_BOUND('',#191,.T.);
#191 = EDGE_LOOP('',(#192,#202,#209,#210,#211,#212,#221,#229));
#192 = ORIENTED_EDGE('',*,*,#193,.F.);
#193 = EDGE_CURVE('',#194,#196,#198,.T.);
#194 = VERTEX_POINT('',#195);
#195 = CARTESIAN_POINT('',(5.,-3.6,-2.));
#196 = VERTEX_POINT('',#197);
#197 = CARTESIAN_POINT('',(5.,9.,-2.));
#198 = LINE('',#199,#200);
#199 = CARTESIAN_POINT('',(5.,-24.6,-2.));
#200 = VECTOR('',#201,1.);
#201 = DIRECTION('',(-0.,1.,0.));
#202 = ORIENTED_EDGE('',*,*,#203,.F.);
#203 = EDGE_CURVE('',#24,#194,#204,.T.);
#204 = CIRCLE('',#205,1.);
#205 = AXIS2_PLACEMENT_3D('',#206,#207,#208);
#206 = CARTESIAN_POINT('',(5.,-3.6,-1.));
#207 = DIRECTION('',(1.,0.,-0.));
#208 = DIRECTION('',(0.,0.,1.));
#209 = ORIENTED_EDGE('',*,*,#21,.F.);
#210 = ORIENTED_EDGE('',*,*,#31,.T.);
#211 = ORIENTED_EDGE('',*,*,#39,.T.);
#212 = ORIENTED_EDGE('',*,*,#213,.T.);
#213 = EDGE_CURVE('',#40,#214,#216,.T.);
#214 = VERTEX_POINT('',#215);
#215 = CARTESIAN_POINT('',(5.,-1.1,-5.));
#216 = CIRCLE('',#217,3.5);
#217 = AXIS2_PLACEMENT_3D('',#218,#219,#220);
#218 = CARTESIAN_POINT('',(5.,-1.1,-8.5));
#219 = DIRECTION('',(-1.,-0.,0.));
#220 = DIRECTION('',(0.,0.,1.));
#221 = ORIENTED_EDGE('',*,*,#222,.T.);
#222 = EDGE_CURVE('',#214,#223,#225,.T.);
#223 = VERTEX_POINT('',#224);
#224 = CARTESIAN_POINT('',(5.,9.,-5.));
#225 = LINE('',#226,#227);
#226 = CARTESIAN_POINT('',(5.,-24.6,-5.));
#227 = VECTOR('',#228,1.);
#228 = DIRECTION('',(-0.,1.,0.));
#229 = ORIENTED_EDGE('',*,*,#230,.T.);
#230 = EDGE_CURVE('',#223,#196,#231,.T.);
#231 = LINE('',#232,#233);
#232 = CARTESIAN_POINT('',(5.,9.,-5.));
#233 = VECTOR('',#234,1.);
#234 = DIRECTION('',(0.,0.,1.));
#235 = PLANE('',#236);
#236 = AXIS2_PLACEMENT_3D('',#237,#238,#239);
#237 = CARTESIAN_POINT('',(5.,-24.6,-5.));
#238 = DIRECTION('',(1.,0.,-0.));
#239 = DIRECTION('',(0.,0.,1.));
#240 = ADVANCED_FACE('',(#241),#260,.T.);
#241 = FACE_BOUND('',#242,.T.);
#242 = EDGE_LOOP('',(#243,#244,#252,#259));
#243 = ORIENTED_EDGE('',*,*,#203,.T.);
#244 = ORIENTED_EDGE('',*,*,#245,.T.);
#245 = EDGE_CURVE('',#194,#246,#248,.T.);
#246 = VERTEX_POINT('',#247);
#247 = CARTESIAN_POINT('',(11.,-3.6,-2.));
#248 = LINE('',#249,#250);
#249 = CARTESIAN_POINT('',(5.,-3.6,-2.));
#250 = VECTOR('',#251,1.);
#251 = DIRECTION('',(1.,0.,-0.));
#252 = ORIENTED_EDGE('',*,*,#253,.F.);
#253 = EDGE_CURVE('',#72,#246,#254,.T.);
#254 = CIRCLE('',#255,1.);
#255 = AXIS2_PLACEMENT_3D('',#256,#257,#258);
#256 = CARTESIAN_POINT('',(11.,-3.6,-1.));
#257 = DIRECTION('',(1.,0.,-0.));
#258 = DIRECTION('',(0.,0.,1.));
#259 = ORIENTED_EDGE('',*,*,#79,.F.);
#260 = CYLINDRICAL_SURFACE('',#261,1.);
#261 = AXIS2_PLACEMENT_3D('',#262,#263,#264);
#262 = CARTESIAN_POINT('',(5.,-3.6,-1.));
#263 = DIRECTION('',(1.,0.,-0.));
#264 = DIRECTION('',(0.,-1.,0.));
#265 = ADVANCED_FACE('',(#266),#303,.F.);
#266 = FACE_BOUND('',#267,.F.);
#267 = EDGE_LOOP('',(#268,#276,#277,#278,#279,#280,#289,#297));
#268 = ORIENTED_EDGE('',*,*,#269,.F.);
#269 = EDGE_CURVE('',#246,#270,#272,.T.);
#270 = VERTEX_POINT('',#271);
#271 = CARTESIAN_POINT('',(11.,9.,-2.));
#272 = LINE('',#273,#274);
#273 = CARTESIAN_POINT('',(11.,-24.6,-2.));
#274 = VECTOR('',#275,1.);
#275 = DIRECTION('',(-0.,1.,0.));
#276 = ORIENTED_EDGE('',*,*,#253,.F.);
#277 = ORIENTED_EDGE('',*,*,#71,.F.);
#278 = ORIENTED_EDGE('',*,*,#63,.T.);
#279 = ORIENTED_EDGE('',*,*,#55,.T.);
#280 = ORIENTED_EDGE('',*,*,#281,.T.);
#281 = EDGE_CURVE('',#48,#282,#284,.T.);
#282 = VERTEX_POINT('',#283);
#283 = CARTESIAN_POINT('',(11.,-1.1,-5.));
#284 = CIRCLE('',#285,3.5);
#285 = AXIS2_PLACEMENT_3D('',#286,#287,#288);
#286 = CARTESIAN_POINT('',(11.,-1.1,-8.5));
#287 = DIRECTION('',(-1.,-0.,0.));
#288 = DIRECTION('',(0.,0.,1.));
#289 = ORIENTED_EDGE('',*,*,#290,.T.);
#290 = EDGE_CURVE('',#282,#291,#293,.T.);
#291 = VERTEX_POINT('',#292);
#292 = CARTESIAN_POINT('',(11.,9.,-5.));
#293 = LINE('',#294,#295);
#294 = CARTESIAN_POINT('',(11.,-24.6,-5.));
#295 = VECTOR('',#296,1.);
#296 = DIRECTION('',(-0.,1.,0.));
#297 = ORIENTED_EDGE('',*,*,#298,.T.);
#298 = EDGE_CURVE('',#291,#270,#299,.T.);
#299 = LINE('',#300,#301);
#300 = CARTESIAN_POINT('',(11.,9.,-5.));
#301 = VECTOR('',#302,1.);
#302 = DIRECTION('',(0.,0.,1.));
#303 = PLANE('',#304);
#304 = AXIS2_PLACEMENT_3D('',#305,#306,#307);
#305 = CARTESIAN_POINT('',(11.,-24.6,-5.));
#306 = DIRECTION('',(1.,0.,-0.));
#307 = DIRECTION('',(0.,0.,1.));
#308 = ADVANCED_FACE('',(#309),#320,.T.);
#309 = FACE_BOUND('',#310,.F.);
#310 = EDGE_LOOP('',(#311,#312,#318,#319));
#311 = ORIENTED_EDGE('',*,*,#213,.T.);
#312 = ORIENTED_EDGE('',*,*,#313,.T.);
#313 = EDGE_CURVE('',#214,#282,#314,.T.);
#314 = LINE('',#315,#316);
#315 = CARTESIAN_POINT('',(5.,-1.1,-5.));
#316 = VECTOR('',#317,1.);
#317 = DIRECTION('',(1.,0.,-0.));
#318 = ORIENTED_EDGE('',*,*,#281,.F.);
#319 = ORIENTED_EDGE('',*,*,#47,.F.);
#320 = CYLINDRICAL_SURFACE('',#321,3.5);
#321 = AXIS2_PLACEMENT_3D('',#322,#323,#324);
#322 = CARTESIAN_POINT('',(5.,-1.1,-8.5));
#323 = DIRECTION('',(1.,0.,-0.));
#324 = DIRECTION('',(0.,-1.,0.));
#325 = ADVANCED_FACE('',(#326,#541,#552,#563,#574),#585,.T.);
#326 = FACE_BOUND('',#327,.T.);
#327 = EDGE_LOOP('',(#328,#338,#347,#355,#364,#372,#381,#389,#398,#406,
    #415,#424,#432,#441,#449,#458,#466,#475,#484,#492,#499,#500,#509,
    #517,#526,#534));
#328 = ORIENTED_EDGE('',*,*,#329,.T.);
#329 = EDGE_CURVE('',#330,#332,#334,.T.);
#330 = VERTEX_POINT('',#331);
#331 = CARTESIAN_POINT('',(-4.6,2.,-9.));
#332 = VERTEX_POINT('',#333);
#333 = CARTESIAN_POINT('',(-4.6,48.,-9.));
#334 = LINE('',#335,#336);
#335 = CARTESIAN_POINT('',(-4.6,-4.6,-9.));
#336 = VECTOR('',#337,1.);
#337 = DIRECTION('',(-0.,1.,0.));
#338 = ORIENTED_EDGE('',*,*,#339,.T.);
#339 = EDGE_CURVE('',#332,#340,#342,.T.);
#340 = VERTEX_POINT('',#341);
#341 = CARTESIAN_POINT('',(-4.5,49.144552314225,-9.));
#342 = CIRCLE('',#343,6.6);
#343 = AXIS2_PLACEMENT_3D('',#344,#345,#346);
#344 = CARTESIAN_POINT('',(2.,48.,-9.));
#345 = DIRECTION('',(-0.,-0.,-1.));
#346 = DIRECTION('',(0.,-1.,0.));
#347 = ORIENTED_EDGE('',*,*,#348,.T.);
#348 = EDGE_CURVE('',#340,#349,#351,.T.);
#349 = VERTEX_POINT('',#350);
#350 = CARTESIAN_POINT('',(-4.5,50.2,-9.));
#351 = LINE('',#352,#353);
#352 = CARTESIAN_POINT('',(-4.5,49.,-9.));
#353 = VECTOR('',#354,1.);
#354 = DIRECTION('',(-0.,1.,0.));
#355 = ORIENTED_EDGE('',*,*,#356,.F.);
#356 = EDGE_CURVE('',#357,#349,#359,.T.);
#357 = VERTEX_POINT('',#358);
#358 = CARTESIAN_POINT('',(-0.2,54.5,-9.));
#359 = CIRCLE('',#360,4.3);
#360 = AXIS2_PLACEMENT_3D('',#361,#362,#363);
#361 = CARTESIAN_POINT('',(-4.5,54.5,-9.));
#362 = DIRECTION('',(0.,0.,1.));
#363 = DIRECTION('',(1.,0.,-0.));
#364 = ORIENTED_EDGE('',*,*,#365,.T.);
#365 = EDGE_CURVE('',#357,#366,#368,.T.);
#366 = VERTEX_POINT('',#367);
#367 = CARTESIAN_POINT('',(0.855447685774,54.5,-9.));
#368 = LINE('',#369,#370);
#369 = CARTESIAN_POINT('',(-4.5,54.5,-9.));
#370 = VECTOR('',#371,1.);
#371 = DIRECTION('',(1.,0.,-0.));
#372 = ORIENTED_EDGE('',*,*,#373,.T.);
#373 = EDGE_CURVE('',#366,#374,#376,.T.);
#374 = VERTEX_POINT('',#375);
#375 = CARTESIAN_POINT('',(2.,54.6,-9.));
#376 = CIRCLE('',#377,6.6);
#377 = AXIS2_PLACEMENT_3D('',#378,#379,#380);
#378 = CARTESIAN_POINT('',(2.,48.,-9.));
#379 = DIRECTION('',(-0.,-0.,-1.));
#380 = DIRECTION('',(0.,-1.,0.));
#381 = ORIENTED_EDGE('',*,*,#382,.T.);
#382 = EDGE_CURVE('',#374,#383,#385,.T.);
#383 = VERTEX_POINT('',#384);
#384 = CARTESIAN_POINT('',(67.,54.6,-9.));
#385 = LINE('',#386,#387);
#386 = CARTESIAN_POINT('',(-4.6,54.6,-9.));
#387 = VECTOR('',#388,1.);
#388 = DIRECTION('',(1.,0.,-0.));
#389 = ORIENTED_EDGE('',*,*,#390,.F.);
#390 = EDGE_CURVE('',#391,#383,#393,.T.);
#391 = VERTEX_POINT('',#392);
#392 = CARTESIAN_POINT('',(68.144552314225,54.5,-9.));
#393 = CIRCLE('',#394,6.6);
#394 = AXIS2_PLACEMENT_3D('',#395,#396,#397);
#395 = CARTESIAN_POINT('',(67.,48.,-9.));
#396 = DIRECTION('',(0.,0.,1.));
#397 = DIRECTION('',(0.,-1.,0.));
#398 = ORIENTED_EDGE('',*,*,#399,.T.);
#399 = EDGE_CURVE('',#391,#400,#402,.T.);
#400 = VERTEX_POINT('',#401);
#401 = CARTESIAN_POINT('',(69.2,54.5,-9.));
#402 = LINE('',#403,#404);
#403 = CARTESIAN_POINT('',(68.,54.5,-9.));
#404 = VECTOR('',#405,1.);
#405 = DIRECTION('',(1.,0.,-0.));
#406 = ORIENTED_EDGE('',*,*,#407,.F.);
#407 = EDGE_CURVE('',#408,#400,#410,.T.);
#408 = VERTEX_POINT('',#409);
#409 = CARTESIAN_POINT('',(77.8,54.5,-9.));
#410 = CIRCLE('',#411,4.3);
#411 = AXIS2_PLACEMENT_3D('',#412,#413,#414);
#412 = CARTESIAN_POINT('',(73.5,54.5,-9.));
#413 = DIRECTION('',(0.,0.,1.));
#414 = DIRECTION('',(1.,0.,-0.));
#415 = ORIENTED_EDGE('',*,*,#416,.F.);
#416 = EDGE_CURVE('',#417,#408,#419,.T.);
#417 = VERTEX_POINT('',#418);
#418 = CARTESIAN_POINT('',(73.5,50.2,-9.));
#419 = CIRCLE('',#420,4.3);
#420 = AXIS2_PLACEMENT_3D('',#421,#422,#423);
#421 = CARTESIAN_POINT('',(73.5,54.5,-9.));
#422 = DIRECTION('',(0.,0.,1.));
#423 = DIRECTION('',(1.,0.,-0.));
#424 = ORIENTED_EDGE('',*,*,#425,.F.);
#425 = EDGE_CURVE('',#426,#417,#428,.T.);
#426 = VERTEX_POINT('',#427);
#427 = CARTESIAN_POINT('',(73.5,49.144552314225,-9.));
#428 = LINE('',#429,#430);
#429 = CARTESIAN_POINT('',(73.5,49.,-9.));
#430 = VECTOR('',#431,1.);
#431 = DIRECTION('',(-0.,1.,0.));
#432 = ORIENTED_EDGE('',*,*,#433,.F.);
#433 = EDGE_CURVE('',#434,#426,#436,.T.);
#434 = VERTEX_POINT('',#435);
#435 = CARTESIAN_POINT('',(73.6,48.,-9.));
#436 = CIRCLE('',#437,6.6);
#437 = AXIS2_PLACEMENT_3D('',#438,#439,#440);
#438 = CARTESIAN_POINT('',(67.,48.,-9.));
#439 = DIRECTION('',(0.,0.,1.));
#440 = DIRECTION('',(0.,-1.,0.));
#441 = ORIENTED_EDGE('',*,*,#442,.F.);
#442 = EDGE_CURVE('',#443,#434,#445,.T.);
#443 = VERTEX_POINT('',#444);
#444 = CARTESIAN_POINT('',(73.6,2.,-9.));
#445 = LINE('',#446,#447);
#446 = CARTESIAN_POINT('',(73.6,-4.6,-9.));
#447 = VECTOR('',#448,1.);
#448 = DIRECTION('',(-0.,1.,0.));
#449 = ORIENTED_EDGE('',*,*,#450,.T.);
#450 = EDGE_CURVE('',#443,#451,#453,.T.);
#451 = VERTEX_POINT('',#452);
#452 = CARTESIAN_POINT('',(73.5,0.855447685775,-9.));
#453 = CIRCLE('',#454,6.6);
#454 = AXIS2_PLACEMENT_3D('',#455,#456,#457);
#455 = CARTESIAN_POINT('',(67.,2.,-9.));
#456 = DIRECTION('',(-0.,-0.,-1.));
#457 = DIRECTION('',(0.,-1.,0.));
#458 = ORIENTED_EDGE('',*,*,#459,.F.);
#459 = EDGE_CURVE('',#460,#451,#462,.T.);
#460 = VERTEX_POINT('',#461);
#461 = CARTESIAN_POINT('',(73.5,-0.2,-9.));
#462 = LINE('',#463,#464);
#463 = CARTESIAN_POINT('',(73.5,-4.5,-9.));
#464 = VECTOR('',#465,1.);
#465 = DIRECTION('',(-0.,1.,0.));
#466 = ORIENTED_EDGE('',*,*,#467,.F.);
#467 = EDGE_CURVE('',#468,#460,#470,.T.);
#468 = VERTEX_POINT('',#469);
#469 = CARTESIAN_POINT('',(77.8,-4.5,-9.));
#470 = CIRCLE('',#471,4.3);
#471 = AXIS2_PLACEMENT_3D('',#472,#473,#474);
#472 = CARTESIAN_POINT('',(73.5,-4.5,-9.));
#473 = DIRECTION('',(0.,0.,1.));
#474 = DIRECTION('',(1.,0.,-0.));
#475 = ORIENTED_EDGE('',*,*,#476,.F.);
#476 = EDGE_CURVE('',#477,#468,#479,.T.);
#477 = VERTEX_POINT('',#478);
#478 = CARTESIAN_POINT('',(69.2,-4.5,-9.));
#479 = CIRCLE('',#480,4.3);
#480 = AXIS2_PLACEMENT_3D('',#481,#482,#483);
#481 = CARTESIAN_POINT('',(73.5,-4.5,-9.));
#482 = DIRECTION('',(0.,0.,1.));
#483 = DIRECTION('',(1.,0.,-0.));
#484 = ORIENTED_EDGE('',*,*,#485,.F.);
#485 = EDGE_CURVE('',#486,#477,#488,.T.);
#486 = VERTEX_POINT('',#487);
#487 = CARTESIAN_POINT('',(68.144552314225,-4.5,-9.));
#488 = LINE('',#489,#490);
#489 = CARTESIAN_POINT('',(68.,-4.5,-9.));
#490 = VECTOR('',#491,1.);
#491 = DIRECTION('',(1.,0.,-0.));
#492 = ORIENTED_EDGE('',*,*,#493,.T.);
#493 = EDGE_CURVE('',#486,#90,#494,.T.);
#494 = CIRCLE('',#495,6.6);
#495 = AXIS2_PLACEMENT_3D('',#496,#497,#498);
#496 = CARTESIAN_POINT('',(67.,2.,-9.));
#497 = DIRECTION('',(-0.,-0.,-1.));
#498 = DIRECTION('',(0.,-1.,0.));
#499 = ORIENTED_EDGE('',*,*,#87,.F.);
#500 = ORIENTED_EDGE('',*,*,#501,.F.);
#501 = EDGE_CURVE('',#502,#88,#504,.T.);
#502 = VERTEX_POINT('',#503);
#503 = CARTESIAN_POINT('',(0.855447685774,-4.5,-9.));
#504 = CIRCLE('',#505,6.6);
#505 = AXIS2_PLACEMENT_3D('',#506,#507,#508);
#506 = CARTESIAN_POINT('',(2.,2.,-9.));
#507 = DIRECTION('',(0.,0.,1.));
#508 = DIRECTION('',(0.,-1.,0.));
#509 = ORIENTED_EDGE('',*,*,#510,.F.);
#510 = EDGE_CURVE('',#511,#502,#513,.T.);
#511 = VERTEX_POINT('',#512);
#512 = CARTESIAN_POINT('',(-0.2,-4.5,-9.));
#513 = LINE('',#514,#515);
#514 = CARTESIAN_POINT('',(-4.5,-4.5,-9.));
#515 = VECTOR('',#516,1.);
#516 = DIRECTION('',(1.,0.,-0.));
#517 = ORIENTED_EDGE('',*,*,#518,.F.);
#518 = EDGE_CURVE('',#519,#511,#521,.T.);
#519 = VERTEX_POINT('',#520);
#520 = CARTESIAN_POINT('',(-4.5,-0.2,-9.));
#521 = CIRCLE('',#522,4.3);
#522 = AXIS2_PLACEMENT_3D('',#523,#524,#525);
#523 = CARTESIAN_POINT('',(-4.5,-4.5,-9.));
#524 = DIRECTION('',(0.,0.,1.));
#525 = DIRECTION('',(1.,0.,-0.));
#526 = ORIENTED_EDGE('',*,*,#527,.T.);
#527 = EDGE_CURVE('',#519,#528,#530,.T.);
#528 = VERTEX_POINT('',#529);
#529 = CARTESIAN_POINT('',(-4.5,0.855447685775,-9.));
#530 = LINE('',#531,#532);
#531 = CARTESIAN_POINT('',(-4.5,-4.5,-9.));
#532 = VECTOR('',#533,1.);
#533 = DIRECTION('',(-0.,1.,0.));
#534 = ORIENTED_EDGE('',*,*,#535,.F.);
#535 = EDGE_CURVE('',#330,#528,#536,.T.);
#536 = CIRCLE('',#537,6.6);
#537 = AXIS2_PLACEMENT_3D('',#538,#539,#540);
#538 = CARTESIAN_POINT('',(2.,2.,-9.));
#539 = DIRECTION('',(0.,0.,1.));
#540 = DIRECTION('',(0.,-1.,0.));
#541 = FACE_BOUND('',#542,.T.);
#542 = EDGE_LOOP('',(#543));
#543 = ORIENTED_EDGE('',*,*,#544,.T.);
#544 = EDGE_CURVE('',#545,#545,#547,.T.);
#545 = VERTEX_POINT('',#546);
#546 = CARTESIAN_POINT('',(76.75,-4.5,-9.));
#547 = CIRCLE('',#548,3.25);
#548 = AXIS2_PLACEMENT_3D('',#549,#550,#551);
#549 = CARTESIAN_POINT('',(73.5,-4.5,-9.));
#550 = DIRECTION('',(0.,0.,1.));
#551 = DIRECTION('',(1.,0.,-0.));
#552 = FACE_BOUND('',#553,.T.);
#553 = EDGE_LOOP('',(#554));
#554 = ORIENTED_EDGE('',*,*,#555,.T.);
#555 = EDGE_CURVE('',#556,#556,#558,.T.);
#556 = VERTEX_POINT('',#557);
#557 = CARTESIAN_POINT('',(-1.25,-4.5,-9.));
#558 = CIRCLE('',#559,3.25);
#559 = AXIS2_PLACEMENT_3D('',#560,#561,#562);
#560 = CARTESIAN_POINT('',(-4.5,-4.5,-9.));
#561 = DIRECTION('',(0.,0.,1.));
#562 = DIRECTION('',(1.,0.,-0.));
#563 = FACE_BOUND('',#564,.T.);
#564 = EDGE_LOOP('',(#565));
#565 = ORIENTED_EDGE('',*,*,#566,.T.);
#566 = EDGE_CURVE('',#567,#567,#569,.T.);
#567 = VERTEX_POINT('',#568);
#568 = CARTESIAN_POINT('',(76.75,54.5,-9.));
#569 = CIRCLE('',#570,3.25);
#570 = AXIS2_PLACEMENT_3D('',#571,#572,#573);
#571 = CARTESIAN_POINT('',(73.5,54.5,-9.));
#572 = DIRECTION('',(0.,0.,1.));
#573 = DIRECTION('',(1.,0.,-0.));
#574 = FACE_BOUND('',#575,.T.);
#575 = EDGE_LOOP('',(#576));
#576 = ORIENTED_EDGE('',*,*,#577,.T.);
#577 = EDGE_CURVE('',#578,#578,#580,.T.);
#578 = VERTEX_POINT('',#579);
#579 = CARTESIAN_POINT('',(-1.25,54.5,-9.));
#580 = CIRCLE('',#581,3.25);
#581 = AXIS2_PLACEMENT_3D('',#582,#583,#584);
#582 = CARTESIAN_POINT('',(-4.5,54.5,-9.));
#583 = DIRECTION('',(0.,0.,1.));
#584 = DIRECTION('',(1.,0.,-0.));
#585 = PLANE('',#586);
#586 = AXIS2_PLACEMENT_3D('',#587,#588,#589);
#587 = CARTESIAN_POINT('',(34.860423634355,25.,-9.));
#588 = DIRECTION('',(-0.,-0.,-1.));
#589 = DIRECTION('',(-1.,0.,0.));
#590 = ADVANCED_FACE('',(#591),#610,.T.);
#591 = FACE_BOUND('',#592,.T.);
#592 = EDGE_LOOP('',(#593,#601,#602,#603));
#593 = ORIENTED_EDGE('',*,*,#594,.F.);
#594 = EDGE_CURVE('',#502,#595,#597,.T.);
#595 = VERTEX_POINT('',#596);
#596 = CARTESIAN_POINT('',(0.855447685774,-4.5,28.));
#597 = LINE('',#598,#599);
#598 = CARTESIAN_POINT('',(0.855447685774,-4.5,-9.));
#599 = VECTOR('',#600,1.);
#600 = DIRECTION('',(0.,0.,1.));
#601 = ORIENTED_EDGE('',*,*,#501,.T.);
#602 = ORIENTED_EDGE('',*,*,#97,.T.);
#603 = ORIENTED_EDGE('',*,*,#604,.F.);
#604 = EDGE_CURVE('',#595,#98,#605,.T.);
#605 = CIRCLE('',#606,6.6);
#606 = AXIS2_PLACEMENT_3D('',#607,#608,#609);
#607 = CARTESIAN_POINT('',(2.,2.,28.));
#608 = DIRECTION('',(0.,0.,1.));
#609 = DIRECTION('',(0.,-1.,0.));
#610 = CYLINDRICAL_SURFACE('',#611,6.6);
#611 = AXIS2_PLACEMENT_3D('',#612,#613,#614);
#612 = CARTESIAN_POINT('',(2.,2.,-9.));
#613 = DIRECTION('',(0.,0.,1.));
#614 = DIRECTION('',(-1.,-0.,0.));
#615 = ADVANCED_FACE('',(#616),#635,.T.);
#616 = FACE_BOUND('',#617,.F.);
#617 = EDGE_LOOP('',(#618,#626,#627,#628));
#618 = ORIENTED_EDGE('',*,*,#619,.F.);
#619 = EDGE_CURVE('',#486,#620,#622,.T.);
#620 = VERTEX_POINT('',#621);
#621 = CARTESIAN_POINT('',(68.144552314225,-4.5,28.));
#622 = LINE('',#623,#624);
#623 = CARTESIAN_POINT('',(68.144552314226,-4.5,-9.));
#624 = VECTOR('',#625,1.);
#625 = DIRECTION('',(0.,0.,1.));
#626 = ORIENTED_EDGE('',*,*,#493,.T.);
#627 = ORIENTED_EDGE('',*,*,#113,.T.);
#628 = ORIENTED_EDGE('',*,*,#629,.F.);
#629 = EDGE_CURVE('',#620,#106,#630,.T.);
#630 = CIRCLE('',#631,6.6);
#631 = AXIS2_PLACEMENT_3D('',#632,#633,#634);
#632 = CARTESIAN_POINT('',(67.,2.,28.));
#633 = DIRECTION('',(-0.,-0.,-1.));
#634 = DIRECTION('',(0.,-1.,0.));
#635 = CYLINDRICAL_SURFACE('',#636,6.6);
#636 = AXIS2_PLACEMENT_3D('',#637,#638,#639);
#637 = CARTESIAN_POINT('',(67.,2.,-9.));
#638 = DIRECTION('',(0.,0.,1.));
#639 = DIRECTION('',(1.,0.,-0.));
#640 = ADVANCED_FACE('',(#641,#840,#851,#862,#873,#943),#954,.T.);
#641 = FACE_BOUND('',#642,.T.);
#642 = EDGE_LOOP('',(#643,#653,#662,#670,#679,#685,#686,#687,#688,#696,
    #705,#714,#722,#731,#739,#748,#756,#765,#774,#782,#791,#799,#808,
    #816,#825,#833));
#643 = ORIENTED_EDGE('',*,*,#644,.F.);
#644 = EDGE_CURVE('',#645,#647,#649,.T.);
#645 = VERTEX_POINT('',#646);
#646 = CARTESIAN_POINT('',(-4.6,2.,28.));
#647 = VERTEX_POINT('',#648);
#648 = CARTESIAN_POINT('',(-4.6,48.,28.));
#649 = LINE('',#650,#651);
#650 = CARTESIAN_POINT('',(-4.6,-4.6,28.));
#651 = VECTOR('',#652,1.);
#652 = DIRECTION('',(-0.,1.,0.));
#653 = ORIENTED_EDGE('',*,*,#654,.T.);
#654 = EDGE_CURVE('',#645,#655,#657,.T.);
#655 = VERTEX_POINT('',#656);
#656 = CARTESIAN_POINT('',(-4.5,0.855447685775,28.));
#657 = CIRCLE('',#658,6.6);
#658 = AXIS2_PLACEMENT_3D('',#659,#660,#661);
#659 = CARTESIAN_POINT('',(2.,2.,28.));
#660 = DIRECTION('',(0.,0.,1.));
#661 = DIRECTION('',(0.,-1.,0.));
#662 = ORIENTED_EDGE('',*,*,#663,.F.);
#663 = EDGE_CURVE('',#664,#655,#666,.T.);
#664 = VERTEX_POINT('',#665);
#665 = CARTESIAN_POINT('',(-4.5,-0.2,28.));
#666 = LINE('',#667,#668);
#667 = CARTESIAN_POINT('',(-4.5,-4.5,28.));
#668 = VECTOR('',#669,1.);
#669 = DIRECTION('',(-0.,1.,0.));
#670 = ORIENTED_EDGE('',*,*,#671,.T.);
#671 = EDGE_CURVE('',#664,#672,#674,.T.);
#672 = VERTEX_POINT('',#673);
#673 = CARTESIAN_POINT('',(-0.2,-4.5,28.));
#674 = CIRCLE('',#675,4.3);
#675 = AXIS2_PLACEMENT_3D('',#676,#677,#678);
#676 = CARTESIAN_POINT('',(-4.5,-4.5,28.));
#677 = DIRECTION('',(0.,0.,1.));
#678 = DIRECTION('',(1.,0.,-0.));
#679 = ORIENTED_EDGE('',*,*,#680,.T.);
#680 = EDGE_CURVE('',#672,#595,#681,.T.);
#681 = LINE('',#682,#683);
#682 = CARTESIAN_POINT('',(-4.5,-4.5,28.));
#683 = VECTOR('',#684,1.);
#684 = DIRECTION('',(1.,0.,-0.));
#685 = ORIENTED_EDGE('',*,*,#604,.T.);
#686 = ORIENTED_EDGE('',*,*,#105,.T.);
#687 = ORIENTED_EDGE('',*,*,#629,.F.);
#688 = ORIENTED_EDGE('',*,*,#689,.T.);
#689 = EDGE_CURVE('',#620,#690,#692,.T.);
#690 = VERTEX_POINT('',#691);
#691 = CARTESIAN_POINT('',(69.2,-4.5,28.));
#692 = LINE('',#693,#694);
#693 = CARTESIAN_POINT('',(68.,-4.5,28.));
#694 = VECTOR('',#695,1.);
#695 = DIRECTION('',(1.,0.,-0.));
#696 = ORIENTED_EDGE('',*,*,#697,.T.);
#697 = EDGE_CURVE('',#690,#698,#700,.T.);
#698 = VERTEX_POINT('',#699);
#699 = CARTESIAN_POINT('',(77.8,-4.5,28.));
#700 = CIRCLE('',#701,4.3);
#701 = AXIS2_PLACEMENT_3D('',#702,#703,#704);
#702 = CARTESIAN_POINT('',(73.5,-4.5,28.));
#703 = DIRECTION('',(0.,0.,1.));
#704 = DIRECTION('',(1.,0.,-0.));
#705 = ORIENTED_EDGE('',*,*,#706,.T.);
#706 = EDGE_CURVE('',#698,#707,#709,.T.);
#707 = VERTEX_POINT('',#708);
#708 = CARTESIAN_POINT('',(73.5,-0.2,28.));
#709 = CIRCLE('',#710,4.3);
#710 = AXIS2_PLACEMENT_3D('',#711,#712,#713);
#711 = CARTESIAN_POINT('',(73.5,-4.5,28.));
#712 = DIRECTION('',(0.,0.,1.));
#713 = DIRECTION('',(1.,0.,-0.));
#714 = ORIENTED_EDGE('',*,*,#715,.T.);
#715 = EDGE_CURVE('',#707,#716,#718,.T.);
#716 = VERTEX_POINT('',#717);
#717 = CARTESIAN_POINT('',(73.5,0.855447685775,28.));
#718 = LINE('',#719,#720);
#719 = CARTESIAN_POINT('',(73.5,-4.5,28.));
#720 = VECTOR('',#721,1.);
#721 = DIRECTION('',(-0.,1.,0.));
#722 = ORIENTED_EDGE('',*,*,#723,.F.);
#723 = EDGE_CURVE('',#724,#716,#726,.T.);
#724 = VERTEX_POINT('',#725);
#725 = CARTESIAN_POINT('',(73.6,2.,28.));
#726 = CIRCLE('',#727,6.6);
#727 = AXIS2_PLACEMENT_3D('',#728,#729,#730);
#728 = CARTESIAN_POINT('',(67.,2.,28.));
#729 = DIRECTION('',(-0.,-0.,-1.));
#730 = DIRECTION('',(0.,-1.,0.));
#731 = ORIENTED_EDGE('',*,*,#732,.T.);
#732 = EDGE_CURVE('',#724,#733,#735,.T.);
#733 = VERTEX_POINT('',#734);
#734 = CARTESIAN_POINT('',(73.6,48.,28.));
#735 = LINE('',#736,#737);
#736 = CARTESIAN_POINT('',(73.6,-4.6,28.));
#737 = VECTOR('',#738,1.);
#738 = DIRECTION('',(-0.,1.,0.));
#739 = ORIENTED_EDGE('',*,*,#740,.T.);
#740 = EDGE_CURVE('',#733,#741,#743,.T.);
#741 = VERTEX_POINT('',#742);
#742 = CARTESIAN_POINT('',(73.5,49.144552314225,28.));
#743 = CIRCLE('',#744,6.6);
#744 = AXIS2_PLACEMENT_3D('',#745,#746,#747);
#745 = CARTESIAN_POINT('',(67.,48.,28.));
#746 = DIRECTION('',(0.,0.,1.));
#747 = DIRECTION('',(0.,-1.,0.));
#748 = ORIENTED_EDGE('',*,*,#749,.T.);
#749 = EDGE_CURVE('',#741,#750,#752,.T.);
#750 = VERTEX_POINT('',#751);
#751 = CARTESIAN_POINT('',(73.5,50.2,28.));
#752 = LINE('',#753,#754);
#753 = CARTESIAN_POINT('',(73.5,49.,28.));
#754 = VECTOR('',#755,1.);
#755 = DIRECTION('',(-0.,1.,0.));
#756 = ORIENTED_EDGE('',*,*,#757,.T.);
#757 = EDGE_CURVE('',#750,#758,#760,.T.);
#758 = VERTEX_POINT('',#759);
#759 = CARTESIAN_POINT('',(77.8,54.5,28.));
#760 = CIRCLE('',#761,4.3);
#761 = AXIS2_PLACEMENT_3D('',#762,#763,#764);
#762 = CARTESIAN_POINT('',(73.5,54.5,28.));
#763 = DIRECTION('',(0.,0.,1.));
#764 = DIRECTION('',(1.,0.,-0.));
#765 = ORIENTED_EDGE('',*,*,#766,.T.);
#766 = EDGE_CURVE('',#758,#767,#769,.T.);
#767 = VERTEX_POINT('',#768);
#768 = CARTESIAN_POINT('',(69.2,54.5,28.));
#769 = CIRCLE('',#770,4.3);
#770 = AXIS2_PLACEMENT_3D('',#771,#772,#773);
#771 = CARTESIAN_POINT('',(73.5,54.5,28.));
#772 = DIRECTION('',(0.,0.,1.));
#773 = DIRECTION('',(1.,0.,-0.));
#774 = ORIENTED_EDGE('',*,*,#775,.F.);
#775 = EDGE_CURVE('',#776,#767,#778,.T.);
#776 = VERTEX_POINT('',#777);
#777 = CARTESIAN_POINT('',(68.144552314225,54.5,28.));
#778 = LINE('',#779,#780);
#779 = CARTESIAN_POINT('',(68.,54.5,28.));
#780 = VECTOR('',#781,1.);
#781 = DIRECTION('',(1.,0.,-0.));
#782 = ORIENTED_EDGE('',*,*,#783,.T.);
#783 = EDGE_CURVE('',#776,#784,#786,.T.);
#784 = VERTEX_POINT('',#785);
#785 = CARTESIAN_POINT('',(67.,54.6,28.));
#786 = CIRCLE('',#787,6.6);
#787 = AXIS2_PLACEMENT_3D('',#788,#789,#790);
#788 = CARTESIAN_POINT('',(67.,48.,28.));
#789 = DIRECTION('',(0.,0.,1.));
#790 = DIRECTION('',(0.,-1.,0.));
#791 = ORIENTED_EDGE('',*,*,#792,.F.);
#792 = EDGE_CURVE('',#793,#784,#795,.T.);
#793 = VERTEX_POINT('',#794);
#794 = CARTESIAN_POINT('',(2.,54.6,28.));
#795 = LINE('',#796,#797);
#796 = CARTESIAN_POINT('',(-4.6,54.6,28.));
#797 = VECTOR('',#798,1.);
#798 = DIRECTION('',(1.,0.,-0.));
#799 = ORIENTED_EDGE('',*,*,#800,.F.);
#800 = EDGE_CURVE('',#801,#793,#803,.T.);
#801 = VERTEX_POINT('',#802);
#802 = CARTESIAN_POINT('',(0.855447685774,54.5,28.));
#803 = CIRCLE('',#804,6.6);
#804 = AXIS2_PLACEMENT_3D('',#805,#806,#807);
#805 = CARTESIAN_POINT('',(2.,48.,28.));
#806 = DIRECTION('',(-0.,-0.,-1.));
#807 = DIRECTION('',(0.,-1.,0.));
#808 = ORIENTED_EDGE('',*,*,#809,.F.);
#809 = EDGE_CURVE('',#810,#801,#812,.T.);
#810 = VERTEX_POINT('',#811);
#811 = CARTESIAN_POINT('',(-0.2,54.5,28.));
#812 = LINE('',#813,#814);
#813 = CARTESIAN_POINT('',(-4.5,54.5,28.));
#814 = VECTOR('',#815,1.);
#815 = DIRECTION('',(1.,0.,-0.));
#816 = ORIENTED_EDGE('',*,*,#817,.T.);
#817 = EDGE_CURVE('',#810,#818,#820,.T.);
#818 = VERTEX_POINT('',#819);
#819 = CARTESIAN_POINT('',(-4.5,50.2,28.));
#820 = CIRCLE('',#821,4.3);
#821 = AXIS2_PLACEMENT_3D('',#822,#823,#824);
#822 = CARTESIAN_POINT('',(-4.5,54.5,28.));
#823 = DIRECTION('',(0.,0.,1.));
#824 = DIRECTION('',(1.,0.,-0.));
#825 = ORIENTED_EDGE('',*,*,#826,.F.);
#826 = EDGE_CURVE('',#827,#818,#829,.T.);
#827 = VERTEX_POINT('',#828);
#828 = CARTESIAN_POINT('',(-4.5,49.144552314225,28.));
#829 = LINE('',#830,#831);
#830 = CARTESIAN_POINT('',(-4.5,49.,28.));
#831 = VECTOR('',#832,1.);
#832 = DIRECTION('',(-0.,1.,0.));
#833 = ORIENTED_EDGE('',*,*,#834,.F.);
#834 = EDGE_CURVE('',#647,#827,#835,.T.);
#835 = CIRCLE('',#836,6.6);
#836 = AXIS2_PLACEMENT_3D('',#837,#838,#839);
#837 = CARTESIAN_POINT('',(2.,48.,28.));
#838 = DIRECTION('',(-0.,-0.,-1.));
#839 = DIRECTION('',(0.,-1.,0.));
#840 = FACE_BOUND('',#841,.T.);
#841 = EDGE_LOOP('',(#842));
#842 = ORIENTED_EDGE('',*,*,#843,.F.);
#843 = EDGE_CURVE('',#844,#844,#846,.T.);
#844 = VERTEX_POINT('',#845);
#845 = CARTESIAN_POINT('',(-2.7,-4.5,28.));
#846 = CIRCLE('',#847,1.8);
#847 = AXIS2_PLACEMENT_3D('',#848,#849,#850);
#848 = CARTESIAN_POINT('',(-4.5,-4.5,28.));
#849 = DIRECTION('',(0.,0.,1.));
#850 = DIRECTION('',(1.,0.,-0.));
#851 = FACE_BOUND('',#852,.T.);
#852 = EDGE_LOOP('',(#853));
#853 = ORIENTED_EDGE('',*,*,#854,.F.);
#854 = EDGE_CURVE('',#855,#855,#857,.T.);
#855 = VERTEX_POINT('',#856);
#856 = CARTESIAN_POINT('',(75.3,-4.5,28.));
#857 = CIRCLE('',#858,1.8);
#858 = AXIS2_PLACEMENT_3D('',#859,#860,#861);
#859 = CARTESIAN_POINT('',(73.5,-4.5,28.));
#860 = DIRECTION('',(0.,0.,1.));
#861 = DIRECTION('',(1.,0.,-0.));
#862 = FACE_BOUND('',#863,.T.);
#863 = EDGE_LOOP('',(#864));
#864 = ORIENTED_EDGE('',*,*,#865,.F.);
#865 = EDGE_CURVE('',#866,#866,#868,.T.);
#866 = VERTEX_POINT('',#867);
#867 = CARTESIAN_POINT('',(-2.7,54.5,28.));
#868 = CIRCLE('',#869,1.8);
#869 = AXIS2_PLACEMENT_3D('',#870,#871,#872);
#870 = CARTESIAN_POINT('',(-4.5,54.5,28.));
#871 = DIRECTION('',(0.,0.,1.));
#872 = DIRECTION('',(1.,0.,-0.));
#873 = FACE_BOUND('',#874,.T.);
#874 = EDGE_LOOP('',(#875,#886,#894,#903,#911,#920,#928,#937));
#875 = ORIENTED_EDGE('',*,*,#876,.F.);
#876 = EDGE_CURVE('',#877,#879,#881,.T.);
#877 = VERTEX_POINT('',#878);
#878 = CARTESIAN_POINT('',(-3.5,2.,28.));
#879 = VERTEX_POINT('',#880);
#880 = CARTESIAN_POINT('',(2.,-3.5,28.));
#881 = CIRCLE('',#882,5.5);
#882 = AXIS2_PLACEMENT_3D('',#883,#884,#885);
#883 = CARTESIAN_POINT('',(2.,2.,28.));
#884 = DIRECTION('',(0.,0.,1.));
#885 = DIRECTION('',(-1.,-0.,0.));
#886 = ORIENTED_EDGE('',*,*,#887,.T.);
#887 = EDGE_CURVE('',#877,#888,#890,.T.);
#888 = VERTEX_POINT('',#889);
#889 = CARTESIAN_POINT('',(-3.5,48.,28.));
#890 = LINE('',#891,#892);
#891 = CARTESIAN_POINT('',(-3.5,10.75,28.));
#892 = VECTOR('',#893,1.);
#893 = DIRECTION('',(-0.,1.,0.));
#894 = ORIENTED_EDGE('',*,*,#895,.F.);
#895 = EDGE_CURVE('',#896,#888,#898,.T.);
#896 = VERTEX_POINT('',#897);
#897 = CARTESIAN_POINT('',(2.,53.5,28.));
#898 = CIRCLE('',#899,5.5);
#899 = AXIS2_PLACEMENT_3D('',#900,#901,#902);
#900 = CARTESIAN_POINT('',(2.,48.,28.));
#901 = DIRECTION('',(0.,0.,1.));
#902 = DIRECTION('',(-1.,-0.,0.));
#903 = ORIENTED_EDGE('',*,*,#904,.F.);
#904 = EDGE_CURVE('',#905,#896,#907,.T.);
#905 = VERTEX_POINT('',#906);
#906 = CARTESIAN_POINT('',(67.,53.5,28.));
#907 = LINE('',#908,#909);
#908 = CARTESIAN_POINT('',(15.680211817177,53.5,28.));
#909 = VECTOR('',#910,1.);
#910 = DIRECTION('',(-1.,-0.,0.));
#911 = ORIENTED_EDGE('',*,*,#912,.F.);
#912 = EDGE_CURVE('',#913,#905,#915,.T.);
#913 = VERTEX_POINT('',#914);
#914 = CARTESIAN_POINT('',(72.5,48.,28.));
#915 = CIRCLE('',#916,5.5);
#916 = AXIS2_PLACEMENT_3D('',#917,#918,#919);
#917 = CARTESIAN_POINT('',(67.,48.,28.));
#918 = DIRECTION('',(0.,0.,1.));
#919 = DIRECTION('',(1.,0.,-0.));
#920 = ORIENTED_EDGE('',*,*,#921,.F.);
#921 = EDGE_CURVE('',#922,#913,#924,.T.);
#922 = VERTEX_POINT('',#923);
#923 = CARTESIAN_POINT('',(72.5,2.,28.));
#924 = LINE('',#925,#926);
#925 = CARTESIAN_POINT('',(72.5,10.75,28.));
#926 = VECTOR('',#927,1.);
#927 = DIRECTION('',(-0.,1.,0.));
#928 = ORIENTED_EDGE('',*,*,#929,.F.);
#929 = EDGE_CURVE('',#930,#922,#932,.T.);
#930 = VERTEX_POINT('',#931);
#931 = CARTESIAN_POINT('',(67.,-3.5,28.));
#932 = CIRCLE('',#933,5.5);
#933 = AXIS2_PLACEMENT_3D('',#934,#935,#936);
#934 = CARTESIAN_POINT('',(67.,2.,28.));
#935 = DIRECTION('',(0.,0.,1.));
#936 = DIRECTION('',(1.,0.,-0.));
#937 = ORIENTED_EDGE('',*,*,#938,.T.);
#938 = EDGE_CURVE('',#930,#879,#939,.T.);
#939 = LINE('',#940,#941);
#940 = CARTESIAN_POINT('',(15.680211817177,-3.5,28.));
#941 = VECTOR('',#942,1.);
#942 = DIRECTION('',(-1.,-0.,0.));
#943 = FACE_BOUND('',#944,.T.);
#944 = EDGE_LOOP('',(#945));
#945 = ORIENTED_EDGE('',*,*,#946,.F.);
#946 = EDGE_CURVE('',#947,#947,#949,.T.);
#947 = VERTEX_POINT('',#948);
#948 = CARTESIAN_POINT('',(75.3,54.5,28.));
#949 = CIRCLE('',#950,1.8);
#950 = AXIS2_PLACEMENT_3D('',#951,#952,#953);
#951 = CARTESIAN_POINT('',(73.5,54.5,28.));
#952 = DIRECTION('',(0.,0.,1.));
#953 = DIRECTION('',(1.,0.,-0.));
#954 = PLANE('',#955);
#955 = AXIS2_PLACEMENT_3D('',#956,#957,#958);
#956 = CARTESIAN_POINT('',(34.860423634355,25.,28.));
#957 = DIRECTION('',(0.,0.,1.));
#958 = DIRECTION('',(1.,0.,-0.));
#959 = ADVANCED_FACE('',(#960),#1005,.T.);
#960 = FACE_BOUND('',#961,.T.);
#961 = EDGE_LOOP('',(#962,#972,#979,#980,#981,#982,#991,#999));
#962 = ORIENTED_EDGE('',*,*,#963,.F.);
#963 = EDGE_CURVE('',#964,#966,#968,.T.);
#964 = VERTEX_POINT('',#965);
#965 = CARTESIAN_POINT('',(56.,-3.6,-2.));
#966 = VERTEX_POINT('',#967);
#967 = CARTESIAN_POINT('',(56.,9.,-2.));
#968 = LINE('',#969,#970);
#969 = CARTESIAN_POINT('',(56.,-24.6,-2.));
#970 = VECTOR('',#971,1.);
#971 = DIRECTION('',(-0.,1.,0.));
#972 = ORIENTED_EDGE('',*,*,#973,.F.);
#973 = EDGE_CURVE('',#124,#964,#974,.T.);
#974 = CIRCLE('',#975,1.);
#975 = AXIS2_PLACEMENT_3D('',#976,#977,#978);
#976 = CARTESIAN_POINT('',(56.,-3.6,-1.));
#977 = DIRECTION('',(1.,0.,-0.));
#978 = DIRECTION('',(0.,0.,1.));
#979 = ORIENTED_EDGE('',*,*,#121,.F.);
#980 = ORIENTED_EDGE('',*,*,#131,.T.);
#981 = ORIENTED_EDGE('',*,*,#139,.T.);
#982 = ORIENTED_EDGE('',*,*,#983,.T.);
#983 = EDGE_CURVE('',#140,#984,#986,.T.);
#984 = VERTEX_POINT('',#985);
#985 = CARTESIAN_POINT('',(56.,-1.1,-5.));
#986 = CIRCLE('',#987,3.5);
#987 = AXIS2_PLACEMENT_3D('',#988,#989,#990);
#988 = CARTESIAN_POINT('',(56.,-1.1,-8.5));
#989 = DIRECTION('',(-1.,-0.,0.));
#990 = DIRECTION('',(0.,0.,1.));
#991 = ORIENTED_EDGE('',*,*,#992,.T.);
#992 = EDGE_CURVE('',#984,#993,#995,.T.);
#993 = VERTEX_POINT('',#994);
#994 = CARTESIAN_POINT('',(56.,9.,-5.));
#995 = LINE('',#996,#997);
#996 = CARTESIAN_POINT('',(56.,-24.6,-5.));
#997 = VECTOR('',#998,1.);
#998 = DIRECTION('',(-0.,1.,0.));
#999 = ORIENTED_EDGE('',*,*,#1000,.T.);
#1000 = EDGE_CURVE('',#993,#966,#1001,.T.);
#1001 = LINE('',#1002,#1003);
#1002 = CARTESIAN_POINT('',(56.,9.,-5.));
#1003 = VECTOR('',#1004,1.);
#1004 = DIRECTION('',(0.,0.,1.));
#1005 = PLANE('',#1006);
#1006 = AXIS2_PLACEMENT_3D('',#1007,#1008,#1009);
#1007 = CARTESIAN_POINT('',(56.,-24.6,-5.));
#1008 = DIRECTION('',(1.,0.,-0.));
#1009 = DIRECTION('',(0.,0.,1.));
#1010 = ADVANCED_FACE('',(#1011),#1030,.T.);
#1011 = FACE_BOUND('',#1012,.T.);
#1012 = EDGE_LOOP('',(#1013,#1014,#1022,#1029));
#1013 = ORIENTED_EDGE('',*,*,#973,.T.);
#1014 = ORIENTED_EDGE('',*,*,#1015,.T.);
#1015 = EDGE_CURVE('',#964,#1016,#1018,.T.);
#1016 = VERTEX_POINT('',#1017);
#1017 = CARTESIAN_POINT('',(62.,-3.6,-2.));
#1018 = LINE('',#1019,#1020);
#1019 = CARTESIAN_POINT('',(56.,-3.6,-2.));
#1020 = VECTOR('',#1021,1.);
#1021 = DIRECTION('',(1.,0.,-0.));
#1022 = ORIENTED_EDGE('',*,*,#1023,.F.);
#1023 = EDGE_CURVE('',#172,#1016,#1024,.T.);
#1024 = CIRCLE('',#1025,1.);
#1025 = AXIS2_PLACEMENT_3D('',#1026,#1027,#1028);
#1026 = CARTESIAN_POINT('',(62.,-3.6,-1.));
#1027 = DIRECTION('',(1.,0.,-0.));
#1028 = DIRECTION('',(0.,0.,1.));
#1029 = ORIENTED_EDGE('',*,*,#179,.F.);
#1030 = CYLINDRICAL_SURFACE('',#1031,1.);
#1031 = AXIS2_PLACEMENT_3D('',#1032,#1033,#1034);
#1032 = CARTESIAN_POINT('',(56.,-3.6,-1.));
#1033 = DIRECTION('',(1.,0.,-0.));
#1034 = DIRECTION('',(0.,-1.,0.));
#1035 = ADVANCED_FACE('',(#1036),#1073,.F.);
#1036 = FACE_BOUND('',#1037,.F.);
#1037 = EDGE_LOOP('',(#1038,#1046,#1047,#1048,#1049,#1050,#1059,#1067));
#1038 = ORIENTED_EDGE('',*,*,#1039,.F.);
#1039 = EDGE_CURVE('',#1016,#1040,#1042,.T.);
#1040 = VERTEX_POINT('',#1041);
#1041 = CARTESIAN_POINT('',(62.,9.,-2.));
#1042 = LINE('',#1043,#1044);
#1043 = CARTESIAN_POINT('',(62.,-24.6,-2.));
#1044 = VECTOR('',#1045,1.);
#1045 = DIRECTION('',(-0.,1.,0.));
#1046 = ORIENTED_EDGE('',*,*,#1023,.F.);
#1047 = ORIENTED_EDGE('',*,*,#171,.F.);
#1048 = ORIENTED_EDGE('',*,*,#163,.T.);
#1049 = ORIENTED_EDGE('',*,*,#155,.T.);
#1050 = ORIENTED_EDGE('',*,*,#1051,.T.);
#1051 = EDGE_CURVE('',#148,#1052,#1054,.T.);
#1052 = VERTEX_POINT('',#1053);
#1053 = CARTESIAN_POINT('',(62.,-1.1,-5.));
#1054 = CIRCLE('',#1055,3.5);
#1055 = AXIS2_PLACEMENT_3D('',#1056,#1057,#1058);
#1056 = CARTESIAN_POINT('',(62.,-1.1,-8.5));
#1057 = DIRECTION('',(-1.,-0.,0.));
#1058 = DIRECTION('',(0.,0.,1.));
#1059 = ORIENTED_EDGE('',*,*,#1060,.T.);
#1060 = EDGE_CURVE('',#1052,#1061,#1063,.T.);
#1061 = VERTEX_POINT('',#1062);
#1062 = CARTESIAN_POINT('',(62.,9.,-5.));
#1063 = LINE('',#1064,#1065);
#1064 = CARTESIAN_POINT('',(62.,-24.6,-5.));
#1065 = VECTOR('',#1066,1.);
#1066 = DIRECTION('',(-0.,1.,0.));
#1067 = ORIENTED_EDGE('',*,*,#1068,.T.);
#1068 = EDGE_CURVE('',#1061,#1040,#1069,.T.);
#1069 = LINE('',#1070,#1071);
#1070 = CARTESIAN_POINT('',(62.,9.,-5.));
#1071 = VECTOR('',#1072,1.);
#1072 = DIRECTION('',(0.,0.,1.));
#1073 = PLANE('',#1074);
#1074 = AXIS2_PLACEMENT_3D('',#1075,#1076,#1077);
#1075 = CARTESIAN_POINT('',(62.,-24.6,-5.));
#1076 = DIRECTION('',(1.,0.,-0.));
#1077 = DIRECTION('',(0.,0.,1.));
#1078 = ADVANCED_FACE('',(#1079),#1090,.T.);
#1079 = FACE_BOUND('',#1080,.F.);
#1080 = EDGE_LOOP('',(#1081,#1082,#1088,#1089));
#1081 = ORIENTED_EDGE('',*,*,#983,.T.);
#1082 = ORIENTED_EDGE('',*,*,#1083,.T.);
#1083 = EDGE_CURVE('',#984,#1052,#1084,.T.);
#1084 = LINE('',#1085,#1086);
#1085 = CARTESIAN_POINT('',(56.,-1.1,-5.));
#1086 = VECTOR('',#1087,1.);
#1087 = DIRECTION('',(1.,0.,-0.));
#1088 = ORIENTED_EDGE('',*,*,#1051,.F.);
#1089 = ORIENTED_EDGE('',*,*,#147,.F.);
#1090 = CYLINDRICAL_SURFACE('',#1091,3.5);
#1091 = AXIS2_PLACEMENT_3D('',#1092,#1093,#1094);
#1092 = CARTESIAN_POINT('',(56.,-1.1,-8.5));
#1093 = DIRECTION('',(1.,0.,-0.));
#1094 = DIRECTION('',(0.,-1.,0.));
#1095 = ADVANCED_FACE('',(#1096),#1107,.F.);
#1096 = FACE_BOUND('',#1097,.F.);
#1097 = EDGE_LOOP('',(#1098,#1099,#1100,#1101));
#1098 = ORIENTED_EDGE('',*,*,#193,.F.);
#1099 = ORIENTED_EDGE('',*,*,#245,.T.);
#1100 = ORIENTED_EDGE('',*,*,#269,.T.);
#1101 = ORIENTED_EDGE('',*,*,#1102,.T.);
#1102 = EDGE_CURVE('',#270,#196,#1103,.T.);
#1103 = LINE('',#1104,#1105);
#1104 = CARTESIAN_POINT('',(-9.8,9.,-2.));
#1105 = VECTOR('',#1106,1.);
#1106 = DIRECTION('',(-1.,-0.,0.));
#1107 = PLANE('',#1108);
#1108 = AXIS2_PLACEMENT_3D('',#1109,#1110,#1111);
#1109 = CARTESIAN_POINT('',(5.,-24.6,-2.));
#1110 = DIRECTION('',(0.,0.,1.));
#1111 = DIRECTION('',(1.,0.,-0.));
#1112 = ADVANCED_FACE('',(#1113),#1170,.T.);
#1113 = FACE_BOUND('',#1114,.T.);
#1114 = EDGE_LOOP('',(#1115,#1116,#1124,#1132,#1140,#1148,#1154,#1155,
    #1161,#1162,#1168,#1169));
#1115 = ORIENTED_EDGE('',*,*,#230,.F.);
#1116 = ORIENTED_EDGE('',*,*,#1117,.F.);
#1117 = EDGE_CURVE('',#1118,#223,#1120,.T.);
#1118 = VERTEX_POINT('',#1119);
#1119 = CARTESIAN_POINT('',(-4.6,9.,-5.));
#1120 = LINE('',#1121,#1122);
#1121 = CARTESIAN_POINT('',(-24.6,9.,-5.));
#1122 = VECTOR('',#1123,1.);
#1123 = DIRECTION('',(1.,0.,-0.));
#1124 = ORIENTED_EDGE('',*,*,#1125,.T.);
#1125 = EDGE_CURVE('',#1118,#1126,#1128,.T.);
#1126 = VERTEX_POINT('',#1127);
#1127 = CARTESIAN_POINT('',(-4.6,9.,-1.5));
#1128 = LINE('',#1129,#1130);
#1129 = CARTESIAN_POINT('',(-4.6,9.,-7.));
#1130 = VECTOR('',#1131,1.);
#1131 = DIRECTION('',(0.,0.,1.));
#1132 = ORIENTED_EDGE('',*,*,#1133,.T.);
#1133 = EDGE_CURVE('',#1126,#1134,#1136,.T.);
#1134 = VERTEX_POINT('',#1135);
#1135 = CARTESIAN_POINT('',(73.6,9.,-1.5));
#1136 = LINE('',#1137,#1138);
#1137 = CARTESIAN_POINT('',(-24.6,9.,-1.5));
#1138 = VECTOR('',#1139,1.);
#1139 = DIRECTION('',(1.,0.,-0.));
#1140 = ORIENTED_EDGE('',*,*,#1141,.F.);
#1141 = EDGE_CURVE('',#1142,#1134,#1144,.T.);
#1142 = VERTEX_POINT('',#1143);
#1143 = CARTESIAN_POINT('',(73.6,9.,-5.));
#1144 = LINE('',#1145,#1146);
#1145 = CARTESIAN_POINT('',(73.6,9.,-7.));
#1146 = VECTOR('',#1147,1.);
#1147 = DIRECTION('',(0.,0.,1.));
#1148 = ORIENTED_EDGE('',*,*,#1149,.F.);
#1149 = EDGE_CURVE('',#1061,#1142,#1150,.T.);
#1150 = LINE('',#1151,#1152);
#1151 = CARTESIAN_POINT('',(-24.6,9.,-5.));
#1152 = VECTOR('',#1153,1.);
#1153 = DIRECTION('',(1.,0.,-0.));
#1154 = ORIENTED_EDGE('',*,*,#1068,.T.);
#1155 = ORIENTED_EDGE('',*,*,#1156,.T.);
#1156 = EDGE_CURVE('',#1040,#966,#1157,.T.);
#1157 = LINE('',#1158,#1159);
#1158 = CARTESIAN_POINT('',(15.7,9.,-2.));
#1159 = VECTOR('',#1160,1.);
#1160 = DIRECTION('',(-1.,-0.,0.));
#1161 = ORIENTED_EDGE('',*,*,#1000,.F.);
#1162 = ORIENTED_EDGE('',*,*,#1163,.F.);
#1163 = EDGE_CURVE('',#291,#993,#1164,.T.);
#1164 = LINE('',#1165,#1166);
#1165 = CARTESIAN_POINT('',(-24.6,9.,-5.));
#1166 = VECTOR('',#1167,1.);
#1167 = DIRECTION('',(1.,0.,-0.));
#1168 = ORIENTED_EDGE('',*,*,#298,.T.);
#1169 = ORIENTED_EDGE('',*,*,#1102,.T.);
#1170 = PLANE('',#1171);
#1171 = AXIS2_PLACEMENT_3D('',#1172,#1173,#1174);
#1172 = CARTESIAN_POINT('',(-24.6,9.,-5.));
#1173 = DIRECTION('',(-0.,1.,0.));
#1174 = DIRECTION('',(0.,0.,1.));
#1175 = ADVANCED_FACE('',(#1176,#1355),#1389,.T.);
#1176 = FACE_BOUND('',#1177,.T.);
#1177 = EDGE_LOOP('',(#1178,#1179,#1180,#1181,#1182,#1183,#1184,#1185,
    #1186,#1194,#1202,#1210,#1218,#1226,#1235,#1243,#1251,#1259,#1267,
    #1275,#1283,#1291,#1299,#1307,#1316,#1324,#1332,#1340,#1348,#1354));
#1178 = ORIENTED_EDGE('',*,*,#222,.F.);
#1179 = ORIENTED_EDGE('',*,*,#313,.T.);
#1180 = ORIENTED_EDGE('',*,*,#290,.T.);
#1181 = ORIENTED_EDGE('',*,*,#1163,.T.);
#1182 = ORIENTED_EDGE('',*,*,#992,.F.);
#1183 = ORIENTED_EDGE('',*,*,#1083,.T.);
#1184 = ORIENTED_EDGE('',*,*,#1060,.T.);
#1185 = ORIENTED_EDGE('',*,*,#1149,.T.);
#1186 = ORIENTED_EDGE('',*,*,#1187,.F.);
#1187 = EDGE_CURVE('',#1188,#1142,#1190,.T.);
#1188 = VERTEX_POINT('',#1189);
#1189 = CARTESIAN_POINT('',(73.6,17.,-5.));
#1190 = LINE('',#1191,#1192);
#1191 = CARTESIAN_POINT('',(73.6,2.2,-5.));
#1192 = VECTOR('',#1193,1.);
#1193 = DIRECTION('',(0.,-1.,0.));
#1194 = ORIENTED_EDGE('',*,*,#1195,.F.);
#1195 = EDGE_CURVE('',#1196,#1188,#1198,.T.);
#1196 = VERTEX_POINT('',#1197);
#1197 = CARTESIAN_POINT('',(62.,17.,-5.));
#1198 = LINE('',#1199,#1200);
#1199 = CARTESIAN_POINT('',(-24.6,17.,-5.));
#1200 = VECTOR('',#1201,1.);
#1201 = DIRECTION('',(1.,0.,-0.));
#1202 = ORIENTED_EDGE('',*,*,#1203,.T.);
#1203 = EDGE_CURVE('',#1196,#1204,#1206,.T.);
#1204 = VERTEX_POINT('',#1205);
#1205 = CARTESIAN_POINT('',(62.,41.,-5.));
#1206 = LINE('',#1207,#1208);
#1207 = CARTESIAN_POINT('',(62.,-24.6,-5.));
#1208 = VECTOR('',#1209,1.);
#1209 = DIRECTION('',(-0.,1.,0.));
#1210 = ORIENTED_EDGE('',*,*,#1211,.T.);
#1211 = EDGE_CURVE('',#1204,#1212,#1214,.T.);
#1212 = VERTEX_POINT('',#1213);
#1213 = CARTESIAN_POINT('',(73.6,41.,-5.));
#1214 = LINE('',#1215,#1216);
#1215 = CARTESIAN_POINT('',(-24.6,41.,-5.));
#1216 = VECTOR('',#1217,1.);
#1217 = DIRECTION('',(1.,0.,-0.));
#1218 = ORIENTED_EDGE('',*,*,#1219,.F.);
#1219 = EDGE_CURVE('',#1220,#1212,#1222,.T.);
#1220 = VERTEX_POINT('',#1221);
#1221 = CARTESIAN_POINT('',(73.6,48.,-5.));
#1222 = LINE('',#1223,#1224);
#1223 = CARTESIAN_POINT('',(73.6,18.2,-5.));
#1224 = VECTOR('',#1225,1.);
#1225 = DIRECTION('',(0.,-1.,0.));
#1226 = ORIENTED_EDGE('',*,*,#1227,.T.);
#1227 = EDGE_CURVE('',#1220,#1228,#1230,.T.);
#1228 = VERTEX_POINT('',#1229);
#1229 = CARTESIAN_POINT('',(73.52380257212,49.,-5.));
#1230 = CIRCLE('',#1231,6.6);
#1231 = AXIS2_PLACEMENT_3D('',#1232,#1233,#1234);
#1232 = CARTESIAN_POINT('',(67.,48.,-5.));
#1233 = DIRECTION('',(0.,0.,1.));
#1234 = DIRECTION('',(1.,0.,-0.));
#1235 = ORIENTED_EDGE('',*,*,#1236,.F.);
#1236 = EDGE_CURVE('',#1237,#1228,#1239,.T.);
#1237 = VERTEX_POINT('',#1238);
#1238 = CARTESIAN_POINT('',(62.,49.,-5.));
#1239 = LINE('',#1240,#1241);
#1240 = CARTESIAN_POINT('',(-24.6,49.,-5.));
#1241 = VECTOR('',#1242,1.);
#1242 = DIRECTION('',(1.,0.,-0.));
#1243 = ORIENTED_EDGE('',*,*,#1244,.T.);
#1244 = EDGE_CURVE('',#1237,#1245,#1247,.T.);
#1245 = VERTEX_POINT('',#1246);
#1246 = CARTESIAN_POINT('',(62.,51.1,-5.));
#1247 = LINE('',#1248,#1249);
#1248 = CARTESIAN_POINT('',(62.,-24.6,-5.));
#1249 = VECTOR('',#1250,1.);
#1250 = DIRECTION('',(-0.,1.,0.));
#1251 = ORIENTED_EDGE('',*,*,#1252,.F.);
#1252 = EDGE_CURVE('',#1253,#1245,#1255,.T.);
#1253 = VERTEX_POINT('',#1254);
#1254 = CARTESIAN_POINT('',(56.,51.1,-5.));
#1255 = LINE('',#1256,#1257);
#1256 = CARTESIAN_POINT('',(56.,51.1,-5.));
#1257 = VECTOR('',#1258,1.);
#1258 = DIRECTION('',(1.,0.,-0.));
#1259 = ORIENTED_EDGE('',*,*,#1260,.F.);
#1260 = EDGE_CURVE('',#1261,#1253,#1263,.T.);
#1261 = VERTEX_POINT('',#1262);
#1262 = CARTESIAN_POINT('',(56.,49.,-5.));
#1263 = LINE('',#1264,#1265);
#1264 = CARTESIAN_POINT('',(56.,-24.6,-5.));
#1265 = VECTOR('',#1266,1.);
#1266 = DIRECTION('',(-0.,1.,0.));
#1267 = ORIENTED_EDGE('',*,*,#1268,.F.);
#1268 = EDGE_CURVE('',#1269,#1261,#1271,.T.);
#1269 = VERTEX_POINT('',#1270);
#1270 = CARTESIAN_POINT('',(11.,49.,-5.));
#1271 = LINE('',#1272,#1273);
#1272 = CARTESIAN_POINT('',(-24.6,49.,-5.));
#1273 = VECTOR('',#1274,1.);
#1274 = DIRECTION('',(1.,0.,-0.));
#1275 = ORIENTED_EDGE('',*,*,#1276,.T.);
#1276 = EDGE_CURVE('',#1269,#1277,#1279,.T.);
#1277 = VERTEX_POINT('',#1278);
#1278 = CARTESIAN_POINT('',(11.,51.1,-5.));
#1279 = LINE('',#1280,#1281);
#1280 = CARTESIAN_POINT('',(11.,-24.6,-5.));
#1281 = VECTOR('',#1282,1.);
#1282 = DIRECTION('',(-0.,1.,0.));
#1283 = ORIENTED_EDGE('',*,*,#1284,.F.);
#1284 = EDGE_CURVE('',#1285,#1277,#1287,.T.);
#1285 = VERTEX_POINT('',#1286);
#1286 = CARTESIAN_POINT('',(5.,51.1,-5.));
#1287 = LINE('',#1288,#1289);
#1288 = CARTESIAN_POINT('',(5.,51.1,-5.));
#1289 = VECTOR('',#1290,1.);
#1290 = DIRECTION('',(1.,0.,-0.));
#1291 = ORIENTED_EDGE('',*,*,#1292,.F.);
#1292 = EDGE_CURVE('',#1293,#1285,#1295,.T.);
#1293 = VERTEX_POINT('',#1294);
#1294 = CARTESIAN_POINT('',(5.,49.,-5.));
#1295 = LINE('',#1296,#1297);
#1296 = CARTESIAN_POINT('',(5.,-24.6,-5.));
#1297 = VECTOR('',#1298,1.);
#1298 = DIRECTION('',(-0.,1.,0.));
#1299 = ORIENTED_EDGE('',*,*,#1300,.F.);
#1300 = EDGE_CURVE('',#1301,#1293,#1303,.T.);
#1301 = VERTEX_POINT('',#1302);
#1302 = CARTESIAN_POINT('',(-4.52380257212,49.,-5.));
#1303 = LINE('',#1304,#1305);
#1304 = CARTESIAN_POINT('',(-24.6,49.,-5.));
#1305 = VECTOR('',#1306,1.);
#1306 = DIRECTION('',(1.,0.,-0.));
#1307 = ORIENTED_EDGE('',*,*,#1308,.T.);
#1308 = EDGE_CURVE('',#1301,#1309,#1311,.T.);
#1309 = VERTEX_POINT('',#1310);
#1310 = CARTESIAN_POINT('',(-4.6,48.,-5.));
#1311 = CIRCLE('',#1312,6.6);
#1312 = AXIS2_PLACEMENT_3D('',#1313,#1314,#1315);
#1313 = CARTESIAN_POINT('',(2.,48.,-5.));
#1314 = DIRECTION('',(0.,0.,1.));
#1315 = DIRECTION('',(-1.,-0.,0.));
#1316 = ORIENTED_EDGE('',*,*,#1317,.T.);
#1317 = EDGE_CURVE('',#1309,#1318,#1320,.T.);
#1318 = VERTEX_POINT('',#1319);
#1319 = CARTESIAN_POINT('',(-4.6,41.,-5.));
#1320 = LINE('',#1321,#1322);
#1321 = CARTESIAN_POINT('',(-4.6,18.2,-5.));
#1322 = VECTOR('',#1323,1.);
#1323 = DIRECTION('',(0.,-1.,0.));
#1324 = ORIENTED_EDGE('',*,*,#1325,.T.);
#1325 = EDGE_CURVE('',#1318,#1326,#1328,.T.);
#1326 = VERTEX_POINT('',#1327);
#1327 = CARTESIAN_POINT('',(5.,41.,-5.));
#1328 = LINE('',#1329,#1330);
#1329 = CARTESIAN_POINT('',(-24.6,41.,-5.));
#1330 = VECTOR('',#1331,1.);
#1331 = DIRECTION('',(1.,0.,-0.));
#1332 = ORIENTED_EDGE('',*,*,#1333,.F.);
#1333 = EDGE_CURVE('',#1334,#1326,#1336,.T.);
#1334 = VERTEX_POINT('',#1335);
#1335 = CARTESIAN_POINT('',(5.,17.,-5.));
#1336 = LINE('',#1337,#1338);
#1337 = CARTESIAN_POINT('',(5.,-24.6,-5.));
#1338 = VECTOR('',#1339,1.);
#1339 = DIRECTION('',(-0.,1.,0.));
#1340 = ORIENTED_EDGE('',*,*,#1341,.F.);
#1341 = EDGE_CURVE('',#1342,#1334,#1344,.T.);
#1342 = VERTEX_POINT('',#1343);
#1343 = CARTESIAN_POINT('',(-4.6,17.,-5.));
#1344 = LINE('',#1345,#1346);
#1345 = CARTESIAN_POINT('',(-24.6,17.,-5.));
#1346 = VECTOR('',#1347,1.);
#1347 = DIRECTION('',(1.,0.,-0.));
#1348 = ORIENTED_EDGE('',*,*,#1349,.T.);
#1349 = EDGE_CURVE('',#1342,#1118,#1350,.T.);
#1350 = LINE('',#1351,#1352);
#1351 = CARTESIAN_POINT('',(-4.6,2.2,-5.));
#1352 = VECTOR('',#1353,1.);
#1353 = DIRECTION('',(0.,-1.,0.));
#1354 = ORIENTED_EDGE('',*,*,#1117,.T.);
#1355 = FACE_BOUND('',#1356,.T.);
#1356 = EDGE_LOOP('',(#1357,#1367,#1375,#1383));
#1357 = ORIENTED_EDGE('',*,*,#1358,.T.);
#1358 = EDGE_CURVE('',#1359,#1361,#1363,.T.);
#1359 = VERTEX_POINT('',#1360);
#1360 = CARTESIAN_POINT('',(11.,41.,-5.));
#1361 = VERTEX_POINT('',#1362);
#1362 = CARTESIAN_POINT('',(56.,41.,-5.));
#1363 = LINE('',#1364,#1365);
#1364 = CARTESIAN_POINT('',(-24.6,41.,-5.));
#1365 = VECTOR('',#1366,1.);
#1366 = DIRECTION('',(1.,0.,-0.));
#1367 = ORIENTED_EDGE('',*,*,#1368,.F.);
#1368 = EDGE_CURVE('',#1369,#1361,#1371,.T.);
#1369 = VERTEX_POINT('',#1370);
#1370 = CARTESIAN_POINT('',(56.,17.,-5.));
#1371 = LINE('',#1372,#1373);
#1372 = CARTESIAN_POINT('',(56.,-24.6,-5.));
#1373 = VECTOR('',#1374,1.);
#1374 = DIRECTION('',(-0.,1.,0.));
#1375 = ORIENTED_EDGE('',*,*,#1376,.F.);
#1376 = EDGE_CURVE('',#1377,#1369,#1379,.T.);
#1377 = VERTEX_POINT('',#1378);
#1378 = CARTESIAN_POINT('',(11.,17.,-5.));
#1379 = LINE('',#1380,#1381);
#1380 = CARTESIAN_POINT('',(-24.6,17.,-5.));
#1381 = VECTOR('',#1382,1.);
#1382 = DIRECTION('',(1.,0.,-0.));
#1383 = ORIENTED_EDGE('',*,*,#1384,.T.);
#1384 = EDGE_CURVE('',#1377,#1359,#1385,.T.);
#1385 = LINE('',#1386,#1387);
#1386 = CARTESIAN_POINT('',(11.,-24.6,-5.));
#1387 = VECTOR('',#1388,1.);
#1388 = DIRECTION('',(-0.,1.,0.));
#1389 = PLANE('',#1390);
#1390 = AXIS2_PLACEMENT_3D('',#1391,#1392,#1393);
#1391 = CARTESIAN_POINT('',(34.469616417615,26.057013621949,-5.));
#1392 = DIRECTION('',(0.,0.,1.));
#1393 = DIRECTION('',(1.,0.,-0.));
#1394 = ADVANCED_FACE('',(#1395,#1434,#1445,#1463),#1497,.F.);
#1395 = FACE_BOUND('',#1396,.F.);
#1396 = EDGE_LOOP('',(#1397,#1398,#1404,#1405,#1411,#1412,#1420,#1428));
#1397 = ORIENTED_EDGE('',*,*,#644,.F.);
#1398 = ORIENTED_EDGE('',*,*,#1399,.F.);
#1399 = EDGE_CURVE('',#330,#645,#1400,.T.);
#1400 = LINE('',#1401,#1402);
#1401 = CARTESIAN_POINT('',(-4.6,2.,-9.));
#1402 = VECTOR('',#1403,1.);
#1403 = DIRECTION('',(0.,0.,1.));
#1404 = ORIENTED_EDGE('',*,*,#329,.T.);
#1405 = ORIENTED_EDGE('',*,*,#1406,.T.);
#1406 = EDGE_CURVE('',#332,#1309,#1407,.T.);
#1407 = LINE('',#1408,#1409);
#1408 = CARTESIAN_POINT('',(-4.6,48.,-9.));
#1409 = VECTOR('',#1410,1.);
#1410 = DIRECTION('',(0.,0.,1.));
#1411 = ORIENTED_EDGE('',*,*,#1317,.T.);
#1412 = ORIENTED_EDGE('',*,*,#1413,.T.);
#1413 = EDGE_CURVE('',#1318,#1414,#1416,.T.);
#1414 = VERTEX_POINT('',#1415);
#1415 = CARTESIAN_POINT('',(-4.6,41.,-1.5));
#1416 = LINE('',#1417,#1418);
#1417 = CARTESIAN_POINT('',(-4.6,41.,-7.));
#1418 = VECTOR('',#1419,1.);
#1419 = DIRECTION('',(0.,0.,1.));
#1420 = ORIENTED_EDGE('',*,*,#1421,.F.);
#1421 = EDGE_CURVE('',#1422,#1414,#1424,.T.);
#1422 = VERTEX_POINT('',#1423);
#1423 = CARTESIAN_POINT('',(-4.6,48.,-1.5));
#1424 = LINE('',#1425,#1426);
#1425 = CARTESIAN_POINT('',(-4.6,18.2,-1.5));
#1426 = VECTOR('',#1427,1.);
#1427 = DIRECTION('',(0.,-1.,0.));
#1428 = ORIENTED_EDGE('',*,*,#1429,.T.);
#1429 = EDGE_CURVE('',#1422,#647,#1430,.T.);
#1430 = LINE('',#1431,#1432);
#1431 = CARTESIAN_POINT('',(-4.6,48.,-9.));
#1432 = VECTOR('',#1433,1.);
#1433 = DIRECTION('',(0.,0.,1.));
#1434 = FACE_BOUND('',#1435,.F.);
#1435 = EDGE_LOOP('',(#1436));
#1436 = ORIENTED_EDGE('',*,*,#1437,.F.);
#1437 = EDGE_CURVE('',#1438,#1438,#1440,.T.);
#1438 = VERTEX_POINT('',#1439);
#1439 = CARTESIAN_POINT('',(-4.6,25.,22.85));
#1440 = CIRCLE('',#1441,3.35);
#1441 = AXIS2_PLACEMENT_3D('',#1442,#1443,#1444);
#1442 = CARTESIAN_POINT('',(-4.6,25.,19.5));
#1443 = DIRECTION('',(1.,0.,0.));
#1444 = DIRECTION('',(-0.,0.,1.));
#1445 = FACE_BOUND('',#1446,.F.);
#1446 = EDGE_LOOP('',(#1447,#1448,#1449,#1457));
#1447 = ORIENTED_EDGE('',*,*,#1349,.T.);
#1448 = ORIENTED_EDGE('',*,*,#1125,.T.);
#1449 = ORIENTED_EDGE('',*,*,#1450,.F.);
#1450 = EDGE_CURVE('',#1451,#1126,#1453,.T.);
#1451 = VERTEX_POINT('',#1452);
#1452 = CARTESIAN_POINT('',(-4.6,17.,-1.5));
#1453 = LINE('',#1454,#1455);
#1454 = CARTESIAN_POINT('',(-4.6,2.2,-1.5));
#1455 = VECTOR('',#1456,1.);
#1456 = DIRECTION('',(0.,-1.,0.));
#1457 = ORIENTED_EDGE('',*,*,#1458,.F.);
#1458 = EDGE_CURVE('',#1342,#1451,#1459,.T.);
#1459 = LINE('',#1460,#1461);
#1460 = CARTESIAN_POINT('',(-4.6,17.,-7.));
#1461 = VECTOR('',#1462,1.);
#1462 = DIRECTION('',(0.,0.,1.));
#1463 = FACE_BOUND('',#1464,.F.);
#1464 = EDGE_LOOP('',(#1465,#1475,#1483,#1491));
#1465 = ORIENTED_EDGE('',*,*,#1466,.F.);
#1466 = EDGE_CURVE('',#1467,#1469,#1471,.T.);
#1467 = VERTEX_POINT('',#1468);
#1468 = CARTESIAN_POINT('',(-4.6,4.,16.5));
#1469 = VERTEX_POINT('',#1470);
#1470 = CARTESIAN_POINT('',(-4.6,11.,16.5));
#1471 = LINE('',#1472,#1473);
#1472 = CARTESIAN_POINT('',(-4.6,4.,16.5));
#1473 = VECTOR('',#1474,1.);
#1474 = DIRECTION('',(-0.,1.,0.));
#1475 = ORIENTED_EDGE('',*,*,#1476,.T.);
#1476 = EDGE_CURVE('',#1467,#1477,#1479,.T.);
#1477 = VERTEX_POINT('',#1478);
#1478 = CARTESIAN_POINT('',(-4.6,4.,22.5));
#1479 = LINE('',#1480,#1481);
#1480 = CARTESIAN_POINT('',(-4.6,4.,16.5));
#1481 = VECTOR('',#1482,1.);
#1482 = DIRECTION('',(0.,0.,1.));
#1483 = ORIENTED_EDGE('',*,*,#1484,.T.);
#1484 = EDGE_CURVE('',#1477,#1485,#1487,.T.);
#1485 = VERTEX_POINT('',#1486);
#1486 = CARTESIAN_POINT('',(-4.6,11.,22.5));
#1487 = LINE('',#1488,#1489);
#1488 = CARTESIAN_POINT('',(-4.6,4.,22.5));
#1489 = VECTOR('',#1490,1.);
#1490 = DIRECTION('',(-0.,1.,0.));
#1491 = ORIENTED_EDGE('',*,*,#1492,.F.);
#1492 = EDGE_CURVE('',#1469,#1485,#1493,.T.);
#1493 = LINE('',#1494,#1495);
#1494 = CARTESIAN_POINT('',(-4.6,11.,16.5));
#1495 = VECTOR('',#1496,1.);
#1496 = DIRECTION('',(0.,0.,1.));
#1497 = PLANE('',#1498);
#1498 = AXIS2_PLACEMENT_3D('',#1499,#1500,#1501);
#1499 = CARTESIAN_POINT('',(-4.6,-4.6,-9.));
#1500 = DIRECTION('',(1.,0.,-0.));
#1501 = DIRECTION('',(0.,0.,1.));
#1502 = ADVANCED_FACE('',(#1503),#1514,.T.);
#1503 = FACE_BOUND('',#1504,.T.);
#1504 = EDGE_LOOP('',(#1505,#1506,#1507,#1513));
#1505 = ORIENTED_EDGE('',*,*,#1399,.F.);
#1506 = ORIENTED_EDGE('',*,*,#535,.T.);
#1507 = ORIENTED_EDGE('',*,*,#1508,.T.);
#1508 = EDGE_CURVE('',#528,#655,#1509,.T.);
#1509 = LINE('',#1510,#1511);
#1510 = CARTESIAN_POINT('',(-4.5,0.855447685774,-9.));
#1511 = VECTOR('',#1512,1.);
#1512 = DIRECTION('',(0.,0.,1.));
#1513 = ORIENTED_EDGE('',*,*,#654,.F.);
#1514 = CYLINDRICAL_SURFACE('',#1515,6.6);
#1515 = AXIS2_PLACEMENT_3D('',#1516,#1517,#1518);
#1516 = CARTESIAN_POINT('',(2.,2.,-9.));
#1517 = DIRECTION('',(0.,0.,1.));
#1518 = DIRECTION('',(-1.,-0.,0.));
#1519 = ADVANCED_FACE('',(#1520),#1548,.T.);
#1520 = FACE_BOUND('',#1521,.F.);
#1521 = EDGE_LOOP('',(#1522,#1523,#1524,#1530,#1531,#1532,#1541,#1547));
#1522 = ORIENTED_EDGE('',*,*,#1406,.F.);
#1523 = ORIENTED_EDGE('',*,*,#339,.T.);
#1524 = ORIENTED_EDGE('',*,*,#1525,.T.);
#1525 = EDGE_CURVE('',#340,#827,#1526,.T.);
#1526 = LINE('',#1527,#1528);
#1527 = CARTESIAN_POINT('',(-4.5,49.144552314226,-9.));
#1528 = VECTOR('',#1529,1.);
#1529 = DIRECTION('',(0.,0.,1.));
#1530 = ORIENTED_EDGE('',*,*,#834,.F.);
#1531 = ORIENTED_EDGE('',*,*,#1429,.F.);
#1532 = ORIENTED_EDGE('',*,*,#1533,.F.);
#1533 = EDGE_CURVE('',#1534,#1422,#1536,.T.);
#1534 = VERTEX_POINT('',#1535);
#1535 = CARTESIAN_POINT('',(-4.52380257212,49.,-1.5));
#1536 = CIRCLE('',#1537,6.6);
#1537 = AXIS2_PLACEMENT_3D('',#1538,#1539,#1540);
#1538 = CARTESIAN_POINT('',(2.,48.,-1.5));
#1539 = DIRECTION('',(0.,0.,1.));
#1540 = DIRECTION('',(-1.,-0.,0.));
#1541 = ORIENTED_EDGE('',*,*,#1542,.F.);
#1542 = EDGE_CURVE('',#1301,#1534,#1543,.T.);
#1543 = LINE('',#1544,#1545);
#1544 = CARTESIAN_POINT('',(-4.52380257212,49.,-9.));
#1545 = VECTOR('',#1546,1.);
#1546 = DIRECTION('',(0.,0.,1.));
#1547 = ORIENTED_EDGE('',*,*,#1308,.T.);
#1548 = CYLINDRICAL_SURFACE('',#1549,6.6);
#1549 = AXIS2_PLACEMENT_3D('',#1550,#1551,#1552);
#1550 = CARTESIAN_POINT('',(2.,48.,-9.));
#1551 = DIRECTION('',(0.,0.,1.));
#1552 = DIRECTION('',(-1.,-0.,0.));
#1553 = ADVANCED_FACE('',(#1554),#1565,.F.);
#1554 = FACE_BOUND('',#1555,.F.);
#1555 = EDGE_LOOP('',(#1556,#1562,#1563,#1564));
#1556 = ORIENTED_EDGE('',*,*,#1557,.F.);
#1557 = EDGE_CURVE('',#519,#664,#1558,.T.);
#1558 = LINE('',#1559,#1560);
#1559 = CARTESIAN_POINT('',(-4.5,-0.2,-9.));
#1560 = VECTOR('',#1561,1.);
#1561 = DIRECTION('',(0.,0.,1.));
#1562 = ORIENTED_EDGE('',*,*,#527,.T.);
#1563 = ORIENTED_EDGE('',*,*,#1508,.T.);
#1564 = ORIENTED_EDGE('',*,*,#663,.F.);
#1565 = PLANE('',#1566);
#1566 = AXIS2_PLACEMENT_3D('',#1567,#1568,#1569);
#1567 = CARTESIAN_POINT('',(-4.5,-4.5,-9.));
#1568 = DIRECTION('',(1.,0.,-0.));
#1569 = DIRECTION('',(0.,0.,1.));
#1570 = ADVANCED_FACE('',(#1571),#1582,.F.);
#1571 = FACE_BOUND('',#1572,.F.);
#1572 = EDGE_LOOP('',(#1573,#1574,#1575,#1581));
#1573 = ORIENTED_EDGE('',*,*,#1525,.F.);
#1574 = ORIENTED_EDGE('',*,*,#348,.T.);
#1575 = ORIENTED_EDGE('',*,*,#1576,.T.);
#1576 = EDGE_CURVE('',#349,#818,#1577,.T.);
#1577 = LINE('',#1578,#1579);
#1578 = CARTESIAN_POINT('',(-4.5,50.2,-9.));
#1579 = VECTOR('',#1580,1.);
#1580 = DIRECTION('',(0.,0.,1.));
#1581 = ORIENTED_EDGE('',*,*,#826,.F.);
#1582 = PLANE('',#1583);
#1583 = AXIS2_PLACEMENT_3D('',#1584,#1585,#1586);
#1584 = CARTESIAN_POINT('',(-4.5,49.,-9.));
#1585 = DIRECTION('',(1.,0.,-0.));
#1586 = DIRECTION('',(0.,0.,1.));
#1587 = ADVANCED_FACE('',(#1588),#1599,.T.);
#1588 = FACE_BOUND('',#1589,.T.);
#1589 = EDGE_LOOP('',(#1590,#1591,#1597,#1598));
#1590 = ORIENTED_EDGE('',*,*,#518,.T.);
#1591 = ORIENTED_EDGE('',*,*,#1592,.T.);
#1592 = EDGE_CURVE('',#511,#672,#1593,.T.);
#1593 = LINE('',#1594,#1595);
#1594 = CARTESIAN_POINT('',(-0.2,-4.5,-9.));
#1595 = VECTOR('',#1596,1.);
#1596 = DIRECTION('',(0.,0.,1.));
#1597 = ORIENTED_EDGE('',*,*,#671,.F.);
#1598 = ORIENTED_EDGE('',*,*,#1557,.F.);
#1599 = CYLINDRICAL_SURFACE('',#1600,4.3);
#1600 = AXIS2_PLACEMENT_3D('',#1601,#1602,#1603);
#1601 = CARTESIAN_POINT('',(-4.5,-4.5,-9.));
#1602 = DIRECTION('',(0.,0.,1.));
#1603 = DIRECTION('',(1.,0.,-0.));
#1604 = ADVANCED_FACE('',(#1605),#1616,.T.);
#1605 = FACE_BOUND('',#1606,.T.);
#1606 = EDGE_LOOP('',(#1607,#1608,#1614,#1615));
#1607 = ORIENTED_EDGE('',*,*,#817,.F.);
#1608 = ORIENTED_EDGE('',*,*,#1609,.F.);
#1609 = EDGE_CURVE('',#357,#810,#1610,.T.);
#1610 = LINE('',#1611,#1612);
#1611 = CARTESIAN_POINT('',(-0.2,54.5,-9.));
#1612 = VECTOR('',#1613,1.);
#1613 = DIRECTION('',(0.,0.,1.));
#1614 = ORIENTED_EDGE('',*,*,#356,.T.);
#1615 = ORIENTED_EDGE('',*,*,#1576,.T.);
#1616 = CYLINDRICAL_SURFACE('',#1617,4.3);
#1617 = AXIS2_PLACEMENT_3D('',#1618,#1619,#1620);
#1618 = CARTESIAN_POINT('',(-4.5,54.5,-9.));
#1619 = DIRECTION('',(0.,0.,1.));
#1620 = DIRECTION('',(1.,0.,-0.));
#1621 = ADVANCED_FACE('',(#1622),#1628,.F.);
#1622 = FACE_BOUND('',#1623,.F.);
#1623 = EDGE_LOOP('',(#1624,#1625,#1626,#1627));
#1624 = ORIENTED_EDGE('',*,*,#510,.F.);
#1625 = ORIENTED_EDGE('',*,*,#1592,.T.);
#1626 = ORIENTED_EDGE('',*,*,#680,.T.);
#1627 = ORIENTED_EDGE('',*,*,#594,.F.);
#1628 = PLANE('',#1629);
#1629 = AXIS2_PLACEMENT_3D('',#1630,#1631,#1632);
#1630 = CARTESIAN_POINT('',(-4.5,-4.5,-9.));
#1631 = DIRECTION('',(-0.,1.,0.));
#1632 = DIRECTION('',(0.,0.,1.));
#1633 = ADVANCED_FACE('',(#1634),#1645,.T.);
#1634 = FACE_BOUND('',#1635,.T.);
#1635 = EDGE_LOOP('',(#1636,#1637,#1638,#1639));
#1636 = ORIENTED_EDGE('',*,*,#365,.F.);
#1637 = ORIENTED_EDGE('',*,*,#1609,.T.);
#1638 = ORIENTED_EDGE('',*,*,#809,.T.);
#1639 = ORIENTED_EDGE('',*,*,#1640,.F.);
#1640 = EDGE_CURVE('',#366,#801,#1641,.T.);
#1641 = LINE('',#1642,#1643);
#1642 = CARTESIAN_POINT('',(0.855447685774,54.5,-9.));
#1643 = VECTOR('',#1644,1.);
#1644 = DIRECTION('',(0.,0.,1.));
#1645 = PLANE('',#1646);
#1646 = AXIS2_PLACEMENT_3D('',#1647,#1648,#1649);
#1647 = CARTESIAN_POINT('',(-4.5,54.5,-9.));
#1648 = DIRECTION('',(-0.,1.,0.));
#1649 = DIRECTION('',(0.,0.,1.));
#1650 = ADVANCED_FACE('',(#1651),#1662,.T.);
#1651 = FACE_BOUND('',#1652,.F.);
#1652 = EDGE_LOOP('',(#1653,#1654,#1655,#1661));
#1653 = ORIENTED_EDGE('',*,*,#1640,.F.);
#1654 = ORIENTED_EDGE('',*,*,#373,.T.);
#1655 = ORIENTED_EDGE('',*,*,#1656,.T.);
#1656 = EDGE_CURVE('',#374,#793,#1657,.T.);
#1657 = LINE('',#1658,#1659);
#1658 = CARTESIAN_POINT('',(2.,54.6,-9.));
#1659 = VECTOR('',#1660,1.);
#1660 = DIRECTION('',(0.,0.,1.));
#1661 = ORIENTED_EDGE('',*,*,#800,.F.);
#1662 = CYLINDRICAL_SURFACE('',#1663,6.6);
#1663 = AXIS2_PLACEMENT_3D('',#1664,#1665,#1666);
#1664 = CARTESIAN_POINT('',(2.,48.,-9.));
#1665 = DIRECTION('',(0.,0.,1.));
#1666 = DIRECTION('',(-1.,-0.,0.));
#1667 = ADVANCED_FACE('',(#1668,#1734,#1745),#1811,.T.);
#1668 = FACE_BOUND('',#1669,.T.);
#1669 = EDGE_LOOP('',(#1670,#1680,#1688,#1696,#1704,#1712,#1720,#1728));
#1670 = ORIENTED_EDGE('',*,*,#1671,.F.);
#1671 = EDGE_CURVE('',#1672,#1674,#1676,.T.);
#1672 = VERTEX_POINT('',#1673);
#1673 = CARTESIAN_POINT('',(5.,54.6,-2.));
#1674 = VERTEX_POINT('',#1675);
#1675 = CARTESIAN_POINT('',(5.,54.6,-1.));
#1676 = LINE('',#1677,#1678);
#1677 = CARTESIAN_POINT('',(5.,54.6,-7.));
#1678 = VECTOR('',#1679,1.);
#1679 = DIRECTION('',(0.,-0.,1.));
#1680 = ORIENTED_EDGE('',*,*,#1681,.T.);
#1681 = EDGE_CURVE('',#1672,#1682,#1684,.T.);
#1682 = VERTEX_POINT('',#1683);
#1683 = CARTESIAN_POINT('',(5.,54.6,-5.));
#1684 = LINE('',#1685,#1686);
#1685 = CARTESIAN_POINT('',(5.,54.6,-7.));
#1686 = VECTOR('',#1687,1.);
#1687 = DIRECTION('',(-0.,0.,-1.));
#1688 = ORIENTED_EDGE('',*,*,#1689,.T.);
#1689 = EDGE_CURVE('',#1682,#1690,#1692,.T.);
#1690 = VERTEX_POINT('',#1691);
#1691 = CARTESIAN_POINT('',(5.,54.6,-8.5));
#1692 = LINE('',#1693,#1694);
#1693 = CARTESIAN_POINT('',(5.,54.6,-7.));
#1694 = VECTOR('',#1695,1.);
#1695 = DIRECTION('',(-0.,0.,-1.));
#1696 = ORIENTED_EDGE('',*,*,#1697,.T.);
#1697 = EDGE_CURVE('',#1690,#1698,#1700,.T.);
#1698 = VERTEX_POINT('',#1699);
#1699 = CARTESIAN_POINT('',(11.,54.6,-8.5));
#1700 = LINE('',#1701,#1702);
#1701 = CARTESIAN_POINT('',(5.,54.6,-8.5));
#1702 = VECTOR('',#1703,1.);
#1703 = DIRECTION('',(1.,0.,-0.));
#1704 = ORIENTED_EDGE('',*,*,#1705,.F.);
#1705 = EDGE_CURVE('',#1706,#1698,#1708,.T.);
#1706 = VERTEX_POINT('',#1707);
#1707 = CARTESIAN_POINT('',(11.,54.6,-5.));
#1708 = LINE('',#1709,#1710);
#1709 = CARTESIAN_POINT('',(11.,54.6,-7.));
#1710 = VECTOR('',#1711,1.);
#1711 = DIRECTION('',(-0.,0.,-1.));
#1712 = ORIENTED_EDGE('',*,*,#1713,.F.);
#1713 = EDGE_CURVE('',#1714,#1706,#1716,.T.);
#1714 = VERTEX_POINT('',#1715);
#1715 = CARTESIAN_POINT('',(11.,54.6,-2.));
#1716 = LINE('',#1717,#1718);
#1717 = CARTESIAN_POINT('',(11.,54.6,-7.));
#1718 = VECTOR('',#1719,1.);
#1719 = DIRECTION('',(-0.,0.,-1.));
#1720 = ORIENTED_EDGE('',*,*,#1721,.T.);
#1721 = EDGE_CURVE('',#1714,#1722,#1724,.T.);
#1722 = VERTEX_POINT('',#1723);
#1723 = CARTESIAN_POINT('',(11.,54.6,-1.));
#1724 = LINE('',#1725,#1726);
#1725 = CARTESIAN_POINT('',(11.,54.6,-7.));
#1726 = VECTOR('',#1727,1.);
#1727 = DIRECTION('',(0.,-0.,1.));
#1728 = ORIENTED_EDGE('',*,*,#1729,.F.);
#1729 = EDGE_CURVE('',#1674,#1722,#1730,.T.);
#1730 = LINE('',#1731,#1732);
#1731 = CARTESIAN_POINT('',(5.,54.6,-1.));
#1732 = VECTOR('',#1733,1.);
#1733 = DIRECTION('',(1.,0.,-0.));
#1734 = FACE_BOUND('',#1735,.T.);
#1735 = EDGE_LOOP('',(#1736,#1737,#1738,#1739));
#1736 = ORIENTED_EDGE('',*,*,#382,.F.);
#1737 = ORIENTED_EDGE('',*,*,#1656,.T.);
#1738 = ORIENTED_EDGE('',*,*,#792,.T.);
#1739 = ORIENTED_EDGE('',*,*,#1740,.F.);
#1740 = EDGE_CURVE('',#383,#784,#1741,.T.);
#1741 = LINE('',#1742,#1743);
#1742 = CARTESIAN_POINT('',(67.,54.6,-9.));
#1743 = VECTOR('',#1744,1.);
#1744 = DIRECTION('',(0.,0.,1.));
#1745 = FACE_BOUND('',#1746,.T.);
#1746 = EDGE_LOOP('',(#1747,#1757,#1765,#1773,#1781,#1789,#1797,#1805));
#1747 = ORIENTED_EDGE('',*,*,#1748,.F.);
#1748 = EDGE_CURVE('',#1749,#1751,#1753,.T.);
#1749 = VERTEX_POINT('',#1750);
#1750 = CARTESIAN_POINT('',(56.,54.6,-2.));
#1751 = VERTEX_POINT('',#1752);
#1752 = CARTESIAN_POINT('',(56.,54.6,-1.));
#1753 = LINE('',#1754,#1755);
#1754 = CARTESIAN_POINT('',(56.,54.6,-7.));
#1755 = VECTOR('',#1756,1.);
#1756 = DIRECTION('',(0.,-0.,1.));
#1757 = ORIENTED_EDGE('',*,*,#1758,.T.);
#1758 = EDGE_CURVE('',#1749,#1759,#1761,.T.);
#1759 = VERTEX_POINT('',#1760);
#1760 = CARTESIAN_POINT('',(56.,54.6,-5.));
#1761 = LINE('',#1762,#1763);
#1762 = CARTESIAN_POINT('',(56.,54.6,-7.));
#1763 = VECTOR('',#1764,1.);
#1764 = DIRECTION('',(-0.,0.,-1.));
#1765 = ORIENTED_EDGE('',*,*,#1766,.T.);
#1766 = EDGE_CURVE('',#1759,#1767,#1769,.T.);
#1767 = VERTEX_POINT('',#1768);
#1768 = CARTESIAN_POINT('',(56.,54.6,-8.5));
#1769 = LINE('',#1770,#1771);
#1770 = CARTESIAN_POINT('',(56.,54.6,-7.));
#1771 = VECTOR('',#1772,1.);
#1772 = DIRECTION('',(-0.,0.,-1.));
#1773 = ORIENTED_EDGE('',*,*,#1774,.T.);
#1774 = EDGE_CURVE('',#1767,#1775,#1777,.T.);
#1775 = VERTEX_POINT('',#1776);
#1776 = CARTESIAN_POINT('',(62.,54.6,-8.5));
#1777 = LINE('',#1778,#1779);
#1778 = CARTESIAN_POINT('',(56.,54.6,-8.5));
#1779 = VECTOR('',#1780,1.);
#1780 = DIRECTION('',(1.,0.,-0.));
#1781 = ORIENTED_EDGE('',*,*,#1782,.F.);
#1782 = EDGE_CURVE('',#1783,#1775,#1785,.T.);
#1783 = VERTEX_POINT('',#1784);
#1784 = CARTESIAN_POINT('',(62.,54.6,-5.));
#1785 = LINE('',#1786,#1787);
#1786 = CARTESIAN_POINT('',(62.,54.6,-7.));
#1787 = VECTOR('',#1788,1.);
#1788 = DIRECTION('',(-0.,0.,-1.));
#1789 = ORIENTED_EDGE('',*,*,#1790,.F.);
#1790 = EDGE_CURVE('',#1791,#1783,#1793,.T.);
#1791 = VERTEX_POINT('',#1792);
#1792 = CARTESIAN_POINT('',(62.,54.6,-2.));
#1793 = LINE('',#1794,#1795);
#1794 = CARTESIAN_POINT('',(62.,54.6,-7.));
#1795 = VECTOR('',#1796,1.);
#1796 = DIRECTION('',(-0.,0.,-1.));
#1797 = ORIENTED_EDGE('',*,*,#1798,.T.);
#1798 = EDGE_CURVE('',#1791,#1799,#1801,.T.);
#1799 = VERTEX_POINT('',#1800);
#1800 = CARTESIAN_POINT('',(62.,54.6,-1.));
#1801 = LINE('',#1802,#1803);
#1802 = CARTESIAN_POINT('',(62.,54.6,-7.));
#1803 = VECTOR('',#1804,1.);
#1804 = DIRECTION('',(0.,-0.,1.));
#1805 = ORIENTED_EDGE('',*,*,#1806,.F.);
#1806 = EDGE_CURVE('',#1751,#1799,#1807,.T.);
#1807 = LINE('',#1808,#1809);
#1808 = CARTESIAN_POINT('',(56.,54.6,-1.));
#1809 = VECTOR('',#1810,1.);
#1810 = DIRECTION('',(1.,0.,-0.));
#1811 = PLANE('',#1812);
#1812 = AXIS2_PLACEMENT_3D('',#1813,#1814,#1815);
#1813 = CARTESIAN_POINT('',(-4.6,54.6,-9.));
#1814 = DIRECTION('',(-0.,1.,0.));
#1815 = DIRECTION('',(0.,0.,1.));
#1816 = ADVANCED_FACE('',(#1817),#1828,.T.);
#1817 = FACE_BOUND('',#1818,.T.);
#1818 = EDGE_LOOP('',(#1819,#1825,#1826,#1827));
#1819 = ORIENTED_EDGE('',*,*,#1820,.F.);
#1820 = EDGE_CURVE('',#391,#776,#1821,.T.);
#1821 = LINE('',#1822,#1823);
#1822 = CARTESIAN_POINT('',(68.144552314226,54.5,-9.));
#1823 = VECTOR('',#1824,1.);
#1824 = DIRECTION('',(0.,0.,1.));
#1825 = ORIENTED_EDGE('',*,*,#390,.T.);
#1826 = ORIENTED_EDGE('',*,*,#1740,.T.);
#1827 = ORIENTED_EDGE('',*,*,#783,.F.);
#1828 = CYLINDRICAL_SURFACE('',#1829,6.6);
#1829 = AXIS2_PLACEMENT_3D('',#1830,#1831,#1832);
#1830 = CARTESIAN_POINT('',(67.,48.,-9.));
#1831 = DIRECTION('',(0.,0.,1.));
#1832 = DIRECTION('',(1.,0.,-0.));
#1833 = ADVANCED_FACE('',(#1834),#1845,.F.);
#1834 = FACE_BOUND('',#1835,.F.);
#1835 = EDGE_LOOP('',(#1836,#1837,#1838,#1839));
#1836 = ORIENTED_EDGE('',*,*,#485,.F.);
#1837 = ORIENTED_EDGE('',*,*,#619,.T.);
#1838 = ORIENTED_EDGE('',*,*,#689,.T.);
#1839 = ORIENTED_EDGE('',*,*,#1840,.F.);
#1840 = EDGE_CURVE('',#477,#690,#1841,.T.);
#1841 = LINE('',#1842,#1843);
#1842 = CARTESIAN_POINT('',(69.2,-4.5,-9.));
#1843 = VECTOR('',#1844,1.);
#1844 = DIRECTION('',(0.,0.,1.));
#1845 = PLANE('',#1846);
#1846 = AXIS2_PLACEMENT_3D('',#1847,#1848,#1849);
#1847 = CARTESIAN_POINT('',(68.,-4.5,-9.));
#1848 = DIRECTION('',(-0.,1.,0.));
#1849 = DIRECTION('',(0.,0.,1.));
#1850 = ADVANCED_FACE('',(#1851),#1862,.T.);
#1851 = FACE_BOUND('',#1852,.T.);
#1852 = EDGE_LOOP('',(#1853,#1854,#1855,#1856));
#1853 = ORIENTED_EDGE('',*,*,#399,.F.);
#1854 = ORIENTED_EDGE('',*,*,#1820,.T.);
#1855 = ORIENTED_EDGE('',*,*,#775,.T.);
#1856 = ORIENTED_EDGE('',*,*,#1857,.F.);
#1857 = EDGE_CURVE('',#400,#767,#1858,.T.);
#1858 = LINE('',#1859,#1860);
#1859 = CARTESIAN_POINT('',(69.2,54.5,-9.));
#1860 = VECTOR('',#1861,1.);
#1861 = DIRECTION('',(0.,0.,1.));
#1862 = PLANE('',#1863);
#1863 = AXIS2_PLACEMENT_3D('',#1864,#1865,#1866);
#1864 = CARTESIAN_POINT('',(68.,54.5,-9.));
#1865 = DIRECTION('',(-0.,1.,0.));
#1866 = DIRECTION('',(0.,0.,1.));
#1867 = ADVANCED_FACE('',(#1868),#1881,.T.);
#1868 = FACE_BOUND('',#1869,.T.);
#1869 = EDGE_LOOP('',(#1870,#1871,#1872,#1873,#1874,#1880));
#1870 = ORIENTED_EDGE('',*,*,#697,.F.);
#1871 = ORIENTED_EDGE('',*,*,#1840,.F.);
#1872 = ORIENTED_EDGE('',*,*,#476,.T.);
#1873 = ORIENTED_EDGE('',*,*,#467,.T.);
#1874 = ORIENTED_EDGE('',*,*,#1875,.T.);
#1875 = EDGE_CURVE('',#460,#707,#1876,.T.);
#1876 = LINE('',#1877,#1878);
#1877 = CARTESIAN_POINT('',(73.5,-0.2,-9.));
#1878 = VECTOR('',#1879,1.);
#1879 = DIRECTION('',(0.,0.,1.));
#1880 = ORIENTED_EDGE('',*,*,#706,.F.);
#1881 = CYLINDRICAL_SURFACE('',#1882,4.3);
#1882 = AXIS2_PLACEMENT_3D('',#1883,#1884,#1885);
#1883 = CARTESIAN_POINT('',(73.5,-4.5,-9.));
#1884 = DIRECTION('',(0.,0.,1.));
#1885 = DIRECTION('',(1.,0.,-0.));
#1886 = ADVANCED_FACE('',(#1887),#1900,.T.);
#1887 = FACE_BOUND('',#1888,.T.);
#1888 = EDGE_LOOP('',(#1889,#1890,#1896,#1897,#1898,#1899));
#1889 = ORIENTED_EDGE('',*,*,#757,.F.);
#1890 = ORIENTED_EDGE('',*,*,#1891,.F.);
#1891 = EDGE_CURVE('',#417,#750,#1892,.T.);
#1892 = LINE('',#1893,#1894);
#1893 = CARTESIAN_POINT('',(73.5,50.2,-9.));
#1894 = VECTOR('',#1895,1.);
#1895 = DIRECTION('',(0.,0.,1.));
#1896 = ORIENTED_EDGE('',*,*,#416,.T.);
#1897 = ORIENTED_EDGE('',*,*,#407,.T.);
#1898 = ORIENTED_EDGE('',*,*,#1857,.T.);
#1899 = ORIENTED_EDGE('',*,*,#766,.F.);
#1900 = CYLINDRICAL_SURFACE('',#1901,4.3);
#1901 = AXIS2_PLACEMENT_3D('',#1902,#1903,#1904);
#1902 = CARTESIAN_POINT('',(73.5,54.5,-9.));
#1903 = DIRECTION('',(0.,0.,1.));
#1904 = DIRECTION('',(1.,0.,-0.));
#1905 = ADVANCED_FACE('',(#1906),#1917,.T.);
#1906 = FACE_BOUND('',#1907,.T.);
#1907 = EDGE_LOOP('',(#1908,#1909,#1910,#1916));
#1908 = ORIENTED_EDGE('',*,*,#1875,.F.);
#1909 = ORIENTED_EDGE('',*,*,#459,.T.);
#1910 = ORIENTED_EDGE('',*,*,#1911,.T.);
#1911 = EDGE_CURVE('',#451,#716,#1912,.T.);
#1912 = LINE('',#1913,#1914);
#1913 = CARTESIAN_POINT('',(73.5,0.855447685774,-9.));
#1914 = VECTOR('',#1915,1.);
#1915 = DIRECTION('',(0.,0.,1.));
#1916 = ORIENTED_EDGE('',*,*,#715,.F.);
#1917 = PLANE('',#1918);
#1918 = AXIS2_PLACEMENT_3D('',#1919,#1920,#1921);
#1919 = CARTESIAN_POINT('',(73.5,-4.5,-9.));
#1920 = DIRECTION('',(1.,0.,-0.));
#1921 = DIRECTION('',(0.,0.,1.));
#1922 = ADVANCED_FACE('',(#1923),#1934,.T.);
#1923 = FACE_BOUND('',#1924,.T.);
#1924 = EDGE_LOOP('',(#1925,#1931,#1932,#1933));
#1925 = ORIENTED_EDGE('',*,*,#1926,.F.);
#1926 = EDGE_CURVE('',#426,#741,#1927,.T.);
#1927 = LINE('',#1928,#1929);
#1928 = CARTESIAN_POINT('',(73.5,49.144552314226,-9.));
#1929 = VECTOR('',#1930,1.);
#1930 = DIRECTION('',(0.,0.,1.));
#1931 = ORIENTED_EDGE('',*,*,#425,.T.);
#1932 = ORIENTED_EDGE('',*,*,#1891,.T.);
#1933 = ORIENTED_EDGE('',*,*,#749,.F.);
#1934 = PLANE('',#1935);
#1935 = AXIS2_PLACEMENT_3D('',#1936,#1937,#1938);
#1936 = CARTESIAN_POINT('',(73.5,49.,-9.));
#1937 = DIRECTION('',(1.,0.,-0.));
#1938 = DIRECTION('',(0.,0.,1.));
#1939 = ADVANCED_FACE('',(#1940),#1951,.T.);
#1940 = FACE_BOUND('',#1941,.F.);
#1941 = EDGE_LOOP('',(#1942,#1948,#1949,#1950));
#1942 = ORIENTED_EDGE('',*,*,#1943,.F.);
#1943 = EDGE_CURVE('',#443,#724,#1944,.T.);
#1944 = LINE('',#1945,#1946);
#1945 = CARTESIAN_POINT('',(73.6,2.,-9.));
#1946 = VECTOR('',#1947,1.);
#1947 = DIRECTION('',(0.,0.,1.));
#1948 = ORIENTED_EDGE('',*,*,#450,.T.);
#1949 = ORIENTED_EDGE('',*,*,#1911,.T.);
#1950 = ORIENTED_EDGE('',*,*,#723,.F.);
#1951 = CYLINDRICAL_SURFACE('',#1952,6.6);
#1952 = AXIS2_PLACEMENT_3D('',#1953,#1954,#1955);
#1953 = CARTESIAN_POINT('',(67.,2.,-9.));
#1954 = DIRECTION('',(0.,0.,1.));
#1955 = DIRECTION('',(1.,0.,-0.));
#1956 = ADVANCED_FACE('',(#1957),#1992,.T.);
#1957 = FACE_BOUND('',#1958,.T.);
#1958 = EDGE_LOOP('',(#1959,#1965,#1966,#1967,#1968,#1976,#1985,#1991));
#1959 = ORIENTED_EDGE('',*,*,#1960,.F.);
#1960 = EDGE_CURVE('',#434,#1220,#1961,.T.);
#1961 = LINE('',#1962,#1963);
#1962 = CARTESIAN_POINT('',(73.6,48.,-9.));
#1963 = VECTOR('',#1964,1.);
#1964 = DIRECTION('',(0.,0.,1.));
#1965 = ORIENTED_EDGE('',*,*,#433,.T.);
#1966 = ORIENTED_EDGE('',*,*,#1926,.T.);
#1967 = ORIENTED_EDGE('',*,*,#740,.F.);
#1968 = ORIENTED_EDGE('',*,*,#1969,.F.);
#1969 = EDGE_CURVE('',#1970,#733,#1972,.T.);
#1970 = VERTEX_POINT('',#1971);
#1971 = CARTESIAN_POINT('',(73.6,48.,-1.5));
#1972 = LINE('',#1973,#1974);
#1973 = CARTESIAN_POINT('',(73.6,48.,-9.));
#1974 = VECTOR('',#1975,1.);
#1975 = DIRECTION('',(0.,0.,1.));
#1976 = ORIENTED_EDGE('',*,*,#1977,.T.);
#1977 = EDGE_CURVE('',#1970,#1978,#1980,.T.);
#1978 = VERTEX_POINT('',#1979);
#1979 = CARTESIAN_POINT('',(73.52380257212,49.,-1.5));
#1980 = CIRCLE('',#1981,6.6);
#1981 = AXIS2_PLACEMENT_3D('',#1982,#1983,#1984);
#1982 = CARTESIAN_POINT('',(67.,48.,-1.5));
#1983 = DIRECTION('',(0.,0.,1.));
#1984 = DIRECTION('',(1.,0.,-0.));
#1985 = ORIENTED_EDGE('',*,*,#1986,.F.);
#1986 = EDGE_CURVE('',#1228,#1978,#1987,.T.);
#1987 = LINE('',#1988,#1989);
#1988 = CARTESIAN_POINT('',(73.52380257212,49.,-9.));
#1989 = VECTOR('',#1990,1.);
#1990 = DIRECTION('',(0.,0.,1.));
#1991 = ORIENTED_EDGE('',*,*,#1227,.F.);
#1992 = CYLINDRICAL_SURFACE('',#1993,6.6);
#1993 = AXIS2_PLACEMENT_3D('',#1994,#1995,#1996);
#1994 = CARTESIAN_POINT('',(67.,48.,-9.));
#1995 = DIRECTION('',(0.,0.,1.));
#1996 = DIRECTION('',(1.,0.,-0.));
#1997 = ADVANCED_FACE('',(#1998,#2020,#2031),#2049,.T.);
#1998 = FACE_BOUND('',#1999,.T.);
#1999 = EDGE_LOOP('',(#2000,#2001,#2002,#2003,#2004,#2005,#2013,#2019));
#2000 = ORIENTED_EDGE('',*,*,#732,.F.);
#2001 = ORIENTED_EDGE('',*,*,#1943,.F.);
#2002 = ORIENTED_EDGE('',*,*,#442,.T.);
#2003 = ORIENTED_EDGE('',*,*,#1960,.T.);
#2004 = ORIENTED_EDGE('',*,*,#1219,.T.);
#2005 = ORIENTED_EDGE('',*,*,#2006,.T.);
#2006 = EDGE_CURVE('',#1212,#2007,#2009,.T.);
#2007 = VERTEX_POINT('',#2008);
#2008 = CARTESIAN_POINT('',(73.6,41.,-1.5));
#2009 = LINE('',#2010,#2011);
#2010 = CARTESIAN_POINT('',(73.6,41.,-7.));
#2011 = VECTOR('',#2012,1.);
#2012 = DIRECTION('',(0.,0.,1.));
#2013 = ORIENTED_EDGE('',*,*,#2014,.F.);
#2014 = EDGE_CURVE('',#1970,#2007,#2015,.T.);
#2015 = LINE('',#2016,#2017);
#2016 = CARTESIAN_POINT('',(73.6,18.2,-1.5));
#2017 = VECTOR('',#2018,1.);
#2018 = DIRECTION('',(0.,-1.,0.));
#2019 = ORIENTED_EDGE('',*,*,#1969,.T.);
#2020 = FACE_BOUND('',#2021,.T.);
#2021 = EDGE_LOOP('',(#2022));
#2022 = ORIENTED_EDGE('',*,*,#2023,.F.);
#2023 = EDGE_CURVE('',#2024,#2024,#2026,.T.);
#2024 = VERTEX_POINT('',#2025);
#2025 = CARTESIAN_POINT('',(73.6,25.,19.2));
#2026 = CIRCLE('',#2027,6.2);
#2027 = AXIS2_PLACEMENT_3D('',#2028,#2029,#2030);
#2028 = CARTESIAN_POINT('',(73.6,25.,13.));
#2029 = DIRECTION('',(1.,0.,0.));
#2030 = DIRECTION('',(-0.,0.,1.));
#2031 = FACE_BOUND('',#2032,.T.);
#2032 = EDGE_LOOP('',(#2033,#2034,#2035,#2043));
#2033 = ORIENTED_EDGE('',*,*,#1187,.T.);
#2034 = ORIENTED_EDGE('',*,*,#1141,.T.);
#2035 = ORIENTED_EDGE('',*,*,#2036,.F.);
#2036 = EDGE_CURVE('',#2037,#1134,#2039,.T.);
#2037 = VERTEX_POINT('',#2038);
#2038 = CARTESIAN_POINT('',(73.6,17.,-1.5));
#2039 = LINE('',#2040,#2041);
#2040 = CARTESIAN_POINT('',(73.6,2.2,-1.5));
#2041 = VECTOR('',#2042,1.);
#2042 = DIRECTION('',(0.,-1.,0.));
#2043 = ORIENTED_EDGE('',*,*,#2044,.F.);
#2044 = EDGE_CURVE('',#1188,#2037,#2045,.T.);
#2045 = LINE('',#2046,#2047);
#2046 = CARTESIAN_POINT('',(73.6,17.,-7.));
#2047 = VECTOR('',#2048,1.);
#2048 = DIRECTION('',(0.,0.,1.));
#2049 = PLANE('',#2050);
#2050 = AXIS2_PLACEMENT_3D('',#2051,#2052,#2053);
#2051 = CARTESIAN_POINT('',(73.6,-4.6,-9.));
#2052 = DIRECTION('',(1.,0.,-0.));
#2053 = DIRECTION('',(0.,0.,1.));
#2054 = ADVANCED_FACE('',(#2055),#2074,.F.);
#2055 = FACE_BOUND('',#2056,.F.);
#2056 = EDGE_LOOP('',(#2057,#2065,#2072,#2073));
#2057 = ORIENTED_EDGE('',*,*,#2058,.T.);
#2058 = EDGE_CURVE('',#545,#2059,#2061,.T.);
#2059 = VERTEX_POINT('',#2060);
#2060 = CARTESIAN_POINT('',(76.75,-4.5,-5.5));
#2061 = LINE('',#2062,#2063);
#2062 = CARTESIAN_POINT('',(76.75,-4.5,-9.01));
#2063 = VECTOR('',#2064,1.);
#2064 = DIRECTION('',(0.,0.,1.));
#2065 = ORIENTED_EDGE('',*,*,#2066,.F.);
#2066 = EDGE_CURVE('',#2059,#2059,#2067,.T.);
#2067 = CIRCLE('',#2068,3.25);
#2068 = AXIS2_PLACEMENT_3D('',#2069,#2070,#2071);
#2069 = CARTESIAN_POINT('',(73.5,-4.5,-5.5));
#2070 = DIRECTION('',(0.,0.,1.));
#2071 = DIRECTION('',(1.,0.,-0.));
#2072 = ORIENTED_EDGE('',*,*,#2058,.F.);
#2073 = ORIENTED_EDGE('',*,*,#544,.T.);
#2074 = CYLINDRICAL_SURFACE('',#2075,3.25);
#2075 = AXIS2_PLACEMENT_3D('',#2076,#2077,#2078);
#2076 = CARTESIAN_POINT('',(73.5,-4.5,-9.01));
#2077 = DIRECTION('',(0.,0.,1.));
#2078 = DIRECTION('',(1.,0.,-0.));
#2079 = ADVANCED_FACE('',(#2080),#2099,.F.);
#2080 = FACE_BOUND('',#2081,.F.);
#2081 = EDGE_LOOP('',(#2082,#2090,#2097,#2098));
#2082 = ORIENTED_EDGE('',*,*,#2083,.T.);
#2083 = EDGE_CURVE('',#556,#2084,#2086,.T.);
#2084 = VERTEX_POINT('',#2085);
#2085 = CARTESIAN_POINT('',(-1.25,-4.5,-5.5));
#2086 = LINE('',#2087,#2088);
#2087 = CARTESIAN_POINT('',(-1.25,-4.5,-9.01));
#2088 = VECTOR('',#2089,1.);
#2089 = DIRECTION('',(0.,0.,1.));
#2090 = ORIENTED_EDGE('',*,*,#2091,.F.);
#2091 = EDGE_CURVE('',#2084,#2084,#2092,.T.);
#2092 = CIRCLE('',#2093,3.25);
#2093 = AXIS2_PLACEMENT_3D('',#2094,#2095,#2096);
#2094 = CARTESIAN_POINT('',(-4.5,-4.5,-5.5));
#2095 = DIRECTION('',(0.,0.,1.));
#2096 = DIRECTION('',(1.,0.,-0.));
#2097 = ORIENTED_EDGE('',*,*,#2083,.F.);
#2098 = ORIENTED_EDGE('',*,*,#555,.T.);
#2099 = CYLINDRICAL_SURFACE('',#2100,3.25);
#2100 = AXIS2_PLACEMENT_3D('',#2101,#2102,#2103);
#2101 = CARTESIAN_POINT('',(-4.5,-4.5,-9.01));
#2102 = DIRECTION('',(0.,0.,1.));
#2103 = DIRECTION('',(1.,0.,-0.));
#2104 = ADVANCED_FACE('',(#2105),#2124,.F.);
#2105 = FACE_BOUND('',#2106,.F.);
#2106 = EDGE_LOOP('',(#2107,#2115,#2122,#2123));
#2107 = ORIENTED_EDGE('',*,*,#2108,.T.);
#2108 = EDGE_CURVE('',#567,#2109,#2111,.T.);
#2109 = VERTEX_POINT('',#2110);
#2110 = CARTESIAN_POINT('',(76.75,54.5,-5.5));
#2111 = LINE('',#2112,#2113);
#2112 = CARTESIAN_POINT('',(76.75,54.5,-9.01));
#2113 = VECTOR('',#2114,1.);
#2114 = DIRECTION('',(0.,0.,1.));
#2115 = ORIENTED_EDGE('',*,*,#2116,.F.);
#2116 = EDGE_CURVE('',#2109,#2109,#2117,.T.);
#2117 = CIRCLE('',#2118,3.25);
#2118 = AXIS2_PLACEMENT_3D('',#2119,#2120,#2121);
#2119 = CARTESIAN_POINT('',(73.5,54.5,-5.5));
#2120 = DIRECTION('',(0.,0.,1.));
#2121 = DIRECTION('',(1.,0.,-0.));
#2122 = ORIENTED_EDGE('',*,*,#2108,.F.);
#2123 = ORIENTED_EDGE('',*,*,#566,.T.);
#2124 = CYLINDRICAL_SURFACE('',#2125,3.25);
#2125 = AXIS2_PLACEMENT_3D('',#2126,#2127,#2128);
#2126 = CARTESIAN_POINT('',(73.5,54.5,-9.01));
#2127 = DIRECTION('',(0.,0.,1.));
#2128 = DIRECTION('',(1.,0.,-0.));
#2129 = ADVANCED_FACE('',(#2130),#2149,.F.);
#2130 = FACE_BOUND('',#2131,.F.);
#2131 = EDGE_LOOP('',(#2132,#2140,#2147,#2148));
#2132 = ORIENTED_EDGE('',*,*,#2133,.T.);
#2133 = EDGE_CURVE('',#578,#2134,#2136,.T.);
#2134 = VERTEX_POINT('',#2135);
#2135 = CARTESIAN_POINT('',(-1.25,54.5,-5.5));
#2136 = LINE('',#2137,#2138);
#2137 = CARTESIAN_POINT('',(-1.25,54.5,-9.01));
#2138 = VECTOR('',#2139,1.);
#2139 = DIRECTION('',(0.,0.,1.));
#2140 = ORIENTED_EDGE('',*,*,#2141,.F.);
#2141 = EDGE_CURVE('',#2134,#2134,#2142,.T.);
#2142 = CIRCLE('',#2143,3.25);
#2143 = AXIS2_PLACEMENT_3D('',#2144,#2145,#2146);
#2144 = CARTESIAN_POINT('',(-4.5,54.5,-5.5));
#2145 = DIRECTION('',(0.,0.,1.));
#2146 = DIRECTION('',(1.,0.,-0.));
#2147 = ORIENTED_EDGE('',*,*,#2133,.F.);
#2148 = ORIENTED_EDGE('',*,*,#577,.T.);
#2149 = CYLINDRICAL_SURFACE('',#2150,3.25);
#2150 = AXIS2_PLACEMENT_3D('',#2151,#2152,#2153);
#2151 = CARTESIAN_POINT('',(-4.5,54.5,-9.01));
#2152 = DIRECTION('',(0.,0.,1.));
#2153 = DIRECTION('',(1.,0.,-0.));
#2154 = ADVANCED_FACE('',(#2155),#2174,.F.);
#2155 = FACE_BOUND('',#2156,.F.);
#2156 = EDGE_LOOP('',(#2157,#2158,#2166,#2173));
#2157 = ORIENTED_EDGE('',*,*,#843,.F.);
#2158 = ORIENTED_EDGE('',*,*,#2159,.F.);
#2159 = EDGE_CURVE('',#2160,#844,#2162,.T.);
#2160 = VERTEX_POINT('',#2161);
#2161 = CARTESIAN_POINT('',(-2.7,-4.5,-2.));
#2162 = LINE('',#2163,#2164);
#2163 = CARTESIAN_POINT('',(-2.7,-4.5,-2.));
#2164 = VECTOR('',#2165,1.);
#2165 = DIRECTION('',(0.,0.,1.));
#2166 = ORIENTED_EDGE('',*,*,#2167,.T.);
#2167 = EDGE_CURVE('',#2160,#2160,#2168,.T.);
#2168 = CIRCLE('',#2169,1.8);
#2169 = AXIS2_PLACEMENT_3D('',#2170,#2171,#2172);
#2170 = CARTESIAN_POINT('',(-4.5,-4.5,-2.));
#2171 = DIRECTION('',(0.,0.,1.));
#2172 = DIRECTION('',(1.,0.,-0.));
#2173 = ORIENTED_EDGE('',*,*,#2159,.T.);
#2174 = CYLINDRICAL_SURFACE('',#2175,1.8);
#2175 = AXIS2_PLACEMENT_3D('',#2176,#2177,#2178);
#2176 = CARTESIAN_POINT('',(-4.5,-4.5,-2.));
#2177 = DIRECTION('',(0.,0.,1.));
#2178 = DIRECTION('',(1.,0.,-0.));
#2179 = ADVANCED_FACE('',(#2180),#2199,.F.);
#2180 = FACE_BOUND('',#2181,.F.);
#2181 = EDGE_LOOP('',(#2182,#2183,#2191,#2198));
#2182 = ORIENTED_EDGE('',*,*,#854,.F.);
#2183 = ORIENTED_EDGE('',*,*,#2184,.F.);
#2184 = EDGE_CURVE('',#2185,#855,#2187,.T.);
#2185 = VERTEX_POINT('',#2186);
#2186 = CARTESIAN_POINT('',(75.3,-4.5,-2.));
#2187 = LINE('',#2188,#2189);
#2188 = CARTESIAN_POINT('',(75.3,-4.5,-2.));
#2189 = VECTOR('',#2190,1.);
#2190 = DIRECTION('',(0.,0.,1.));
#2191 = ORIENTED_EDGE('',*,*,#2192,.T.);
#2192 = EDGE_CURVE('',#2185,#2185,#2193,.T.);
#2193 = CIRCLE('',#2194,1.8);
#2194 = AXIS2_PLACEMENT_3D('',#2195,#2196,#2197);
#2195 = CARTESIAN_POINT('',(73.5,-4.5,-2.));
#2196 = DIRECTION('',(0.,0.,1.));
#2197 = DIRECTION('',(1.,0.,-0.));
#2198 = ORIENTED_EDGE('',*,*,#2184,.T.);
#2199 = CYLINDRICAL_SURFACE('',#2200,1.8);
#2200 = AXIS2_PLACEMENT_3D('',#2201,#2202,#2203);
#2201 = CARTESIAN_POINT('',(73.5,-4.5,-2.));
#2202 = DIRECTION('',(0.,0.,1.));
#2203 = DIRECTION('',(1.,0.,-0.));
#2204 = ADVANCED_FACE('',(#2205),#2224,.F.);
#2205 = FACE_BOUND('',#2206,.F.);
#2206 = EDGE_LOOP('',(#2207,#2208,#2216,#2223));
#2207 = ORIENTED_EDGE('',*,*,#865,.F.);
#2208 = ORIENTED_EDGE('',*,*,#2209,.F.);
#2209 = EDGE_CURVE('',#2210,#866,#2212,.T.);
#2210 = VERTEX_POINT('',#2211);
#2211 = CARTESIAN_POINT('',(-2.7,54.5,-2.));
#2212 = LINE('',#2213,#2214);
#2213 = CARTESIAN_POINT('',(-2.7,54.5,-2.));
#2214 = VECTOR('',#2215,1.);
#2215 = DIRECTION('',(0.,0.,1.));
#2216 = ORIENTED_EDGE('',*,*,#2217,.T.);
#2217 = EDGE_CURVE('',#2210,#2210,#2218,.T.);
#2218 = CIRCLE('',#2219,1.8);
#2219 = AXIS2_PLACEMENT_3D('',#2220,#2221,#2222);
#2220 = CARTESIAN_POINT('',(-4.5,54.5,-2.));
#2221 = DIRECTION('',(0.,0.,1.));
#2222 = DIRECTION('',(1.,0.,-0.));
#2223 = ORIENTED_EDGE('',*,*,#2209,.T.);
#2224 = CYLINDRICAL_SURFACE('',#2225,1.8);
#2225 = AXIS2_PLACEMENT_3D('',#2226,#2227,#2228);
#2226 = CARTESIAN_POINT('',(-4.5,54.5,-2.));
#2227 = DIRECTION('',(0.,0.,1.));
#2228 = DIRECTION('',(1.,0.,-0.));
#2229 = ADVANCED_FACE('',(#2230),#2256,.F.);
#2230 = FACE_BOUND('',#2231,.F.);
#2231 = EDGE_LOOP('',(#2232,#2240,#2249,#2255));
#2232 = ORIENTED_EDGE('',*,*,#2233,.F.);
#2233 = EDGE_CURVE('',#2234,#877,#2236,.T.);
#2234 = VERTEX_POINT('',#2235);
#2235 = CARTESIAN_POINT('',(-3.5,2.,26.5));
#2236 = LINE('',#2237,#2238);
#2237 = CARTESIAN_POINT('',(-3.5,2.,26.5));
#2238 = VECTOR('',#2239,1.);
#2239 = DIRECTION('',(0.,0.,1.));
#2240 = ORIENTED_EDGE('',*,*,#2241,.T.);
#2241 = EDGE_CURVE('',#2234,#2242,#2244,.T.);
#2242 = VERTEX_POINT('',#2243);
#2243 = CARTESIAN_POINT('',(2.,-3.5,26.5));
#2244 = CIRCLE('',#2245,5.5);
#2245 = AXIS2_PLACEMENT_3D('',#2246,#2247,#2248);
#2246 = CARTESIAN_POINT('',(2.,2.,26.5));
#2247 = DIRECTION('',(0.,0.,1.));
#2248 = DIRECTION('',(0.,-1.,0.));
#2249 = ORIENTED_EDGE('',*,*,#2250,.T.);
#2250 = EDGE_CURVE('',#2242,#879,#2251,.T.);
#2251 = LINE('',#2252,#2253);
#2252 = CARTESIAN_POINT('',(2.,-3.5,26.5));
#2253 = VECTOR('',#2254,1.);
#2254 = DIRECTION('',(0.,0.,1.));
#2255 = ORIENTED_EDGE('',*,*,#876,.F.);
#2256 = CYLINDRICAL_SURFACE('',#2257,5.5);
#2257 = AXIS2_PLACEMENT_3D('',#2258,#2259,#2260);
#2258 = CARTESIAN_POINT('',(2.,2.,26.5));
#2259 = DIRECTION('',(0.,0.,1.));
#2260 = DIRECTION('',(-1.,-0.,0.));
#2261 = ADVANCED_FACE('',(#2262),#2280,.T.);
#2262 = FACE_BOUND('',#2263,.T.);
#2263 = EDGE_LOOP('',(#2264,#2265,#2266,#2274));
#2264 = ORIENTED_EDGE('',*,*,#887,.F.);
#2265 = ORIENTED_EDGE('',*,*,#2233,.F.);
#2266 = ORIENTED_EDGE('',*,*,#2267,.T.);
#2267 = EDGE_CURVE('',#2234,#2268,#2270,.T.);
#2268 = VERTEX_POINT('',#2269);
#2269 = CARTESIAN_POINT('',(-3.5,48.,26.5));
#2270 = LINE('',#2271,#2272);
#2271 = CARTESIAN_POINT('',(-3.5,-3.5,26.5));
#2272 = VECTOR('',#2273,1.);
#2273 = DIRECTION('',(-0.,1.,0.));
#2274 = ORIENTED_EDGE('',*,*,#2275,.T.);
#2275 = EDGE_CURVE('',#2268,#888,#2276,.T.);
#2276 = LINE('',#2277,#2278);
#2277 = CARTESIAN_POINT('',(-3.5,48.,26.5));
#2278 = VECTOR('',#2279,1.);
#2279 = DIRECTION('',(0.,0.,1.));
#2280 = PLANE('',#2281);
#2281 = AXIS2_PLACEMENT_3D('',#2282,#2283,#2284);
#2282 = CARTESIAN_POINT('',(-3.5,-3.5,26.5));
#2283 = DIRECTION('',(1.,0.,-0.));
#2284 = DIRECTION('',(0.,0.,1.));
#2285 = ADVANCED_FACE('',(#2286),#2304,.T.);
#2286 = FACE_BOUND('',#2287,.T.);
#2287 = EDGE_LOOP('',(#2288,#2296,#2297,#2298));
#2288 = ORIENTED_EDGE('',*,*,#2289,.F.);
#2289 = EDGE_CURVE('',#2242,#2290,#2292,.T.);
#2290 = VERTEX_POINT('',#2291);
#2291 = CARTESIAN_POINT('',(67.,-3.5,26.5));
#2292 = LINE('',#2293,#2294);
#2293 = CARTESIAN_POINT('',(-3.5,-3.5,26.5));
#2294 = VECTOR('',#2295,1.);
#2295 = DIRECTION('',(1.,0.,-0.));
#2296 = ORIENTED_EDGE('',*,*,#2250,.T.);
#2297 = ORIENTED_EDGE('',*,*,#938,.F.);
#2298 = ORIENTED_EDGE('',*,*,#2299,.F.);
#2299 = EDGE_CURVE('',#2290,#930,#2300,.T.);
#2300 = LINE('',#2301,#2302);
#2301 = CARTESIAN_POINT('',(67.,-3.5,26.5));
#2302 = VECTOR('',#2303,1.);
#2303 = DIRECTION('',(0.,0.,1.));
#2304 = PLANE('',#2305);
#2305 = AXIS2_PLACEMENT_3D('',#2306,#2307,#2308);
#2306 = CARTESIAN_POINT('',(-3.5,-3.5,26.5));
#2307 = DIRECTION('',(-0.,1.,0.));
#2308 = DIRECTION('',(0.,0.,1.));
#2309 = ADVANCED_FACE('',(#2310),#2329,.F.);
#2310 = FACE_BOUND('',#2311,.T.);
#2311 = EDGE_LOOP('',(#2312,#2313,#2322,#2328));
#2312 = ORIENTED_EDGE('',*,*,#2275,.F.);
#2313 = ORIENTED_EDGE('',*,*,#2314,.T.);
#2314 = EDGE_CURVE('',#2268,#2315,#2317,.T.);
#2315 = VERTEX_POINT('',#2316);
#2316 = CARTESIAN_POINT('',(2.,53.5,26.5));
#2317 = CIRCLE('',#2318,5.5);
#2318 = AXIS2_PLACEMENT_3D('',#2319,#2320,#2321);
#2319 = CARTESIAN_POINT('',(2.,48.,26.5));
#2320 = DIRECTION('',(-0.,-0.,-1.));
#2321 = DIRECTION('',(0.,-1.,0.));
#2322 = ORIENTED_EDGE('',*,*,#2323,.T.);
#2323 = EDGE_CURVE('',#2315,#896,#2324,.T.);
#2324 = LINE('',#2325,#2326);
#2325 = CARTESIAN_POINT('',(2.,53.5,26.5));
#2326 = VECTOR('',#2327,1.);
#2327 = DIRECTION('',(0.,0.,1.));
#2328 = ORIENTED_EDGE('',*,*,#895,.T.);
#2329 = CYLINDRICAL_SURFACE('',#2330,5.5);
#2330 = AXIS2_PLACEMENT_3D('',#2331,#2332,#2333);
#2331 = CARTESIAN_POINT('',(2.,48.,26.5));
#2332 = DIRECTION('',(0.,0.,1.));
#2333 = DIRECTION('',(-1.,-0.,0.));
#2334 = ADVANCED_FACE('',(#2335),#2354,.F.);
#2335 = FACE_BOUND('',#2336,.T.);
#2336 = EDGE_LOOP('',(#2337,#2345,#2352,#2353));
#2337 = ORIENTED_EDGE('',*,*,#2338,.F.);
#2338 = EDGE_CURVE('',#2339,#922,#2341,.T.);
#2339 = VERTEX_POINT('',#2340);
#2340 = CARTESIAN_POINT('',(72.5,2.,26.5));
#2341 = LINE('',#2342,#2343);
#2342 = CARTESIAN_POINT('',(72.5,2.,26.5));
#2343 = VECTOR('',#2344,1.);
#2344 = DIRECTION('',(0.,0.,1.));
#2345 = ORIENTED_EDGE('',*,*,#2346,.T.);
#2346 = EDGE_CURVE('',#2339,#2290,#2347,.T.);
#2347 = CIRCLE('',#2348,5.5);
#2348 = AXIS2_PLACEMENT_3D('',#2349,#2350,#2351);
#2349 = CARTESIAN_POINT('',(67.,2.,26.5));
#2350 = DIRECTION('',(-0.,-0.,-1.));
#2351 = DIRECTION('',(0.,-1.,0.));
#2352 = ORIENTED_EDGE('',*,*,#2299,.T.);
#2353 = ORIENTED_EDGE('',*,*,#929,.T.);
#2354 = CYLINDRICAL_SURFACE('',#2355,5.5);
#2355 = AXIS2_PLACEMENT_3D('',#2356,#2357,#2358);
#2356 = CARTESIAN_POINT('',(67.,2.,26.5));
#2357 = DIRECTION('',(0.,0.,1.));
#2358 = DIRECTION('',(1.,0.,-0.));
#2359 = ADVANCED_FACE('',(#2360),#2378,.F.);
#2360 = FACE_BOUND('',#2361,.F.);
#2361 = EDGE_LOOP('',(#2362,#2370,#2371,#2372));
#2362 = ORIENTED_EDGE('',*,*,#2363,.F.);
#2363 = EDGE_CURVE('',#2315,#2364,#2366,.T.);
#2364 = VERTEX_POINT('',#2365);
#2365 = CARTESIAN_POINT('',(67.,53.5,26.5));
#2366 = LINE('',#2367,#2368);
#2367 = CARTESIAN_POINT('',(-3.5,53.5,26.5));
#2368 = VECTOR('',#2369,1.);
#2369 = DIRECTION('',(1.,0.,-0.));
#2370 = ORIENTED_EDGE('',*,*,#2323,.T.);
#2371 = ORIENTED_EDGE('',*,*,#904,.F.);
#2372 = ORIENTED_EDGE('',*,*,#2373,.F.);
#2373 = EDGE_CURVE('',#2364,#905,#2374,.T.);
#2374 = LINE('',#2375,#2376);
#2375 = CARTESIAN_POINT('',(67.,53.5,26.5));
#2376 = VECTOR('',#2377,1.);
#2377 = DIRECTION('',(0.,0.,1.));
#2378 = PLANE('',#2379);
#2379 = AXIS2_PLACEMENT_3D('',#2380,#2381,#2382);
#2380 = CARTESIAN_POINT('',(-3.5,53.5,26.5));
#2381 = DIRECTION('',(-0.,1.,0.));
#2382 = DIRECTION('',(0.,0.,1.));
#2383 = ADVANCED_FACE('',(#2384),#2402,.F.);
#2384 = FACE_BOUND('',#2385,.F.);
#2385 = EDGE_LOOP('',(#2386,#2387,#2388,#2396));
#2386 = ORIENTED_EDGE('',*,*,#921,.F.);
#2387 = ORIENTED_EDGE('',*,*,#2338,.F.);
#2388 = ORIENTED_EDGE('',*,*,#2389,.T.);
#2389 = EDGE_CURVE('',#2339,#2390,#2392,.T.);
#2390 = VERTEX_POINT('',#2391);
#2391 = CARTESIAN_POINT('',(72.5,48.,26.5));
#2392 = LINE('',#2393,#2394);
#2393 = CARTESIAN_POINT('',(72.5,-3.5,26.5));
#2394 = VECTOR('',#2395,1.);
#2395 = DIRECTION('',(-0.,1.,0.));
#2396 = ORIENTED_EDGE('',*,*,#2397,.T.);
#2397 = EDGE_CURVE('',#2390,#913,#2398,.T.);
#2398 = LINE('',#2399,#2400);
#2399 = CARTESIAN_POINT('',(72.5,48.,26.5));
#2400 = VECTOR('',#2401,1.);
#2401 = DIRECTION('',(0.,0.,1.));
#2402 = PLANE('',#2403);
#2403 = AXIS2_PLACEMENT_3D('',#2404,#2405,#2406);
#2404 = CARTESIAN_POINT('',(72.5,-3.5,26.5));
#2405 = DIRECTION('',(1.,0.,-0.));
#2406 = DIRECTION('',(0.,0.,1.));
#2407 = ADVANCED_FACE('',(#2408),#2420,.F.);
#2408 = FACE_BOUND('',#2409,.F.);
#2409 = EDGE_LOOP('',(#2410,#2411,#2418,#2419));
#2410 = ORIENTED_EDGE('',*,*,#2397,.F.);
#2411 = ORIENTED_EDGE('',*,*,#2412,.T.);
#2412 = EDGE_CURVE('',#2390,#2364,#2413,.T.);
#2413 = CIRCLE('',#2414,5.5);
#2414 = AXIS2_PLACEMENT_3D('',#2415,#2416,#2417);
#2415 = CARTESIAN_POINT('',(67.,48.,26.5));
#2416 = DIRECTION('',(0.,0.,1.));
#2417 = DIRECTION('',(0.,-1.,0.));
#2418 = ORIENTED_EDGE('',*,*,#2373,.T.);
#2419 = ORIENTED_EDGE('',*,*,#912,.F.);
#2420 = CYLINDRICAL_SURFACE('',#2421,5.5);
#2421 = AXIS2_PLACEMENT_3D('',#2422,#2423,#2424);
#2422 = CARTESIAN_POINT('',(67.,48.,26.5));
#2423 = DIRECTION('',(0.,0.,1.));
#2424 = DIRECTION('',(1.,0.,-0.));
#2425 = ADVANCED_FACE('',(#2426),#2445,.F.);
#2426 = FACE_BOUND('',#2427,.F.);
#2427 = EDGE_LOOP('',(#2428,#2429,#2437,#2444));
#2428 = ORIENTED_EDGE('',*,*,#946,.F.);
#2429 = ORIENTED_EDGE('',*,*,#2430,.F.);
#2430 = EDGE_CURVE('',#2431,#947,#2433,.T.);
#2431 = VERTEX_POINT('',#2432);
#2432 = CARTESIAN_POINT('',(75.3,54.5,-2.));
#2433 = LINE('',#2434,#2435);
#2434 = CARTESIAN_POINT('',(75.3,54.5,-2.));
#2435 = VECTOR('',#2436,1.);
#2436 = DIRECTION('',(0.,0.,1.));
#2437 = ORIENTED_EDGE('',*,*,#2438,.T.);
#2438 = EDGE_CURVE('',#2431,#2431,#2439,.T.);
#2439 = CIRCLE('',#2440,1.8);
#2440 = AXIS2_PLACEMENT_3D('',#2441,#2442,#2443);
#2441 = CARTESIAN_POINT('',(73.5,54.5,-2.));
#2442 = DIRECTION('',(0.,0.,1.));
#2443 = DIRECTION('',(1.,0.,-0.));
#2444 = ORIENTED_EDGE('',*,*,#2430,.T.);
#2445 = CYLINDRICAL_SURFACE('',#2446,1.8);
#2446 = AXIS2_PLACEMENT_3D('',#2447,#2448,#2449);
#2447 = CARTESIAN_POINT('',(73.5,54.5,-2.));
#2448 = DIRECTION('',(0.,0.,1.));
#2449 = DIRECTION('',(1.,0.,-0.));
#2450 = ADVANCED_FACE('',(#2451),#2457,.F.);
#2451 = FACE_BOUND('',#2452,.F.);
#2452 = EDGE_LOOP('',(#2453,#2454,#2455,#2456));
#2453 = ORIENTED_EDGE('',*,*,#963,.F.);
#2454 = ORIENTED_EDGE('',*,*,#1015,.T.);
#2455 = ORIENTED_EDGE('',*,*,#1039,.T.);
#2456 = ORIENTED_EDGE('',*,*,#1156,.T.);
#2457 = PLANE('',#2458);
#2458 = AXIS2_PLACEMENT_3D('',#2459,#2460,#2461);
#2459 = CARTESIAN_POINT('',(56.,-24.6,-2.));
#2460 = DIRECTION('',(0.,0.,1.));
#2461 = DIRECTION('',(1.,0.,-0.));
#2462 = ADVANCED_FACE('',(#2463),#2474,.F.);
#2463 = FACE_BOUND('',#2464,.F.);
#2464 = EDGE_LOOP('',(#2465,#2471,#2472,#2473));
#2465 = ORIENTED_EDGE('',*,*,#2466,.F.);
#2466 = EDGE_CURVE('',#1451,#2037,#2467,.T.);
#2467 = LINE('',#2468,#2469);
#2468 = CARTESIAN_POINT('',(-24.6,17.,-1.5));
#2469 = VECTOR('',#2470,1.);
#2470 = DIRECTION('',(1.,0.,-0.));
#2471 = ORIENTED_EDGE('',*,*,#1450,.T.);
#2472 = ORIENTED_EDGE('',*,*,#1133,.T.);
#2473 = ORIENTED_EDGE('',*,*,#2036,.F.);
#2474 = PLANE('',#2475);
#2475 = AXIS2_PLACEMENT_3D('',#2476,#2477,#2478);
#2476 = CARTESIAN_POINT('',(-24.6,9.,-1.5));
#2477 = DIRECTION('',(0.,0.,1.));
#2478 = DIRECTION('',(1.,0.,-0.));
#2479 = ADVANCED_FACE('',(#2480),#2532,.F.);
#2480 = FACE_BOUND('',#2481,.F.);
#2481 = EDGE_LOOP('',(#2482,#2490,#2491,#2492,#2493,#2494,#2495,#2503,
    #2511,#2517,#2518,#2526));
#2482 = ORIENTED_EDGE('',*,*,#2483,.F.);
#2483 = EDGE_CURVE('',#1334,#2484,#2486,.T.);
#2484 = VERTEX_POINT('',#2485);
#2485 = CARTESIAN_POINT('',(5.,17.,-2.));
#2486 = LINE('',#2487,#2488);
#2487 = CARTESIAN_POINT('',(5.,17.,-5.));
#2488 = VECTOR('',#2489,1.);
#2489 = DIRECTION('',(0.,0.,1.));
#2490 = ORIENTED_EDGE('',*,*,#1341,.F.);
#2491 = ORIENTED_EDGE('',*,*,#1458,.T.);
#2492 = ORIENTED_EDGE('',*,*,#2466,.T.);
#2493 = ORIENTED_EDGE('',*,*,#2044,.F.);
#2494 = ORIENTED_EDGE('',*,*,#1195,.F.);
#2495 = ORIENTED_EDGE('',*,*,#2496,.T.);
#2496 = EDGE_CURVE('',#1196,#2497,#2499,.T.);
#2497 = VERTEX_POINT('',#2498);
#2498 = CARTESIAN_POINT('',(62.,17.,-2.));
#2499 = LINE('',#2500,#2501);
#2500 = CARTESIAN_POINT('',(62.,17.,-5.));
#2501 = VECTOR('',#2502,1.);
#2502 = DIRECTION('',(0.,0.,1.));
#2503 = ORIENTED_EDGE('',*,*,#2504,.T.);
#2504 = EDGE_CURVE('',#2497,#2505,#2507,.T.);
#2505 = VERTEX_POINT('',#2506);
#2506 = CARTESIAN_POINT('',(56.,17.,-2.));
#2507 = LINE('',#2508,#2509);
#2508 = CARTESIAN_POINT('',(15.7,17.,-2.));
#2509 = VECTOR('',#2510,1.);
#2510 = DIRECTION('',(-1.,-0.,0.));
#2511 = ORIENTED_EDGE('',*,*,#2512,.F.);
#2512 = EDGE_CURVE('',#1369,#2505,#2513,.T.);
#2513 = LINE('',#2514,#2515);
#2514 = CARTESIAN_POINT('',(56.,17.,-5.));
#2515 = VECTOR('',#2516,1.);
#2516 = DIRECTION('',(0.,0.,1.));
#2517 = ORIENTED_EDGE('',*,*,#1376,.F.);
#2518 = ORIENTED_EDGE('',*,*,#2519,.T.);
#2519 = EDGE_CURVE('',#1377,#2520,#2522,.T.);
#2520 = VERTEX_POINT('',#2521);
#2521 = CARTESIAN_POINT('',(11.,17.,-2.));
#2522 = LINE('',#2523,#2524);
#2523 = CARTESIAN_POINT('',(11.,17.,-5.));
#2524 = VECTOR('',#2525,1.);
#2525 = DIRECTION('',(0.,0.,1.));
#2526 = ORIENTED_EDGE('',*,*,#2527,.T.);
#2527 = EDGE_CURVE('',#2520,#2484,#2528,.T.);
#2528 = LINE('',#2529,#2530);
#2529 = CARTESIAN_POINT('',(-9.8,17.,-2.));
#2530 = VECTOR('',#2531,1.);
#2531 = DIRECTION('',(-1.,-0.,0.));
#2532 = PLANE('',#2533);
#2533 = AXIS2_PLACEMENT_3D('',#2534,#2535,#2536);
#2534 = CARTESIAN_POINT('',(-24.6,17.,-5.));
#2535 = DIRECTION('',(-0.,1.,0.));
#2536 = DIRECTION('',(0.,0.,1.));
#2537 = ADVANCED_FACE('',(#2538),#2556,.T.);
#2538 = FACE_BOUND('',#2539,.T.);
#2539 = EDGE_LOOP('',(#2540,#2548,#2549,#2550));
#2540 = ORIENTED_EDGE('',*,*,#2541,.F.);
#2541 = EDGE_CURVE('',#2484,#2542,#2544,.T.);
#2542 = VERTEX_POINT('',#2543);
#2543 = CARTESIAN_POINT('',(5.,41.,-2.));
#2544 = LINE('',#2545,#2546);
#2545 = CARTESIAN_POINT('',(5.,-24.6,-2.));
#2546 = VECTOR('',#2547,1.);
#2547 = DIRECTION('',(-0.,1.,0.));
#2548 = ORIENTED_EDGE('',*,*,#2483,.F.);
#2549 = ORIENTED_EDGE('',*,*,#1333,.T.);
#2550 = ORIENTED_EDGE('',*,*,#2551,.T.);
#2551 = EDGE_CURVE('',#1326,#2542,#2552,.T.);
#2552 = LINE('',#2553,#2554);
#2553 = CARTESIAN_POINT('',(5.,41.,-5.));
#2554 = VECTOR('',#2555,1.);
#2555 = DIRECTION('',(0.,0.,1.));
#2556 = PLANE('',#2557);
#2557 = AXIS2_PLACEMENT_3D('',#2558,#2559,#2560);
#2558 = CARTESIAN_POINT('',(5.,-24.6,-5.));
#2559 = DIRECTION('',(1.,0.,-0.));
#2560 = DIRECTION('',(0.,0.,1.));
#2561 = ADVANCED_FACE('',(#2562),#2612,.T.);
#2562 = FACE_BOUND('',#2563,.T.);
#2563 = EDGE_LOOP('',(#2564,#2565,#2566,#2567,#2573,#2574,#2575,#2583,
    #2591,#2597,#2598,#2606));
#2564 = ORIENTED_EDGE('',*,*,#2551,.F.);
#2565 = ORIENTED_EDGE('',*,*,#1325,.F.);
#2566 = ORIENTED_EDGE('',*,*,#1413,.T.);
#2567 = ORIENTED_EDGE('',*,*,#2568,.T.);
#2568 = EDGE_CURVE('',#1414,#2007,#2569,.T.);
#2569 = LINE('',#2570,#2571);
#2570 = CARTESIAN_POINT('',(-24.6,41.,-1.5));
#2571 = VECTOR('',#2572,1.);
#2572 = DIRECTION('',(1.,0.,-0.));
#2573 = ORIENTED_EDGE('',*,*,#2006,.F.);
#2574 = ORIENTED_EDGE('',*,*,#1211,.F.);
#2575 = ORIENTED_EDGE('',*,*,#2576,.T.);
#2576 = EDGE_CURVE('',#1204,#2577,#2579,.T.);
#2577 = VERTEX_POINT('',#2578);
#2578 = CARTESIAN_POINT('',(62.,41.,-2.));
#2579 = LINE('',#2580,#2581);
#2580 = CARTESIAN_POINT('',(62.,41.,-5.));
#2581 = VECTOR('',#2582,1.);
#2582 = DIRECTION('',(0.,0.,1.));
#2583 = ORIENTED_EDGE('',*,*,#2584,.T.);
#2584 = EDGE_CURVE('',#2577,#2585,#2587,.T.);
#2585 = VERTEX_POINT('',#2586);
#2586 = CARTESIAN_POINT('',(56.,41.,-2.));
#2587 = LINE('',#2588,#2589);
#2588 = CARTESIAN_POINT('',(15.7,41.,-2.));
#2589 = VECTOR('',#2590,1.);
#2590 = DIRECTION('',(-1.,-0.,0.));
#2591 = ORIENTED_EDGE('',*,*,#2592,.F.);
#2592 = EDGE_CURVE('',#1361,#2585,#2593,.T.);
#2593 = LINE('',#2594,#2595);
#2594 = CARTESIAN_POINT('',(56.,41.,-5.));
#2595 = VECTOR('',#2596,1.);
#2596 = DIRECTION('',(0.,0.,1.));
#2597 = ORIENTED_EDGE('',*,*,#1358,.F.);
#2598 = ORIENTED_EDGE('',*,*,#2599,.T.);
#2599 = EDGE_CURVE('',#1359,#2600,#2602,.T.);
#2600 = VERTEX_POINT('',#2601);
#2601 = CARTESIAN_POINT('',(11.,41.,-2.));
#2602 = LINE('',#2603,#2604);
#2603 = CARTESIAN_POINT('',(11.,41.,-5.));
#2604 = VECTOR('',#2605,1.);
#2605 = DIRECTION('',(0.,0.,1.));
#2606 = ORIENTED_EDGE('',*,*,#2607,.T.);
#2607 = EDGE_CURVE('',#2600,#2542,#2608,.T.);
#2608 = LINE('',#2609,#2610);
#2609 = CARTESIAN_POINT('',(-9.8,41.,-2.));
#2610 = VECTOR('',#2611,1.);
#2611 = DIRECTION('',(-1.,-0.,0.));
#2612 = PLANE('',#2613);
#2613 = AXIS2_PLACEMENT_3D('',#2614,#2615,#2616);
#2614 = CARTESIAN_POINT('',(-24.6,41.,-5.));
#2615 = DIRECTION('',(-0.,1.,0.));
#2616 = DIRECTION('',(0.,0.,1.));
#2617 = ADVANCED_FACE('',(#2618),#2675,.F.);
#2618 = FACE_BOUND('',#2619,.F.);
#2619 = EDGE_LOOP('',(#2620,#2628,#2629,#2630,#2636,#2637,#2638,#2646,
    #2654,#2660,#2661,#2669));
#2620 = ORIENTED_EDGE('',*,*,#2621,.F.);
#2621 = EDGE_CURVE('',#1293,#2622,#2624,.T.);
#2622 = VERTEX_POINT('',#2623);
#2623 = CARTESIAN_POINT('',(5.,49.,-2.));
#2624 = LINE('',#2625,#2626);
#2625 = CARTESIAN_POINT('',(5.,49.,-5.));
#2626 = VECTOR('',#2627,1.);
#2627 = DIRECTION('',(0.,0.,1.));
#2628 = ORIENTED_EDGE('',*,*,#1300,.F.);
#2629 = ORIENTED_EDGE('',*,*,#1542,.T.);
#2630 = ORIENTED_EDGE('',*,*,#2631,.T.);
#2631 = EDGE_CURVE('',#1534,#1978,#2632,.T.);
#2632 = LINE('',#2633,#2634);
#2633 = CARTESIAN_POINT('',(-24.6,49.,-1.5));
#2634 = VECTOR('',#2635,1.);
#2635 = DIRECTION('',(1.,0.,-0.));
#2636 = ORIENTED_EDGE('',*,*,#1986,.F.);
#2637 = ORIENTED_EDGE('',*,*,#1236,.F.);
#2638 = ORIENTED_EDGE('',*,*,#2639,.T.);
#2639 = EDGE_CURVE('',#1237,#2640,#2642,.T.);
#2640 = VERTEX_POINT('',#2641);
#2641 = CARTESIAN_POINT('',(62.,49.,-2.));
#2642 = LINE('',#2643,#2644);
#2643 = CARTESIAN_POINT('',(62.,49.,-5.));
#2644 = VECTOR('',#2645,1.);
#2645 = DIRECTION('',(0.,0.,1.));
#2646 = ORIENTED_EDGE('',*,*,#2647,.T.);
#2647 = EDGE_CURVE('',#2640,#2648,#2650,.T.);
#2648 = VERTEX_POINT('',#2649);
#2649 = CARTESIAN_POINT('',(56.,49.,-2.));
#2650 = LINE('',#2651,#2652);
#2651 = CARTESIAN_POINT('',(15.7,49.,-2.));
#2652 = VECTOR('',#2653,1.);
#2653 = DIRECTION('',(-1.,-0.,0.));
#2654 = ORIENTED_EDGE('',*,*,#2655,.F.);
#2655 = EDGE_CURVE('',#1261,#2648,#2656,.T.);
#2656 = LINE('',#2657,#2658);
#2657 = CARTESIAN_POINT('',(56.,49.,-5.));
#2658 = VECTOR('',#2659,1.);
#2659 = DIRECTION('',(0.,0.,1.));
#2660 = ORIENTED_EDGE('',*,*,#1268,.F.);
#2661 = ORIENTED_EDGE('',*,*,#2662,.T.);
#2662 = EDGE_CURVE('',#1269,#2663,#2665,.T.);
#2663 = VERTEX_POINT('',#2664);
#2664 = CARTESIAN_POINT('',(11.,49.,-2.));
#2665 = LINE('',#2666,#2667);
#2666 = CARTESIAN_POINT('',(11.,49.,-5.));
#2667 = VECTOR('',#2668,1.);
#2668 = DIRECTION('',(0.,0.,1.));
#2669 = ORIENTED_EDGE('',*,*,#2670,.T.);
#2670 = EDGE_CURVE('',#2663,#2622,#2671,.T.);
#2671 = LINE('',#2672,#2673);
#2672 = CARTESIAN_POINT('',(-9.8,49.,-2.));
#2673 = VECTOR('',#2674,1.);
#2674 = DIRECTION('',(-1.,-0.,0.));
#2675 = PLANE('',#2676);
#2676 = AXIS2_PLACEMENT_3D('',#2677,#2678,#2679);
#2677 = CARTESIAN_POINT('',(-24.6,49.,-5.));
#2678 = DIRECTION('',(-0.,1.,0.));
#2679 = DIRECTION('',(0.,0.,1.));
#2680 = ADVANCED_FACE('',(#2681),#2710,.T.);
#2681 = FACE_BOUND('',#2682,.T.);
#2682 = EDGE_LOOP('',(#2683,#2691,#2692,#2693,#2700,#2701,#2702,#2703));
#2683 = ORIENTED_EDGE('',*,*,#2684,.F.);
#2684 = EDGE_CURVE('',#2622,#2685,#2687,.T.);
#2685 = VERTEX_POINT('',#2686);
#2686 = CARTESIAN_POINT('',(5.,53.6,-2.));
#2687 = LINE('',#2688,#2689);
#2688 = CARTESIAN_POINT('',(5.,-24.6,-2.));
#2689 = VECTOR('',#2690,1.);
#2690 = DIRECTION('',(-0.,1.,0.));
#2691 = ORIENTED_EDGE('',*,*,#2621,.F.);
#2692 = ORIENTED_EDGE('',*,*,#1292,.T.);
#2693 = ORIENTED_EDGE('',*,*,#2694,.F.);
#2694 = EDGE_CURVE('',#1690,#1285,#2695,.T.);
#2695 = CIRCLE('',#2696,3.5);
#2696 = AXIS2_PLACEMENT_3D('',#2697,#2698,#2699);
#2697 = CARTESIAN_POINT('',(5.,51.1,-8.5));
#2698 = DIRECTION('',(1.,0.,-0.));
#2699 = DIRECTION('',(0.,0.,1.));
#2700 = ORIENTED_EDGE('',*,*,#1689,.F.);
#2701 = ORIENTED_EDGE('',*,*,#1681,.F.);
#2702 = ORIENTED_EDGE('',*,*,#1671,.T.);
#2703 = ORIENTED_EDGE('',*,*,#2704,.T.);
#2704 = EDGE_CURVE('',#1674,#2685,#2705,.T.);
#2705 = CIRCLE('',#2706,1.);
#2706 = AXIS2_PLACEMENT_3D('',#2707,#2708,#2709);
#2707 = CARTESIAN_POINT('',(5.,53.6,-1.));
#2708 = DIRECTION('',(-1.,-0.,0.));
#2709 = DIRECTION('',(0.,0.,1.));
#2710 = PLANE('',#2711);
#2711 = AXIS2_PLACEMENT_3D('',#2712,#2713,#2714);
#2712 = CARTESIAN_POINT('',(5.,-24.6,-5.));
#2713 = DIRECTION('',(1.,0.,-0.));
#2714 = DIRECTION('',(0.,0.,1.));
#2715 = ADVANCED_FACE('',(#2716),#2727,.F.);
#2716 = FACE_BOUND('',#2717,.F.);
#2717 = EDGE_LOOP('',(#2718,#2724,#2725,#2726));
#2718 = ORIENTED_EDGE('',*,*,#2719,.F.);
#2719 = EDGE_CURVE('',#2497,#2577,#2720,.T.);
#2720 = LINE('',#2721,#2722);
#2721 = CARTESIAN_POINT('',(62.,-24.6,-2.));
#2722 = VECTOR('',#2723,1.);
#2723 = DIRECTION('',(-0.,1.,0.));
#2724 = ORIENTED_EDGE('',*,*,#2496,.F.);
#2725 = ORIENTED_EDGE('',*,*,#1203,.T.);
#2726 = ORIENTED_EDGE('',*,*,#2576,.T.);
#2727 = PLANE('',#2728);
#2728 = AXIS2_PLACEMENT_3D('',#2729,#2730,#2731);
#2729 = CARTESIAN_POINT('',(62.,-24.6,-5.));
#2730 = DIRECTION('',(1.,0.,-0.));
#2731 = DIRECTION('',(0.,0.,1.));
#2732 = ADVANCED_FACE('',(#2733),#2745,.T.);
#2733 = FACE_BOUND('',#2734,.T.);
#2734 = EDGE_LOOP('',(#2735,#2736,#2737,#2744));
#2735 = ORIENTED_EDGE('',*,*,#2694,.T.);
#2736 = ORIENTED_EDGE('',*,*,#1284,.T.);
#2737 = ORIENTED_EDGE('',*,*,#2738,.F.);
#2738 = EDGE_CURVE('',#1698,#1277,#2739,.T.);
#2739 = CIRCLE('',#2740,3.5);
#2740 = AXIS2_PLACEMENT_3D('',#2741,#2742,#2743);
#2741 = CARTESIAN_POINT('',(11.,51.1,-8.5));
#2742 = DIRECTION('',(1.,0.,-0.));
#2743 = DIRECTION('',(0.,0.,1.));
#2744 = ORIENTED_EDGE('',*,*,#1697,.F.);
#2745 = CYLINDRICAL_SURFACE('',#2746,3.5);
#2746 = AXIS2_PLACEMENT_3D('',#2747,#2748,#2749);
#2747 = CARTESIAN_POINT('',(5.,51.1,-8.5));
#2748 = DIRECTION('',(1.,0.,-0.));
#2749 = DIRECTION('',(0.,1.,0.));
#2750 = ADVANCED_FACE('',(#2751),#2774,.F.);
#2751 = FACE_BOUND('',#2752,.F.);
#2752 = EDGE_LOOP('',(#2753,#2761,#2762,#2763,#2764,#2765,#2766,#2767));
#2753 = ORIENTED_EDGE('',*,*,#2754,.F.);
#2754 = EDGE_CURVE('',#2663,#2755,#2757,.T.);
#2755 = VERTEX_POINT('',#2756);
#2756 = CARTESIAN_POINT('',(11.,53.6,-2.));
#2757 = LINE('',#2758,#2759);
#2758 = CARTESIAN_POINT('',(11.,-24.6,-2.));
#2759 = VECTOR('',#2760,1.);
#2760 = DIRECTION('',(-0.,1.,0.));
#2761 = ORIENTED_EDGE('',*,*,#2662,.F.);
#2762 = ORIENTED_EDGE('',*,*,#1276,.T.);
#2763 = ORIENTED_EDGE('',*,*,#2738,.F.);
#2764 = ORIENTED_EDGE('',*,*,#1705,.F.);
#2765 = ORIENTED_EDGE('',*,*,#1713,.F.);
#2766 = ORIENTED_EDGE('',*,*,#1721,.T.);
#2767 = ORIENTED_EDGE('',*,*,#2768,.T.);
#2768 = EDGE_CURVE('',#1722,#2755,#2769,.T.);
#2769 = CIRCLE('',#2770,1.);
#2770 = AXIS2_PLACEMENT_3D('',#2771,#2772,#2773);
#2771 = CARTESIAN_POINT('',(11.,53.6,-1.));
#2772 = DIRECTION('',(-1.,-0.,0.));
#2773 = DIRECTION('',(0.,0.,1.));
#2774 = PLANE('',#2775);
#2775 = AXIS2_PLACEMENT_3D('',#2776,#2777,#2778);
#2776 = CARTESIAN_POINT('',(11.,-24.6,-5.));
#2777 = DIRECTION('',(1.,0.,-0.));
#2778 = DIRECTION('',(0.,0.,1.));
#2779 = ADVANCED_FACE('',(#2780),#2809,.T.);
#2780 = FACE_BOUND('',#2781,.T.);
#2781 = EDGE_LOOP('',(#2782,#2790,#2791,#2792,#2799,#2800,#2801,#2802));
#2782 = ORIENTED_EDGE('',*,*,#2783,.F.);
#2783 = EDGE_CURVE('',#2648,#2784,#2786,.T.);
#2784 = VERTEX_POINT('',#2785);
#2785 = CARTESIAN_POINT('',(56.,53.6,-2.));
#2786 = LINE('',#2787,#2788);
#2787 = CARTESIAN_POINT('',(56.,-24.6,-2.));
#2788 = VECTOR('',#2789,1.);
#2789 = DIRECTION('',(-0.,1.,0.));
#2790 = ORIENTED_EDGE('',*,*,#2655,.F.);
#2791 = ORIENTED_EDGE('',*,*,#1260,.T.);
#2792 = ORIENTED_EDGE('',*,*,#2793,.F.);
#2793 = EDGE_CURVE('',#1767,#1253,#2794,.T.);
#2794 = CIRCLE('',#2795,3.5);
#2795 = AXIS2_PLACEMENT_3D('',#2796,#2797,#2798);
#2796 = CARTESIAN_POINT('',(56.,51.1,-8.5));
#2797 = DIRECTION('',(1.,0.,-0.));
#2798 = DIRECTION('',(0.,0.,1.));
#2799 = ORIENTED_EDGE('',*,*,#1766,.F.);
#2800 = ORIENTED_EDGE('',*,*,#1758,.F.);
#2801 = ORIENTED_EDGE('',*,*,#1748,.T.);
#2802 = ORIENTED_EDGE('',*,*,#2803,.T.);
#2803 = EDGE_CURVE('',#1751,#2784,#2804,.T.);
#2804 = CIRCLE('',#2805,1.);
#2805 = AXIS2_PLACEMENT_3D('',#2806,#2807,#2808);
#2806 = CARTESIAN_POINT('',(56.,53.6,-1.));
#2807 = DIRECTION('',(-1.,-0.,0.));
#2808 = DIRECTION('',(0.,0.,1.));
#2809 = PLANE('',#2810);
#2810 = AXIS2_PLACEMENT_3D('',#2811,#2812,#2813);
#2811 = CARTESIAN_POINT('',(56.,-24.6,-5.));
#2812 = DIRECTION('',(1.,0.,-0.));
#2813 = DIRECTION('',(0.,0.,1.));
#2814 = ADVANCED_FACE('',(#2815),#2827,.T.);
#2815 = FACE_BOUND('',#2816,.T.);
#2816 = EDGE_LOOP('',(#2817,#2818,#2819,#2826));
#2817 = ORIENTED_EDGE('',*,*,#2793,.T.);
#2818 = ORIENTED_EDGE('',*,*,#1252,.T.);
#2819 = ORIENTED_EDGE('',*,*,#2820,.F.);
#2820 = EDGE_CURVE('',#1775,#1245,#2821,.T.);
#2821 = CIRCLE('',#2822,3.5);
#2822 = AXIS2_PLACEMENT_3D('',#2823,#2824,#2825);
#2823 = CARTESIAN_POINT('',(62.,51.1,-8.5));
#2824 = DIRECTION('',(1.,0.,-0.));
#2825 = DIRECTION('',(0.,0.,1.));
#2826 = ORIENTED_EDGE('',*,*,#1774,.F.);
#2827 = CYLINDRICAL_SURFACE('',#2828,3.5);
#2828 = AXIS2_PLACEMENT_3D('',#2829,#2830,#2831);
#2829 = CARTESIAN_POINT('',(56.,51.1,-8.5));
#2830 = DIRECTION('',(1.,0.,-0.));
#2831 = DIRECTION('',(0.,1.,0.));
#2832 = ADVANCED_FACE('',(#2833),#2856,.F.);
#2833 = FACE_BOUND('',#2834,.F.);
#2834 = EDGE_LOOP('',(#2835,#2843,#2844,#2845,#2846,#2847,#2848,#2849));
#2835 = ORIENTED_EDGE('',*,*,#2836,.F.);
#2836 = EDGE_CURVE('',#2640,#2837,#2839,.T.);
#2837 = VERTEX_POINT('',#2838);
#2838 = CARTESIAN_POINT('',(62.,53.6,-2.));
#2839 = LINE('',#2840,#2841);
#2840 = CARTESIAN_POINT('',(62.,-24.6,-2.));
#2841 = VECTOR('',#2842,1.);
#2842 = DIRECTION('',(-0.,1.,0.));
#2843 = ORIENTED_EDGE('',*,*,#2639,.F.);
#2844 = ORIENTED_EDGE('',*,*,#1244,.T.);
#2845 = ORIENTED_EDGE('',*,*,#2820,.F.);
#2846 = ORIENTED_EDGE('',*,*,#1782,.F.);
#2847 = ORIENTED_EDGE('',*,*,#1790,.F.);
#2848 = ORIENTED_EDGE('',*,*,#1798,.T.);
#2849 = ORIENTED_EDGE('',*,*,#2850,.T.);
#2850 = EDGE_CURVE('',#1799,#2837,#2851,.T.);
#2851 = CIRCLE('',#2852,1.);
#2852 = AXIS2_PLACEMENT_3D('',#2853,#2854,#2855);
#2853 = CARTESIAN_POINT('',(62.,53.6,-1.));
#2854 = DIRECTION('',(-1.,-0.,0.));
#2855 = DIRECTION('',(0.,0.,1.));
#2856 = PLANE('',#2857);
#2857 = AXIS2_PLACEMENT_3D('',#2858,#2859,#2860);
#2858 = CARTESIAN_POINT('',(62.,-24.6,-5.));
#2859 = DIRECTION('',(1.,0.,-0.));
#2860 = DIRECTION('',(0.,0.,1.));
#2861 = ADVANCED_FACE('',(#2862),#2873,.T.);
#2862 = FACE_BOUND('',#2863,.T.);
#2863 = EDGE_LOOP('',(#2864,#2870,#2871,#2872));
#2864 = ORIENTED_EDGE('',*,*,#2865,.F.);
#2865 = EDGE_CURVE('',#2505,#2585,#2866,.T.);
#2866 = LINE('',#2867,#2868);
#2867 = CARTESIAN_POINT('',(56.,-24.6,-2.));
#2868 = VECTOR('',#2869,1.);
#2869 = DIRECTION('',(-0.,1.,0.));
#2870 = ORIENTED_EDGE('',*,*,#2512,.F.);
#2871 = ORIENTED_EDGE('',*,*,#1368,.T.);
#2872 = ORIENTED_EDGE('',*,*,#2592,.T.);
#2873 = PLANE('',#2874);
#2874 = AXIS2_PLACEMENT_3D('',#2875,#2876,#2877);
#2875 = CARTESIAN_POINT('',(56.,-24.6,-5.));
#2876 = DIRECTION('',(1.,0.,-0.));
#2877 = DIRECTION('',(0.,0.,1.));
#2878 = ADVANCED_FACE('',(#2879),#2890,.F.);
#2879 = FACE_BOUND('',#2880,.F.);
#2880 = EDGE_LOOP('',(#2881,#2887,#2888,#2889));
#2881 = ORIENTED_EDGE('',*,*,#2882,.F.);
#2882 = EDGE_CURVE('',#2520,#2600,#2883,.T.);
#2883 = LINE('',#2884,#2885);
#2884 = CARTESIAN_POINT('',(11.,-24.6,-2.));
#2885 = VECTOR('',#2886,1.);
#2886 = DIRECTION('',(-0.,1.,0.));
#2887 = ORIENTED_EDGE('',*,*,#2519,.F.);
#2888 = ORIENTED_EDGE('',*,*,#1384,.T.);
#2889 = ORIENTED_EDGE('',*,*,#2599,.T.);
#2890 = PLANE('',#2891);
#2891 = AXIS2_PLACEMENT_3D('',#2892,#2893,#2894);
#2892 = CARTESIAN_POINT('',(11.,-24.6,-5.));
#2893 = DIRECTION('',(1.,0.,-0.));
#2894 = DIRECTION('',(0.,0.,1.));
#2895 = ADVANCED_FACE('',(#2896),#2904,.F.);
#2896 = FACE_BOUND('',#2897,.F.);
#2897 = EDGE_LOOP('',(#2898,#2899,#2900,#2901,#2902,#2903));
#2898 = ORIENTED_EDGE('',*,*,#2631,.F.);
#2899 = ORIENTED_EDGE('',*,*,#1533,.T.);
#2900 = ORIENTED_EDGE('',*,*,#1421,.T.);
#2901 = ORIENTED_EDGE('',*,*,#2568,.T.);
#2902 = ORIENTED_EDGE('',*,*,#2014,.F.);
#2903 = ORIENTED_EDGE('',*,*,#1977,.T.);
#2904 = PLANE('',#2905);
#2905 = AXIS2_PLACEMENT_3D('',#2906,#2907,#2908);
#2906 = CARTESIAN_POINT('',(-24.6,41.,-1.5));
#2907 = DIRECTION('',(0.,0.,1.));
#2908 = DIRECTION('',(1.,0.,-0.));
#2909 = ADVANCED_FACE('',(#2910),#2929,.F.);
#2910 = FACE_BOUND('',#2911,.F.);
#2911 = EDGE_LOOP('',(#2912,#2921,#2927,#2928));
#2912 = ORIENTED_EDGE('',*,*,#2913,.F.);
#2913 = EDGE_CURVE('',#2914,#2914,#2916,.T.);
#2914 = VERTEX_POINT('',#2915);
#2915 = CARTESIAN_POINT('',(0.,25.,22.85));
#2916 = CIRCLE('',#2917,3.35);
#2917 = AXIS2_PLACEMENT_3D('',#2918,#2919,#2920);
#2918 = CARTESIAN_POINT('',(0.,25.,19.5));
#2919 = DIRECTION('',(1.,0.,0.));
#2920 = DIRECTION('',(-0.,0.,1.));
#2921 = ORIENTED_EDGE('',*,*,#2922,.F.);
#2922 = EDGE_CURVE('',#1438,#2914,#2923,.T.);
#2923 = LINE('',#2924,#2925);
#2924 = CARTESIAN_POINT('',(-5.6,25.,22.85));
#2925 = VECTOR('',#2926,1.);
#2926 = DIRECTION('',(1.,0.,0.));
#2927 = ORIENTED_EDGE('',*,*,#1437,.T.);
#2928 = ORIENTED_EDGE('',*,*,#2922,.T.);
#2929 = CYLINDRICAL_SURFACE('',#2930,3.35);
#2930 = AXIS2_PLACEMENT_3D('',#2931,#2932,#2933);
#2931 = CARTESIAN_POINT('',(-5.6,25.,19.5));
#2932 = DIRECTION('',(1.,0.,0.));
#2933 = DIRECTION('',(-0.,0.,1.));
#2934 = ADVANCED_FACE('',(#2935),#2960,.F.);
#2935 = FACE_BOUND('',#2936,.F.);
#2936 = EDGE_LOOP('',(#2937,#2947,#2953,#2954));
#2937 = ORIENTED_EDGE('',*,*,#2938,.F.);
#2938 = EDGE_CURVE('',#2939,#2941,#2943,.T.);
#2939 = VERTEX_POINT('',#2940);
#2940 = CARTESIAN_POINT('',(-7.6,4.,16.5));
#2941 = VERTEX_POINT('',#2942);
#2942 = CARTESIAN_POINT('',(-7.6,11.,16.5));
#2943 = LINE('',#2944,#2945);
#2944 = CARTESIAN_POINT('',(-7.6,4.,16.5));
#2945 = VECTOR('',#2946,1.);
#2946 = DIRECTION('',(-0.,1.,0.));
#2947 = ORIENTED_EDGE('',*,*,#2948,.T.);
#2948 = EDGE_CURVE('',#2939,#1467,#2949,.T.);
#2949 = LINE('',#2950,#2951);
#2950 = CARTESIAN_POINT('',(-7.6,4.,16.5));
#2951 = VECTOR('',#2952,1.);
#2952 = DIRECTION('',(1.,0.,-0.));
#2953 = ORIENTED_EDGE('',*,*,#1466,.T.);
#2954 = ORIENTED_EDGE('',*,*,#2955,.F.);
#2955 = EDGE_CURVE('',#2941,#1469,#2956,.T.);
#2956 = LINE('',#2957,#2958);
#2957 = CARTESIAN_POINT('',(-7.6,11.,16.5));
#2958 = VECTOR('',#2959,1.);
#2959 = DIRECTION('',(1.,0.,-0.));
#2960 = PLANE('',#2961);
#2961 = AXIS2_PLACEMENT_3D('',#2962,#2963,#2964);
#2962 = CARTESIAN_POINT('',(-7.6,4.,16.5));
#2963 = DIRECTION('',(0.,0.,1.));
#2964 = DIRECTION('',(1.,0.,-0.));
#2965 = ADVANCED_FACE('',(#2966),#2984,.T.);
#2966 = FACE_BOUND('',#2967,.T.);
#2967 = EDGE_LOOP('',(#2968,#2969,#2977,#2983));
#2968 = ORIENTED_EDGE('',*,*,#2955,.F.);
#2969 = ORIENTED_EDGE('',*,*,#2970,.T.);
#2970 = EDGE_CURVE('',#2941,#2971,#2973,.T.);
#2971 = VERTEX_POINT('',#2972);
#2972 = CARTESIAN_POINT('',(-7.6,11.,22.5));
#2973 = LINE('',#2974,#2975);
#2974 = CARTESIAN_POINT('',(-7.6,11.,16.5));
#2975 = VECTOR('',#2976,1.);
#2976 = DIRECTION('',(0.,0.,1.));
#2977 = ORIENTED_EDGE('',*,*,#2978,.T.);
#2978 = EDGE_CURVE('',#2971,#1485,#2979,.T.);
#2979 = LINE('',#2980,#2981);
#2980 = CARTESIAN_POINT('',(-7.6,11.,22.5));
#2981 = VECTOR('',#2982,1.);
#2982 = DIRECTION('',(1.,0.,-0.));
#2983 = ORIENTED_EDGE('',*,*,#1492,.F.);
#2984 = PLANE('',#2985);
#2985 = AXIS2_PLACEMENT_3D('',#2986,#2987,#2988);
#2986 = CARTESIAN_POINT('',(-7.6,11.,16.5));
#2987 = DIRECTION('',(-0.,1.,0.));
#2988 = DIRECTION('',(0.,0.,1.));
#2989 = ADVANCED_FACE('',(#2990),#3008,.T.);
#2990 = FACE_BOUND('',#2991,.T.);
#2991 = EDGE_LOOP('',(#2992,#3000,#3006,#3007));
#2992 = ORIENTED_EDGE('',*,*,#2993,.F.);
#2993 = EDGE_CURVE('',#2994,#2971,#2996,.T.);
#2994 = VERTEX_POINT('',#2995);
#2995 = CARTESIAN_POINT('',(-7.6,4.,22.5));
#2996 = LINE('',#2997,#2998);
#2997 = CARTESIAN_POINT('',(-7.6,4.,22.5));
#2998 = VECTOR('',#2999,1.);
#2999 = DIRECTION('',(-0.,1.,0.));
#3000 = ORIENTED_EDGE('',*,*,#3001,.T.);
#3001 = EDGE_CURVE('',#2994,#1477,#3002,.T.);
#3002 = LINE('',#3003,#3004);
#3003 = CARTESIAN_POINT('',(-7.6,4.,22.5));
#3004 = VECTOR('',#3005,1.);
#3005 = DIRECTION('',(1.,0.,-0.));
#3006 = ORIENTED_EDGE('',*,*,#1484,.T.);
#3007 = ORIENTED_EDGE('',*,*,#2978,.F.);
#3008 = PLANE('',#3009);
#3009 = AXIS2_PLACEMENT_3D('',#3010,#3011,#3012);
#3010 = CARTESIAN_POINT('',(-7.6,4.,22.5));
#3011 = DIRECTION('',(0.,0.,1.));
#3012 = DIRECTION('',(1.,0.,-0.));
#3013 = ADVANCED_FACE('',(#3014),#3025,.F.);
#3014 = FACE_BOUND('',#3015,.F.);
#3015 = EDGE_LOOP('',(#3016,#3017,#3023,#3024));
#3016 = ORIENTED_EDGE('',*,*,#2948,.F.);
#3017 = ORIENTED_EDGE('',*,*,#3018,.T.);
#3018 = EDGE_CURVE('',#2939,#2994,#3019,.T.);
#3019 = LINE('',#3020,#3021);
#3020 = CARTESIAN_POINT('',(-7.6,4.,16.5));
#3021 = VECTOR('',#3022,1.);
#3022 = DIRECTION('',(0.,0.,1.));
#3023 = ORIENTED_EDGE('',*,*,#3001,.T.);
#3024 = ORIENTED_EDGE('',*,*,#1476,.F.);
#3025 = PLANE('',#3026);
#3026 = AXIS2_PLACEMENT_3D('',#3027,#3028,#3029);
#3027 = CARTESIAN_POINT('',(-7.6,4.,16.5));
#3028 = DIRECTION('',(-0.,1.,0.));
#3029 = DIRECTION('',(0.,0.,1.));
#3030 = ADVANCED_FACE('',(#3031),#3042,.T.);
#3031 = FACE_BOUND('',#3032,.F.);
#3032 = EDGE_LOOP('',(#3033,#3034,#3040,#3041));
#3033 = ORIENTED_EDGE('',*,*,#2704,.T.);
#3034 = ORIENTED_EDGE('',*,*,#3035,.T.);
#3035 = EDGE_CURVE('',#2685,#2755,#3036,.T.);
#3036 = LINE('',#3037,#3038);
#3037 = CARTESIAN_POINT('',(5.,53.6,-2.));
#3038 = VECTOR('',#3039,1.);
#3039 = DIRECTION('',(1.,0.,-0.));
#3040 = ORIENTED_EDGE('',*,*,#2768,.F.);
#3041 = ORIENTED_EDGE('',*,*,#1729,.F.);
#3042 = CYLINDRICAL_SURFACE('',#3043,1.);
#3043 = AXIS2_PLACEMENT_3D('',#3044,#3045,#3046);
#3044 = CARTESIAN_POINT('',(5.,53.6,-1.));
#3045 = DIRECTION('',(1.,0.,-0.));
#3046 = DIRECTION('',(0.,1.,0.));
#3047 = ADVANCED_FACE('',(#3048),#3059,.T.);
#3048 = FACE_BOUND('',#3049,.F.);
#3049 = EDGE_LOOP('',(#3050,#3051,#3057,#3058));
#3050 = ORIENTED_EDGE('',*,*,#2803,.T.);
#3051 = ORIENTED_EDGE('',*,*,#3052,.T.);
#3052 = EDGE_CURVE('',#2784,#2837,#3053,.T.);
#3053 = LINE('',#3054,#3055);
#3054 = CARTESIAN_POINT('',(56.,53.6,-2.));
#3055 = VECTOR('',#3056,1.);
#3056 = DIRECTION('',(1.,0.,-0.));
#3057 = ORIENTED_EDGE('',*,*,#2850,.F.);
#3058 = ORIENTED_EDGE('',*,*,#1806,.F.);
#3059 = CYLINDRICAL_SURFACE('',#3060,1.);
#3060 = AXIS2_PLACEMENT_3D('',#3061,#3062,#3063);
#3061 = CARTESIAN_POINT('',(56.,53.6,-1.));
#3062 = DIRECTION('',(1.,0.,-0.));
#3063 = DIRECTION('',(0.,1.,0.));
#3064 = ADVANCED_FACE('',(#3065),#3084,.F.);
#3065 = FACE_BOUND('',#3066,.F.);
#3066 = EDGE_LOOP('',(#3067,#3068,#3076,#3083));
#3067 = ORIENTED_EDGE('',*,*,#2023,.F.);
#3068 = ORIENTED_EDGE('',*,*,#3069,.F.);
#3069 = EDGE_CURVE('',#3070,#2024,#3072,.T.);
#3070 = VERTEX_POINT('',#3071);
#3071 = CARTESIAN_POINT('',(69.,25.,19.2));
#3072 = LINE('',#3073,#3074);
#3073 = CARTESIAN_POINT('',(68.,25.,19.2));
#3074 = VECTOR('',#3075,1.);
#3075 = DIRECTION('',(1.,0.,0.));
#3076 = ORIENTED_EDGE('',*,*,#3077,.T.);
#3077 = EDGE_CURVE('',#3070,#3070,#3078,.T.);
#3078 = CIRCLE('',#3079,6.2);
#3079 = AXIS2_PLACEMENT_3D('',#3080,#3081,#3082);
#3080 = CARTESIAN_POINT('',(69.,25.,13.));
#3081 = DIRECTION('',(1.,0.,0.));
#3082 = DIRECTION('',(-0.,0.,1.));
#3083 = ORIENTED_EDGE('',*,*,#3069,.T.);
#3084 = CYLINDRICAL_SURFACE('',#3085,6.2);
#3085 = AXIS2_PLACEMENT_3D('',#3086,#3087,#3088);
#3086 = CARTESIAN_POINT('',(68.,25.,13.));
#3087 = DIRECTION('',(1.,0.,0.));
#3088 = DIRECTION('',(-0.,0.,1.));
#3089 = ADVANCED_FACE('',(#3090,#3093),#3104,.F.);
#3090 = FACE_BOUND('',#3091,.F.);
#3091 = EDGE_LOOP('',(#3092));
#3092 = ORIENTED_EDGE('',*,*,#2066,.T.);
#3093 = FACE_BOUND('',#3094,.F.);
#3094 = EDGE_LOOP('',(#3095));
#3095 = ORIENTED_EDGE('',*,*,#3096,.F.);
#3096 = EDGE_CURVE('',#3097,#3097,#3099,.T.);
#3097 = VERTEX_POINT('',#3098);
#3098 = CARTESIAN_POINT('',(75.3,-4.5,-5.5));
#3099 = CIRCLE('',#3100,1.8);
#3100 = AXIS2_PLACEMENT_3D('',#3101,#3102,#3103);
#3101 = CARTESIAN_POINT('',(73.5,-4.5,-5.5));
#3102 = DIRECTION('',(0.,0.,1.));
#3103 = DIRECTION('',(1.,0.,-0.));
#3104 = PLANE('',#3105);
#3105 = AXIS2_PLACEMENT_3D('',#3106,#3107,#3108);
#3106 = CARTESIAN_POINT('',(73.5,-4.5,-5.5));
#3107 = DIRECTION('',(0.,0.,1.));
#3108 = DIRECTION('',(1.,0.,-0.));
#3109 = ADVANCED_FACE('',(#3110,#3113),#3124,.F.);
#3110 = FACE_BOUND('',#3111,.F.);
#3111 = EDGE_LOOP('',(#3112));
#3112 = ORIENTED_EDGE('',*,*,#2091,.T.);
#3113 = FACE_BOUND('',#3114,.F.);
#3114 = EDGE_LOOP('',(#3115));
#3115 = ORIENTED_EDGE('',*,*,#3116,.F.);
#3116 = EDGE_CURVE('',#3117,#3117,#3119,.T.);
#3117 = VERTEX_POINT('',#3118);
#3118 = CARTESIAN_POINT('',(-2.7,-4.5,-5.5));
#3119 = CIRCLE('',#3120,1.8);
#3120 = AXIS2_PLACEMENT_3D('',#3121,#3122,#3123);
#3121 = CARTESIAN_POINT('',(-4.5,-4.5,-5.5));
#3122 = DIRECTION('',(0.,0.,1.));
#3123 = DIRECTION('',(1.,0.,-0.));
#3124 = PLANE('',#3125);
#3125 = AXIS2_PLACEMENT_3D('',#3126,#3127,#3128);
#3126 = CARTESIAN_POINT('',(-4.5,-4.5,-5.5));
#3127 = DIRECTION('',(0.,0.,1.));
#3128 = DIRECTION('',(1.,0.,-0.));
#3129 = ADVANCED_FACE('',(#3130,#3133),#3144,.F.);
#3130 = FACE_BOUND('',#3131,.F.);
#3131 = EDGE_LOOP('',(#3132));
#3132 = ORIENTED_EDGE('',*,*,#2116,.T.);
#3133 = FACE_BOUND('',#3134,.F.);
#3134 = EDGE_LOOP('',(#3135));
#3135 = ORIENTED_EDGE('',*,*,#3136,.F.);
#3136 = EDGE_CURVE('',#3137,#3137,#3139,.T.);
#3137 = VERTEX_POINT('',#3138);
#3138 = CARTESIAN_POINT('',(75.3,54.5,-5.5));
#3139 = CIRCLE('',#3140,1.8);
#3140 = AXIS2_PLACEMENT_3D('',#3141,#3142,#3143);
#3141 = CARTESIAN_POINT('',(73.5,54.5,-5.5));
#3142 = DIRECTION('',(0.,0.,1.));
#3143 = DIRECTION('',(1.,0.,-0.));
#3144 = PLANE('',#3145);
#3145 = AXIS2_PLACEMENT_3D('',#3146,#3147,#3148);
#3146 = CARTESIAN_POINT('',(73.5,54.5,-5.5));
#3147 = DIRECTION('',(0.,0.,1.));
#3148 = DIRECTION('',(1.,0.,-0.));
#3149 = ADVANCED_FACE('',(#3150,#3153),#3164,.F.);
#3150 = FACE_BOUND('',#3151,.F.);
#3151 = EDGE_LOOP('',(#3152));
#3152 = ORIENTED_EDGE('',*,*,#2141,.T.);
#3153 = FACE_BOUND('',#3154,.F.);
#3154 = EDGE_LOOP('',(#3155));
#3155 = ORIENTED_EDGE('',*,*,#3156,.F.);
#3156 = EDGE_CURVE('',#3157,#3157,#3159,.T.);
#3157 = VERTEX_POINT('',#3158);
#3158 = CARTESIAN_POINT('',(-2.7,54.5,-5.5));
#3159 = CIRCLE('',#3160,1.8);
#3160 = AXIS2_PLACEMENT_3D('',#3161,#3162,#3163);
#3161 = CARTESIAN_POINT('',(-4.5,54.5,-5.5));
#3162 = DIRECTION('',(0.,0.,1.));
#3163 = DIRECTION('',(1.,0.,-0.));
#3164 = PLANE('',#3165);
#3165 = AXIS2_PLACEMENT_3D('',#3166,#3167,#3168);
#3166 = CARTESIAN_POINT('',(-4.5,54.5,-5.5));
#3167 = DIRECTION('',(0.,0.,1.));
#3168 = DIRECTION('',(1.,0.,-0.));
#3169 = ADVANCED_FACE('',(#3170,#3173),#3184,.T.);
#3170 = FACE_BOUND('',#3171,.T.);
#3171 = EDGE_LOOP('',(#3172));
#3172 = ORIENTED_EDGE('',*,*,#2167,.T.);
#3173 = FACE_BOUND('',#3174,.T.);
#3174 = EDGE_LOOP('',(#3175));
#3175 = ORIENTED_EDGE('',*,*,#3176,.F.);
#3176 = EDGE_CURVE('',#3177,#3177,#3179,.T.);
#3177 = VERTEX_POINT('',#3178);
#3178 = CARTESIAN_POINT('',(-3.1,-4.5,-2.));
#3179 = CIRCLE('',#3180,1.4);
#3180 = AXIS2_PLACEMENT_3D('',#3181,#3182,#3183);
#3181 = CARTESIAN_POINT('',(-4.5,-4.5,-2.));
#3182 = DIRECTION('',(0.,0.,1.));
#3183 = DIRECTION('',(1.,0.,-0.));
#3184 = PLANE('',#3185);
#3185 = AXIS2_PLACEMENT_3D('',#3186,#3187,#3188);
#3186 = CARTESIAN_POINT('',(-4.5,-4.5,-2.));
#3187 = DIRECTION('',(0.,0.,1.));
#3188 = DIRECTION('',(1.,0.,-0.));
#3189 = ADVANCED_FACE('',(#3190,#3193),#3204,.T.);
#3190 = FACE_BOUND('',#3191,.T.);
#3191 = EDGE_LOOP('',(#3192));
#3192 = ORIENTED_EDGE('',*,*,#2192,.T.);
#3193 = FACE_BOUND('',#3194,.T.);
#3194 = EDGE_LOOP('',(#3195));
#3195 = ORIENTED_EDGE('',*,*,#3196,.F.);
#3196 = EDGE_CURVE('',#3197,#3197,#3199,.T.);
#3197 = VERTEX_POINT('',#3198);
#3198 = CARTESIAN_POINT('',(74.9,-4.5,-2.));
#3199 = CIRCLE('',#3200,1.4);
#3200 = AXIS2_PLACEMENT_3D('',#3201,#3202,#3203);
#3201 = CARTESIAN_POINT('',(73.5,-4.5,-2.));
#3202 = DIRECTION('',(0.,0.,1.));
#3203 = DIRECTION('',(1.,0.,-0.));
#3204 = PLANE('',#3205);
#3205 = AXIS2_PLACEMENT_3D('',#3206,#3207,#3208);
#3206 = CARTESIAN_POINT('',(73.5,-4.5,-2.));
#3207 = DIRECTION('',(0.,0.,1.));
#3208 = DIRECTION('',(1.,0.,-0.));
#3209 = ADVANCED_FACE('',(#3210,#3213),#3224,.T.);
#3210 = FACE_BOUND('',#3211,.T.);
#3211 = EDGE_LOOP('',(#3212));
#3212 = ORIENTED_EDGE('',*,*,#2217,.T.);
#3213 = FACE_BOUND('',#3214,.T.);
#3214 = EDGE_LOOP('',(#3215));
#3215 = ORIENTED_EDGE('',*,*,#3216,.F.);
#3216 = EDGE_CURVE('',#3217,#3217,#3219,.T.);
#3217 = VERTEX_POINT('',#3218);
#3218 = CARTESIAN_POINT('',(-3.1,54.5,-2.));
#3219 = CIRCLE('',#3220,1.4);
#3220 = AXIS2_PLACEMENT_3D('',#3221,#3222,#3223);
#3221 = CARTESIAN_POINT('',(-4.5,54.5,-2.));
#3222 = DIRECTION('',(0.,0.,1.));
#3223 = DIRECTION('',(1.,0.,-0.));
#3224 = PLANE('',#3225);
#3225 = AXIS2_PLACEMENT_3D('',#3226,#3227,#3228);
#3226 = CARTESIAN_POINT('',(-4.5,54.5,-2.));
#3227 = DIRECTION('',(0.,0.,1.));
#3228 = DIRECTION('',(1.,0.,-0.));
#3229 = ADVANCED_FACE('',(#3230,#3240),#3310,.T.);
#3230 = FACE_BOUND('',#3231,.T.);
#3231 = EDGE_LOOP('',(#3232,#3233,#3234,#3235,#3236,#3237,#3238,#3239));
#3232 = ORIENTED_EDGE('',*,*,#2267,.F.);
#3233 = ORIENTED_EDGE('',*,*,#2241,.T.);
#3234 = ORIENTED_EDGE('',*,*,#2289,.T.);
#3235 = ORIENTED_EDGE('',*,*,#2346,.F.);
#3236 = ORIENTED_EDGE('',*,*,#2389,.T.);
#3237 = ORIENTED_EDGE('',*,*,#2412,.T.);
#3238 = ORIENTED_EDGE('',*,*,#2363,.F.);
#3239 = ORIENTED_EDGE('',*,*,#2314,.F.);
#3240 = FACE_BOUND('',#3241,.T.);
#3241 = EDGE_LOOP('',(#3242,#3253,#3261,#3270,#3278,#3287,#3295,#3304));
#3242 = ORIENTED_EDGE('',*,*,#3243,.F.);
#3243 = EDGE_CURVE('',#3244,#3246,#3248,.T.);
#3244 = VERTEX_POINT('',#3245);
#3245 = CARTESIAN_POINT('',(-1.1,2.,26.5));
#3246 = VERTEX_POINT('',#3247);
#3247 = CARTESIAN_POINT('',(2.,-1.1,26.5));
#3248 = CIRCLE('',#3249,3.1);
#3249 = AXIS2_PLACEMENT_3D('',#3250,#3251,#3252);
#3250 = CARTESIAN_POINT('',(2.,2.,26.5));
#3251 = DIRECTION('',(0.,0.,1.));
#3252 = DIRECTION('',(-1.,-0.,0.));
#3253 = ORIENTED_EDGE('',*,*,#3254,.T.);
#3254 = EDGE_CURVE('',#3244,#3255,#3257,.T.);
#3255 = VERTEX_POINT('',#3256);
#3256 = CARTESIAN_POINT('',(-1.1,48.,26.5));
#3257 = LINE('',#3258,#3259);
#3258 = CARTESIAN_POINT('',(-1.1,-2.3,26.5));
#3259 = VECTOR('',#3260,1.);
#3260 = DIRECTION('',(-0.,1.,0.));
#3261 = ORIENTED_EDGE('',*,*,#3262,.F.);
#3262 = EDGE_CURVE('',#3263,#3255,#3265,.T.);
#3263 = VERTEX_POINT('',#3264);
#3264 = CARTESIAN_POINT('',(2.,51.1,26.5));
#3265 = CIRCLE('',#3266,3.1);
#3266 = AXIS2_PLACEMENT_3D('',#3267,#3268,#3269);
#3267 = CARTESIAN_POINT('',(2.,48.,26.5));
#3268 = DIRECTION('',(0.,0.,1.));
#3269 = DIRECTION('',(-1.,-0.,0.));
#3270 = ORIENTED_EDGE('',*,*,#3271,.F.);
#3271 = EDGE_CURVE('',#3272,#3263,#3274,.T.);
#3272 = VERTEX_POINT('',#3273);
#3273 = CARTESIAN_POINT('',(67.,51.1,26.5));
#3274 = LINE('',#3275,#3276);
#3275 = CARTESIAN_POINT('',(-2.3,51.1,26.5));
#3276 = VECTOR('',#3277,1.);
#3277 = DIRECTION('',(-1.,-0.,0.));
#3278 = ORIENTED_EDGE('',*,*,#3279,.F.);
#3279 = EDGE_CURVE('',#3280,#3272,#3282,.T.);
#3280 = VERTEX_POINT('',#3281);
#3281 = CARTESIAN_POINT('',(70.1,48.,26.5));
#3282 = CIRCLE('',#3283,3.1);
#3283 = AXIS2_PLACEMENT_3D('',#3284,#3285,#3286);
#3284 = CARTESIAN_POINT('',(67.,48.,26.5));
#3285 = DIRECTION('',(0.,0.,1.));
#3286 = DIRECTION('',(1.,0.,-0.));
#3287 = ORIENTED_EDGE('',*,*,#3288,.F.);
#3288 = EDGE_CURVE('',#3289,#3280,#3291,.T.);
#3289 = VERTEX_POINT('',#3290);
#3290 = CARTESIAN_POINT('',(70.1,2.,26.5));
#3291 = LINE('',#3292,#3293);
#3292 = CARTESIAN_POINT('',(70.1,-2.3,26.5));
#3293 = VECTOR('',#3294,1.);
#3294 = DIRECTION('',(-0.,1.,0.));
#3295 = ORIENTED_EDGE('',*,*,#3296,.F.);
#3296 = EDGE_CURVE('',#3297,#3289,#3299,.T.);
#3297 = VERTEX_POINT('',#3298);
#3298 = CARTESIAN_POINT('',(67.,-1.1,26.5));
#3299 = CIRCLE('',#3300,3.1);
#3300 = AXIS2_PLACEMENT_3D('',#3301,#3302,#3303);
#3301 = CARTESIAN_POINT('',(67.,2.,26.5));
#3302 = DIRECTION('',(0.,0.,1.));
#3303 = DIRECTION('',(1.,0.,-0.));
#3304 = ORIENTED_EDGE('',*,*,#3305,.T.);
#3305 = EDGE_CURVE('',#3297,#3246,#3306,.T.);
#3306 = LINE('',#3307,#3308);
#3307 = CARTESIAN_POINT('',(-2.3,-1.1,26.5));
#3308 = VECTOR('',#3309,1.);
#3309 = DIRECTION('',(-1.,-0.,0.));
#3310 = PLANE('',#3311);
#3311 = AXIS2_PLACEMENT_3D('',#3312,#3313,#3314);
#3312 = CARTESIAN_POINT('',(-3.5,-3.5,26.5));
#3313 = DIRECTION('',(0.,0.,1.));
#3314 = DIRECTION('',(1.,0.,-0.));
#3315 = ADVANCED_FACE('',(#3316,#3319),#3330,.T.);
#3316 = FACE_BOUND('',#3317,.T.);
#3317 = EDGE_LOOP('',(#3318));
#3318 = ORIENTED_EDGE('',*,*,#2438,.T.);
#3319 = FACE_BOUND('',#3320,.T.);
#3320 = EDGE_LOOP('',(#3321));
#3321 = ORIENTED_EDGE('',*,*,#3322,.F.);
#3322 = EDGE_CURVE('',#3323,#3323,#3325,.T.);
#3323 = VERTEX_POINT('',#3324);
#3324 = CARTESIAN_POINT('',(74.9,54.5,-2.));
#3325 = CIRCLE('',#3326,1.4);
#3326 = AXIS2_PLACEMENT_3D('',#3327,#3328,#3329);
#3327 = CARTESIAN_POINT('',(73.5,54.5,-2.));
#3328 = DIRECTION('',(0.,0.,1.));
#3329 = DIRECTION('',(1.,0.,-0.));
#3330 = PLANE('',#3331);
#3331 = AXIS2_PLACEMENT_3D('',#3332,#3333,#3334);
#3332 = CARTESIAN_POINT('',(73.5,54.5,-2.));
#3333 = DIRECTION('',(0.,0.,1.));
#3334 = DIRECTION('',(1.,0.,-0.));
#3335 = ADVANCED_FACE('',(#3336),#3342,.F.);
#3336 = FACE_BOUND('',#3337,.F.);
#3337 = EDGE_LOOP('',(#3338,#3339,#3340,#3341));
#3338 = ORIENTED_EDGE('',*,*,#2541,.F.);
#3339 = ORIENTED_EDGE('',*,*,#2527,.F.);
#3340 = ORIENTED_EDGE('',*,*,#2882,.T.);
#3341 = ORIENTED_EDGE('',*,*,#2607,.T.);
#3342 = PLANE('',#3343);
#3343 = AXIS2_PLACEMENT_3D('',#3344,#3345,#3346);
#3344 = CARTESIAN_POINT('',(5.,-24.6,-2.));
#3345 = DIRECTION('',(0.,0.,1.));
#3346 = DIRECTION('',(1.,0.,-0.));
#3347 = ADVANCED_FACE('',(#3348),#3354,.F.);
#3348 = FACE_BOUND('',#3349,.F.);
#3349 = EDGE_LOOP('',(#3350,#3351,#3352,#3353));
#3350 = ORIENTED_EDGE('',*,*,#2865,.F.);
#3351 = ORIENTED_EDGE('',*,*,#2504,.F.);
#3352 = ORIENTED_EDGE('',*,*,#2719,.T.);
#3353 = ORIENTED_EDGE('',*,*,#2584,.T.);
#3354 = PLANE('',#3355);
#3355 = AXIS2_PLACEMENT_3D('',#3356,#3357,#3358);
#3356 = CARTESIAN_POINT('',(56.,-24.6,-2.));
#3357 = DIRECTION('',(0.,0.,1.));
#3358 = DIRECTION('',(1.,0.,-0.));
#3359 = ADVANCED_FACE('',(#3360),#3366,.F.);
#3360 = FACE_BOUND('',#3361,.F.);
#3361 = EDGE_LOOP('',(#3362,#3363,#3364,#3365));
#3362 = ORIENTED_EDGE('',*,*,#2684,.F.);
#3363 = ORIENTED_EDGE('',*,*,#2670,.F.);
#3364 = ORIENTED_EDGE('',*,*,#2754,.T.);
#3365 = ORIENTED_EDGE('',*,*,#3035,.F.);
#3366 = PLANE('',#3367);
#3367 = AXIS2_PLACEMENT_3D('',#3368,#3369,#3370);
#3368 = CARTESIAN_POINT('',(5.,-24.6,-2.));
#3369 = DIRECTION('',(0.,0.,1.));
#3370 = DIRECTION('',(1.,0.,-0.));
#3371 = ADVANCED_FACE('',(#3372),#3378,.F.);
#3372 = FACE_BOUND('',#3373,.F.);
#3373 = EDGE_LOOP('',(#3374,#3375,#3376,#3377));
#3374 = ORIENTED_EDGE('',*,*,#2783,.F.);
#3375 = ORIENTED_EDGE('',*,*,#2647,.F.);
#3376 = ORIENTED_EDGE('',*,*,#2836,.T.);
#3377 = ORIENTED_EDGE('',*,*,#3052,.F.);
#3378 = PLANE('',#3379);
#3379 = AXIS2_PLACEMENT_3D('',#3380,#3381,#3382);
#3380 = CARTESIAN_POINT('',(56.,-24.6,-2.));
#3381 = DIRECTION('',(0.,0.,1.));
#3382 = DIRECTION('',(1.,0.,-0.));
#3383 = ADVANCED_FACE('',(#3384,#3466),#3469,.T.);
#3384 = FACE_BOUND('',#3385,.T.);
#3385 = EDGE_LOOP('',(#3386,#3396,#3404,#3412,#3420,#3428,#3436,#3444,
    #3452,#3460));
#3386 = ORIENTED_EDGE('',*,*,#3387,.F.);
#3387 = EDGE_CURVE('',#3388,#3390,#3392,.T.);
#3388 = VERTEX_POINT('',#3389);
#3389 = CARTESIAN_POINT('',(-4.440892098501E-16,2.,28.));
#3390 = VERTEX_POINT('',#3391);
#3391 = CARTESIAN_POINT('',(0.,38.5,28.));
#3392 = LINE('',#3393,#3394);
#3393 = CARTESIAN_POINT('',(0.,12.5,28.));
#3394 = VECTOR('',#3395,1.);
#3395 = DIRECTION('',(-0.,1.,0.));
#3396 = ORIENTED_EDGE('',*,*,#3397,.F.);
#3397 = EDGE_CURVE('',#3398,#3388,#3400,.T.);
#3398 = VERTEX_POINT('',#3399);
#3399 = CARTESIAN_POINT('',(-4.440892098501E-16,2.,0.));
#3400 = LINE('',#3401,#3402);
#3401 = CARTESIAN_POINT('',(-4.440892098501E-16,2.,0.));
#3402 = VECTOR('',#3403,1.);
#3403 = DIRECTION('',(0.,0.,1.));
#3404 = ORIENTED_EDGE('',*,*,#3405,.T.);
#3405 = EDGE_CURVE('',#3398,#3406,#3408,.T.);
#3406 = VERTEX_POINT('',#3407);
#3407 = CARTESIAN_POINT('',(0.,11.5,0.));
#3408 = LINE('',#3409,#3410);
#3409 = CARTESIAN_POINT('',(0.,0.,0.));
#3410 = VECTOR('',#3411,1.);
#3411 = DIRECTION('',(-0.,1.,0.));
#3412 = ORIENTED_EDGE('',*,*,#3413,.T.);
#3413 = EDGE_CURVE('',#3406,#3414,#3416,.T.);
#3414 = VERTEX_POINT('',#3415);
#3415 = CARTESIAN_POINT('',(0.,11.5,12.));
#3416 = LINE('',#3417,#3418);
#3417 = CARTESIAN_POINT('',(0.,11.5,0.));
#3418 = VECTOR('',#3419,1.);
#3419 = DIRECTION('',(0.,0.,1.));
#3420 = ORIENTED_EDGE('',*,*,#3421,.T.);
#3421 = EDGE_CURVE('',#3414,#3422,#3424,.T.);
#3422 = VERTEX_POINT('',#3423);
#3423 = CARTESIAN_POINT('',(-2.22044604925E-16,48.,12.));
#3424 = LINE('',#3425,#3426);
#3425 = CARTESIAN_POINT('',(0.,11.5,12.));
#3426 = VECTOR('',#3427,1.);
#3427 = DIRECTION('',(-0.,1.,0.));
#3428 = ORIENTED_EDGE('',*,*,#3429,.T.);
#3429 = EDGE_CURVE('',#3422,#3430,#3432,.T.);
#3430 = VERTEX_POINT('',#3431);
#3431 = CARTESIAN_POINT('',(-4.440892098501E-16,48.,28.));
#3432 = LINE('',#3433,#3434);
#3433 = CARTESIAN_POINT('',(-4.440892098501E-16,48.,0.));
#3434 = VECTOR('',#3435,1.);
#3435 = DIRECTION('',(0.,0.,1.));
#3436 = ORIENTED_EDGE('',*,*,#3437,.F.);
#3437 = EDGE_CURVE('',#3438,#3430,#3440,.T.);
#3438 = VERTEX_POINT('',#3439);
#3439 = CARTESIAN_POINT('',(0.,41.5,28.));
#3440 = LINE('',#3441,#3442);
#3441 = CARTESIAN_POINT('',(0.,12.5,28.));
#3442 = VECTOR('',#3443,1.);
#3443 = DIRECTION('',(-0.,1.,0.));
#3444 = ORIENTED_EDGE('',*,*,#3445,.F.);
#3445 = EDGE_CURVE('',#3446,#3438,#3448,.T.);
#3446 = VERTEX_POINT('',#3447);
#3447 = CARTESIAN_POINT('',(0.,41.5,25.5));
#3448 = LINE('',#3449,#3450);
#3449 = CARTESIAN_POINT('',(0.,41.5,25.5));
#3450 = VECTOR('',#3451,1.);
#3451 = DIRECTION('',(0.,0.,1.));
#3452 = ORIENTED_EDGE('',*,*,#3453,.F.);
#3453 = EDGE_CURVE('',#3454,#3446,#3456,.T.);
#3454 = VERTEX_POINT('',#3455);
#3455 = CARTESIAN_POINT('',(0.,38.5,25.5));
#3456 = LINE('',#3457,#3458);
#3457 = CARTESIAN_POINT('',(0.,38.5,25.5));
#3458 = VECTOR('',#3459,1.);
#3459 = DIRECTION('',(-0.,1.,0.));
#3460 = ORIENTED_EDGE('',*,*,#3461,.T.);
#3461 = EDGE_CURVE('',#3454,#3390,#3462,.T.);
#3462 = LINE('',#3463,#3464);
#3463 = CARTESIAN_POINT('',(0.,38.5,25.5));
#3464 = VECTOR('',#3465,1.);
#3465 = DIRECTION('',(0.,0.,1.));
#3466 = FACE_BOUND('',#3467,.T.);
#3467 = EDGE_LOOP('',(#3468));
#3468 = ORIENTED_EDGE('',*,*,#2913,.F.);
#3469 = PLANE('',#3470);
#3470 = AXIS2_PLACEMENT_3D('',#3471,#3472,#3473);
#3471 = CARTESIAN_POINT('',(0.,0.,0.));
#3472 = DIRECTION('',(1.,0.,-0.));
#3473 = DIRECTION('',(0.,0.,1.));
#3474 = ADVANCED_FACE('',(#3475,#3481),#3492,.F.);
#3475 = FACE_BOUND('',#3476,.F.);
#3476 = EDGE_LOOP('',(#3477,#3478,#3479,#3480));
#3477 = ORIENTED_EDGE('',*,*,#3018,.F.);
#3478 = ORIENTED_EDGE('',*,*,#2938,.T.);
#3479 = ORIENTED_EDGE('',*,*,#2970,.T.);
#3480 = ORIENTED_EDGE('',*,*,#2993,.F.);
#3481 = FACE_BOUND('',#3482,.F.);
#3482 = EDGE_LOOP('',(#3483));
#3483 = ORIENTED_EDGE('',*,*,#3484,.F.);
#3484 = EDGE_CURVE('',#3485,#3485,#3487,.T.);
#3485 = VERTEX_POINT('',#3486);
#3486 = CARTESIAN_POINT('',(-7.6,7.5,20.5));
#3487 = CIRCLE('',#3488,1.);
#3488 = AXIS2_PLACEMENT_3D('',#3489,#3490,#3491);
#3489 = CARTESIAN_POINT('',(-7.6,7.5,19.5));
#3490 = DIRECTION('',(1.,0.,0.));
#3491 = DIRECTION('',(-0.,0.,1.));
#3492 = PLANE('',#3493);
#3493 = AXIS2_PLACEMENT_3D('',#3494,#3495,#3496);
#3494 = CARTESIAN_POINT('',(-7.6,4.,16.5));
#3495 = DIRECTION('',(1.,0.,-0.));
#3496 = DIRECTION('',(0.,0.,1.));
#3497 = ADVANCED_FACE('',(#3498,#3509),#3512,.F.);
#3498 = FACE_BOUND('',#3499,.F.);
#3499 = EDGE_LOOP('',(#3500));
#3500 = ORIENTED_EDGE('',*,*,#3501,.T.);
#3501 = EDGE_CURVE('',#3502,#3502,#3504,.T.);
#3502 = VERTEX_POINT('',#3503);
#3503 = CARTESIAN_POINT('',(69.,25.,21.8));
#3504 = CIRCLE('',#3505,8.8);
#3505 = AXIS2_PLACEMENT_3D('',#3506,#3507,#3508);
#3506 = CARTESIAN_POINT('',(69.,25.,13.));
#3507 = DIRECTION('',(1.,0.,0.));
#3508 = DIRECTION('',(-0.,0.,1.));
#3509 = FACE_BOUND('',#3510,.F.);
#3510 = EDGE_LOOP('',(#3511));
#3511 = ORIENTED_EDGE('',*,*,#3077,.F.);
#3512 = PLANE('',#3513);
#3513 = AXIS2_PLACEMENT_3D('',#3514,#3515,#3516);
#3514 = CARTESIAN_POINT('',(69.,0.,0.));
#3515 = DIRECTION('',(1.,0.,-0.));
#3516 = DIRECTION('',(0.,0.,1.));
#3517 = ADVANCED_FACE('',(#3518),#3537,.F.);
#3518 = FACE_BOUND('',#3519,.F.);
#3519 = EDGE_LOOP('',(#3520,#3521,#3529,#3536));
#3520 = ORIENTED_EDGE('',*,*,#3096,.T.);
#3521 = ORIENTED_EDGE('',*,*,#3522,.T.);
#3522 = EDGE_CURVE('',#3097,#3523,#3525,.T.);
#3523 = VERTEX_POINT('',#3524);
#3524 = CARTESIAN_POINT('',(75.3,-4.5,-3.5));
#3525 = LINE('',#3526,#3527);
#3526 = CARTESIAN_POINT('',(75.3,-4.5,-10.));
#3527 = VECTOR('',#3528,1.);
#3528 = DIRECTION('',(0.,0.,1.));
#3529 = ORIENTED_EDGE('',*,*,#3530,.F.);
#3530 = EDGE_CURVE('',#3523,#3523,#3531,.T.);
#3531 = CIRCLE('',#3532,1.8);
#3532 = AXIS2_PLACEMENT_3D('',#3533,#3534,#3535);
#3533 = CARTESIAN_POINT('',(73.5,-4.5,-3.5));
#3534 = DIRECTION('',(0.,0.,1.));
#3535 = DIRECTION('',(1.,0.,-0.));
#3536 = ORIENTED_EDGE('',*,*,#3522,.F.);
#3537 = CYLINDRICAL_SURFACE('',#3538,1.8);
#3538 = AXIS2_PLACEMENT_3D('',#3539,#3540,#3541);
#3539 = CARTESIAN_POINT('',(73.5,-4.5,-10.));
#3540 = DIRECTION('',(0.,0.,1.));
#3541 = DIRECTION('',(1.,0.,-0.));
#3542 = ADVANCED_FACE('',(#3543),#3562,.F.);
#3543 = FACE_BOUND('',#3544,.F.);
#3544 = EDGE_LOOP('',(#3545,#3546,#3554,#3561));
#3545 = ORIENTED_EDGE('',*,*,#3116,.T.);
#3546 = ORIENTED_EDGE('',*,*,#3547,.T.);
#3547 = EDGE_CURVE('',#3117,#3548,#3550,.T.);
#3548 = VERTEX_POINT('',#3549);
#3549 = CARTESIAN_POINT('',(-2.7,-4.5,-3.5));
#3550 = LINE('',#3551,#3552);
#3551 = CARTESIAN_POINT('',(-2.7,-4.5,-10.));
#3552 = VECTOR('',#3553,1.);
#3553 = DIRECTION('',(0.,0.,1.));
#3554 = ORIENTED_EDGE('',*,*,#3555,.F.);
#3555 = EDGE_CURVE('',#3548,#3548,#3556,.T.);
#3556 = CIRCLE('',#3557,1.8);
#3557 = AXIS2_PLACEMENT_3D('',#3558,#3559,#3560);
#3558 = CARTESIAN_POINT('',(-4.5,-4.5,-3.5));
#3559 = DIRECTION('',(0.,0.,1.));
#3560 = DIRECTION('',(1.,0.,-0.));
#3561 = ORIENTED_EDGE('',*,*,#3547,.F.);
#3562 = CYLINDRICAL_SURFACE('',#3563,1.8);
#3563 = AXIS2_PLACEMENT_3D('',#3564,#3565,#3566);
#3564 = CARTESIAN_POINT('',(-4.5,-4.5,-10.));
#3565 = DIRECTION('',(0.,0.,1.));
#3566 = DIRECTION('',(1.,0.,-0.));
#3567 = ADVANCED_FACE('',(#3568),#3587,.F.);
#3568 = FACE_BOUND('',#3569,.F.);
#3569 = EDGE_LOOP('',(#3570,#3571,#3579,#3586));
#3570 = ORIENTED_EDGE('',*,*,#3136,.T.);
#3571 = ORIENTED_EDGE('',*,*,#3572,.T.);
#3572 = EDGE_CURVE('',#3137,#3573,#3575,.T.);
#3573 = VERTEX_POINT('',#3574);
#3574 = CARTESIAN_POINT('',(75.3,54.5,-3.5));
#3575 = LINE('',#3576,#3577);
#3576 = CARTESIAN_POINT('',(75.3,54.5,-10.));
#3577 = VECTOR('',#3578,1.);
#3578 = DIRECTION('',(0.,0.,1.));
#3579 = ORIENTED_EDGE('',*,*,#3580,.F.);
#3580 = EDGE_CURVE('',#3573,#3573,#3581,.T.);
#3581 = CIRCLE('',#3582,1.8);
#3582 = AXIS2_PLACEMENT_3D('',#3583,#3584,#3585);
#3583 = CARTESIAN_POINT('',(73.5,54.5,-3.5));
#3584 = DIRECTION('',(0.,0.,1.));
#3585 = DIRECTION('',(1.,0.,-0.));
#3586 = ORIENTED_EDGE('',*,*,#3572,.F.);
#3587 = CYLINDRICAL_SURFACE('',#3588,1.8);
#3588 = AXIS2_PLACEMENT_3D('',#3589,#3590,#3591);
#3589 = CARTESIAN_POINT('',(73.5,54.5,-10.));
#3590 = DIRECTION('',(0.,0.,1.));
#3591 = DIRECTION('',(1.,0.,-0.));
#3592 = ADVANCED_FACE('',(#3593),#3612,.F.);
#3593 = FACE_BOUND('',#3594,.F.);
#3594 = EDGE_LOOP('',(#3595,#3596,#3604,#3611));
#3595 = ORIENTED_EDGE('',*,*,#3156,.T.);
#3596 = ORIENTED_EDGE('',*,*,#3597,.T.);
#3597 = EDGE_CURVE('',#3157,#3598,#3600,.T.);
#3598 = VERTEX_POINT('',#3599);
#3599 = CARTESIAN_POINT('',(-2.7,54.5,-3.5));
#3600 = LINE('',#3601,#3602);
#3601 = CARTESIAN_POINT('',(-2.7,54.5,-10.));
#3602 = VECTOR('',#3603,1.);
#3603 = DIRECTION('',(0.,0.,1.));
#3604 = ORIENTED_EDGE('',*,*,#3605,.F.);
#3605 = EDGE_CURVE('',#3598,#3598,#3606,.T.);
#3606 = CIRCLE('',#3607,1.8);
#3607 = AXIS2_PLACEMENT_3D('',#3608,#3609,#3610);
#3608 = CARTESIAN_POINT('',(-4.5,54.5,-3.5));
#3609 = DIRECTION('',(0.,0.,1.));
#3610 = DIRECTION('',(1.,0.,-0.));
#3611 = ORIENTED_EDGE('',*,*,#3597,.F.);
#3612 = CYLINDRICAL_SURFACE('',#3613,1.8);
#3613 = AXIS2_PLACEMENT_3D('',#3614,#3615,#3616);
#3614 = CARTESIAN_POINT('',(-4.5,54.5,-10.));
#3615 = DIRECTION('',(0.,0.,1.));
#3616 = DIRECTION('',(1.,0.,-0.));
#3617 = ADVANCED_FACE('',(#3618),#3637,.F.);
#3618 = FACE_BOUND('',#3619,.F.);
#3619 = EDGE_LOOP('',(#3620,#3621,#3629,#3636));
#3620 = ORIENTED_EDGE('',*,*,#3176,.F.);
#3621 = ORIENTED_EDGE('',*,*,#3622,.F.);
#3622 = EDGE_CURVE('',#3623,#3177,#3625,.T.);
#3623 = VERTEX_POINT('',#3624);
#3624 = CARTESIAN_POINT('',(-3.1,-4.5,-3.5));
#3625 = LINE('',#3626,#3627);
#3626 = CARTESIAN_POINT('',(-3.1,-4.5,-3.5));
#3627 = VECTOR('',#3628,1.);
#3628 = DIRECTION('',(0.,0.,1.));
#3629 = ORIENTED_EDGE('',*,*,#3630,.T.);
#3630 = EDGE_CURVE('',#3623,#3623,#3631,.T.);
#3631 = CIRCLE('',#3632,1.4);
#3632 = AXIS2_PLACEMENT_3D('',#3633,#3634,#3635);
#3633 = CARTESIAN_POINT('',(-4.5,-4.5,-3.5));
#3634 = DIRECTION('',(0.,0.,1.));
#3635 = DIRECTION('',(1.,0.,-0.));
#3636 = ORIENTED_EDGE('',*,*,#3622,.T.);
#3637 = CYLINDRICAL_SURFACE('',#3638,1.4);
#3638 = AXIS2_PLACEMENT_3D('',#3639,#3640,#3641);
#3639 = CARTESIAN_POINT('',(-4.5,-4.5,-3.5));
#3640 = DIRECTION('',(0.,0.,1.));
#3641 = DIRECTION('',(1.,0.,-0.));
#3642 = ADVANCED_FACE('',(#3643),#3662,.F.);
#3643 = FACE_BOUND('',#3644,.F.);
#3644 = EDGE_LOOP('',(#3645,#3646,#3654,#3661));
#3645 = ORIENTED_EDGE('',*,*,#3196,.F.);
#3646 = ORIENTED_EDGE('',*,*,#3647,.F.);
#3647 = EDGE_CURVE('',#3648,#3197,#3650,.T.);
#3648 = VERTEX_POINT('',#3649);
#3649 = CARTESIAN_POINT('',(74.9,-4.5,-3.5));
#3650 = LINE('',#3651,#3652);
#3651 = CARTESIAN_POINT('',(74.9,-4.5,-3.5));
#3652 = VECTOR('',#3653,1.);
#3653 = DIRECTION('',(0.,0.,1.));
#3654 = ORIENTED_EDGE('',*,*,#3655,.T.);
#3655 = EDGE_CURVE('',#3648,#3648,#3656,.T.);
#3656 = CIRCLE('',#3657,1.4);
#3657 = AXIS2_PLACEMENT_3D('',#3658,#3659,#3660);
#3658 = CARTESIAN_POINT('',(73.5,-4.5,-3.5));
#3659 = DIRECTION('',(0.,0.,1.));
#3660 = DIRECTION('',(1.,0.,-0.));
#3661 = ORIENTED_EDGE('',*,*,#3647,.T.);
#3662 = CYLINDRICAL_SURFACE('',#3663,1.4);
#3663 = AXIS2_PLACEMENT_3D('',#3664,#3665,#3666);
#3664 = CARTESIAN_POINT('',(73.5,-4.5,-3.5));
#3665 = DIRECTION('',(0.,0.,1.));
#3666 = DIRECTION('',(1.,0.,-0.));
#3667 = ADVANCED_FACE('',(#3668),#3687,.F.);
#3668 = FACE_BOUND('',#3669,.F.);
#3669 = EDGE_LOOP('',(#3670,#3671,#3679,#3686));
#3670 = ORIENTED_EDGE('',*,*,#3216,.F.);
#3671 = ORIENTED_EDGE('',*,*,#3672,.F.);
#3672 = EDGE_CURVE('',#3673,#3217,#3675,.T.);
#3673 = VERTEX_POINT('',#3674);
#3674 = CARTESIAN_POINT('',(-3.1,54.5,-3.5));
#3675 = LINE('',#3676,#3677);
#3676 = CARTESIAN_POINT('',(-3.1,54.5,-3.5));
#3677 = VECTOR('',#3678,1.);
#3678 = DIRECTION('',(0.,0.,1.));
#3679 = ORIENTED_EDGE('',*,*,#3680,.T.);
#3680 = EDGE_CURVE('',#3673,#3673,#3681,.T.);
#3681 = CIRCLE('',#3682,1.4);
#3682 = AXIS2_PLACEMENT_3D('',#3683,#3684,#3685);
#3683 = CARTESIAN_POINT('',(-4.5,54.5,-3.5));
#3684 = DIRECTION('',(0.,0.,1.));
#3685 = DIRECTION('',(1.,0.,-0.));
#3686 = ORIENTED_EDGE('',*,*,#3672,.T.);
#3687 = CYLINDRICAL_SURFACE('',#3688,1.4);
#3688 = AXIS2_PLACEMENT_3D('',#3689,#3690,#3691);
#3689 = CARTESIAN_POINT('',(-4.5,54.5,-3.5));
#3690 = DIRECTION('',(0.,0.,1.));
#3691 = DIRECTION('',(1.,0.,-0.));
#3692 = ADVANCED_FACE('',(#3693),#3719,.T.);
#3693 = FACE_BOUND('',#3694,.T.);
#3694 = EDGE_LOOP('',(#3695,#3703,#3704,#3712));
#3695 = ORIENTED_EDGE('',*,*,#3696,.F.);
#3696 = EDGE_CURVE('',#3244,#3697,#3699,.T.);
#3697 = VERTEX_POINT('',#3698);
#3698 = CARTESIAN_POINT('',(-1.1,2.,28.));
#3699 = LINE('',#3700,#3701);
#3700 = CARTESIAN_POINT('',(-1.1,2.,25.5));
#3701 = VECTOR('',#3702,1.);
#3702 = DIRECTION('',(0.,0.,1.));
#3703 = ORIENTED_EDGE('',*,*,#3243,.T.);
#3704 = ORIENTED_EDGE('',*,*,#3705,.T.);
#3705 = EDGE_CURVE('',#3246,#3706,#3708,.T.);
#3706 = VERTEX_POINT('',#3707);
#3707 = CARTESIAN_POINT('',(2.,-1.1,28.));
#3708 = LINE('',#3709,#3710);
#3709 = CARTESIAN_POINT('',(2.,-1.1,25.5));
#3710 = VECTOR('',#3711,1.);
#3711 = DIRECTION('',(0.,0.,1.));
#3712 = ORIENTED_EDGE('',*,*,#3713,.F.);
#3713 = EDGE_CURVE('',#3697,#3706,#3714,.T.);
#3714 = CIRCLE('',#3715,3.1);
#3715 = AXIS2_PLACEMENT_3D('',#3716,#3717,#3718);
#3716 = CARTESIAN_POINT('',(2.,2.,28.));
#3717 = DIRECTION('',(0.,0.,1.));
#3718 = DIRECTION('',(-1.,-0.,0.));
#3719 = CYLINDRICAL_SURFACE('',#3720,3.1);
#3720 = AXIS2_PLACEMENT_3D('',#3721,#3722,#3723);
#3721 = CARTESIAN_POINT('',(2.,2.,25.5));
#3722 = DIRECTION('',(0.,0.,1.));
#3723 = DIRECTION('',(-1.,-0.,0.));
#3724 = ADVANCED_FACE('',(#3725),#3743,.F.);
#3725 = FACE_BOUND('',#3726,.F.);
#3726 = EDGE_LOOP('',(#3727,#3735,#3736,#3737));
#3727 = ORIENTED_EDGE('',*,*,#3728,.F.);
#3728 = EDGE_CURVE('',#3297,#3729,#3731,.T.);
#3729 = VERTEX_POINT('',#3730);
#3730 = CARTESIAN_POINT('',(67.,-1.1,28.));
#3731 = LINE('',#3732,#3733);
#3732 = CARTESIAN_POINT('',(67.,-1.1,25.5));
#3733 = VECTOR('',#3734,1.);
#3734 = DIRECTION('',(0.,0.,1.));
#3735 = ORIENTED_EDGE('',*,*,#3305,.T.);
#3736 = ORIENTED_EDGE('',*,*,#3705,.T.);
#3737 = ORIENTED_EDGE('',*,*,#3738,.F.);
#3738 = EDGE_CURVE('',#3729,#3706,#3739,.T.);
#3739 = LINE('',#3740,#3741);
#3740 = CARTESIAN_POINT('',(16.880211817177,-1.1,28.));
#3741 = VECTOR('',#3742,1.);
#3742 = DIRECTION('',(-1.,-0.,0.));
#3743 = PLANE('',#3744);
#3744 = AXIS2_PLACEMENT_3D('',#3745,#3746,#3747);
#3745 = CARTESIAN_POINT('',(-1.1,-1.1,25.5));
#3746 = DIRECTION('',(-0.,1.,0.));
#3747 = DIRECTION('',(0.,0.,1.));
#3748 = ADVANCED_FACE('',(#3749),#3768,.T.);
#3749 = FACE_BOUND('',#3750,.F.);
#3750 = EDGE_LOOP('',(#3751,#3759,#3760,#3761));
#3751 = ORIENTED_EDGE('',*,*,#3752,.F.);
#3752 = EDGE_CURVE('',#3289,#3753,#3755,.T.);
#3753 = VERTEX_POINT('',#3754);
#3754 = CARTESIAN_POINT('',(70.1,2.,28.));
#3755 = LINE('',#3756,#3757);
#3756 = CARTESIAN_POINT('',(70.1,2.,25.5));
#3757 = VECTOR('',#3758,1.);
#3758 = DIRECTION('',(0.,0.,1.));
#3759 = ORIENTED_EDGE('',*,*,#3296,.F.);
#3760 = ORIENTED_EDGE('',*,*,#3728,.T.);
#3761 = ORIENTED_EDGE('',*,*,#3762,.T.);
#3762 = EDGE_CURVE('',#3729,#3753,#3763,.T.);
#3763 = CIRCLE('',#3764,3.1);
#3764 = AXIS2_PLACEMENT_3D('',#3765,#3766,#3767);
#3765 = CARTESIAN_POINT('',(67.,2.,28.));
#3766 = DIRECTION('',(0.,0.,1.));
#3767 = DIRECTION('',(1.,0.,-0.));
#3768 = CYLINDRICAL_SURFACE('',#3769,3.1);
#3769 = AXIS2_PLACEMENT_3D('',#3770,#3771,#3772);
#3770 = CARTESIAN_POINT('',(67.,2.,25.5));
#3771 = DIRECTION('',(0.,0.,1.));
#3772 = DIRECTION('',(1.,0.,-0.));
#3773 = ADVANCED_FACE('',(#3774),#3792,.T.);
#3774 = FACE_BOUND('',#3775,.T.);
#3775 = EDGE_LOOP('',(#3776,#3784,#3785,#3786));
#3776 = ORIENTED_EDGE('',*,*,#3777,.F.);
#3777 = EDGE_CURVE('',#3753,#3778,#3780,.T.);
#3778 = VERTEX_POINT('',#3779);
#3779 = CARTESIAN_POINT('',(70.1,48.,28.));
#3780 = LINE('',#3781,#3782);
#3781 = CARTESIAN_POINT('',(70.1,11.95,28.));
#3782 = VECTOR('',#3783,1.);
#3783 = DIRECTION('',(-0.,1.,0.));
#3784 = ORIENTED_EDGE('',*,*,#3752,.F.);
#3785 = ORIENTED_EDGE('',*,*,#3288,.T.);
#3786 = ORIENTED_EDGE('',*,*,#3787,.T.);
#3787 = EDGE_CURVE('',#3280,#3778,#3788,.T.);
#3788 = LINE('',#3789,#3790);
#3789 = CARTESIAN_POINT('',(70.1,48.,25.5));
#3790 = VECTOR('',#3791,1.);
#3791 = DIRECTION('',(0.,0.,1.));
#3792 = PLANE('',#3793);
#3793 = AXIS2_PLACEMENT_3D('',#3794,#3795,#3796);
#3794 = CARTESIAN_POINT('',(70.1,-1.1,25.5));
#3795 = DIRECTION('',(1.,0.,-0.));
#3796 = DIRECTION('',(0.,0.,1.));
#3797 = ADVANCED_FACE('',(#3798),#3817,.T.);
#3798 = FACE_BOUND('',#3799,.T.);
#3799 = EDGE_LOOP('',(#3800,#3801,#3802,#3810));
#3800 = ORIENTED_EDGE('',*,*,#3787,.F.);
#3801 = ORIENTED_EDGE('',*,*,#3279,.T.);
#3802 = ORIENTED_EDGE('',*,*,#3803,.T.);
#3803 = EDGE_CURVE('',#3272,#3804,#3806,.T.);
#3804 = VERTEX_POINT('',#3805);
#3805 = CARTESIAN_POINT('',(67.,51.1,28.));
#3806 = LINE('',#3807,#3808);
#3807 = CARTESIAN_POINT('',(67.,51.1,25.5));
#3808 = VECTOR('',#3809,1.);
#3809 = DIRECTION('',(0.,0.,1.));
#3810 = ORIENTED_EDGE('',*,*,#3811,.F.);
#3811 = EDGE_CURVE('',#3778,#3804,#3812,.T.);
#3812 = CIRCLE('',#3813,3.1);
#3813 = AXIS2_PLACEMENT_3D('',#3814,#3815,#3816);
#3814 = CARTESIAN_POINT('',(67.,48.,28.));
#3815 = DIRECTION('',(0.,0.,1.));
#3816 = DIRECTION('',(1.,0.,-0.));
#3817 = CYLINDRICAL_SURFACE('',#3818,3.1);
#3818 = AXIS2_PLACEMENT_3D('',#3819,#3820,#3821);
#3819 = CARTESIAN_POINT('',(67.,48.,25.5));
#3820 = DIRECTION('',(0.,0.,1.));
#3821 = DIRECTION('',(1.,0.,-0.));
#3822 = ADVANCED_FACE('',(#3823),#3841,.T.);
#3823 = FACE_BOUND('',#3824,.T.);
#3824 = EDGE_LOOP('',(#3825,#3826,#3827,#3835));
#3825 = ORIENTED_EDGE('',*,*,#3803,.F.);
#3826 = ORIENTED_EDGE('',*,*,#3271,.T.);
#3827 = ORIENTED_EDGE('',*,*,#3828,.T.);
#3828 = EDGE_CURVE('',#3263,#3829,#3831,.T.);
#3829 = VERTEX_POINT('',#3830);
#3830 = CARTESIAN_POINT('',(2.,51.1,28.));
#3831 = LINE('',#3832,#3833);
#3832 = CARTESIAN_POINT('',(2.,51.1,25.5));
#3833 = VECTOR('',#3834,1.);
#3834 = DIRECTION('',(0.,0.,1.));
#3835 = ORIENTED_EDGE('',*,*,#3836,.F.);
#3836 = EDGE_CURVE('',#3804,#3829,#3837,.T.);
#3837 = LINE('',#3838,#3839);
#3838 = CARTESIAN_POINT('',(16.880211817177,51.1,28.));
#3839 = VECTOR('',#3840,1.);
#3840 = DIRECTION('',(-1.,-0.,0.));
#3841 = PLANE('',#3842);
#3842 = AXIS2_PLACEMENT_3D('',#3843,#3844,#3845);
#3843 = CARTESIAN_POINT('',(-1.1,51.1,25.5));
#3844 = DIRECTION('',(-0.,1.,0.));
#3845 = DIRECTION('',(0.,0.,1.));
#3846 = ADVANCED_FACE('',(#3847),#3866,.T.);
#3847 = FACE_BOUND('',#3848,.F.);
#3848 = EDGE_LOOP('',(#3849,#3857,#3858,#3859));
#3849 = ORIENTED_EDGE('',*,*,#3850,.F.);
#3850 = EDGE_CURVE('',#3255,#3851,#3853,.T.);
#3851 = VERTEX_POINT('',#3852);
#3852 = CARTESIAN_POINT('',(-1.1,48.,28.));
#3853 = LINE('',#3854,#3855);
#3854 = CARTESIAN_POINT('',(-1.1,48.,25.5));
#3855 = VECTOR('',#3856,1.);
#3856 = DIRECTION('',(0.,0.,1.));
#3857 = ORIENTED_EDGE('',*,*,#3262,.F.);
#3858 = ORIENTED_EDGE('',*,*,#3828,.T.);
#3859 = ORIENTED_EDGE('',*,*,#3860,.T.);
#3860 = EDGE_CURVE('',#3829,#3851,#3861,.T.);
#3861 = CIRCLE('',#3862,3.1);
#3862 = AXIS2_PLACEMENT_3D('',#3863,#3864,#3865);
#3863 = CARTESIAN_POINT('',(2.,48.,28.));
#3864 = DIRECTION('',(0.,0.,1.));
#3865 = DIRECTION('',(-1.,-0.,0.));
#3866 = CYLINDRICAL_SURFACE('',#3867,3.1);
#3867 = AXIS2_PLACEMENT_3D('',#3868,#3869,#3870);
#3868 = CARTESIAN_POINT('',(2.,48.,25.5));
#3869 = DIRECTION('',(0.,0.,1.));
#3870 = DIRECTION('',(-1.,-0.,0.));
#3871 = ADVANCED_FACE('',(#3872),#3883,.F.);
#3872 = FACE_BOUND('',#3873,.F.);
#3873 = EDGE_LOOP('',(#3874,#3880,#3881,#3882));
#3874 = ORIENTED_EDGE('',*,*,#3875,.F.);
#3875 = EDGE_CURVE('',#3697,#3851,#3876,.T.);
#3876 = LINE('',#3877,#3878);
#3877 = CARTESIAN_POINT('',(-1.1,11.95,28.));
#3878 = VECTOR('',#3879,1.);
#3879 = DIRECTION('',(-0.,1.,0.));
#3880 = ORIENTED_EDGE('',*,*,#3696,.F.);
#3881 = ORIENTED_EDGE('',*,*,#3254,.T.);
#3882 = ORIENTED_EDGE('',*,*,#3850,.T.);
#3883 = PLANE('',#3884);
#3884 = AXIS2_PLACEMENT_3D('',#3885,#3886,#3887);
#3885 = CARTESIAN_POINT('',(-1.1,-1.1,25.5));
#3886 = DIRECTION('',(1.,0.,-0.));
#3887 = DIRECTION('',(0.,0.,1.));
#3888 = ADVANCED_FACE('',(#3889),#3908,.F.);
#3889 = FACE_BOUND('',#3890,.F.);
#3890 = EDGE_LOOP('',(#3891,#3892,#3900,#3907));
#3891 = ORIENTED_EDGE('',*,*,#3322,.F.);
#3892 = ORIENTED_EDGE('',*,*,#3893,.F.);
#3893 = EDGE_CURVE('',#3894,#3323,#3896,.T.);
#3894 = VERTEX_POINT('',#3895);
#3895 = CARTESIAN_POINT('',(74.9,54.5,-3.5));
#3896 = LINE('',#3897,#3898);
#3897 = CARTESIAN_POINT('',(74.9,54.5,-3.5));
#3898 = VECTOR('',#3899,1.);
#3899 = DIRECTION('',(0.,0.,1.));
#3900 = ORIENTED_EDGE('',*,*,#3901,.T.);
#3901 = EDGE_CURVE('',#3894,#3894,#3902,.T.);
#3902 = CIRCLE('',#3903,1.4);
#3903 = AXIS2_PLACEMENT_3D('',#3904,#3905,#3906);
#3904 = CARTESIAN_POINT('',(73.5,54.5,-3.5));
#3905 = DIRECTION('',(0.,0.,1.));
#3906 = DIRECTION('',(1.,0.,-0.));
#3907 = ORIENTED_EDGE('',*,*,#3893,.T.);
#3908 = CYLINDRICAL_SURFACE('',#3909,1.4);
#3909 = AXIS2_PLACEMENT_3D('',#3910,#3911,#3912);
#3910 = CARTESIAN_POINT('',(73.5,54.5,-3.5));
#3911 = DIRECTION('',(0.,0.,1.));
#3912 = DIRECTION('',(1.,0.,-0.));
#3913 = ADVANCED_FACE('',(#3914,#3924),#4008,.T.);
#3914 = FACE_BOUND('',#3915,.T.);
#3915 = EDGE_LOOP('',(#3916,#3917,#3918,#3919,#3920,#3921,#3922,#3923));
#3916 = ORIENTED_EDGE('',*,*,#3875,.F.);
#3917 = ORIENTED_EDGE('',*,*,#3713,.T.);
#3918 = ORIENTED_EDGE('',*,*,#3738,.F.);
#3919 = ORIENTED_EDGE('',*,*,#3762,.T.);
#3920 = ORIENTED_EDGE('',*,*,#3777,.T.);
#3921 = ORIENTED_EDGE('',*,*,#3811,.T.);
#3922 = ORIENTED_EDGE('',*,*,#3836,.T.);
#3923 = ORIENTED_EDGE('',*,*,#3860,.T.);
#3924 = FACE_BOUND('',#3925,.T.);
#3925 = EDGE_LOOP('',(#3926,#3935,#3936,#3944,#3952,#3958,#3959,#3968,
    #3976,#3985,#3993,#4002));
#3926 = ORIENTED_EDGE('',*,*,#3927,.F.);
#3927 = EDGE_CURVE('',#3388,#3928,#3930,.T.);
#3928 = VERTEX_POINT('',#3929);
#3929 = CARTESIAN_POINT('',(2.,-4.440892098501E-16,28.));
#3930 = CIRCLE('',#3931,2.);
#3931 = AXIS2_PLACEMENT_3D('',#3932,#3933,#3934);
#3932 = CARTESIAN_POINT('',(2.,2.,28.));
#3933 = DIRECTION('',(0.,0.,1.));
#3934 = DIRECTION('',(-1.,-0.,0.));
#3935 = ORIENTED_EDGE('',*,*,#3387,.T.);
#3936 = ORIENTED_EDGE('',*,*,#3937,.T.);
#3937 = EDGE_CURVE('',#3390,#3938,#3940,.T.);
#3938 = VERTEX_POINT('',#3939);
#3939 = CARTESIAN_POINT('',(1.2,38.5,28.));
#3940 = LINE('',#3941,#3942);
#3941 = CARTESIAN_POINT('',(0.,38.5,28.));
#3942 = VECTOR('',#3943,1.);
#3943 = DIRECTION('',(1.,0.,-0.));
#3944 = ORIENTED_EDGE('',*,*,#3945,.T.);
#3945 = EDGE_CURVE('',#3938,#3946,#3948,.T.);
#3946 = VERTEX_POINT('',#3947);
#3947 = CARTESIAN_POINT('',(1.2,41.5,28.));
#3948 = LINE('',#3949,#3950);
#3949 = CARTESIAN_POINT('',(1.2,38.5,28.));
#3950 = VECTOR('',#3951,1.);
#3951 = DIRECTION('',(-0.,1.,0.));
#3952 = ORIENTED_EDGE('',*,*,#3953,.F.);
#3953 = EDGE_CURVE('',#3438,#3946,#3954,.T.);
#3954 = LINE('',#3955,#3956);
#3955 = CARTESIAN_POINT('',(0.,41.5,28.));
#3956 = VECTOR('',#3957,1.);
#3957 = DIRECTION('',(1.,0.,-0.));
#3958 = ORIENTED_EDGE('',*,*,#3437,.T.);
#3959 = ORIENTED_EDGE('',*,*,#3960,.F.);
#3960 = EDGE_CURVE('',#3961,#3430,#3963,.T.);
#3961 = VERTEX_POINT('',#3962);
#3962 = CARTESIAN_POINT('',(2.,50.,28.));
#3963 = CIRCLE('',#3964,2.);
#3964 = AXIS2_PLACEMENT_3D('',#3965,#3966,#3967);
#3965 = CARTESIAN_POINT('',(2.,48.,28.));
#3966 = DIRECTION('',(0.,0.,1.));
#3967 = DIRECTION('',(-1.,-0.,0.));
#3968 = ORIENTED_EDGE('',*,*,#3969,.F.);
#3969 = EDGE_CURVE('',#3970,#3961,#3972,.T.);
#3970 = VERTEX_POINT('',#3971);
#3971 = CARTESIAN_POINT('',(67.,50.,28.));
#3972 = LINE('',#3973,#3974);
#3973 = CARTESIAN_POINT('',(17.430211817177,50.,28.));
#3974 = VECTOR('',#3975,1.);
#3975 = DIRECTION('',(-1.,-0.,0.));
#3976 = ORIENTED_EDGE('',*,*,#3977,.F.);
#3977 = EDGE_CURVE('',#3978,#3970,#3980,.T.);
#3978 = VERTEX_POINT('',#3979);
#3979 = CARTESIAN_POINT('',(69.,48.,28.));
#3980 = CIRCLE('',#3981,2.);
#3981 = AXIS2_PLACEMENT_3D('',#3982,#3983,#3984);
#3982 = CARTESIAN_POINT('',(67.,48.,28.));
#3983 = DIRECTION('',(0.,0.,1.));
#3984 = DIRECTION('',(1.,0.,-0.));
#3985 = ORIENTED_EDGE('',*,*,#3986,.F.);
#3986 = EDGE_CURVE('',#3987,#3978,#3989,.T.);
#3987 = VERTEX_POINT('',#3988);
#3988 = CARTESIAN_POINT('',(69.,2.,28.));
#3989 = LINE('',#3990,#3991);
#3990 = CARTESIAN_POINT('',(69.,12.5,28.));
#3991 = VECTOR('',#3992,1.);
#3992 = DIRECTION('',(-0.,1.,0.));
#3993 = ORIENTED_EDGE('',*,*,#3994,.F.);
#3994 = EDGE_CURVE('',#3995,#3987,#3997,.T.);
#3995 = VERTEX_POINT('',#3996);
#3996 = CARTESIAN_POINT('',(67.,-4.440892098501E-16,28.));
#3997 = CIRCLE('',#3998,2.);
#3998 = AXIS2_PLACEMENT_3D('',#3999,#4000,#4001);
#3999 = CARTESIAN_POINT('',(67.,2.,28.));
#4000 = DIRECTION('',(0.,0.,1.));
#4001 = DIRECTION('',(1.,0.,-0.));
#4002 = ORIENTED_EDGE('',*,*,#4003,.T.);
#4003 = EDGE_CURVE('',#3995,#3928,#4004,.T.);
#4004 = LINE('',#4005,#4006);
#4005 = CARTESIAN_POINT('',(17.430211817177,0.,28.));
#4006 = VECTOR('',#4007,1.);
#4007 = DIRECTION('',(-1.,-0.,0.));
#4008 = PLANE('',#4009);
#4009 = AXIS2_PLACEMENT_3D('',#4010,#4011,#4012);
#4010 = CARTESIAN_POINT('',(34.860423634355,25.,28.));
#4011 = DIRECTION('',(0.,0.,1.));
#4012 = DIRECTION('',(1.,0.,-0.));
#4013 = ADVANCED_FACE('',(#4014),#4032,.F.);
#4014 = FACE_BOUND('',#4015,.F.);
#4015 = EDGE_LOOP('',(#4016,#4024,#4025,#4026));
#4016 = ORIENTED_EDGE('',*,*,#4017,.F.);
#4017 = EDGE_CURVE('',#3454,#4018,#4020,.T.);
#4018 = VERTEX_POINT('',#4019);
#4019 = CARTESIAN_POINT('',(1.2,38.5,25.5));
#4020 = LINE('',#4021,#4022);
#4021 = CARTESIAN_POINT('',(0.,38.5,25.5));
#4022 = VECTOR('',#4023,1.);
#4023 = DIRECTION('',(1.,0.,-0.));
#4024 = ORIENTED_EDGE('',*,*,#3461,.T.);
#4025 = ORIENTED_EDGE('',*,*,#3937,.T.);
#4026 = ORIENTED_EDGE('',*,*,#4027,.F.);
#4027 = EDGE_CURVE('',#4018,#3938,#4028,.T.);
#4028 = LINE('',#4029,#4030);
#4029 = CARTESIAN_POINT('',(1.2,38.5,25.5));
#4030 = VECTOR('',#4031,1.);
#4031 = DIRECTION('',(0.,0.,1.));
#4032 = PLANE('',#4033);
#4033 = AXIS2_PLACEMENT_3D('',#4034,#4035,#4036);
#4034 = CARTESIAN_POINT('',(0.,38.5,25.5));
#4035 = DIRECTION('',(-0.,1.,0.));
#4036 = DIRECTION('',(0.,0.,1.));
#4037 = ADVANCED_FACE('',(#4038),#4056,.F.);
#4038 = FACE_BOUND('',#4039,.F.);
#4039 = EDGE_LOOP('',(#4040,#4041,#4042,#4050));
#4040 = ORIENTED_EDGE('',*,*,#3453,.F.);
#4041 = ORIENTED_EDGE('',*,*,#4017,.T.);
#4042 = ORIENTED_EDGE('',*,*,#4043,.T.);
#4043 = EDGE_CURVE('',#4018,#4044,#4046,.T.);
#4044 = VERTEX_POINT('',#4045);
#4045 = CARTESIAN_POINT('',(1.2,41.5,25.5));
#4046 = LINE('',#4047,#4048);
#4047 = CARTESIAN_POINT('',(1.2,38.5,25.5));
#4048 = VECTOR('',#4049,1.);
#4049 = DIRECTION('',(-0.,1.,0.));
#4050 = ORIENTED_EDGE('',*,*,#4051,.F.);
#4051 = EDGE_CURVE('',#3446,#4044,#4052,.T.);
#4052 = LINE('',#4053,#4054);
#4053 = CARTESIAN_POINT('',(0.,41.5,25.5));
#4054 = VECTOR('',#4055,1.);
#4055 = DIRECTION('',(1.,0.,-0.));
#4056 = PLANE('',#4057);
#4057 = AXIS2_PLACEMENT_3D('',#4058,#4059,#4060);
#4058 = CARTESIAN_POINT('',(0.,38.5,25.5));
#4059 = DIRECTION('',(0.,0.,1.));
#4060 = DIRECTION('',(1.,0.,-0.));
#4061 = ADVANCED_FACE('',(#4062),#4073,.T.);
#4062 = FACE_BOUND('',#4063,.T.);
#4063 = EDGE_LOOP('',(#4064,#4065,#4066,#4067));
#4064 = ORIENTED_EDGE('',*,*,#4051,.F.);
#4065 = ORIENTED_EDGE('',*,*,#3445,.T.);
#4066 = ORIENTED_EDGE('',*,*,#3953,.T.);
#4067 = ORIENTED_EDGE('',*,*,#4068,.F.);
#4068 = EDGE_CURVE('',#4044,#3946,#4069,.T.);
#4069 = LINE('',#4070,#4071);
#4070 = CARTESIAN_POINT('',(1.2,41.5,25.5));
#4071 = VECTOR('',#4072,1.);
#4072 = DIRECTION('',(0.,0.,1.));
#4073 = PLANE('',#4074);
#4074 = AXIS2_PLACEMENT_3D('',#4075,#4076,#4077);
#4075 = CARTESIAN_POINT('',(0.,41.5,25.5));
#4076 = DIRECTION('',(-0.,1.,0.));
#4077 = DIRECTION('',(0.,0.,1.));
#4078 = ADVANCED_FACE('',(#4079),#4116,.F.);
#4079 = FACE_BOUND('',#4080,.T.);
#4080 = EDGE_LOOP('',(#4081,#4082,#4091,#4100,#4109,#4115));
#4081 = ORIENTED_EDGE('',*,*,#3429,.F.);
#4082 = ORIENTED_EDGE('',*,*,#4083,.F.);
#4083 = EDGE_CURVE('',#4084,#3422,#4086,.T.);
#4084 = VERTEX_POINT('',#4085);
#4085 = CARTESIAN_POINT('',(6.350832689628E-02,48.5,12.));
#4086 = CIRCLE('',#4087,2.);
#4087 = AXIS2_PLACEMENT_3D('',#4088,#4089,#4090);
#4088 = CARTESIAN_POINT('',(2.,48.,12.));
#4089 = DIRECTION('',(0.,0.,1.));
#4090 = DIRECTION('',(-1.,-0.,0.));
#4091 = ORIENTED_EDGE('',*,*,#4092,.F.);
#4092 = EDGE_CURVE('',#4093,#4084,#4095,.T.);
#4093 = VERTEX_POINT('',#4094);
#4094 = CARTESIAN_POINT('',(1.5,49.936491673104,12.));
#4095 = CIRCLE('',#4096,2.);
#4096 = AXIS2_PLACEMENT_3D('',#4097,#4098,#4099);
#4097 = CARTESIAN_POINT('',(2.,48.,12.));
#4098 = DIRECTION('',(0.,0.,1.));
#4099 = DIRECTION('',(-1.,-0.,0.));
#4100 = ORIENTED_EDGE('',*,*,#4101,.F.);
#4101 = EDGE_CURVE('',#4102,#4093,#4104,.T.);
#4102 = VERTEX_POINT('',#4103);
#4103 = CARTESIAN_POINT('',(2.,50.,12.));
#4104 = CIRCLE('',#4105,2.);
#4105 = AXIS2_PLACEMENT_3D('',#4106,#4107,#4108);
#4106 = CARTESIAN_POINT('',(2.,48.,12.));
#4107 = DIRECTION('',(0.,0.,1.));
#4108 = DIRECTION('',(-1.,-0.,0.));
#4109 = ORIENTED_EDGE('',*,*,#4110,.T.);
#4110 = EDGE_CURVE('',#4102,#3961,#4111,.T.);
#4111 = LINE('',#4112,#4113);
#4112 = CARTESIAN_POINT('',(2.,50.,0.));
#4113 = VECTOR('',#4114,1.);
#4114 = DIRECTION('',(0.,0.,1.));
#4115 = ORIENTED_EDGE('',*,*,#3960,.T.);
#4116 = CYLINDRICAL_SURFACE('',#4117,2.);
#4117 = AXIS2_PLACEMENT_3D('',#4118,#4119,#4120);
#4118 = CARTESIAN_POINT('',(2.,48.,0.));
#4119 = DIRECTION('',(0.,0.,1.));
#4120 = DIRECTION('',(-1.,-0.,0.));
#4121 = ADVANCED_FACE('',(#4122),#4279,.T.);
#4122 = FACE_BOUND('',#4123,.T.);
#4123 = EDGE_LOOP('',(#4124,#4125,#4133,#4141,#4149,#4157,#4165,#4173,
    #4181,#4189,#4197,#4205,#4213,#4221,#4229,#4237,#4245,#4253,#4261,
    #4270,#4276,#4277,#4278));
#4124 = ORIENTED_EDGE('',*,*,#3421,.F.);
#4125 = ORIENTED_EDGE('',*,*,#4126,.T.);
#4126 = EDGE_CURVE('',#3414,#4127,#4129,.T.);
#4127 = VERTEX_POINT('',#4128);
#4128 = CARTESIAN_POINT('',(2.5,11.5,12.));
#4129 = LINE('',#4130,#4131);
#4130 = CARTESIAN_POINT('',(0.,11.5,12.));
#4131 = VECTOR('',#4132,1.);
#4132 = DIRECTION('',(1.,0.,-0.));
#4133 = ORIENTED_EDGE('',*,*,#4134,.T.);
#4134 = EDGE_CURVE('',#4127,#4135,#4137,.T.);
#4135 = VERTEX_POINT('',#4136);
#4136 = CARTESIAN_POINT('',(2.5,13.,12.));
#4137 = LINE('',#4138,#4139);
#4138 = CARTESIAN_POINT('',(2.5,21.004966661111,12.));
#4139 = VECTOR('',#4140,1.);
#4140 = DIRECTION('',(-0.,1.,0.));
#4141 = ORIENTED_EDGE('',*,*,#4142,.F.);
#4142 = EDGE_CURVE('',#4143,#4135,#4145,.T.);
#4143 = VERTEX_POINT('',#4144);
#4144 = CARTESIAN_POINT('',(1.5,13.,12.));
#4145 = LINE('',#4146,#4147);
#4146 = CARTESIAN_POINT('',(0.,13.,12.));
#4147 = VECTOR('',#4148,1.);
#4148 = DIRECTION('',(1.,0.,-0.));
#4149 = ORIENTED_EDGE('',*,*,#4150,.T.);
#4150 = EDGE_CURVE('',#4143,#4151,#4153,.T.);
#4151 = VERTEX_POINT('',#4152);
#4152 = CARTESIAN_POINT('',(1.5,48.5,12.));
#4153 = LINE('',#4154,#4155);
#4154 = CARTESIAN_POINT('',(1.5,11.5,12.));
#4155 = VECTOR('',#4156,1.);
#4156 = DIRECTION('',(-0.,1.,0.));
#4157 = ORIENTED_EDGE('',*,*,#4158,.T.);
#4158 = EDGE_CURVE('',#4151,#4159,#4161,.T.);
#4159 = VERTEX_POINT('',#4160);
#4160 = CARTESIAN_POINT('',(57.5,48.5,12.));
#4161 = LINE('',#4162,#4163);
#4162 = CARTESIAN_POINT('',(0.,48.5,12.));
#4163 = VECTOR('',#4164,1.);
#4164 = DIRECTION('',(1.,0.,-0.));
#4165 = ORIENTED_EDGE('',*,*,#4166,.F.);
#4166 = EDGE_CURVE('',#4167,#4159,#4169,.T.);
#4167 = VERTEX_POINT('',#4168);
#4168 = CARTESIAN_POINT('',(57.5,13.,12.));
#4169 = LINE('',#4170,#4171);
#4170 = CARTESIAN_POINT('',(57.5,11.5,12.));
#4171 = VECTOR('',#4172,1.);
#4172 = DIRECTION('',(-0.,1.,0.));
#4173 = ORIENTED_EDGE('',*,*,#4174,.F.);
#4174 = EDGE_CURVE('',#4175,#4167,#4177,.T.);
#4175 = VERTEX_POINT('',#4176);
#4176 = CARTESIAN_POINT('',(9.5,13.,12.));
#4177 = LINE('',#4178,#4179);
#4178 = CARTESIAN_POINT('',(0.,13.,12.));
#4179 = VECTOR('',#4180,1.);
#4180 = DIRECTION('',(1.,0.,-0.));
#4181 = ORIENTED_EDGE('',*,*,#4182,.F.);
#4182 = EDGE_CURVE('',#4183,#4175,#4185,.T.);
#4183 = VERTEX_POINT('',#4184);
#4184 = CARTESIAN_POINT('',(9.5,11.5,12.));
#4185 = LINE('',#4186,#4187);
#4186 = CARTESIAN_POINT('',(9.5,21.004966661111,12.));
#4187 = VECTOR('',#4188,1.);
#4188 = DIRECTION('',(-0.,1.,0.));
#4189 = ORIENTED_EDGE('',*,*,#4190,.T.);
#4190 = EDGE_CURVE('',#4183,#4191,#4193,.T.);
#4191 = VERTEX_POINT('',#4192);
#4192 = CARTESIAN_POINT('',(69.,11.5,12.));
#4193 = LINE('',#4194,#4195);
#4194 = CARTESIAN_POINT('',(0.,11.5,12.));
#4195 = VECTOR('',#4196,1.);
#4196 = DIRECTION('',(1.,0.,-0.));
#4197 = ORIENTED_EDGE('',*,*,#4198,.T.);
#4198 = EDGE_CURVE('',#4191,#4199,#4201,.T.);
#4199 = VERTEX_POINT('',#4200);
#4200 = CARTESIAN_POINT('',(69.,13.,12.));
#4201 = LINE('',#4202,#4203);
#4202 = CARTESIAN_POINT('',(69.,11.5,12.));
#4203 = VECTOR('',#4204,1.);
#4204 = DIRECTION('',(-0.,1.,0.));
#4205 = ORIENTED_EDGE('',*,*,#4206,.F.);
#4206 = EDGE_CURVE('',#4207,#4199,#4209,.T.);
#4207 = VERTEX_POINT('',#4208);
#4208 = CARTESIAN_POINT('',(59.,13.,12.));
#4209 = LINE('',#4210,#4211);
#4210 = CARTESIAN_POINT('',(0.,13.,12.));
#4211 = VECTOR('',#4212,1.);
#4212 = DIRECTION('',(1.,0.,-0.));
#4213 = ORIENTED_EDGE('',*,*,#4214,.T.);
#4214 = EDGE_CURVE('',#4207,#4215,#4217,.T.);
#4215 = VERTEX_POINT('',#4216);
#4216 = CARTESIAN_POINT('',(59.,43.,12.));
#4217 = LINE('',#4218,#4219);
#4218 = CARTESIAN_POINT('',(59.,11.5,12.));
#4219 = VECTOR('',#4220,1.);
#4220 = DIRECTION('',(-0.,1.,0.));
#4221 = ORIENTED_EDGE('',*,*,#4222,.T.);
#4222 = EDGE_CURVE('',#4215,#4223,#4225,.T.);
#4223 = VERTEX_POINT('',#4224);
#4224 = CARTESIAN_POINT('',(58.9,43.,12.));
#4225 = LINE('',#4226,#4227);
#4226 = CARTESIAN_POINT('',(58.2,43.,12.));
#4227 = VECTOR('',#4228,1.);
#4228 = DIRECTION('',(-1.,-0.,0.));
#4229 = ORIENTED_EDGE('',*,*,#4230,.T.);
#4230 = EDGE_CURVE('',#4223,#4231,#4233,.T.);
#4231 = VERTEX_POINT('',#4232);
#4232 = CARTESIAN_POINT('',(58.9,47.,12.));
#4233 = LINE('',#4234,#4235);
#4234 = CARTESIAN_POINT('',(58.9,27.25,12.));
#4235 = VECTOR('',#4236,1.);
#4236 = DIRECTION('',(-0.,1.,0.));
#4237 = ORIENTED_EDGE('',*,*,#4238,.F.);
#4238 = EDGE_CURVE('',#4239,#4231,#4241,.T.);
#4239 = VERTEX_POINT('',#4240);
#4240 = CARTESIAN_POINT('',(59.,47.,12.));
#4241 = LINE('',#4242,#4243);
#4242 = CARTESIAN_POINT('',(58.2,47.,12.));
#4243 = VECTOR('',#4244,1.);
#4244 = DIRECTION('',(-1.,-0.,0.));
#4245 = ORIENTED_EDGE('',*,*,#4246,.T.);
#4246 = EDGE_CURVE('',#4239,#4247,#4249,.T.);
#4247 = VERTEX_POINT('',#4248);
#4248 = CARTESIAN_POINT('',(59.,48.5,12.));
#4249 = LINE('',#4250,#4251);
#4250 = CARTESIAN_POINT('',(59.,11.5,12.));
#4251 = VECTOR('',#4252,1.);
#4252 = DIRECTION('',(-0.,1.,0.));
#4253 = ORIENTED_EDGE('',*,*,#4254,.T.);
#4254 = EDGE_CURVE('',#4247,#4255,#4257,.T.);
#4255 = VERTEX_POINT('',#4256);
#4256 = CARTESIAN_POINT('',(68.936491673104,48.5,12.));
#4257 = LINE('',#4258,#4259);
#4258 = CARTESIAN_POINT('',(0.,48.5,12.));
#4259 = VECTOR('',#4260,1.);
#4260 = DIRECTION('',(1.,0.,-0.));
#4261 = ORIENTED_EDGE('',*,*,#4262,.T.);
#4262 = EDGE_CURVE('',#4255,#4263,#4265,.T.);
#4263 = VERTEX_POINT('',#4264);
#4264 = CARTESIAN_POINT('',(67.,50.,12.));
#4265 = CIRCLE('',#4266,2.);
#4266 = AXIS2_PLACEMENT_3D('',#4267,#4268,#4269);
#4267 = CARTESIAN_POINT('',(67.,48.,12.));
#4268 = DIRECTION('',(0.,0.,1.));
#4269 = DIRECTION('',(1.,0.,-0.));
#4270 = ORIENTED_EDGE('',*,*,#4271,.F.);
#4271 = EDGE_CURVE('',#4102,#4263,#4272,.T.);
#4272 = LINE('',#4273,#4274);
#4273 = CARTESIAN_POINT('',(0.,50.,12.));
#4274 = VECTOR('',#4275,1.);
#4275 = DIRECTION('',(1.,0.,-0.));
#4276 = ORIENTED_EDGE('',*,*,#4101,.T.);
#4277 = ORIENTED_EDGE('',*,*,#4092,.T.);
#4278 = ORIENTED_EDGE('',*,*,#4083,.T.);
#4279 = PLANE('',#4280);
#4280 = AXIS2_PLACEMENT_3D('',#4281,#4282,#4283);
#4281 = CARTESIAN_POINT('',(35.514588714957,30.609933322221,12.));
#4282 = DIRECTION('',(0.,0.,1.));
#4283 = DIRECTION('',(1.,0.,-0.));
#4284 = ADVANCED_FACE('',(#4285),#4326,.T.);
#4285 = FACE_BOUND('',#4286,.T.);
#4286 = EDGE_LOOP('',(#4287,#4288,#4296,#4302,#4303,#4311,#4319,#4325));
#4287 = ORIENTED_EDGE('',*,*,#3413,.F.);
#4288 = ORIENTED_EDGE('',*,*,#4289,.T.);
#4289 = EDGE_CURVE('',#3406,#4290,#4292,.T.);
#4290 = VERTEX_POINT('',#4291);
#4291 = CARTESIAN_POINT('',(69.,11.5,0.));
#4292 = LINE('',#4293,#4294);
#4293 = CARTESIAN_POINT('',(0.,11.5,0.));
#4294 = VECTOR('',#4295,1.);
#4295 = DIRECTION('',(1.,0.,-0.));
#4296 = ORIENTED_EDGE('',*,*,#4297,.T.);
#4297 = EDGE_CURVE('',#4290,#4191,#4298,.T.);
#4298 = LINE('',#4299,#4300);
#4299 = CARTESIAN_POINT('',(69.,11.5,0.));
#4300 = VECTOR('',#4301,1.);
#4301 = DIRECTION('',(0.,0.,1.));
#4302 = ORIENTED_EDGE('',*,*,#4190,.F.);
#4303 = ORIENTED_EDGE('',*,*,#4304,.F.);
#4304 = EDGE_CURVE('',#4305,#4183,#4307,.T.);
#4305 = VERTEX_POINT('',#4306);
#4306 = CARTESIAN_POINT('',(9.5,11.5,9.5));
#4307 = LINE('',#4308,#4309);
#4308 = CARTESIAN_POINT('',(9.5,11.5,7.75));
#4309 = VECTOR('',#4310,1.);
#4310 = DIRECTION('',(0.,-0.,1.));
#4311 = ORIENTED_EDGE('',*,*,#4312,.T.);
#4312 = EDGE_CURVE('',#4305,#4313,#4315,.T.);
#4313 = VERTEX_POINT('',#4314);
#4314 = CARTESIAN_POINT('',(2.5,11.5,9.5));
#4315 = LINE('',#4316,#4317);
#4316 = CARTESIAN_POINT('',(18.5,11.5,9.5));
#4317 = VECTOR('',#4318,1.);
#4318 = DIRECTION('',(-1.,0.,0.));
#4319 = ORIENTED_EDGE('',*,*,#4320,.T.);
#4320 = EDGE_CURVE('',#4313,#4127,#4321,.T.);
#4321 = LINE('',#4322,#4323);
#4322 = CARTESIAN_POINT('',(2.5,11.5,7.75));
#4323 = VECTOR('',#4324,1.);
#4324 = DIRECTION('',(0.,-0.,1.));
#4325 = ORIENTED_EDGE('',*,*,#4126,.F.);
#4326 = PLANE('',#4327);
#4327 = AXIS2_PLACEMENT_3D('',#4328,#4329,#4330);
#4328 = CARTESIAN_POINT('',(34.5,11.5,6.));
#4329 = DIRECTION('',(-0.,-1.,-0.));
#4330 = DIRECTION('',(0.,0.,-1.));
#4331 = ADVANCED_FACE('',(#4332,#4432,#4443,#4454,#4488,#4499),#4533,.T.
  );
#4332 = FACE_BOUND('',#4333,.T.);
#4333 = EDGE_LOOP('',(#4334,#4335,#4344,#4352,#4360,#4368,#4376,#4384,
    #4392,#4400,#4408,#4416,#4425,#4431));
#4334 = ORIENTED_EDGE('',*,*,#3405,.F.);
#4335 = ORIENTED_EDGE('',*,*,#4336,.T.);
#4336 = EDGE_CURVE('',#3398,#4337,#4339,.T.);
#4337 = VERTEX_POINT('',#4338);
#4338 = CARTESIAN_POINT('',(2.,-4.440892098501E-16,0.));
#4339 = CIRCLE('',#4340,2.);
#4340 = AXIS2_PLACEMENT_3D('',#4341,#4342,#4343);
#4341 = CARTESIAN_POINT('',(2.,2.,0.));
#4342 = DIRECTION('',(0.,0.,1.));
#4343 = DIRECTION('',(0.,-1.,0.));
#4344 = ORIENTED_EDGE('',*,*,#4345,.T.);
#4345 = EDGE_CURVE('',#4337,#4346,#4348,.T.);
#4346 = VERTEX_POINT('',#4347);
#4347 = CARTESIAN_POINT('',(28.,0.,0.));
#4348 = LINE('',#4349,#4350);
#4349 = CARTESIAN_POINT('',(0.,0.,0.));
#4350 = VECTOR('',#4351,1.);
#4351 = DIRECTION('',(1.,0.,-0.));
#4352 = ORIENTED_EDGE('',*,*,#4353,.T.);
#4353 = EDGE_CURVE('',#4346,#4354,#4356,.T.);
#4354 = VERTEX_POINT('',#4355);
#4355 = CARTESIAN_POINT('',(28.,1.3,0.));
#4356 = LINE('',#4357,#4358);
#4357 = CARTESIAN_POINT('',(28.,0.,0.));
#4358 = VECTOR('',#4359,1.);
#4359 = DIRECTION('',(-0.,1.,0.));
#4360 = ORIENTED_EDGE('',*,*,#4361,.T.);
#4361 = EDGE_CURVE('',#4354,#4362,#4364,.T.);
#4362 = VERTEX_POINT('',#4363);
#4363 = CARTESIAN_POINT('',(36.,1.3,0.));
#4364 = LINE('',#4365,#4366);
#4365 = CARTESIAN_POINT('',(28.,1.3,0.));
#4366 = VECTOR('',#4367,1.);
#4367 = DIRECTION('',(1.,0.,-0.));
#4368 = ORIENTED_EDGE('',*,*,#4369,.F.);
#4369 = EDGE_CURVE('',#4370,#4362,#4372,.T.);
#4370 = VERTEX_POINT('',#4371);
#4371 = CARTESIAN_POINT('',(36.,0.,0.));
#4372 = LINE('',#4373,#4374);
#4373 = CARTESIAN_POINT('',(36.,0.,0.));
#4374 = VECTOR('',#4375,1.);
#4375 = DIRECTION('',(-0.,1.,0.));
#4376 = ORIENTED_EDGE('',*,*,#4377,.T.);
#4377 = EDGE_CURVE('',#4370,#4378,#4380,.T.);
#4378 = VERTEX_POINT('',#4379);
#4379 = CARTESIAN_POINT('',(46.,0.,0.));
#4380 = LINE('',#4381,#4382);
#4381 = CARTESIAN_POINT('',(0.,0.,0.));
#4382 = VECTOR('',#4383,1.);
#4383 = DIRECTION('',(1.,0.,-0.));
#4384 = ORIENTED_EDGE('',*,*,#4385,.T.);
#4385 = EDGE_CURVE('',#4378,#4386,#4388,.T.);
#4386 = VERTEX_POINT('',#4387);
#4387 = CARTESIAN_POINT('',(46.,1.3,0.));
#4388 = LINE('',#4389,#4390);
#4389 = CARTESIAN_POINT('',(46.,0.,0.));
#4390 = VECTOR('',#4391,1.);
#4391 = DIRECTION('',(-0.,1.,0.));
#4392 = ORIENTED_EDGE('',*,*,#4393,.T.);
#4393 = EDGE_CURVE('',#4386,#4394,#4396,.T.);
#4394 = VERTEX_POINT('',#4395);
#4395 = CARTESIAN_POINT('',(54.,1.3,0.));
#4396 = LINE('',#4397,#4398);
#4397 = CARTESIAN_POINT('',(46.,1.3,0.));
#4398 = VECTOR('',#4399,1.);
#4399 = DIRECTION('',(1.,0.,-0.));
#4400 = ORIENTED_EDGE('',*,*,#4401,.F.);
#4401 = EDGE_CURVE('',#4402,#4394,#4404,.T.);
#4402 = VERTEX_POINT('',#4403);
#4403 = CARTESIAN_POINT('',(54.,0.,0.));
#4404 = LINE('',#4405,#4406);
#4405 = CARTESIAN_POINT('',(54.,0.,0.));
#4406 = VECTOR('',#4407,1.);
#4407 = DIRECTION('',(-0.,1.,0.));
#4408 = ORIENTED_EDGE('',*,*,#4409,.T.);
#4409 = EDGE_CURVE('',#4402,#4410,#4412,.T.);
#4410 = VERTEX_POINT('',#4411);
#4411 = CARTESIAN_POINT('',(67.,-4.440892098501E-16,0.));
#4412 = LINE('',#4413,#4414);
#4413 = CARTESIAN_POINT('',(0.,0.,0.));
#4414 = VECTOR('',#4415,1.);
#4415 = DIRECTION('',(1.,0.,-0.));
#4416 = ORIENTED_EDGE('',*,*,#4417,.F.);
#4417 = EDGE_CURVE('',#4418,#4410,#4420,.T.);
#4418 = VERTEX_POINT('',#4419);
#4419 = CARTESIAN_POINT('',(69.,2.,0.));
#4420 = CIRCLE('',#4421,2.);
#4421 = AXIS2_PLACEMENT_3D('',#4422,#4423,#4424);
#4422 = CARTESIAN_POINT('',(67.,2.,0.));
#4423 = DIRECTION('',(-0.,-0.,-1.));
#4424 = DIRECTION('',(0.,-1.,0.));
#4425 = ORIENTED_EDGE('',*,*,#4426,.T.);
#4426 = EDGE_CURVE('',#4418,#4290,#4427,.T.);
#4427 = LINE('',#4428,#4429);
#4428 = CARTESIAN_POINT('',(69.,0.,0.));
#4429 = VECTOR('',#4430,1.);
#4430 = DIRECTION('',(-0.,1.,0.));
#4431 = ORIENTED_EDGE('',*,*,#4289,.F.);
#4432 = FACE_BOUND('',#4433,.T.);
#4433 = EDGE_LOOP('',(#4434));
#4434 = ORIENTED_EDGE('',*,*,#4435,.F.);
#4435 = EDGE_CURVE('',#4436,#4436,#4438,.T.);
#4436 = VERTEX_POINT('',#4437);
#4437 = CARTESIAN_POINT('',(28.8,4.2,0.));
#4438 = CIRCLE('',#4439,1.3);
#4439 = AXIS2_PLACEMENT_3D('',#4440,#4441,#4442);
#4440 = CARTESIAN_POINT('',(27.5,4.2,0.));
#4441 = DIRECTION('',(0.,0.,1.));
#4442 = DIRECTION('',(1.,0.,-0.));
#4443 = FACE_BOUND('',#4444,.T.);
#4444 = EDGE_LOOP('',(#4445));
#4445 = ORIENTED_EDGE('',*,*,#4446,.F.);
#4446 = EDGE_CURVE('',#4447,#4447,#4449,.T.);
#4447 = VERTEX_POINT('',#4448);
#4448 = CARTESIAN_POINT('',(57.8,4.2,0.));
#4449 = CIRCLE('',#4450,1.3);
#4450 = AXIS2_PLACEMENT_3D('',#4451,#4452,#4453);
#4451 = CARTESIAN_POINT('',(56.5,4.2,0.));
#4452 = DIRECTION('',(0.,0.,1.));
#4453 = DIRECTION('',(1.,0.,-0.));
#4454 = FACE_BOUND('',#4455,.T.);
#4455 = EDGE_LOOP('',(#4456,#4466,#4474,#4482));
#4456 = ORIENTED_EDGE('',*,*,#4457,.F.);
#4457 = EDGE_CURVE('',#4458,#4460,#4462,.T.);
#4458 = VERTEX_POINT('',#4459);
#4459 = CARTESIAN_POINT('',(23.9,3.,0.));
#4460 = VERTEX_POINT('',#4461);
#4461 = CARTESIAN_POINT('',(25.1,3.,0.));
#4462 = LINE('',#4463,#4464);
#4463 = CARTESIAN_POINT('',(23.9,3.,0.));
#4464 = VECTOR('',#4465,1.);
#4465 = DIRECTION('',(1.,0.,-0.));
#4466 = ORIENTED_EDGE('',*,*,#4467,.T.);
#4467 = EDGE_CURVE('',#4458,#4468,#4470,.T.);
#4468 = VERTEX_POINT('',#4469);
#4469 = CARTESIAN_POINT('',(23.9,7.,0.));
#4470 = LINE('',#4471,#4472);
#4471 = CARTESIAN_POINT('',(23.9,3.,0.));
#4472 = VECTOR('',#4473,1.);
#4473 = DIRECTION('',(-0.,1.,0.));
#4474 = ORIENTED_EDGE('',*,*,#4475,.T.);
#4475 = EDGE_CURVE('',#4468,#4476,#4478,.T.);
#4476 = VERTEX_POINT('',#4477);
#4477 = CARTESIAN_POINT('',(25.1,7.,0.));
#4478 = LINE('',#4479,#4480);
#4479 = CARTESIAN_POINT('',(23.9,7.,0.));
#4480 = VECTOR('',#4481,1.);
#4481 = DIRECTION('',(1.,0.,-0.));
#4482 = ORIENTED_EDGE('',*,*,#4483,.F.);
#4483 = EDGE_CURVE('',#4460,#4476,#4484,.T.);
#4484 = LINE('',#4485,#4486);
#4485 = CARTESIAN_POINT('',(25.1,3.,0.));
#4486 = VECTOR('',#4487,1.);
#4487 = DIRECTION('',(-0.,1.,0.));
#4488 = FACE_BOUND('',#4489,.T.);
#4489 = EDGE_LOOP('',(#4490));
#4490 = ORIENTED_EDGE('',*,*,#4491,.F.);
#4491 = EDGE_CURVE('',#4492,#4492,#4494,.T.);
#4492 = VERTEX_POINT('',#4493);
#4493 = CARTESIAN_POINT('',(44.9,4.87,0.));
#4494 = CIRCLE('',#4495,2.9);
#4495 = AXIS2_PLACEMENT_3D('',#4496,#4497,#4498);
#4496 = CARTESIAN_POINT('',(42.,4.87,0.));
#4497 = DIRECTION('',(0.,0.,1.));
#4498 = DIRECTION('',(1.,0.,-0.));
#4499 = FACE_BOUND('',#4500,.T.);
#4500 = EDGE_LOOP('',(#4501,#4511,#4519,#4527));
#4501 = ORIENTED_EDGE('',*,*,#4502,.F.);
#4502 = EDGE_CURVE('',#4503,#4505,#4507,.T.);
#4503 = VERTEX_POINT('',#4504);
#4504 = CARTESIAN_POINT('',(58.9,3.,0.));
#4505 = VERTEX_POINT('',#4506);
#4506 = CARTESIAN_POINT('',(60.1,3.,0.));
#4507 = LINE('',#4508,#4509);
#4508 = CARTESIAN_POINT('',(58.9,3.,0.));
#4509 = VECTOR('',#4510,1.);
#4510 = DIRECTION('',(1.,0.,-0.));
#4511 = ORIENTED_EDGE('',*,*,#4512,.T.);
#4512 = EDGE_CURVE('',#4503,#4513,#4515,.T.);
#4513 = VERTEX_POINT('',#4514);
#4514 = CARTESIAN_POINT('',(58.9,7.,0.));
#4515 = LINE('',#4516,#4517);
#4516 = CARTESIAN_POINT('',(58.9,3.,0.));
#4517 = VECTOR('',#4518,1.);
#4518 = DIRECTION('',(-0.,1.,0.));
#4519 = ORIENTED_EDGE('',*,*,#4520,.T.);
#4520 = EDGE_CURVE('',#4513,#4521,#4523,.T.);
#4521 = VERTEX_POINT('',#4522);
#4522 = CARTESIAN_POINT('',(60.1,7.,0.));
#4523 = LINE('',#4524,#4525);
#4524 = CARTESIAN_POINT('',(58.9,7.,0.));
#4525 = VECTOR('',#4526,1.);
#4526 = DIRECTION('',(1.,0.,-0.));
#4527 = ORIENTED_EDGE('',*,*,#4528,.F.);
#4528 = EDGE_CURVE('',#4505,#4521,#4529,.T.);
#4529 = LINE('',#4530,#4531);
#4530 = CARTESIAN_POINT('',(60.1,3.,0.));
#4531 = VECTOR('',#4532,1.);
#4532 = DIRECTION('',(-0.,1.,0.));
#4533 = PLANE('',#4534);
#4534 = AXIS2_PLACEMENT_3D('',#4535,#4536,#4537);
#4535 = CARTESIAN_POINT('',(0.,0.,0.));
#4536 = DIRECTION('',(0.,0.,1.));
#4537 = DIRECTION('',(1.,0.,-0.));
#4538 = ADVANCED_FACE('',(#4539),#4550,.F.);
#4539 = FACE_BOUND('',#4540,.F.);
#4540 = EDGE_LOOP('',(#4541,#4542,#4543,#4549));
#4541 = ORIENTED_EDGE('',*,*,#3397,.F.);
#4542 = ORIENTED_EDGE('',*,*,#4336,.T.);
#4543 = ORIENTED_EDGE('',*,*,#4544,.T.);
#4544 = EDGE_CURVE('',#4337,#3928,#4545,.T.);
#4545 = LINE('',#4546,#4547);
#4546 = CARTESIAN_POINT('',(2.,-4.440892098501E-16,0.));
#4547 = VECTOR('',#4548,1.);
#4548 = DIRECTION('',(0.,0.,1.));
#4549 = ORIENTED_EDGE('',*,*,#3927,.F.);
#4550 = CYLINDRICAL_SURFACE('',#4551,2.);
#4551 = AXIS2_PLACEMENT_3D('',#4552,#4553,#4554);
#4552 = CARTESIAN_POINT('',(2.,2.,0.));
#4553 = DIRECTION('',(0.,0.,1.));
#4554 = DIRECTION('',(-1.,-0.,0.));
#4555 = ADVANCED_FACE('',(#4556),#4575,.F.);
#4556 = FACE_BOUND('',#4557,.F.);
#4557 = EDGE_LOOP('',(#4558,#4567,#4573,#4574));
#4558 = ORIENTED_EDGE('',*,*,#4559,.F.);
#4559 = EDGE_CURVE('',#4560,#4560,#4562,.T.);
#4560 = VERTEX_POINT('',#4561);
#4561 = CARTESIAN_POINT('',(-4.6,7.5,20.5));
#4562 = CIRCLE('',#4563,1.);
#4563 = AXIS2_PLACEMENT_3D('',#4564,#4565,#4566);
#4564 = CARTESIAN_POINT('',(-4.6,7.5,19.5));
#4565 = DIRECTION('',(1.,0.,0.));
#4566 = DIRECTION('',(-0.,0.,1.));
#4567 = ORIENTED_EDGE('',*,*,#4568,.F.);
#4568 = EDGE_CURVE('',#3485,#4560,#4569,.T.);
#4569 = LINE('',#4570,#4571);
#4570 = CARTESIAN_POINT('',(-8.6,7.5,20.5));
#4571 = VECTOR('',#4572,1.);
#4572 = DIRECTION('',(1.,0.,0.));
#4573 = ORIENTED_EDGE('',*,*,#3484,.T.);
#4574 = ORIENTED_EDGE('',*,*,#4568,.T.);
#4575 = CYLINDRICAL_SURFACE('',#4576,1.);
#4576 = AXIS2_PLACEMENT_3D('',#4577,#4578,#4579);
#4577 = CARTESIAN_POINT('',(-8.6,7.5,19.5));
#4578 = DIRECTION('',(1.,0.,0.));
#4579 = DIRECTION('',(-0.,0.,1.));
#4580 = ADVANCED_FACE('',(#4581),#4600,.F.);
#4581 = FACE_BOUND('',#4582,.F.);
#4582 = EDGE_LOOP('',(#4583,#4584,#4592,#4599));
#4583 = ORIENTED_EDGE('',*,*,#3501,.F.);
#4584 = ORIENTED_EDGE('',*,*,#4585,.F.);
#4585 = EDGE_CURVE('',#4586,#3502,#4588,.T.);
#4586 = VERTEX_POINT('',#4587);
#4587 = CARTESIAN_POINT('',(63.4,25.,21.8));
#4588 = LINE('',#4589,#4590);
#4589 = CARTESIAN_POINT('',(62.9,25.,21.8));
#4590 = VECTOR('',#4591,1.);
#4591 = DIRECTION('',(1.,0.,0.));
#4592 = ORIENTED_EDGE('',*,*,#4593,.T.);
#4593 = EDGE_CURVE('',#4586,#4586,#4594,.T.);
#4594 = CIRCLE('',#4595,8.8);
#4595 = AXIS2_PLACEMENT_3D('',#4596,#4597,#4598);
#4596 = CARTESIAN_POINT('',(63.4,25.,13.));
#4597 = DIRECTION('',(1.,0.,0.));
#4598 = DIRECTION('',(-0.,0.,1.));
#4599 = ORIENTED_EDGE('',*,*,#4585,.T.);
#4600 = CYLINDRICAL_SURFACE('',#4601,8.8);
#4601 = AXIS2_PLACEMENT_3D('',#4602,#4603,#4604);
#4602 = CARTESIAN_POINT('',(62.9,25.,13.));
#4603 = DIRECTION('',(1.,0.,0.));
#4604 = DIRECTION('',(-0.,0.,1.));
#4605 = ADVANCED_FACE('',(#4606,#4609),#4612,.F.);
#4606 = FACE_BOUND('',#4607,.F.);
#4607 = EDGE_LOOP('',(#4608));
#4608 = ORIENTED_EDGE('',*,*,#3530,.T.);
#4609 = FACE_BOUND('',#4610,.F.);
#4610 = EDGE_LOOP('',(#4611));
#4611 = ORIENTED_EDGE('',*,*,#3655,.F.);
#4612 = PLANE('',#4613);
#4613 = AXIS2_PLACEMENT_3D('',#4614,#4615,#4616);
#4614 = CARTESIAN_POINT('',(73.5,-4.5,-3.5));
#4615 = DIRECTION('',(0.,0.,1.));
#4616 = DIRECTION('',(1.,0.,-0.));
#4617 = ADVANCED_FACE('',(#4618,#4621),#4624,.F.);
#4618 = FACE_BOUND('',#4619,.F.);
#4619 = EDGE_LOOP('',(#4620));
#4620 = ORIENTED_EDGE('',*,*,#3555,.T.);
#4621 = FACE_BOUND('',#4622,.F.);
#4622 = EDGE_LOOP('',(#4623));
#4623 = ORIENTED_EDGE('',*,*,#3630,.F.);
#4624 = PLANE('',#4625);
#4625 = AXIS2_PLACEMENT_3D('',#4626,#4627,#4628);
#4626 = CARTESIAN_POINT('',(-4.5,-4.5,-3.5));
#4627 = DIRECTION('',(0.,0.,1.));
#4628 = DIRECTION('',(1.,0.,-0.));
#4629 = ADVANCED_FACE('',(#4630,#4633),#4636,.F.);
#4630 = FACE_BOUND('',#4631,.F.);
#4631 = EDGE_LOOP('',(#4632));
#4632 = ORIENTED_EDGE('',*,*,#3580,.T.);
#4633 = FACE_BOUND('',#4634,.F.);
#4634 = EDGE_LOOP('',(#4635));
#4635 = ORIENTED_EDGE('',*,*,#3901,.F.);
#4636 = PLANE('',#4637);
#4637 = AXIS2_PLACEMENT_3D('',#4638,#4639,#4640);
#4638 = CARTESIAN_POINT('',(73.5,54.5,-3.5));
#4639 = DIRECTION('',(0.,0.,1.));
#4640 = DIRECTION('',(1.,0.,-0.));
#4641 = ADVANCED_FACE('',(#4642,#4645),#4648,.F.);
#4642 = FACE_BOUND('',#4643,.F.);
#4643 = EDGE_LOOP('',(#4644));
#4644 = ORIENTED_EDGE('',*,*,#3605,.T.);
#4645 = FACE_BOUND('',#4646,.F.);
#4646 = EDGE_LOOP('',(#4647));
#4647 = ORIENTED_EDGE('',*,*,#3680,.F.);
#4648 = PLANE('',#4649);
#4649 = AXIS2_PLACEMENT_3D('',#4650,#4651,#4652);
#4650 = CARTESIAN_POINT('',(-4.5,54.5,-3.5));
#4651 = DIRECTION('',(0.,0.,1.));
#4652 = DIRECTION('',(1.,0.,-0.));
#4653 = ADVANCED_FACE('',(#4654),#4660,.T.);
#4654 = FACE_BOUND('',#4655,.T.);
#4655 = EDGE_LOOP('',(#4656,#4657,#4658,#4659));
#4656 = ORIENTED_EDGE('',*,*,#4027,.F.);
#4657 = ORIENTED_EDGE('',*,*,#4043,.T.);
#4658 = ORIENTED_EDGE('',*,*,#4068,.T.);
#4659 = ORIENTED_EDGE('',*,*,#3945,.F.);
#4660 = PLANE('',#4661);
#4661 = AXIS2_PLACEMENT_3D('',#4662,#4663,#4664);
#4662 = CARTESIAN_POINT('',(1.2,38.5,25.5));
#4663 = DIRECTION('',(1.,0.,-0.));
#4664 = DIRECTION('',(0.,0.,1.));
#4665 = ADVANCED_FACE('',(#4666,#4677),#4711,.F.);
#4666 = FACE_BOUND('',#4667,.F.);
#4667 = EDGE_LOOP('',(#4668,#4669,#4670,#4671));
#4668 = ORIENTED_EDGE('',*,*,#4271,.F.);
#4669 = ORIENTED_EDGE('',*,*,#4110,.T.);
#4670 = ORIENTED_EDGE('',*,*,#3969,.F.);
#4671 = ORIENTED_EDGE('',*,*,#4672,.F.);
#4672 = EDGE_CURVE('',#4263,#3970,#4673,.T.);
#4673 = LINE('',#4674,#4675);
#4674 = CARTESIAN_POINT('',(67.,50.,0.));
#4675 = VECTOR('',#4676,1.);
#4676 = DIRECTION('',(0.,0.,1.));
#4677 = FACE_BOUND('',#4678,.F.);
#4678 = EDGE_LOOP('',(#4679,#4689,#4697,#4705));
#4679 = ORIENTED_EDGE('',*,*,#4680,.F.);
#4680 = EDGE_CURVE('',#4681,#4683,#4685,.T.);
#4681 = VERTEX_POINT('',#4682);
#4682 = CARTESIAN_POINT('',(27.,50.,13.6));
#4683 = VERTEX_POINT('',#4684);
#4684 = CARTESIAN_POINT('',(27.,50.,19.3));
#4685 = LINE('',#4686,#4687);
#4686 = CARTESIAN_POINT('',(27.,50.,13.6));
#4687 = VECTOR('',#4688,1.);
#4688 = DIRECTION('',(0.,0.,1.));
#4689 = ORIENTED_EDGE('',*,*,#4690,.T.);
#4690 = EDGE_CURVE('',#4681,#4691,#4693,.T.);
#4691 = VERTEX_POINT('',#4692);
#4692 = CARTESIAN_POINT('',(57.,50.,13.6));
#4693 = LINE('',#4694,#4695);
#4694 = CARTESIAN_POINT('',(27.,50.,13.6));
#4695 = VECTOR('',#4696,1.);
#4696 = DIRECTION('',(1.,0.,-0.));
#4697 = ORIENTED_EDGE('',*,*,#4698,.T.);
#4698 = EDGE_CURVE('',#4691,#4699,#4701,.T.);
#4699 = VERTEX_POINT('',#4700);
#4700 = CARTESIAN_POINT('',(57.,50.,19.3));
#4701 = LINE('',#4702,#4703);
#4702 = CARTESIAN_POINT('',(57.,50.,13.6));
#4703 = VECTOR('',#4704,1.);
#4704 = DIRECTION('',(0.,0.,1.));
#4705 = ORIENTED_EDGE('',*,*,#4706,.F.);
#4706 = EDGE_CURVE('',#4683,#4699,#4707,.T.);
#4707 = LINE('',#4708,#4709);
#4708 = CARTESIAN_POINT('',(27.,50.,19.3));
#4709 = VECTOR('',#4710,1.);
#4710 = DIRECTION('',(1.,0.,-0.));
#4711 = PLANE('',#4712);
#4712 = AXIS2_PLACEMENT_3D('',#4713,#4714,#4715);
#4713 = CARTESIAN_POINT('',(0.,50.,0.));
#4714 = DIRECTION('',(-0.,1.,0.));
#4715 = DIRECTION('',(0.,0.,1.));
#4716 = ADVANCED_FACE('',(#4717),#4745,.F.);
#4717 = FACE_BOUND('',#4718,.F.);
#4718 = EDGE_LOOP('',(#4719,#4727,#4736,#4742,#4743,#4744));
#4719 = ORIENTED_EDGE('',*,*,#4720,.F.);
#4720 = EDGE_CURVE('',#4721,#3978,#4723,.T.);
#4721 = VERTEX_POINT('',#4722);
#4722 = CARTESIAN_POINT('',(69.,48.,0.));
#4723 = LINE('',#4724,#4725);
#4724 = CARTESIAN_POINT('',(69.,48.,0.));
#4725 = VECTOR('',#4726,1.);
#4726 = DIRECTION('',(0.,0.,1.));
#4727 = ORIENTED_EDGE('',*,*,#4728,.T.);
#4728 = EDGE_CURVE('',#4721,#4729,#4731,.T.);
#4729 = VERTEX_POINT('',#4730);
#4730 = CARTESIAN_POINT('',(68.936491673104,48.5,0.));
#4731 = CIRCLE('',#4732,2.);
#4732 = AXIS2_PLACEMENT_3D('',#4733,#4734,#4735);
#4733 = CARTESIAN_POINT('',(67.,48.,0.));
#4734 = DIRECTION('',(0.,0.,1.));
#4735 = DIRECTION('',(0.,-1.,0.));
#4736 = ORIENTED_EDGE('',*,*,#4737,.T.);
#4737 = EDGE_CURVE('',#4729,#4255,#4738,.T.);
#4738 = LINE('',#4739,#4740);
#4739 = CARTESIAN_POINT('',(68.936491673104,48.5,0.));
#4740 = VECTOR('',#4741,1.);
#4741 = DIRECTION('',(0.,0.,1.));
#4742 = ORIENTED_EDGE('',*,*,#4262,.T.);
#4743 = ORIENTED_EDGE('',*,*,#4672,.T.);
#4744 = ORIENTED_EDGE('',*,*,#3977,.F.);
#4745 = CYLINDRICAL_SURFACE('',#4746,2.);
#4746 = AXIS2_PLACEMENT_3D('',#4747,#4748,#4749);
#4747 = CARTESIAN_POINT('',(67.,48.,0.));
#4748 = DIRECTION('',(0.,0.,1.));
#4749 = DIRECTION('',(1.,0.,-0.));
#4750 = ADVANCED_FACE('',(#4751,#4778),#4789,.F.);
#4751 = FACE_BOUND('',#4752,.F.);
#4752 = EDGE_LOOP('',(#4753,#4754,#4760,#4761,#4762,#4763,#4771,#4777));
#4753 = ORIENTED_EDGE('',*,*,#3986,.F.);
#4754 = ORIENTED_EDGE('',*,*,#4755,.F.);
#4755 = EDGE_CURVE('',#4418,#3987,#4756,.T.);
#4756 = LINE('',#4757,#4758);
#4757 = CARTESIAN_POINT('',(69.,2.,0.));
#4758 = VECTOR('',#4759,1.);
#4759 = DIRECTION('',(0.,0.,1.));
#4760 = ORIENTED_EDGE('',*,*,#4426,.T.);
#4761 = ORIENTED_EDGE('',*,*,#4297,.T.);
#4762 = ORIENTED_EDGE('',*,*,#4198,.T.);
#4763 = ORIENTED_EDGE('',*,*,#4764,.F.);
#4764 = EDGE_CURVE('',#4765,#4199,#4767,.T.);
#4765 = VERTEX_POINT('',#4766);
#4766 = CARTESIAN_POINT('',(69.,13.,0.));
#4767 = LINE('',#4768,#4769);
#4768 = CARTESIAN_POINT('',(69.,13.,0.));
#4769 = VECTOR('',#4770,1.);
#4770 = DIRECTION('',(0.,0.,1.));
#4771 = ORIENTED_EDGE('',*,*,#4772,.T.);
#4772 = EDGE_CURVE('',#4765,#4721,#4773,.T.);
#4773 = LINE('',#4774,#4775);
#4774 = CARTESIAN_POINT('',(69.,0.,0.));
#4775 = VECTOR('',#4776,1.);
#4776 = DIRECTION('',(-0.,1.,0.));
#4777 = ORIENTED_EDGE('',*,*,#4720,.T.);
#4778 = FACE_BOUND('',#4779,.F.);
#4779 = EDGE_LOOP('',(#4780));
#4780 = ORIENTED_EDGE('',*,*,#4781,.F.);
#4781 = EDGE_CURVE('',#4782,#4782,#4784,.T.);
#4782 = VERTEX_POINT('',#4783);
#4783 = CARTESIAN_POINT('',(69.,25.,24.8));
#4784 = CIRCLE('',#4785,11.8);
#4785 = AXIS2_PLACEMENT_3D('',#4786,#4787,#4788);
#4786 = CARTESIAN_POINT('',(69.,25.,13.));
#4787 = DIRECTION('',(1.,0.,0.));
#4788 = DIRECTION('',(-0.,0.,1.));
#4789 = PLANE('',#4790);
#4790 = AXIS2_PLACEMENT_3D('',#4791,#4792,#4793);
#4791 = CARTESIAN_POINT('',(69.,0.,0.));
#4792 = DIRECTION('',(1.,0.,-0.));
#4793 = DIRECTION('',(0.,0.,1.));
#4794 = ADVANCED_FACE('',(#4795),#4806,.F.);
#4795 = FACE_BOUND('',#4796,.T.);
#4796 = EDGE_LOOP('',(#4797,#4798,#4799,#4805));
#4797 = ORIENTED_EDGE('',*,*,#4755,.F.);
#4798 = ORIENTED_EDGE('',*,*,#4417,.T.);
#4799 = ORIENTED_EDGE('',*,*,#4800,.T.);
#4800 = EDGE_CURVE('',#4410,#3995,#4801,.T.);
#4801 = LINE('',#4802,#4803);
#4802 = CARTESIAN_POINT('',(67.,-4.440892098501E-16,0.));
#4803 = VECTOR('',#4804,1.);
#4804 = DIRECTION('',(0.,0.,1.));
#4805 = ORIENTED_EDGE('',*,*,#3994,.T.);
#4806 = CYLINDRICAL_SURFACE('',#4807,2.);
#4807 = AXIS2_PLACEMENT_3D('',#4808,#4809,#4810);
#4808 = CARTESIAN_POINT('',(67.,2.,0.));
#4809 = DIRECTION('',(0.,0.,1.));
#4810 = DIRECTION('',(1.,0.,-0.));
#4811 = ADVANCED_FACE('',(#4812),#4864,.T.);
#4812 = FACE_BOUND('',#4813,.T.);
#4813 = EDGE_LOOP('',(#4814,#4815,#4816,#4817,#4818,#4819,#4827,#4835,
    #4841,#4842,#4850,#4858));
#4814 = ORIENTED_EDGE('',*,*,#4345,.F.);
#4815 = ORIENTED_EDGE('',*,*,#4544,.T.);
#4816 = ORIENTED_EDGE('',*,*,#4003,.F.);
#4817 = ORIENTED_EDGE('',*,*,#4800,.F.);
#4818 = ORIENTED_EDGE('',*,*,#4409,.F.);
#4819 = ORIENTED_EDGE('',*,*,#4820,.T.);
#4820 = EDGE_CURVE('',#4402,#4821,#4823,.T.);
#4821 = VERTEX_POINT('',#4822);
#4822 = CARTESIAN_POINT('',(54.,0.,19.3));
#4823 = LINE('',#4824,#4825);
#4824 = CARTESIAN_POINT('',(54.,0.,0.));
#4825 = VECTOR('',#4826,1.);
#4826 = DIRECTION('',(0.,0.,1.));
#4827 = ORIENTED_EDGE('',*,*,#4828,.F.);
#4828 = EDGE_CURVE('',#4829,#4821,#4831,.T.);
#4829 = VERTEX_POINT('',#4830);
#4830 = CARTESIAN_POINT('',(46.,0.,19.3));
#4831 = LINE('',#4832,#4833);
#4832 = CARTESIAN_POINT('',(46.,0.,19.3));
#4833 = VECTOR('',#4834,1.);
#4834 = DIRECTION('',(1.,0.,-0.));
#4835 = ORIENTED_EDGE('',*,*,#4836,.F.);
#4836 = EDGE_CURVE('',#4378,#4829,#4837,.T.);
#4837 = LINE('',#4838,#4839);
#4838 = CARTESIAN_POINT('',(46.,0.,0.));
#4839 = VECTOR('',#4840,1.);
#4840 = DIRECTION('',(0.,0.,1.));
#4841 = ORIENTED_EDGE('',*,*,#4377,.F.);
#4842 = ORIENTED_EDGE('',*,*,#4843,.T.);
#4843 = EDGE_CURVE('',#4370,#4844,#4846,.T.);
#4844 = VERTEX_POINT('',#4845);
#4845 = CARTESIAN_POINT('',(36.,0.,19.3));
#4846 = LINE('',#4847,#4848);
#4847 = CARTESIAN_POINT('',(36.,0.,0.));
#4848 = VECTOR('',#4849,1.);
#4849 = DIRECTION('',(0.,0.,1.));
#4850 = ORIENTED_EDGE('',*,*,#4851,.F.);
#4851 = EDGE_CURVE('',#4852,#4844,#4854,.T.);
#4852 = VERTEX_POINT('',#4853);
#4853 = CARTESIAN_POINT('',(28.,0.,19.3));
#4854 = LINE('',#4855,#4856);
#4855 = CARTESIAN_POINT('',(28.,0.,19.3));
#4856 = VECTOR('',#4857,1.);
#4857 = DIRECTION('',(1.,0.,-0.));
#4858 = ORIENTED_EDGE('',*,*,#4859,.F.);
#4859 = EDGE_CURVE('',#4346,#4852,#4860,.T.);
#4860 = LINE('',#4861,#4862);
#4861 = CARTESIAN_POINT('',(28.,0.,0.));
#4862 = VECTOR('',#4863,1.);
#4863 = DIRECTION('',(0.,0.,1.));
#4864 = PLANE('',#4865);
#4865 = AXIS2_PLACEMENT_3D('',#4866,#4867,#4868);
#4866 = CARTESIAN_POINT('',(0.,0.,0.));
#4867 = DIRECTION('',(-0.,1.,0.));
#4868 = DIRECTION('',(0.,0.,1.));
#4869 = ADVANCED_FACE('',(#4870),#4888,.F.);
#4870 = FACE_BOUND('',#4871,.F.);
#4871 = EDGE_LOOP('',(#4872,#4880,#4886,#4887));
#4872 = ORIENTED_EDGE('',*,*,#4873,.F.);
#4873 = EDGE_CURVE('',#4874,#4729,#4876,.T.);
#4874 = VERTEX_POINT('',#4875);
#4875 = CARTESIAN_POINT('',(59.,48.5,0.));
#4876 = LINE('',#4877,#4878);
#4877 = CARTESIAN_POINT('',(0.,48.5,0.));
#4878 = VECTOR('',#4879,1.);
#4879 = DIRECTION('',(1.,0.,-0.));
#4880 = ORIENTED_EDGE('',*,*,#4881,.T.);
#4881 = EDGE_CURVE('',#4874,#4247,#4882,.T.);
#4882 = LINE('',#4883,#4884);
#4883 = CARTESIAN_POINT('',(59.,48.5,0.));
#4884 = VECTOR('',#4885,1.);
#4885 = DIRECTION('',(0.,0.,1.));
#4886 = ORIENTED_EDGE('',*,*,#4254,.T.);
#4887 = ORIENTED_EDGE('',*,*,#4737,.F.);
#4888 = PLANE('',#4889);
#4889 = AXIS2_PLACEMENT_3D('',#4890,#4891,#4892);
#4890 = CARTESIAN_POINT('',(0.,48.5,0.));
#4891 = DIRECTION('',(-0.,1.,0.));
#4892 = DIRECTION('',(0.,0.,1.));
#4893 = ADVANCED_FACE('',(#4894),#4912,.T.);
#4894 = FACE_BOUND('',#4895,.T.);
#4895 = EDGE_LOOP('',(#4896,#4904,#4910,#4911));
#4896 = ORIENTED_EDGE('',*,*,#4897,.F.);
#4897 = EDGE_CURVE('',#4898,#4239,#4900,.T.);
#4898 = VERTEX_POINT('',#4899);
#4899 = CARTESIAN_POINT('',(59.,47.,0.));
#4900 = LINE('',#4901,#4902);
#4901 = CARTESIAN_POINT('',(59.,47.,0.));
#4902 = VECTOR('',#4903,1.);
#4903 = DIRECTION('',(0.,0.,1.));
#4904 = ORIENTED_EDGE('',*,*,#4905,.T.);
#4905 = EDGE_CURVE('',#4898,#4874,#4906,.T.);
#4906 = LINE('',#4907,#4908);
#4907 = CARTESIAN_POINT('',(59.,11.5,0.));
#4908 = VECTOR('',#4909,1.);
#4909 = DIRECTION('',(-0.,1.,0.));
#4910 = ORIENTED_EDGE('',*,*,#4881,.T.);
#4911 = ORIENTED_EDGE('',*,*,#4246,.F.);
#4912 = PLANE('',#4913);
#4913 = AXIS2_PLACEMENT_3D('',#4914,#4915,#4916);
#4914 = CARTESIAN_POINT('',(59.,11.5,0.));
#4915 = DIRECTION('',(1.,0.,-0.));
#4916 = DIRECTION('',(0.,0.,1.));
#4917 = ADVANCED_FACE('',(#4918),#4952,.T.);
#4918 = FACE_BOUND('',#4919,.T.);
#4919 = EDGE_LOOP('',(#4920,#4928,#4929,#4930,#4938,#4946));
#4920 = ORIENTED_EDGE('',*,*,#4921,.F.);
#4921 = EDGE_CURVE('',#4898,#4922,#4924,.T.);
#4922 = VERTEX_POINT('',#4923);
#4923 = CARTESIAN_POINT('',(60.1,47.,0.));
#4924 = LINE('',#4925,#4926);
#4925 = CARTESIAN_POINT('',(58.9,47.,0.));
#4926 = VECTOR('',#4927,1.);
#4927 = DIRECTION('',(1.,0.,-0.));
#4928 = ORIENTED_EDGE('',*,*,#4897,.T.);
#4929 = ORIENTED_EDGE('',*,*,#4238,.T.);
#4930 = ORIENTED_EDGE('',*,*,#4931,.T.);
#4931 = EDGE_CURVE('',#4231,#4932,#4934,.T.);
#4932 = VERTEX_POINT('',#4933);
#4933 = CARTESIAN_POINT('',(58.9,47.,19.3));
#4934 = LINE('',#4935,#4936);
#4935 = CARTESIAN_POINT('',(58.9,47.,0.));
#4936 = VECTOR('',#4937,1.);
#4937 = DIRECTION('',(0.,0.,1.));
#4938 = ORIENTED_EDGE('',*,*,#4939,.T.);
#4939 = EDGE_CURVE('',#4932,#4940,#4942,.T.);
#4940 = VERTEX_POINT('',#4941);
#4941 = CARTESIAN_POINT('',(60.1,47.,19.3));
#4942 = LINE('',#4943,#4944);
#4943 = CARTESIAN_POINT('',(58.9,47.,19.3));
#4944 = VECTOR('',#4945,1.);
#4945 = DIRECTION('',(1.,0.,-0.));
#4946 = ORIENTED_EDGE('',*,*,#4947,.F.);
#4947 = EDGE_CURVE('',#4922,#4940,#4948,.T.);
#4948 = LINE('',#4949,#4950);
#4949 = CARTESIAN_POINT('',(60.1,47.,0.));
#4950 = VECTOR('',#4951,1.);
#4951 = DIRECTION('',(0.,0.,1.));
#4952 = PLANE('',#4953);
#4953 = AXIS2_PLACEMENT_3D('',#4954,#4955,#4956);
#4954 = CARTESIAN_POINT('',(58.9,47.,0.));
#4955 = DIRECTION('',(-0.,1.,0.));
#4956 = DIRECTION('',(0.,0.,1.));
#4957 = ADVANCED_FACE('',(#4958),#4976,.F.);
#4958 = FACE_BOUND('',#4959,.F.);
#4959 = EDGE_LOOP('',(#4960,#4968,#4969,#4970));
#4960 = ORIENTED_EDGE('',*,*,#4961,.F.);
#4961 = EDGE_CURVE('',#4223,#4962,#4964,.T.);
#4962 = VERTEX_POINT('',#4963);
#4963 = CARTESIAN_POINT('',(58.9,43.,19.3));
#4964 = LINE('',#4965,#4966);
#4965 = CARTESIAN_POINT('',(58.9,43.,0.));
#4966 = VECTOR('',#4967,1.);
#4967 = DIRECTION('',(0.,0.,1.));
#4968 = ORIENTED_EDGE('',*,*,#4230,.T.);
#4969 = ORIENTED_EDGE('',*,*,#4931,.T.);
#4970 = ORIENTED_EDGE('',*,*,#4971,.F.);
#4971 = EDGE_CURVE('',#4962,#4932,#4972,.T.);
#4972 = LINE('',#4973,#4974);
#4973 = CARTESIAN_POINT('',(58.9,43.,19.3));
#4974 = VECTOR('',#4975,1.);
#4975 = DIRECTION('',(-0.,1.,0.));
#4976 = PLANE('',#4977);
#4977 = AXIS2_PLACEMENT_3D('',#4978,#4979,#4980);
#4978 = CARTESIAN_POINT('',(58.9,43.,0.));
#4979 = DIRECTION('',(1.,0.,-0.));
#4980 = DIRECTION('',(0.,0.,1.));
#4981 = ADVANCED_FACE('',(#4982),#5016,.F.);
#4982 = FACE_BOUND('',#4983,.F.);
#4983 = EDGE_LOOP('',(#4984,#4994,#5000,#5001,#5002,#5010));
#4984 = ORIENTED_EDGE('',*,*,#4985,.F.);
#4985 = EDGE_CURVE('',#4986,#4988,#4990,.T.);
#4986 = VERTEX_POINT('',#4987);
#4987 = CARTESIAN_POINT('',(59.,43.,0.));
#4988 = VERTEX_POINT('',#4989);
#4989 = CARTESIAN_POINT('',(60.1,43.,0.));
#4990 = LINE('',#4991,#4992);
#4991 = CARTESIAN_POINT('',(58.9,43.,0.));
#4992 = VECTOR('',#4993,1.);
#4993 = DIRECTION('',(1.,0.,-0.));
#4994 = ORIENTED_EDGE('',*,*,#4995,.T.);
#4995 = EDGE_CURVE('',#4986,#4215,#4996,.T.);
#4996 = LINE('',#4997,#4998);
#4997 = CARTESIAN_POINT('',(59.,43.,0.));
#4998 = VECTOR('',#4999,1.);
#4999 = DIRECTION('',(0.,0.,1.));
#5000 = ORIENTED_EDGE('',*,*,#4222,.T.);
#5001 = ORIENTED_EDGE('',*,*,#4961,.T.);
#5002 = ORIENTED_EDGE('',*,*,#5003,.T.);
#5003 = EDGE_CURVE('',#4962,#5004,#5006,.T.);
#5004 = VERTEX_POINT('',#5005);
#5005 = CARTESIAN_POINT('',(60.1,43.,19.3));
#5006 = LINE('',#5007,#5008);
#5007 = CARTESIAN_POINT('',(58.9,43.,19.3));
#5008 = VECTOR('',#5009,1.);
#5009 = DIRECTION('',(1.,0.,-0.));
#5010 = ORIENTED_EDGE('',*,*,#5011,.F.);
#5011 = EDGE_CURVE('',#4988,#5004,#5012,.T.);
#5012 = LINE('',#5013,#5014);
#5013 = CARTESIAN_POINT('',(60.1,43.,0.));
#5014 = VECTOR('',#5015,1.);
#5015 = DIRECTION('',(0.,0.,1.));
#5016 = PLANE('',#5017);
#5017 = AXIS2_PLACEMENT_3D('',#5018,#5019,#5020);
#5018 = CARTESIAN_POINT('',(58.9,43.,0.));
#5019 = DIRECTION('',(-0.,1.,0.));
#5020 = DIRECTION('',(0.,0.,1.));
#5021 = ADVANCED_FACE('',(#5022),#5040,.T.);
#5022 = FACE_BOUND('',#5023,.T.);
#5023 = EDGE_LOOP('',(#5024,#5032,#5038,#5039));
#5024 = ORIENTED_EDGE('',*,*,#5025,.F.);
#5025 = EDGE_CURVE('',#5026,#4207,#5028,.T.);
#5026 = VERTEX_POINT('',#5027);
#5027 = CARTESIAN_POINT('',(59.,13.,0.));
#5028 = LINE('',#5029,#5030);
#5029 = CARTESIAN_POINT('',(59.,13.,0.));
#5030 = VECTOR('',#5031,1.);
#5031 = DIRECTION('',(0.,0.,1.));
#5032 = ORIENTED_EDGE('',*,*,#5033,.T.);
#5033 = EDGE_CURVE('',#5026,#4986,#5034,.T.);
#5034 = LINE('',#5035,#5036);
#5035 = CARTESIAN_POINT('',(59.,11.5,0.));
#5036 = VECTOR('',#5037,1.);
#5037 = DIRECTION('',(-0.,1.,0.));
#5038 = ORIENTED_EDGE('',*,*,#4995,.T.);
#5039 = ORIENTED_EDGE('',*,*,#4214,.F.);
#5040 = PLANE('',#5041);
#5041 = AXIS2_PLACEMENT_3D('',#5042,#5043,#5044);
#5042 = CARTESIAN_POINT('',(59.,11.5,0.));
#5043 = DIRECTION('',(1.,0.,-0.));
#5044 = DIRECTION('',(0.,0.,1.));
#5045 = ADVANCED_FACE('',(#5046),#5057,.T.);
#5046 = FACE_BOUND('',#5047,.T.);
#5047 = EDGE_LOOP('',(#5048,#5054,#5055,#5056));
#5048 = ORIENTED_EDGE('',*,*,#5049,.F.);
#5049 = EDGE_CURVE('',#5026,#4765,#5050,.T.);
#5050 = LINE('',#5051,#5052);
#5051 = CARTESIAN_POINT('',(0.,13.,0.));
#5052 = VECTOR('',#5053,1.);
#5053 = DIRECTION('',(1.,0.,-0.));
#5054 = ORIENTED_EDGE('',*,*,#5025,.T.);
#5055 = ORIENTED_EDGE('',*,*,#4206,.T.);
#5056 = ORIENTED_EDGE('',*,*,#4764,.F.);
#5057 = PLANE('',#5058);
#5058 = AXIS2_PLACEMENT_3D('',#5059,#5060,#5061);
#5059 = CARTESIAN_POINT('',(0.,13.,0.));
#5060 = DIRECTION('',(-0.,1.,0.));
#5061 = DIRECTION('',(0.,0.,1.));
#5062 = ADVANCED_FACE('',(#5063),#5081,.F.);
#5063 = FACE_BOUND('',#5064,.F.);
#5064 = EDGE_LOOP('',(#5065,#5066,#5074,#5080));
#5065 = ORIENTED_EDGE('',*,*,#4304,.F.);
#5066 = ORIENTED_EDGE('',*,*,#5067,.T.);
#5067 = EDGE_CURVE('',#4305,#5068,#5070,.T.);
#5068 = VERTEX_POINT('',#5069);
#5069 = CARTESIAN_POINT('',(9.5,13.,9.5));
#5070 = LINE('',#5071,#5072);
#5071 = CARTESIAN_POINT('',(9.5,11.4,9.5));
#5072 = VECTOR('',#5073,1.);
#5073 = DIRECTION('',(-0.,1.,0.));
#5074 = ORIENTED_EDGE('',*,*,#5075,.F.);
#5075 = EDGE_CURVE('',#4175,#5068,#5076,.T.);
#5076 = LINE('',#5077,#5078);
#5077 = CARTESIAN_POINT('',(9.5,13.,4.75));
#5078 = VECTOR('',#5079,1.);
#5079 = DIRECTION('',(-0.,0.,-1.));
#5080 = ORIENTED_EDGE('',*,*,#4182,.F.);
#5081 = PLANE('',#5082);
#5082 = AXIS2_PLACEMENT_3D('',#5083,#5084,#5085);
#5083 = CARTESIAN_POINT('',(9.5,11.4,9.5));
#5084 = DIRECTION('',(1.,0.,-0.));
#5085 = DIRECTION('',(0.,0.,1.));
#5086 = ADVANCED_FACE('',(#5087),#5128,.T.);
#5087 = FACE_BOUND('',#5088,.T.);
#5088 = EDGE_LOOP('',(#5089,#5099,#5105,#5106,#5114,#5120,#5121,#5122));
#5089 = ORIENTED_EDGE('',*,*,#5090,.F.);
#5090 = EDGE_CURVE('',#5091,#5093,#5095,.T.);
#5091 = VERTEX_POINT('',#5092);
#5092 = CARTESIAN_POINT('',(1.5,13.,0.));
#5093 = VERTEX_POINT('',#5094);
#5094 = CARTESIAN_POINT('',(57.5,13.,0.));
#5095 = LINE('',#5096,#5097);
#5096 = CARTESIAN_POINT('',(0.,13.,0.));
#5097 = VECTOR('',#5098,1.);
#5098 = DIRECTION('',(1.,0.,-0.));
#5099 = ORIENTED_EDGE('',*,*,#5100,.T.);
#5100 = EDGE_CURVE('',#5091,#4143,#5101,.T.);
#5101 = LINE('',#5102,#5103);
#5102 = CARTESIAN_POINT('',(1.5,13.,0.));
#5103 = VECTOR('',#5104,1.);
#5104 = DIRECTION('',(0.,0.,1.));
#5105 = ORIENTED_EDGE('',*,*,#4142,.T.);
#5106 = ORIENTED_EDGE('',*,*,#5107,.T.);
#5107 = EDGE_CURVE('',#4135,#5108,#5110,.T.);
#5108 = VERTEX_POINT('',#5109);
#5109 = CARTESIAN_POINT('',(2.5,13.,9.5));
#5110 = LINE('',#5111,#5112);
#5111 = CARTESIAN_POINT('',(2.5,13.,4.75));
#5112 = VECTOR('',#5113,1.);
#5113 = DIRECTION('',(-0.,0.,-1.));
#5114 = ORIENTED_EDGE('',*,*,#5115,.T.);
#5115 = EDGE_CURVE('',#5108,#5068,#5116,.T.);
#5116 = LINE('',#5117,#5118);
#5117 = CARTESIAN_POINT('',(1.25,13.,9.5));
#5118 = VECTOR('',#5119,1.);
#5119 = DIRECTION('',(1.,0.,-0.));
#5120 = ORIENTED_EDGE('',*,*,#5075,.F.);
#5121 = ORIENTED_EDGE('',*,*,#4174,.T.);
#5122 = ORIENTED_EDGE('',*,*,#5123,.F.);
#5123 = EDGE_CURVE('',#5093,#4167,#5124,.T.);
#5124 = LINE('',#5125,#5126);
#5125 = CARTESIAN_POINT('',(57.5,13.,0.));
#5126 = VECTOR('',#5127,1.);
#5127 = DIRECTION('',(0.,0.,1.));
#5128 = PLANE('',#5129);
#5129 = AXIS2_PLACEMENT_3D('',#5130,#5131,#5132);
#5130 = CARTESIAN_POINT('',(0.,13.,0.));
#5131 = DIRECTION('',(-0.,1.,0.));
#5132 = DIRECTION('',(0.,0.,1.));
#5133 = ADVANCED_FACE('',(#5134),#5152,.F.);
#5134 = FACE_BOUND('',#5135,.F.);
#5135 = EDGE_LOOP('',(#5136,#5137,#5145,#5151));
#5136 = ORIENTED_EDGE('',*,*,#5123,.F.);
#5137 = ORIENTED_EDGE('',*,*,#5138,.T.);
#5138 = EDGE_CURVE('',#5093,#5139,#5141,.T.);
#5139 = VERTEX_POINT('',#5140);
#5140 = CARTESIAN_POINT('',(57.5,48.5,0.));
#5141 = LINE('',#5142,#5143);
#5142 = CARTESIAN_POINT('',(57.5,11.5,0.));
#5143 = VECTOR('',#5144,1.);
#5144 = DIRECTION('',(-0.,1.,0.));
#5145 = ORIENTED_EDGE('',*,*,#5146,.T.);
#5146 = EDGE_CURVE('',#5139,#4159,#5147,.T.);
#5147 = LINE('',#5148,#5149);
#5148 = CARTESIAN_POINT('',(57.5,48.5,0.));
#5149 = VECTOR('',#5150,1.);
#5150 = DIRECTION('',(0.,0.,1.));
#5151 = ORIENTED_EDGE('',*,*,#4166,.F.);
#5152 = PLANE('',#5153);
#5153 = AXIS2_PLACEMENT_3D('',#5154,#5155,#5156);
#5154 = CARTESIAN_POINT('',(57.5,11.5,0.));
#5155 = DIRECTION('',(1.,0.,-0.));
#5156 = DIRECTION('',(0.,0.,1.));
#5157 = ADVANCED_FACE('',(#5158),#5176,.F.);
#5158 = FACE_BOUND('',#5159,.F.);
#5159 = EDGE_LOOP('',(#5160,#5168,#5174,#5175));
#5160 = ORIENTED_EDGE('',*,*,#5161,.F.);
#5161 = EDGE_CURVE('',#5162,#5139,#5164,.T.);
#5162 = VERTEX_POINT('',#5163);
#5163 = CARTESIAN_POINT('',(1.5,48.5,0.));
#5164 = LINE('',#5165,#5166);
#5165 = CARTESIAN_POINT('',(0.,48.5,0.));
#5166 = VECTOR('',#5167,1.);
#5167 = DIRECTION('',(1.,0.,-0.));
#5168 = ORIENTED_EDGE('',*,*,#5169,.T.);
#5169 = EDGE_CURVE('',#5162,#4151,#5170,.T.);
#5170 = LINE('',#5171,#5172);
#5171 = CARTESIAN_POINT('',(1.5,48.5,0.));
#5172 = VECTOR('',#5173,1.);
#5173 = DIRECTION('',(0.,0.,1.));
#5174 = ORIENTED_EDGE('',*,*,#4158,.T.);
#5175 = ORIENTED_EDGE('',*,*,#5146,.F.);
#5176 = PLANE('',#5177);
#5177 = AXIS2_PLACEMENT_3D('',#5178,#5179,#5180);
#5178 = CARTESIAN_POINT('',(0.,48.5,0.));
#5179 = DIRECTION('',(-0.,1.,0.));
#5180 = DIRECTION('',(0.,0.,1.));
#5181 = ADVANCED_FACE('',(#5182),#5193,.T.);
#5182 = FACE_BOUND('',#5183,.T.);
#5183 = EDGE_LOOP('',(#5184,#5185,#5191,#5192));
#5184 = ORIENTED_EDGE('',*,*,#5100,.F.);
#5185 = ORIENTED_EDGE('',*,*,#5186,.T.);
#5186 = EDGE_CURVE('',#5091,#5162,#5187,.T.);
#5187 = LINE('',#5188,#5189);
#5188 = CARTESIAN_POINT('',(1.5,11.5,0.));
#5189 = VECTOR('',#5190,1.);
#5190 = DIRECTION('',(-0.,1.,0.));
#5191 = ORIENTED_EDGE('',*,*,#5169,.T.);
#5192 = ORIENTED_EDGE('',*,*,#4150,.F.);
#5193 = PLANE('',#5194);
#5194 = AXIS2_PLACEMENT_3D('',#5195,#5196,#5197);
#5195 = CARTESIAN_POINT('',(1.5,11.5,0.));
#5196 = DIRECTION('',(1.,0.,-0.));
#5197 = DIRECTION('',(0.,0.,1.));
#5198 = ADVANCED_FACE('',(#5199),#5210,.T.);
#5199 = FACE_BOUND('',#5200,.T.);
#5200 = EDGE_LOOP('',(#5201,#5202,#5208,#5209));
#5201 = ORIENTED_EDGE('',*,*,#4320,.F.);
#5202 = ORIENTED_EDGE('',*,*,#5203,.T.);
#5203 = EDGE_CURVE('',#4313,#5108,#5204,.T.);
#5204 = LINE('',#5205,#5206);
#5205 = CARTESIAN_POINT('',(2.5,11.4,9.5));
#5206 = VECTOR('',#5207,1.);
#5207 = DIRECTION('',(-0.,1.,0.));
#5208 = ORIENTED_EDGE('',*,*,#5107,.F.);
#5209 = ORIENTED_EDGE('',*,*,#4134,.F.);
#5210 = PLANE('',#5211);
#5211 = AXIS2_PLACEMENT_3D('',#5212,#5213,#5214);
#5212 = CARTESIAN_POINT('',(2.5,11.4,9.5));
#5213 = DIRECTION('',(1.,0.,-0.));
#5214 = DIRECTION('',(0.,0.,1.));
#5215 = ADVANCED_FACE('',(#5216),#5222,.T.);
#5216 = FACE_BOUND('',#5217,.T.);
#5217 = EDGE_LOOP('',(#5218,#5219,#5220,#5221));
#5218 = ORIENTED_EDGE('',*,*,#5203,.F.);
#5219 = ORIENTED_EDGE('',*,*,#4312,.F.);
#5220 = ORIENTED_EDGE('',*,*,#5067,.T.);
#5221 = ORIENTED_EDGE('',*,*,#5115,.F.);
#5222 = PLANE('',#5223);
#5223 = AXIS2_PLACEMENT_3D('',#5224,#5225,#5226);
#5224 = CARTESIAN_POINT('',(2.5,11.4,9.5));
#5225 = DIRECTION('',(0.,0.,1.));
#5226 = DIRECTION('',(1.,0.,-0.));
#5227 = ADVANCED_FACE('',(#5228),#5246,.F.);
#5228 = FACE_BOUND('',#5229,.F.);
#5229 = EDGE_LOOP('',(#5230,#5231,#5232,#5240));
#5230 = ORIENTED_EDGE('',*,*,#4859,.F.);
#5231 = ORIENTED_EDGE('',*,*,#4353,.T.);
#5232 = ORIENTED_EDGE('',*,*,#5233,.T.);
#5233 = EDGE_CURVE('',#4354,#5234,#5236,.T.);
#5234 = VERTEX_POINT('',#5235);
#5235 = CARTESIAN_POINT('',(28.,1.3,19.3));
#5236 = LINE('',#5237,#5238);
#5237 = CARTESIAN_POINT('',(28.,1.3,0.));
#5238 = VECTOR('',#5239,1.);
#5239 = DIRECTION('',(0.,0.,1.));
#5240 = ORIENTED_EDGE('',*,*,#5241,.F.);
#5241 = EDGE_CURVE('',#4852,#5234,#5242,.T.);
#5242 = LINE('',#5243,#5244);
#5243 = CARTESIAN_POINT('',(28.,0.,19.3));
#5244 = VECTOR('',#5245,1.);
#5245 = DIRECTION('',(-0.,1.,0.));
#5246 = PLANE('',#5247);
#5247 = AXIS2_PLACEMENT_3D('',#5248,#5249,#5250);
#5248 = CARTESIAN_POINT('',(28.,0.,0.));
#5249 = DIRECTION('',(1.,0.,-0.));
#5250 = DIRECTION('',(0.,0.,1.));
#5251 = ADVANCED_FACE('',(#5252),#5270,.T.);
#5252 = FACE_BOUND('',#5253,.T.);
#5253 = EDGE_LOOP('',(#5254,#5255,#5256,#5264));
#5254 = ORIENTED_EDGE('',*,*,#4361,.F.);
#5255 = ORIENTED_EDGE('',*,*,#5233,.T.);
#5256 = ORIENTED_EDGE('',*,*,#5257,.T.);
#5257 = EDGE_CURVE('',#5234,#5258,#5260,.T.);
#5258 = VERTEX_POINT('',#5259);
#5259 = CARTESIAN_POINT('',(36.,1.3,19.3));
#5260 = LINE('',#5261,#5262);
#5261 = CARTESIAN_POINT('',(28.,1.3,19.3));
#5262 = VECTOR('',#5263,1.);
#5263 = DIRECTION('',(1.,0.,-0.));
#5264 = ORIENTED_EDGE('',*,*,#5265,.F.);
#5265 = EDGE_CURVE('',#4362,#5258,#5266,.T.);
#5266 = LINE('',#5267,#5268);
#5267 = CARTESIAN_POINT('',(36.,1.3,0.));
#5268 = VECTOR('',#5269,1.);
#5269 = DIRECTION('',(0.,0.,1.));
#5270 = PLANE('',#5271);
#5271 = AXIS2_PLACEMENT_3D('',#5272,#5273,#5274);
#5272 = CARTESIAN_POINT('',(28.,1.3,0.));
#5273 = DIRECTION('',(-0.,1.,0.));
#5274 = DIRECTION('',(0.,0.,1.));
#5275 = ADVANCED_FACE('',(#5276),#5287,.T.);
#5276 = FACE_BOUND('',#5277,.T.);
#5277 = EDGE_LOOP('',(#5278,#5279,#5280,#5281));
#5278 = ORIENTED_EDGE('',*,*,#4843,.F.);
#5279 = ORIENTED_EDGE('',*,*,#4369,.T.);
#5280 = ORIENTED_EDGE('',*,*,#5265,.T.);
#5281 = ORIENTED_EDGE('',*,*,#5282,.F.);
#5282 = EDGE_CURVE('',#4844,#5258,#5283,.T.);
#5283 = LINE('',#5284,#5285);
#5284 = CARTESIAN_POINT('',(36.,0.,19.3));
#5285 = VECTOR('',#5286,1.);
#5286 = DIRECTION('',(-0.,1.,0.));
#5287 = PLANE('',#5288);
#5288 = AXIS2_PLACEMENT_3D('',#5289,#5290,#5291);
#5289 = CARTESIAN_POINT('',(36.,0.,0.));
#5290 = DIRECTION('',(1.,0.,-0.));
#5291 = DIRECTION('',(0.,0.,1.));
#5292 = ADVANCED_FACE('',(#5293),#5311,.F.);
#5293 = FACE_BOUND('',#5294,.F.);
#5294 = EDGE_LOOP('',(#5295,#5296,#5297,#5305));
#5295 = ORIENTED_EDGE('',*,*,#4836,.F.);
#5296 = ORIENTED_EDGE('',*,*,#4385,.T.);
#5297 = ORIENTED_EDGE('',*,*,#5298,.T.);
#5298 = EDGE_CURVE('',#4386,#5299,#5301,.T.);
#5299 = VERTEX_POINT('',#5300);
#5300 = CARTESIAN_POINT('',(46.,1.3,19.3));
#5301 = LINE('',#5302,#5303);
#5302 = CARTESIAN_POINT('',(46.,1.3,0.));
#5303 = VECTOR('',#5304,1.);
#5304 = DIRECTION('',(0.,0.,1.));
#5305 = ORIENTED_EDGE('',*,*,#5306,.F.);
#5306 = EDGE_CURVE('',#4829,#5299,#5307,.T.);
#5307 = LINE('',#5308,#5309);
#5308 = CARTESIAN_POINT('',(46.,0.,19.3));
#5309 = VECTOR('',#5310,1.);
#5310 = DIRECTION('',(-0.,1.,0.));
#5311 = PLANE('',#5312);
#5312 = AXIS2_PLACEMENT_3D('',#5313,#5314,#5315);
#5313 = CARTESIAN_POINT('',(46.,0.,0.));
#5314 = DIRECTION('',(1.,0.,-0.));
#5315 = DIRECTION('',(0.,0.,1.));
#5316 = ADVANCED_FACE('',(#5317),#5335,.T.);
#5317 = FACE_BOUND('',#5318,.T.);
#5318 = EDGE_LOOP('',(#5319,#5320,#5321,#5329));
#5319 = ORIENTED_EDGE('',*,*,#4393,.F.);
#5320 = ORIENTED_EDGE('',*,*,#5298,.T.);
#5321 = ORIENTED_EDGE('',*,*,#5322,.T.);
#5322 = EDGE_CURVE('',#5299,#5323,#5325,.T.);
#5323 = VERTEX_POINT('',#5324);
#5324 = CARTESIAN_POINT('',(54.,1.3,19.3));
#5325 = LINE('',#5326,#5327);
#5326 = CARTESIAN_POINT('',(46.,1.3,19.3));
#5327 = VECTOR('',#5328,1.);
#5328 = DIRECTION('',(1.,0.,-0.));
#5329 = ORIENTED_EDGE('',*,*,#5330,.F.);
#5330 = EDGE_CURVE('',#4394,#5323,#5331,.T.);
#5331 = LINE('',#5332,#5333);
#5332 = CARTESIAN_POINT('',(54.,1.3,0.));
#5333 = VECTOR('',#5334,1.);
#5334 = DIRECTION('',(0.,0.,1.));
#5335 = PLANE('',#5336);
#5336 = AXIS2_PLACEMENT_3D('',#5337,#5338,#5339);
#5337 = CARTESIAN_POINT('',(46.,1.3,0.));
#5338 = DIRECTION('',(-0.,1.,0.));
#5339 = DIRECTION('',(0.,0.,1.));
#5340 = ADVANCED_FACE('',(#5341),#5352,.T.);
#5341 = FACE_BOUND('',#5342,.T.);
#5342 = EDGE_LOOP('',(#5343,#5344,#5345,#5346));
#5343 = ORIENTED_EDGE('',*,*,#4820,.F.);
#5344 = ORIENTED_EDGE('',*,*,#4401,.T.);
#5345 = ORIENTED_EDGE('',*,*,#5330,.T.);
#5346 = ORIENTED_EDGE('',*,*,#5347,.F.);
#5347 = EDGE_CURVE('',#4821,#5323,#5348,.T.);
#5348 = LINE('',#5349,#5350);
#5349 = CARTESIAN_POINT('',(54.,0.,19.3));
#5350 = VECTOR('',#5351,1.);
#5351 = DIRECTION('',(-0.,1.,0.));
#5352 = PLANE('',#5353);
#5353 = AXIS2_PLACEMENT_3D('',#5354,#5355,#5356);
#5354 = CARTESIAN_POINT('',(54.,0.,0.));
#5355 = DIRECTION('',(1.,0.,-0.));
#5356 = DIRECTION('',(0.,0.,1.));
#5357 = ADVANCED_FACE('',(#5358),#5377,.T.);
#5358 = FACE_BOUND('',#5359,.T.);
#5359 = EDGE_LOOP('',(#5360,#5369,#5375,#5376));
#5360 = ORIENTED_EDGE('',*,*,#5361,.F.);
#5361 = EDGE_CURVE('',#5362,#5362,#5364,.T.);
#5362 = VERTEX_POINT('',#5363);
#5363 = CARTESIAN_POINT('',(28.8,4.2,16.2));
#5364 = CIRCLE('',#5365,1.3);
#5365 = AXIS2_PLACEMENT_3D('',#5366,#5367,#5368);
#5366 = CARTESIAN_POINT('',(27.5,4.2,16.2));
#5367 = DIRECTION('',(0.,0.,1.));
#5368 = DIRECTION('',(1.,0.,-0.));
#5369 = ORIENTED_EDGE('',*,*,#5370,.F.);
#5370 = EDGE_CURVE('',#4436,#5362,#5371,.T.);
#5371 = LINE('',#5372,#5373);
#5372 = CARTESIAN_POINT('',(28.8,4.2,0.));
#5373 = VECTOR('',#5374,1.);
#5374 = DIRECTION('',(0.,0.,1.));
#5375 = ORIENTED_EDGE('',*,*,#4435,.T.);
#5376 = ORIENTED_EDGE('',*,*,#5370,.T.);
#5377 = CYLINDRICAL_SURFACE('',#5378,1.3);
#5378 = AXIS2_PLACEMENT_3D('',#5379,#5380,#5381);
#5379 = CARTESIAN_POINT('',(27.5,4.2,0.));
#5380 = DIRECTION('',(0.,0.,1.));
#5381 = DIRECTION('',(1.,0.,-0.));
#5382 = ADVANCED_FACE('',(#5383),#5402,.T.);
#5383 = FACE_BOUND('',#5384,.T.);
#5384 = EDGE_LOOP('',(#5385,#5394,#5400,#5401));
#5385 = ORIENTED_EDGE('',*,*,#5386,.F.);
#5386 = EDGE_CURVE('',#5387,#5387,#5389,.T.);
#5387 = VERTEX_POINT('',#5388);
#5388 = CARTESIAN_POINT('',(57.8,4.2,16.2));
#5389 = CIRCLE('',#5390,1.3);
#5390 = AXIS2_PLACEMENT_3D('',#5391,#5392,#5393);
#5391 = CARTESIAN_POINT('',(56.5,4.2,16.2));
#5392 = DIRECTION('',(0.,0.,1.));
#5393 = DIRECTION('',(1.,0.,-0.));
#5394 = ORIENTED_EDGE('',*,*,#5395,.F.);
#5395 = EDGE_CURVE('',#4447,#5387,#5396,.T.);
#5396 = LINE('',#5397,#5398);
#5397 = CARTESIAN_POINT('',(57.8,4.2,0.));
#5398 = VECTOR('',#5399,1.);
#5399 = DIRECTION('',(0.,0.,1.));
#5400 = ORIENTED_EDGE('',*,*,#4446,.T.);
#5401 = ORIENTED_EDGE('',*,*,#5395,.T.);
#5402 = CYLINDRICAL_SURFACE('',#5403,1.3);
#5403 = AXIS2_PLACEMENT_3D('',#5404,#5405,#5406);
#5404 = CARTESIAN_POINT('',(56.5,4.2,0.));
#5405 = DIRECTION('',(0.,0.,1.));
#5406 = DIRECTION('',(1.,0.,-0.));
#5407 = ADVANCED_FACE('',(#5408),#5433,.F.);
#5408 = FACE_BOUND('',#5409,.F.);
#5409 = EDGE_LOOP('',(#5410,#5411,#5419,#5427));
#5410 = ORIENTED_EDGE('',*,*,#4457,.F.);
#5411 = ORIENTED_EDGE('',*,*,#5412,.T.);
#5412 = EDGE_CURVE('',#4458,#5413,#5415,.T.);
#5413 = VERTEX_POINT('',#5414);
#5414 = CARTESIAN_POINT('',(23.9,3.,19.3));
#5415 = LINE('',#5416,#5417);
#5416 = CARTESIAN_POINT('',(23.9,3.,0.));
#5417 = VECTOR('',#5418,1.);
#5418 = DIRECTION('',(0.,0.,1.));
#5419 = ORIENTED_EDGE('',*,*,#5420,.T.);
#5420 = EDGE_CURVE('',#5413,#5421,#5423,.T.);
#5421 = VERTEX_POINT('',#5422);
#5422 = CARTESIAN_POINT('',(25.1,3.,19.3));
#5423 = LINE('',#5424,#5425);
#5424 = CARTESIAN_POINT('',(23.9,3.,19.3));
#5425 = VECTOR('',#5426,1.);
#5426 = DIRECTION('',(1.,0.,-0.));
#5427 = ORIENTED_EDGE('',*,*,#5428,.F.);
#5428 = EDGE_CURVE('',#4460,#5421,#5429,.T.);
#5429 = LINE('',#5430,#5431);
#5430 = CARTESIAN_POINT('',(25.1,3.,0.));
#5431 = VECTOR('',#5432,1.);
#5432 = DIRECTION('',(0.,0.,1.));
#5433 = PLANE('',#5434);
#5434 = AXIS2_PLACEMENT_3D('',#5435,#5436,#5437);
#5435 = CARTESIAN_POINT('',(23.9,3.,0.));
#5436 = DIRECTION('',(-0.,1.,0.));
#5437 = DIRECTION('',(0.,0.,1.));
#5438 = ADVANCED_FACE('',(#5439),#5457,.F.);
#5439 = FACE_BOUND('',#5440,.F.);
#5440 = EDGE_LOOP('',(#5441,#5442,#5443,#5451));
#5441 = ORIENTED_EDGE('',*,*,#5412,.F.);
#5442 = ORIENTED_EDGE('',*,*,#4467,.T.);
#5443 = ORIENTED_EDGE('',*,*,#5444,.T.);
#5444 = EDGE_CURVE('',#4468,#5445,#5447,.T.);
#5445 = VERTEX_POINT('',#5446);
#5446 = CARTESIAN_POINT('',(23.9,7.,19.3));
#5447 = LINE('',#5448,#5449);
#5448 = CARTESIAN_POINT('',(23.9,7.,0.));
#5449 = VECTOR('',#5450,1.);
#5450 = DIRECTION('',(0.,0.,1.));
#5451 = ORIENTED_EDGE('',*,*,#5452,.F.);
#5452 = EDGE_CURVE('',#5413,#5445,#5453,.T.);
#5453 = LINE('',#5454,#5455);
#5454 = CARTESIAN_POINT('',(23.9,3.,19.3));
#5455 = VECTOR('',#5456,1.);
#5456 = DIRECTION('',(-0.,1.,0.));
#5457 = PLANE('',#5458);
#5458 = AXIS2_PLACEMENT_3D('',#5459,#5460,#5461);
#5459 = CARTESIAN_POINT('',(23.9,3.,0.));
#5460 = DIRECTION('',(1.,0.,-0.));
#5461 = DIRECTION('',(0.,0.,1.));
#5462 = ADVANCED_FACE('',(#5463),#5481,.T.);
#5463 = FACE_BOUND('',#5464,.T.);
#5464 = EDGE_LOOP('',(#5465,#5466,#5467,#5475));
#5465 = ORIENTED_EDGE('',*,*,#5428,.F.);
#5466 = ORIENTED_EDGE('',*,*,#4483,.T.);
#5467 = ORIENTED_EDGE('',*,*,#5468,.T.);
#5468 = EDGE_CURVE('',#4476,#5469,#5471,.T.);
#5469 = VERTEX_POINT('',#5470);
#5470 = CARTESIAN_POINT('',(25.1,7.,19.3));
#5471 = LINE('',#5472,#5473);
#5472 = CARTESIAN_POINT('',(25.1,7.,0.));
#5473 = VECTOR('',#5474,1.);
#5474 = DIRECTION('',(0.,0.,1.));
#5475 = ORIENTED_EDGE('',*,*,#5476,.F.);
#5476 = EDGE_CURVE('',#5421,#5469,#5477,.T.);
#5477 = LINE('',#5478,#5479);
#5478 = CARTESIAN_POINT('',(25.1,3.,19.3));
#5479 = VECTOR('',#5480,1.);
#5480 = DIRECTION('',(-0.,1.,0.));
#5481 = PLANE('',#5482);
#5482 = AXIS2_PLACEMENT_3D('',#5483,#5484,#5485);
#5483 = CARTESIAN_POINT('',(25.1,3.,0.));
#5484 = DIRECTION('',(1.,0.,-0.));
#5485 = DIRECTION('',(0.,0.,1.));
#5486 = ADVANCED_FACE('',(#5487),#5498,.T.);
#5487 = FACE_BOUND('',#5488,.T.);
#5488 = EDGE_LOOP('',(#5489,#5490,#5491,#5497));
#5489 = ORIENTED_EDGE('',*,*,#4475,.F.);
#5490 = ORIENTED_EDGE('',*,*,#5444,.T.);
#5491 = ORIENTED_EDGE('',*,*,#5492,.T.);
#5492 = EDGE_CURVE('',#5445,#5469,#5493,.T.);
#5493 = LINE('',#5494,#5495);
#5494 = CARTESIAN_POINT('',(23.9,7.,19.3));
#5495 = VECTOR('',#5496,1.);
#5496 = DIRECTION('',(1.,0.,-0.));
#5497 = ORIENTED_EDGE('',*,*,#5468,.F.);
#5498 = PLANE('',#5499);
#5499 = AXIS2_PLACEMENT_3D('',#5500,#5501,#5502);
#5500 = CARTESIAN_POINT('',(23.9,7.,0.));
#5501 = DIRECTION('',(-0.,1.,0.));
#5502 = DIRECTION('',(0.,0.,1.));
#5503 = ADVANCED_FACE('',(#5504),#5523,.T.);
#5504 = FACE_BOUND('',#5505,.T.);
#5505 = EDGE_LOOP('',(#5506,#5515,#5521,#5522));
#5506 = ORIENTED_EDGE('',*,*,#5507,.F.);
#5507 = EDGE_CURVE('',#5508,#5508,#5510,.T.);
#5508 = VERTEX_POINT('',#5509);
#5509 = CARTESIAN_POINT('',(44.9,4.87,16.2));
#5510 = CIRCLE('',#5511,2.9);
#5511 = AXIS2_PLACEMENT_3D('',#5512,#5513,#5514);
#5512 = CARTESIAN_POINT('',(42.,4.87,16.2));
#5513 = DIRECTION('',(0.,0.,1.));
#5514 = DIRECTION('',(1.,0.,-0.));
#5515 = ORIENTED_EDGE('',*,*,#5516,.F.);
#5516 = EDGE_CURVE('',#4492,#5508,#5517,.T.);
#5517 = LINE('',#5518,#5519);
#5518 = CARTESIAN_POINT('',(44.9,4.87,0.));
#5519 = VECTOR('',#5520,1.);
#5520 = DIRECTION('',(0.,0.,1.));
#5521 = ORIENTED_EDGE('',*,*,#4491,.T.);
#5522 = ORIENTED_EDGE('',*,*,#5516,.T.);
#5523 = CYLINDRICAL_SURFACE('',#5524,2.9);
#5524 = AXIS2_PLACEMENT_3D('',#5525,#5526,#5527);
#5525 = CARTESIAN_POINT('',(42.,4.87,0.));
#5526 = DIRECTION('',(0.,0.,1.));
#5527 = DIRECTION('',(1.,0.,-0.));
#5528 = ADVANCED_FACE('',(#5529),#5554,.F.);
#5529 = FACE_BOUND('',#5530,.F.);
#5530 = EDGE_LOOP('',(#5531,#5532,#5540,#5548));
#5531 = ORIENTED_EDGE('',*,*,#4502,.F.);
#5532 = ORIENTED_EDGE('',*,*,#5533,.T.);
#5533 = EDGE_CURVE('',#4503,#5534,#5536,.T.);
#5534 = VERTEX_POINT('',#5535);
#5535 = CARTESIAN_POINT('',(58.9,3.,19.3));
#5536 = LINE('',#5537,#5538);
#5537 = CARTESIAN_POINT('',(58.9,3.,0.));
#5538 = VECTOR('',#5539,1.);
#5539 = DIRECTION('',(0.,0.,1.));
#5540 = ORIENTED_EDGE('',*,*,#5541,.T.);
#5541 = EDGE_CURVE('',#5534,#5542,#5544,.T.);
#5542 = VERTEX_POINT('',#5543);
#5543 = CARTESIAN_POINT('',(60.1,3.,19.3));
#5544 = LINE('',#5545,#5546);
#5545 = CARTESIAN_POINT('',(58.9,3.,19.3));
#5546 = VECTOR('',#5547,1.);
#5547 = DIRECTION('',(1.,0.,-0.));
#5548 = ORIENTED_EDGE('',*,*,#5549,.F.);
#5549 = EDGE_CURVE('',#4505,#5542,#5550,.T.);
#5550 = LINE('',#5551,#5552);
#5551 = CARTESIAN_POINT('',(60.1,3.,0.));
#5552 = VECTOR('',#5553,1.);
#5553 = DIRECTION('',(0.,0.,1.));
#5554 = PLANE('',#5555);
#5555 = AXIS2_PLACEMENT_3D('',#5556,#5557,#5558);
#5556 = CARTESIAN_POINT('',(58.9,3.,0.));
#5557 = DIRECTION('',(-0.,1.,0.));
#5558 = DIRECTION('',(0.,0.,1.));
#5559 = ADVANCED_FACE('',(#5560),#5578,.T.);
#5560 = FACE_BOUND('',#5561,.T.);
#5561 = EDGE_LOOP('',(#5562,#5563,#5564,#5572));
#5562 = ORIENTED_EDGE('',*,*,#5549,.F.);
#5563 = ORIENTED_EDGE('',*,*,#4528,.T.);
#5564 = ORIENTED_EDGE('',*,*,#5565,.T.);
#5565 = EDGE_CURVE('',#4521,#5566,#5568,.T.);
#5566 = VERTEX_POINT('',#5567);
#5567 = CARTESIAN_POINT('',(60.1,7.,19.3));
#5568 = LINE('',#5569,#5570);
#5569 = CARTESIAN_POINT('',(60.1,7.,0.));
#5570 = VECTOR('',#5571,1.);
#5571 = DIRECTION('',(0.,0.,1.));
#5572 = ORIENTED_EDGE('',*,*,#5573,.F.);
#5573 = EDGE_CURVE('',#5542,#5566,#5574,.T.);
#5574 = LINE('',#5575,#5576);
#5575 = CARTESIAN_POINT('',(60.1,3.,19.3));
#5576 = VECTOR('',#5577,1.);
#5577 = DIRECTION('',(-0.,1.,0.));
#5578 = PLANE('',#5579);
#5579 = AXIS2_PLACEMENT_3D('',#5580,#5581,#5582);
#5580 = CARTESIAN_POINT('',(60.1,3.,0.));
#5581 = DIRECTION('',(1.,0.,-0.));
#5582 = DIRECTION('',(0.,0.,1.));
#5583 = ADVANCED_FACE('',(#5584),#5602,.T.);
#5584 = FACE_BOUND('',#5585,.T.);
#5585 = EDGE_LOOP('',(#5586,#5587,#5595,#5601));
#5586 = ORIENTED_EDGE('',*,*,#4520,.F.);
#5587 = ORIENTED_EDGE('',*,*,#5588,.T.);
#5588 = EDGE_CURVE('',#4513,#5589,#5591,.T.);
#5589 = VERTEX_POINT('',#5590);
#5590 = CARTESIAN_POINT('',(58.9,7.,19.3));
#5591 = LINE('',#5592,#5593);
#5592 = CARTESIAN_POINT('',(58.9,7.,0.));
#5593 = VECTOR('',#5594,1.);
#5594 = DIRECTION('',(0.,0.,1.));
#5595 = ORIENTED_EDGE('',*,*,#5596,.T.);
#5596 = EDGE_CURVE('',#5589,#5566,#5597,.T.);
#5597 = LINE('',#5598,#5599);
#5598 = CARTESIAN_POINT('',(58.9,7.,19.3));
#5599 = VECTOR('',#5600,1.);
#5600 = DIRECTION('',(1.,0.,-0.));
#5601 = ORIENTED_EDGE('',*,*,#5565,.F.);
#5602 = PLANE('',#5603);
#5603 = AXIS2_PLACEMENT_3D('',#5604,#5605,#5606);
#5604 = CARTESIAN_POINT('',(58.9,7.,0.));
#5605 = DIRECTION('',(-0.,1.,0.));
#5606 = DIRECTION('',(0.,0.,1.));
#5607 = ADVANCED_FACE('',(#5608),#5619,.F.);
#5608 = FACE_BOUND('',#5609,.F.);
#5609 = EDGE_LOOP('',(#5610,#5611,#5612,#5613));
#5610 = ORIENTED_EDGE('',*,*,#5533,.F.);
#5611 = ORIENTED_EDGE('',*,*,#4512,.T.);
#5612 = ORIENTED_EDGE('',*,*,#5588,.T.);
#5613 = ORIENTED_EDGE('',*,*,#5614,.F.);
#5614 = EDGE_CURVE('',#5534,#5589,#5615,.T.);
#5615 = LINE('',#5616,#5617);
#5616 = CARTESIAN_POINT('',(58.9,3.,19.3));
#5617 = VECTOR('',#5618,1.);
#5618 = DIRECTION('',(-0.,1.,0.));
#5619 = PLANE('',#5620);
#5620 = AXIS2_PLACEMENT_3D('',#5621,#5622,#5623);
#5621 = CARTESIAN_POINT('',(58.9,3.,0.));
#5622 = DIRECTION('',(1.,0.,-0.));
#5623 = DIRECTION('',(0.,0.,1.));
#5624 = ADVANCED_FACE('',(#5625),#5628,.F.);
#5625 = FACE_BOUND('',#5626,.F.);
#5626 = EDGE_LOOP('',(#5627));
#5627 = ORIENTED_EDGE('',*,*,#4559,.T.);
#5628 = PLANE('',#5629);
#5629 = AXIS2_PLACEMENT_3D('',#5630,#5631,#5632);
#5630 = CARTESIAN_POINT('',(-4.6,-4.6,-9.));
#5631 = DIRECTION('',(1.,0.,-0.));
#5632 = DIRECTION('',(0.,0.,1.));
#5633 = ADVANCED_FACE('',(#5634,#5645),#5648,.F.);
#5634 = FACE_BOUND('',#5635,.F.);
#5635 = EDGE_LOOP('',(#5636));
#5636 = ORIENTED_EDGE('',*,*,#5637,.T.);
#5637 = EDGE_CURVE('',#5638,#5638,#5640,.T.);
#5638 = VERTEX_POINT('',#5639);
#5639 = CARTESIAN_POINT('',(63.4,25.,24.8));
#5640 = CIRCLE('',#5641,11.8);
#5641 = AXIS2_PLACEMENT_3D('',#5642,#5643,#5644);
#5642 = CARTESIAN_POINT('',(63.4,25.,13.));
#5643 = DIRECTION('',(1.,0.,0.));
#5644 = DIRECTION('',(-0.,0.,1.));
#5645 = FACE_BOUND('',#5646,.F.);
#5646 = EDGE_LOOP('',(#5647));
#5647 = ORIENTED_EDGE('',*,*,#4593,.F.);
#5648 = PLANE('',#5649);
#5649 = AXIS2_PLACEMENT_3D('',#5650,#5651,#5652);
#5650 = CARTESIAN_POINT('',(63.4,25.,13.));
#5651 = DIRECTION('',(1.,0.,0.));
#5652 = DIRECTION('',(-0.,0.,1.));
#5653 = ADVANCED_FACE('',(#5654),#5679,.F.);
#5654 = FACE_BOUND('',#5655,.F.);
#5655 = EDGE_LOOP('',(#5656,#5666,#5672,#5673));
#5656 = ORIENTED_EDGE('',*,*,#5657,.F.);
#5657 = EDGE_CURVE('',#5658,#5660,#5662,.T.);
#5658 = VERTEX_POINT('',#5659);
#5659 = CARTESIAN_POINT('',(27.,49.1,13.6));
#5660 = VERTEX_POINT('',#5661);
#5661 = CARTESIAN_POINT('',(27.,49.1,19.3));
#5662 = LINE('',#5663,#5664);
#5663 = CARTESIAN_POINT('',(27.,49.1,13.6));
#5664 = VECTOR('',#5665,1.);
#5665 = DIRECTION('',(0.,0.,1.));
#5666 = ORIENTED_EDGE('',*,*,#5667,.T.);
#5667 = EDGE_CURVE('',#5658,#4681,#5668,.T.);
#5668 = LINE('',#5669,#5670);
#5669 = CARTESIAN_POINT('',(27.,49.1,13.6));
#5670 = VECTOR('',#5671,1.);
#5671 = DIRECTION('',(-0.,1.,0.));
#5672 = ORIENTED_EDGE('',*,*,#4680,.T.);
#5673 = ORIENTED_EDGE('',*,*,#5674,.F.);
#5674 = EDGE_CURVE('',#5660,#4683,#5675,.T.);
#5675 = LINE('',#5676,#5677);
#5676 = CARTESIAN_POINT('',(27.,49.1,19.3));
#5677 = VECTOR('',#5678,1.);
#5678 = DIRECTION('',(-0.,1.,0.));
#5679 = PLANE('',#5680);
#5680 = AXIS2_PLACEMENT_3D('',#5681,#5682,#5683);
#5681 = CARTESIAN_POINT('',(27.,49.1,13.6));
#5682 = DIRECTION('',(1.,0.,-0.));
#5683 = DIRECTION('',(0.,0.,1.));
#5684 = ADVANCED_FACE('',(#5685),#5767,.T.);
#5685 = FACE_BOUND('',#5686,.T.);
#5686 = EDGE_LOOP('',(#5687,#5688,#5696,#5704,#5712,#5720,#5728,#5736,
    #5744,#5752,#5760,#5766));
#5687 = ORIENTED_EDGE('',*,*,#5674,.F.);
#5688 = ORIENTED_EDGE('',*,*,#5689,.T.);
#5689 = EDGE_CURVE('',#5660,#5690,#5692,.T.);
#5690 = VERTEX_POINT('',#5691);
#5691 = CARTESIAN_POINT('',(28.,49.1,19.3));
#5692 = LINE('',#5693,#5694);
#5693 = CARTESIAN_POINT('',(27.,49.1,19.3));
#5694 = VECTOR('',#5695,1.);
#5695 = DIRECTION('',(1.,0.,-0.));
#5696 = ORIENTED_EDGE('',*,*,#5697,.F.);
#5697 = EDGE_CURVE('',#5698,#5690,#5700,.T.);
#5698 = VERTEX_POINT('',#5699);
#5699 = CARTESIAN_POINT('',(28.,47.9,19.3));
#5700 = LINE('',#5701,#5702);
#5701 = CARTESIAN_POINT('',(28.,47.9,19.3));
#5702 = VECTOR('',#5703,1.);
#5703 = DIRECTION('',(-0.,1.,0.));
#5704 = ORIENTED_EDGE('',*,*,#5705,.T.);
#5705 = EDGE_CURVE('',#5698,#5706,#5708,.T.);
#5706 = VERTEX_POINT('',#5707);
#5707 = CARTESIAN_POINT('',(32.,47.9,19.3));
#5708 = LINE('',#5709,#5710);
#5709 = CARTESIAN_POINT('',(28.,47.9,19.3));
#5710 = VECTOR('',#5711,1.);
#5711 = DIRECTION('',(1.,0.,-0.));
#5712 = ORIENTED_EDGE('',*,*,#5713,.T.);
#5713 = EDGE_CURVE('',#5706,#5714,#5716,.T.);
#5714 = VERTEX_POINT('',#5715);
#5715 = CARTESIAN_POINT('',(32.,49.1,19.3));
#5716 = LINE('',#5717,#5718);
#5717 = CARTESIAN_POINT('',(32.,47.9,19.3));
#5718 = VECTOR('',#5719,1.);
#5719 = DIRECTION('',(-0.,1.,0.));
#5720 = ORIENTED_EDGE('',*,*,#5721,.T.);
#5721 = EDGE_CURVE('',#5714,#5722,#5724,.T.);
#5722 = VERTEX_POINT('',#5723);
#5723 = CARTESIAN_POINT('',(43.,49.1,19.3));
#5724 = LINE('',#5725,#5726);
#5725 = CARTESIAN_POINT('',(27.,49.1,19.3));
#5726 = VECTOR('',#5727,1.);
#5727 = DIRECTION('',(1.,0.,-0.));
#5728 = ORIENTED_EDGE('',*,*,#5729,.F.);
#5729 = EDGE_CURVE('',#5730,#5722,#5732,.T.);
#5730 = VERTEX_POINT('',#5731);
#5731 = CARTESIAN_POINT('',(43.,47.9,19.3));
#5732 = LINE('',#5733,#5734);
#5733 = CARTESIAN_POINT('',(43.,47.9,19.3));
#5734 = VECTOR('',#5735,1.);
#5735 = DIRECTION('',(-0.,1.,0.));
#5736 = ORIENTED_EDGE('',*,*,#5737,.T.);
#5737 = EDGE_CURVE('',#5730,#5738,#5740,.T.);
#5738 = VERTEX_POINT('',#5739);
#5739 = CARTESIAN_POINT('',(47.,47.9,19.3));
#5740 = LINE('',#5741,#5742);
#5741 = CARTESIAN_POINT('',(43.,47.9,19.3));
#5742 = VECTOR('',#5743,1.);
#5743 = DIRECTION('',(1.,0.,-0.));
#5744 = ORIENTED_EDGE('',*,*,#5745,.T.);
#5745 = EDGE_CURVE('',#5738,#5746,#5748,.T.);
#5746 = VERTEX_POINT('',#5747);
#5747 = CARTESIAN_POINT('',(47.,49.1,19.3));
#5748 = LINE('',#5749,#5750);
#5749 = CARTESIAN_POINT('',(47.,47.9,19.3));
#5750 = VECTOR('',#5751,1.);
#5751 = DIRECTION('',(-0.,1.,0.));
#5752 = ORIENTED_EDGE('',*,*,#5753,.T.);
#5753 = EDGE_CURVE('',#5746,#5754,#5756,.T.);
#5754 = VERTEX_POINT('',#5755);
#5755 = CARTESIAN_POINT('',(57.,49.1,19.3));
#5756 = LINE('',#5757,#5758);
#5757 = CARTESIAN_POINT('',(27.,49.1,19.3));
#5758 = VECTOR('',#5759,1.);
#5759 = DIRECTION('',(1.,0.,-0.));
#5760 = ORIENTED_EDGE('',*,*,#5761,.T.);
#5761 = EDGE_CURVE('',#5754,#4699,#5762,.T.);
#5762 = LINE('',#5763,#5764);
#5763 = CARTESIAN_POINT('',(57.,49.1,19.3));
#5764 = VECTOR('',#5765,1.);
#5765 = DIRECTION('',(-0.,1.,0.));
#5766 = ORIENTED_EDGE('',*,*,#4706,.F.);
#5767 = PLANE('',#5768);
#5768 = AXIS2_PLACEMENT_3D('',#5769,#5770,#5771);
#5769 = CARTESIAN_POINT('',(41.675675675676,49.33018018018,19.3));
#5770 = DIRECTION('',(0.,0.,1.));
#5771 = DIRECTION('',(1.,0.,-0.));
#5772 = ADVANCED_FACE('',(#5773),#5791,.T.);
#5773 = FACE_BOUND('',#5774,.T.);
#5774 = EDGE_LOOP('',(#5775,#5783,#5789,#5790));
#5775 = ORIENTED_EDGE('',*,*,#5776,.F.);
#5776 = EDGE_CURVE('',#5777,#5754,#5779,.T.);
#5777 = VERTEX_POINT('',#5778);
#5778 = CARTESIAN_POINT('',(57.,49.1,13.6));
#5779 = LINE('',#5780,#5781);
#5780 = CARTESIAN_POINT('',(57.,49.1,13.6));
#5781 = VECTOR('',#5782,1.);
#5782 = DIRECTION('',(0.,0.,1.));
#5783 = ORIENTED_EDGE('',*,*,#5784,.T.);
#5784 = EDGE_CURVE('',#5777,#4691,#5785,.T.);
#5785 = LINE('',#5786,#5787);
#5786 = CARTESIAN_POINT('',(57.,49.1,13.6));
#5787 = VECTOR('',#5788,1.);
#5788 = DIRECTION('',(-0.,1.,0.));
#5789 = ORIENTED_EDGE('',*,*,#4698,.T.);
#5790 = ORIENTED_EDGE('',*,*,#5761,.F.);
#5791 = PLANE('',#5792);
#5792 = AXIS2_PLACEMENT_3D('',#5793,#5794,#5795);
#5793 = CARTESIAN_POINT('',(57.,49.1,13.6));
#5794 = DIRECTION('',(1.,0.,-0.));
#5795 = DIRECTION('',(0.,0.,1.));
#5796 = ADVANCED_FACE('',(#5797),#5808,.F.);
#5797 = FACE_BOUND('',#5798,.F.);
#5798 = EDGE_LOOP('',(#5799,#5800,#5806,#5807));
#5799 = ORIENTED_EDGE('',*,*,#5667,.F.);
#5800 = ORIENTED_EDGE('',*,*,#5801,.T.);
#5801 = EDGE_CURVE('',#5658,#5777,#5802,.T.);
#5802 = LINE('',#5803,#5804);
#5803 = CARTESIAN_POINT('',(27.,49.1,13.6));
#5804 = VECTOR('',#5805,1.);
#5805 = DIRECTION('',(1.,0.,-0.));
#5806 = ORIENTED_EDGE('',*,*,#5784,.T.);
#5807 = ORIENTED_EDGE('',*,*,#4690,.F.);
#5808 = PLANE('',#5809);
#5809 = AXIS2_PLACEMENT_3D('',#5810,#5811,#5812);
#5810 = CARTESIAN_POINT('',(27.,49.1,13.6));
#5811 = DIRECTION('',(0.,0.,1.));
#5812 = DIRECTION('',(1.,0.,-0.));
#5813 = ADVANCED_FACE('',(#5814),#5830,.T.);
#5814 = FACE_BOUND('',#5815,.T.);
#5815 = EDGE_LOOP('',(#5816,#5817,#5818,#5819,#5820,#5821,#5822,#5823,
    #5829));
#5816 = ORIENTED_EDGE('',*,*,#5033,.F.);
#5817 = ORIENTED_EDGE('',*,*,#5049,.T.);
#5818 = ORIENTED_EDGE('',*,*,#4772,.T.);
#5819 = ORIENTED_EDGE('',*,*,#4728,.T.);
#5820 = ORIENTED_EDGE('',*,*,#4873,.F.);
#5821 = ORIENTED_EDGE('',*,*,#4905,.F.);
#5822 = ORIENTED_EDGE('',*,*,#4921,.T.);
#5823 = ORIENTED_EDGE('',*,*,#5824,.F.);
#5824 = EDGE_CURVE('',#4988,#4922,#5825,.T.);
#5825 = LINE('',#5826,#5827);
#5826 = CARTESIAN_POINT('',(60.1,43.,0.));
#5827 = VECTOR('',#5828,1.);
#5828 = DIRECTION('',(-0.,1.,0.));
#5829 = ORIENTED_EDGE('',*,*,#4985,.F.);
#5830 = PLANE('',#5831);
#5831 = AXIS2_PLACEMENT_3D('',#5832,#5833,#5834);
#5832 = CARTESIAN_POINT('',(0.,0.,0.));
#5833 = DIRECTION('',(0.,0.,1.));
#5834 = DIRECTION('',(1.,0.,-0.));
#5835 = ADVANCED_FACE('',(#5836),#5847,.T.);
#5836 = FACE_BOUND('',#5837,.T.);
#5837 = EDGE_LOOP('',(#5838,#5839,#5845,#5846));
#5838 = ORIENTED_EDGE('',*,*,#4781,.F.);
#5839 = ORIENTED_EDGE('',*,*,#5840,.F.);
#5840 = EDGE_CURVE('',#5638,#4782,#5841,.T.);
#5841 = LINE('',#5842,#5843);
#5842 = CARTESIAN_POINT('',(63.4,25.,24.8));
#5843 = VECTOR('',#5844,1.);
#5844 = DIRECTION('',(1.,0.,0.));
#5845 = ORIENTED_EDGE('',*,*,#5637,.T.);
#5846 = ORIENTED_EDGE('',*,*,#5840,.T.);
#5847 = CYLINDRICAL_SURFACE('',#5848,11.8);
#5848 = AXIS2_PLACEMENT_3D('',#5849,#5850,#5851);
#5849 = CARTESIAN_POINT('',(63.4,25.,13.));
#5850 = DIRECTION('',(1.,0.,0.));
#5851 = DIRECTION('',(-0.,0.,1.));
#5852 = ADVANCED_FACE('',(#5853),#5859,.T.);
#5853 = FACE_BOUND('',#5854,.T.);
#5854 = EDGE_LOOP('',(#5855,#5856,#5857,#5858));
#5855 = ORIENTED_EDGE('',*,*,#5241,.F.);
#5856 = ORIENTED_EDGE('',*,*,#4851,.T.);
#5857 = ORIENTED_EDGE('',*,*,#5282,.T.);
#5858 = ORIENTED_EDGE('',*,*,#5257,.F.);
#5859 = PLANE('',#5860);
#5860 = AXIS2_PLACEMENT_3D('',#5861,#5862,#5863);
#5861 = CARTESIAN_POINT('',(28.,0.,19.3));
#5862 = DIRECTION('',(0.,0.,1.));
#5863 = DIRECTION('',(1.,0.,-0.));
#5864 = ADVANCED_FACE('',(#5865),#5871,.T.);
#5865 = FACE_BOUND('',#5866,.T.);
#5866 = EDGE_LOOP('',(#5867,#5868,#5869,#5870));
#5867 = ORIENTED_EDGE('',*,*,#5306,.F.);
#5868 = ORIENTED_EDGE('',*,*,#4828,.T.);
#5869 = ORIENTED_EDGE('',*,*,#5347,.T.);
#5870 = ORIENTED_EDGE('',*,*,#5322,.F.);
#5871 = PLANE('',#5872);
#5872 = AXIS2_PLACEMENT_3D('',#5873,#5874,#5875);
#5873 = CARTESIAN_POINT('',(46.,0.,19.3));
#5874 = DIRECTION('',(0.,0.,1.));
#5875 = DIRECTION('',(1.,0.,-0.));
#5876 = ADVANCED_FACE('',(#5877),#5888,.T.);
#5877 = FACE_BOUND('',#5878,.T.);
#5878 = EDGE_LOOP('',(#5879,#5880,#5881,#5882));
#5879 = ORIENTED_EDGE('',*,*,#5011,.F.);
#5880 = ORIENTED_EDGE('',*,*,#5824,.T.);
#5881 = ORIENTED_EDGE('',*,*,#4947,.T.);
#5882 = ORIENTED_EDGE('',*,*,#5883,.F.);
#5883 = EDGE_CURVE('',#5004,#4940,#5884,.T.);
#5884 = LINE('',#5885,#5886);
#5885 = CARTESIAN_POINT('',(60.1,43.,19.3));
#5886 = VECTOR('',#5887,1.);
#5887 = DIRECTION('',(-0.,1.,0.));
#5888 = PLANE('',#5889);
#5889 = AXIS2_PLACEMENT_3D('',#5890,#5891,#5892);
#5890 = CARTESIAN_POINT('',(60.1,43.,0.));
#5891 = DIRECTION('',(1.,0.,-0.));
#5892 = DIRECTION('',(0.,0.,1.));
#5893 = ADVANCED_FACE('',(#5894),#5900,.T.);
#5894 = FACE_BOUND('',#5895,.T.);
#5895 = EDGE_LOOP('',(#5896,#5897,#5898,#5899));
#5896 = ORIENTED_EDGE('',*,*,#4971,.F.);
#5897 = ORIENTED_EDGE('',*,*,#5003,.T.);
#5898 = ORIENTED_EDGE('',*,*,#5883,.T.);
#5899 = ORIENTED_EDGE('',*,*,#4939,.F.);
#5900 = PLANE('',#5901);
#5901 = AXIS2_PLACEMENT_3D('',#5902,#5903,#5904);
#5902 = CARTESIAN_POINT('',(58.9,43.,19.3));
#5903 = DIRECTION('',(0.,0.,1.));
#5904 = DIRECTION('',(1.,0.,-0.));
#5905 = ADVANCED_FACE('',(#5906),#5912,.T.);
#5906 = FACE_BOUND('',#5907,.T.);
#5907 = EDGE_LOOP('',(#5908,#5909,#5910,#5911));
#5908 = ORIENTED_EDGE('',*,*,#5186,.F.);
#5909 = ORIENTED_EDGE('',*,*,#5090,.T.);
#5910 = ORIENTED_EDGE('',*,*,#5138,.T.);
#5911 = ORIENTED_EDGE('',*,*,#5161,.F.);
#5912 = PLANE('',#5913);
#5913 = AXIS2_PLACEMENT_3D('',#5914,#5915,#5916);
#5914 = CARTESIAN_POINT('',(0.,0.,0.));
#5915 = DIRECTION('',(0.,0.,1.));
#5916 = DIRECTION('',(1.,0.,-0.));
#5917 = ADVANCED_FACE('',(#5918),#5921,.T.);
#5918 = FACE_BOUND('',#5919,.T.);
#5919 = EDGE_LOOP('',(#5920));
#5920 = ORIENTED_EDGE('',*,*,#5361,.T.);
#5921 = PLANE('',#5922);
#5922 = AXIS2_PLACEMENT_3D('',#5923,#5924,#5925);
#5923 = CARTESIAN_POINT('',(27.5,4.2,16.2));
#5924 = DIRECTION('',(0.,0.,1.));
#5925 = DIRECTION('',(1.,0.,-0.));
#5926 = ADVANCED_FACE('',(#5927),#5930,.T.);
#5927 = FACE_BOUND('',#5928,.T.);
#5928 = EDGE_LOOP('',(#5929));
#5929 = ORIENTED_EDGE('',*,*,#5386,.T.);
#5930 = PLANE('',#5931);
#5931 = AXIS2_PLACEMENT_3D('',#5932,#5933,#5934);
#5932 = CARTESIAN_POINT('',(56.5,4.2,16.2));
#5933 = DIRECTION('',(0.,0.,1.));
#5934 = DIRECTION('',(1.,0.,-0.));
#5935 = ADVANCED_FACE('',(#5936),#5942,.T.);
#5936 = FACE_BOUND('',#5937,.T.);
#5937 = EDGE_LOOP('',(#5938,#5939,#5940,#5941));
#5938 = ORIENTED_EDGE('',*,*,#5452,.F.);
#5939 = ORIENTED_EDGE('',*,*,#5420,.T.);
#5940 = ORIENTED_EDGE('',*,*,#5476,.T.);
#5941 = ORIENTED_EDGE('',*,*,#5492,.F.);
#5942 = PLANE('',#5943);
#5943 = AXIS2_PLACEMENT_3D('',#5944,#5945,#5946);
#5944 = CARTESIAN_POINT('',(23.9,3.,19.3));
#5945 = DIRECTION('',(0.,0.,1.));
#5946 = DIRECTION('',(1.,0.,-0.));
#5947 = ADVANCED_FACE('',(#5948,#5951),#5962,.T.);
#5948 = FACE_BOUND('',#5949,.T.);
#5949 = EDGE_LOOP('',(#5950));
#5950 = ORIENTED_EDGE('',*,*,#5507,.T.);
#5951 = FACE_BOUND('',#5952,.T.);
#5952 = EDGE_LOOP('',(#5953));
#5953 = ORIENTED_EDGE('',*,*,#5954,.F.);
#5954 = EDGE_CURVE('',#5955,#5955,#5957,.T.);
#5955 = VERTEX_POINT('',#5956);
#5956 = CARTESIAN_POINT('',(43.15,4.87,16.2));
#5957 = CIRCLE('',#5958,1.15);
#5958 = AXIS2_PLACEMENT_3D('',#5959,#5960,#5961);
#5959 = CARTESIAN_POINT('',(42.,4.87,16.2));
#5960 = DIRECTION('',(0.,0.,1.));
#5961 = DIRECTION('',(1.,0.,-0.));
#5962 = PLANE('',#5963);
#5963 = AXIS2_PLACEMENT_3D('',#5964,#5965,#5966);
#5964 = CARTESIAN_POINT('',(42.,4.87,16.2));
#5965 = DIRECTION('',(0.,0.,1.));
#5966 = DIRECTION('',(1.,0.,-0.));
#5967 = ADVANCED_FACE('',(#5968),#5974,.T.);
#5968 = FACE_BOUND('',#5969,.T.);
#5969 = EDGE_LOOP('',(#5970,#5971,#5972,#5973));
#5970 = ORIENTED_EDGE('',*,*,#5614,.F.);
#5971 = ORIENTED_EDGE('',*,*,#5541,.T.);
#5972 = ORIENTED_EDGE('',*,*,#5573,.T.);
#5973 = ORIENTED_EDGE('',*,*,#5596,.F.);
#5974 = PLANE('',#5975);
#5975 = AXIS2_PLACEMENT_3D('',#5976,#5977,#5978);
#5976 = CARTESIAN_POINT('',(58.9,3.,19.3));
#5977 = DIRECTION('',(0.,0.,1.));
#5978 = DIRECTION('',(1.,0.,-0.));
#5979 = ADVANCED_FACE('',(#5980),#6032,.F.);
#5980 = FACE_BOUND('',#5981,.F.);
#5981 = EDGE_LOOP('',(#5982,#5983,#5984,#5985,#5986,#5987,#5995,#6003,
    #6009,#6010,#6018,#6026));
#5982 = ORIENTED_EDGE('',*,*,#5753,.T.);
#5983 = ORIENTED_EDGE('',*,*,#5776,.F.);
#5984 = ORIENTED_EDGE('',*,*,#5801,.F.);
#5985 = ORIENTED_EDGE('',*,*,#5657,.T.);
#5986 = ORIENTED_EDGE('',*,*,#5689,.T.);
#5987 = ORIENTED_EDGE('',*,*,#5988,.T.);
#5988 = EDGE_CURVE('',#5690,#5989,#5991,.T.);
#5989 = VERTEX_POINT('',#5990);
#5990 = CARTESIAN_POINT('',(28.,49.1,17.95));
#5991 = LINE('',#5992,#5993);
#5992 = CARTESIAN_POINT('',(28.,49.1,15.775));
#5993 = VECTOR('',#5994,1.);
#5994 = DIRECTION('',(-0.,0.,-1.));
#5995 = ORIENTED_EDGE('',*,*,#5996,.T.);
#5996 = EDGE_CURVE('',#5989,#5997,#5999,.T.);
#5997 = VERTEX_POINT('',#5998);
#5998 = CARTESIAN_POINT('',(32.,49.1,17.95));
#5999 = LINE('',#6000,#6001);
#6000 = CARTESIAN_POINT('',(27.5,49.1,17.95));
#6001 = VECTOR('',#6002,1.);
#6002 = DIRECTION('',(1.,0.,-0.));
#6003 = ORIENTED_EDGE('',*,*,#6004,.F.);
#6004 = EDGE_CURVE('',#5714,#5997,#6005,.T.);
#6005 = LINE('',#6006,#6007);
#6006 = CARTESIAN_POINT('',(32.,49.1,15.775));
#6007 = VECTOR('',#6008,1.);
#6008 = DIRECTION('',(-0.,0.,-1.));
#6009 = ORIENTED_EDGE('',*,*,#5721,.T.);
#6010 = ORIENTED_EDGE('',*,*,#6011,.T.);
#6011 = EDGE_CURVE('',#5722,#6012,#6014,.T.);
#6012 = VERTEX_POINT('',#6013);
#6013 = CARTESIAN_POINT('',(43.,49.1,17.95));
#6014 = LINE('',#6015,#6016);
#6015 = CARTESIAN_POINT('',(43.,49.1,15.775));
#6016 = VECTOR('',#6017,1.);
#6017 = DIRECTION('',(-0.,0.,-1.));
#6018 = ORIENTED_EDGE('',*,*,#6019,.T.);
#6019 = EDGE_CURVE('',#6012,#6020,#6022,.T.);
#6020 = VERTEX_POINT('',#6021);
#6021 = CARTESIAN_POINT('',(47.,49.1,17.95));
#6022 = LINE('',#6023,#6024);
#6023 = CARTESIAN_POINT('',(35.,49.1,17.95));
#6024 = VECTOR('',#6025,1.);
#6025 = DIRECTION('',(1.,0.,-0.));
#6026 = ORIENTED_EDGE('',*,*,#6027,.F.);
#6027 = EDGE_CURVE('',#5746,#6020,#6028,.T.);
#6028 = LINE('',#6029,#6030);
#6029 = CARTESIAN_POINT('',(47.,49.1,15.775));
#6030 = VECTOR('',#6031,1.);
#6031 = DIRECTION('',(-0.,0.,-1.));
#6032 = PLANE('',#6033);
#6033 = AXIS2_PLACEMENT_3D('',#6034,#6035,#6036);
#6034 = CARTESIAN_POINT('',(27.,49.1,13.6));
#6035 = DIRECTION('',(-0.,1.,0.));
#6036 = DIRECTION('',(0.,0.,1.));
#6037 = ADVANCED_FACE('',(#6038),#6056,.F.);
#6038 = FACE_BOUND('',#6039,.F.);
#6039 = EDGE_LOOP('',(#6040,#6041,#6049,#6055));
#6040 = ORIENTED_EDGE('',*,*,#5697,.F.);
#6041 = ORIENTED_EDGE('',*,*,#6042,.F.);
#6042 = EDGE_CURVE('',#6043,#5698,#6045,.T.);
#6043 = VERTEX_POINT('',#6044);
#6044 = CARTESIAN_POINT('',(28.,47.9,17.95));
#6045 = LINE('',#6046,#6047);
#6046 = CARTESIAN_POINT('',(28.,47.9,17.95));
#6047 = VECTOR('',#6048,1.);
#6048 = DIRECTION('',(0.,0.,1.));
#6049 = ORIENTED_EDGE('',*,*,#6050,.T.);
#6050 = EDGE_CURVE('',#6043,#5989,#6051,.T.);
#6051 = LINE('',#6052,#6053);
#6052 = CARTESIAN_POINT('',(28.,47.9,17.95));
#6053 = VECTOR('',#6054,1.);
#6054 = DIRECTION('',(-0.,1.,0.));
#6055 = ORIENTED_EDGE('',*,*,#5988,.F.);
#6056 = PLANE('',#6057);
#6057 = AXIS2_PLACEMENT_3D('',#6058,#6059,#6060);
#6058 = CARTESIAN_POINT('',(28.,47.9,17.95));
#6059 = DIRECTION('',(1.,0.,-0.));
#6060 = DIRECTION('',(0.,0.,1.));
#6061 = ADVANCED_FACE('',(#6062),#6080,.F.);
#6062 = FACE_BOUND('',#6063,.F.);
#6063 = EDGE_LOOP('',(#6064,#6072,#6073,#6074));
#6064 = ORIENTED_EDGE('',*,*,#6065,.F.);
#6065 = EDGE_CURVE('',#6043,#6066,#6068,.T.);
#6066 = VERTEX_POINT('',#6067);
#6067 = CARTESIAN_POINT('',(32.,47.9,17.95));
#6068 = LINE('',#6069,#6070);
#6069 = CARTESIAN_POINT('',(28.,47.9,17.95));
#6070 = VECTOR('',#6071,1.);
#6071 = DIRECTION('',(1.,0.,-0.));
#6072 = ORIENTED_EDGE('',*,*,#6042,.T.);
#6073 = ORIENTED_EDGE('',*,*,#5705,.T.);
#6074 = ORIENTED_EDGE('',*,*,#6075,.F.);
#6075 = EDGE_CURVE('',#6066,#5706,#6076,.T.);
#6076 = LINE('',#6077,#6078);
#6077 = CARTESIAN_POINT('',(32.,47.9,17.95));
#6078 = VECTOR('',#6079,1.);
#6079 = DIRECTION('',(0.,0.,1.));
#6080 = PLANE('',#6081);
#6081 = AXIS2_PLACEMENT_3D('',#6082,#6083,#6084);
#6082 = CARTESIAN_POINT('',(28.,47.9,17.95));
#6083 = DIRECTION('',(-0.,1.,0.));
#6084 = DIRECTION('',(0.,0.,1.));
#6085 = ADVANCED_FACE('',(#6086),#6097,.T.);
#6086 = FACE_BOUND('',#6087,.T.);
#6087 = EDGE_LOOP('',(#6088,#6089,#6090,#6096));
#6088 = ORIENTED_EDGE('',*,*,#5713,.F.);
#6089 = ORIENTED_EDGE('',*,*,#6075,.F.);
#6090 = ORIENTED_EDGE('',*,*,#6091,.T.);
#6091 = EDGE_CURVE('',#6066,#5997,#6092,.T.);
#6092 = LINE('',#6093,#6094);
#6093 = CARTESIAN_POINT('',(32.,47.9,17.95));
#6094 = VECTOR('',#6095,1.);
#6095 = DIRECTION('',(-0.,1.,0.));
#6096 = ORIENTED_EDGE('',*,*,#6004,.F.);
#6097 = PLANE('',#6098);
#6098 = AXIS2_PLACEMENT_3D('',#6099,#6100,#6101);
#6099 = CARTESIAN_POINT('',(32.,47.9,17.95));
#6100 = DIRECTION('',(1.,0.,-0.));
#6101 = DIRECTION('',(0.,0.,1.));
#6102 = ADVANCED_FACE('',(#6103),#6121,.F.);
#6103 = FACE_BOUND('',#6104,.F.);
#6104 = EDGE_LOOP('',(#6105,#6106,#6114,#6120));
#6105 = ORIENTED_EDGE('',*,*,#5729,.F.);
#6106 = ORIENTED_EDGE('',*,*,#6107,.F.);
#6107 = EDGE_CURVE('',#6108,#5730,#6110,.T.);
#6108 = VERTEX_POINT('',#6109);
#6109 = CARTESIAN_POINT('',(43.,47.9,17.95));
#6110 = LINE('',#6111,#6112);
#6111 = CARTESIAN_POINT('',(43.,47.9,17.95));
#6112 = VECTOR('',#6113,1.);
#6113 = DIRECTION('',(0.,0.,1.));
#6114 = ORIENTED_EDGE('',*,*,#6115,.T.);
#6115 = EDGE_CURVE('',#6108,#6012,#6116,.T.);
#6116 = LINE('',#6117,#6118);
#6117 = CARTESIAN_POINT('',(43.,47.9,17.95));
#6118 = VECTOR('',#6119,1.);
#6119 = DIRECTION('',(-0.,1.,0.));
#6120 = ORIENTED_EDGE('',*,*,#6011,.F.);
#6121 = PLANE('',#6122);
#6122 = AXIS2_PLACEMENT_3D('',#6123,#6124,#6125);
#6123 = CARTESIAN_POINT('',(43.,47.9,17.95));
#6124 = DIRECTION('',(1.,0.,-0.));
#6125 = DIRECTION('',(0.,0.,1.));
#6126 = ADVANCED_FACE('',(#6127),#6145,.F.);
#6127 = FACE_BOUND('',#6128,.F.);
#6128 = EDGE_LOOP('',(#6129,#6137,#6138,#6139));
#6129 = ORIENTED_EDGE('',*,*,#6130,.F.);
#6130 = EDGE_CURVE('',#6108,#6131,#6133,.T.);
#6131 = VERTEX_POINT('',#6132);
#6132 = CARTESIAN_POINT('',(47.,47.9,17.95));
#6133 = LINE('',#6134,#6135);
#6134 = CARTESIAN_POINT('',(43.,47.9,17.95));
#6135 = VECTOR('',#6136,1.);
#6136 = DIRECTION('',(1.,0.,-0.));
#6137 = ORIENTED_EDGE('',*,*,#6107,.T.);
#6138 = ORIENTED_EDGE('',*,*,#5737,.T.);
#6139 = ORIENTED_EDGE('',*,*,#6140,.F.);
#6140 = EDGE_CURVE('',#6131,#5738,#6141,.T.);
#6141 = LINE('',#6142,#6143);
#6142 = CARTESIAN_POINT('',(47.,47.9,17.95));
#6143 = VECTOR('',#6144,1.);
#6144 = DIRECTION('',(0.,0.,1.));
#6145 = PLANE('',#6146);
#6146 = AXIS2_PLACEMENT_3D('',#6147,#6148,#6149);
#6147 = CARTESIAN_POINT('',(43.,47.9,17.95));
#6148 = DIRECTION('',(-0.,1.,0.));
#6149 = DIRECTION('',(0.,0.,1.));
#6150 = ADVANCED_FACE('',(#6151),#6162,.T.);
#6151 = FACE_BOUND('',#6152,.T.);
#6152 = EDGE_LOOP('',(#6153,#6154,#6155,#6161));
#6153 = ORIENTED_EDGE('',*,*,#5745,.F.);
#6154 = ORIENTED_EDGE('',*,*,#6140,.F.);
#6155 = ORIENTED_EDGE('',*,*,#6156,.T.);
#6156 = EDGE_CURVE('',#6131,#6020,#6157,.T.);
#6157 = LINE('',#6158,#6159);
#6158 = CARTESIAN_POINT('',(47.,47.9,17.95));
#6159 = VECTOR('',#6160,1.);
#6160 = DIRECTION('',(-0.,1.,0.));
#6161 = ORIENTED_EDGE('',*,*,#6027,.F.);
#6162 = PLANE('',#6163);
#6163 = AXIS2_PLACEMENT_3D('',#6164,#6165,#6166);
#6164 = CARTESIAN_POINT('',(47.,47.9,17.95));
#6165 = DIRECTION('',(1.,0.,-0.));
#6166 = DIRECTION('',(0.,0.,1.));
#6167 = ADVANCED_FACE('',(#6168),#6187,.F.);
#6168 = FACE_BOUND('',#6169,.F.);
#6169 = EDGE_LOOP('',(#6170,#6171,#6179,#6186));
#6170 = ORIENTED_EDGE('',*,*,#5954,.F.);
#6171 = ORIENTED_EDGE('',*,*,#6172,.F.);
#6172 = EDGE_CURVE('',#6173,#5955,#6175,.T.);
#6173 = VERTEX_POINT('',#6174);
#6174 = CARTESIAN_POINT('',(43.15,4.87,10.2));
#6175 = LINE('',#6176,#6177);
#6176 = CARTESIAN_POINT('',(43.15,4.87,10.2));
#6177 = VECTOR('',#6178,1.);
#6178 = DIRECTION('',(0.,0.,1.));
#6179 = ORIENTED_EDGE('',*,*,#6180,.T.);
#6180 = EDGE_CURVE('',#6173,#6173,#6181,.T.);
#6181 = CIRCLE('',#6182,1.15);
#6182 = AXIS2_PLACEMENT_3D('',#6183,#6184,#6185);
#6183 = CARTESIAN_POINT('',(42.,4.87,10.2));
#6184 = DIRECTION('',(0.,0.,1.));
#6185 = DIRECTION('',(1.,0.,-0.));
#6186 = ORIENTED_EDGE('',*,*,#6172,.T.);
#6187 = CYLINDRICAL_SURFACE('',#6188,1.15);
#6188 = AXIS2_PLACEMENT_3D('',#6189,#6190,#6191);
#6189 = CARTESIAN_POINT('',(42.,4.87,10.2));
#6190 = DIRECTION('',(0.,0.,1.));
#6191 = DIRECTION('',(1.,0.,-0.));
#6192 = ADVANCED_FACE('',(#6193),#6199,.F.);
#6193 = FACE_BOUND('',#6194,.F.);
#6194 = EDGE_LOOP('',(#6195,#6196,#6197,#6198));
#6195 = ORIENTED_EDGE('',*,*,#6115,.F.);
#6196 = ORIENTED_EDGE('',*,*,#6130,.T.);
#6197 = ORIENTED_EDGE('',*,*,#6156,.T.);
#6198 = ORIENTED_EDGE('',*,*,#6019,.F.);
#6199 = PLANE('',#6200);
#6200 = AXIS2_PLACEMENT_3D('',#6201,#6202,#6203);
#6201 = CARTESIAN_POINT('',(43.,47.9,17.95));
#6202 = DIRECTION('',(0.,0.,1.));
#6203 = DIRECTION('',(1.,0.,-0.));
#6204 = ADVANCED_FACE('',(#6205),#6211,.F.);
#6205 = FACE_BOUND('',#6206,.F.);
#6206 = EDGE_LOOP('',(#6207,#6208,#6209,#6210));
#6207 = ORIENTED_EDGE('',*,*,#6050,.F.);
#6208 = ORIENTED_EDGE('',*,*,#6065,.T.);
#6209 = ORIENTED_EDGE('',*,*,#6091,.T.);
#6210 = ORIENTED_EDGE('',*,*,#5996,.F.);
#6211 = PLANE('',#6212);
#6212 = AXIS2_PLACEMENT_3D('',#6213,#6214,#6215);
#6213 = CARTESIAN_POINT('',(28.,47.9,17.95));
#6214 = DIRECTION('',(0.,0.,1.));
#6215 = DIRECTION('',(1.,0.,-0.));
#6216 = ADVANCED_FACE('',(#6217),#6220,.T.);
#6217 = FACE_BOUND('',#6218,.F.);
#6218 = EDGE_LOOP('',(#6219));
#6219 = ORIENTED_EDGE('',*,*,#6180,.F.);
#6220 = PLANE('',#6221);
#6221 = AXIS2_PLACEMENT_3D('',#6222,#6223,#6224);
#6222 = CARTESIAN_POINT('',(42.,4.87,10.2));
#6223 = DIRECTION('',(0.,0.,1.));
#6224 = DIRECTION('',(1.,0.,-0.));
#6225 = ( GEOMETRIC_REPRESENTATION_CONTEXT(3) 
GLOBAL_UNCERTAINTY_ASSIGNED_CONTEXT((#6229)) 
GLOBAL_UNIT_ASSIGNED_CONTEXT((#6226,#6227,#6228)) REPRESENTATION_CONTEXT
('Context #1','3D Context with UNIT and UNCERTAINTY') );
#6226 = ( LENGTH_UNIT() NAMED_UNIT(*) SI_UNIT(.MILLI.,.METRE.) );
#6227 = ( NAMED_UNIT(*) PLANE_ANGLE_UNIT() SI_UNIT($,.RADIAN.) );
#6228 = ( NAMED_UNIT(*) SI_UNIT($,.STERADIAN.) SOLID_ANGLE_UNIT() );
#6229 = UNCERTAINTY_MEASURE_WITH_UNIT(LENGTH_MEASURE(1.E-07),#6226,
  'distance_accuracy_value','confusion accuracy');
#6230 = PRODUCT_RELATED_PRODUCT_CATEGORY('part',$,(#7));
ENDSEC;
END-ISO-10303-21;
