ISO-10303-21;
HEADER;
FILE_DESCRIPTION(('FreeCAD Model'),'2;1');
FILE_NAME('Open CASCADE Shape Model','2026-09-27T15:22:53',('FreeCAD'),(
    'FreeCAD'),'Open CASCADE STEP processor 7.8','FreeCAD','Unknown');
FILE_SCHEMA(('AUTOMOTIVE_DESIGN { 1 0 10303 214 1 1 1 1 }'));
ENDSEC;
DATA;
#1 = APPLICATION_PROTOCOL_DEFINITION('international standard',
  'automotive_design',2000,#2);
#2 = APPLICATION_CONTEXT(
  'core data for automotive mechanical design processes');
#3 = SHAPE_DEFINITION_REPRESENTATION(#4,#10);
#4 = PRODUCT_DEFINITION_SHAPE('','',#5);
#5 = PRODUCT_DEFINITION('design','',#6,#9);
#6 = PRODUCT_DEFINITION_FORMATION('','',#7);
#7 = PRODUCT('Open CASCADE STEP translator 7.8 1',
  'Open CASCADE STEP translator 7.8 1','',(#8));
#8 = PRODUCT_CONTEXT('',#2,'mechanical');
#9 = PRODUCT_DEFINITION_CONTEXT('part definition',#2,'design');
#10 = ADVANCED_BREP_SHAPE_REPRESENTATION('',(#11,#15),#7916);
#11 = AXIS2_PLACEMENT_3D('',#12,#13,#14);
#12 = CARTESIAN_POINT('',(0.,0.,0.));
#13 = DIRECTION('',(0.,0.,1.));
#14 = DIRECTION('',(1.,0.,-0.));
#15 = MANIFOLD_SOLID_BREP('',#16);
#16 = CLOSED_SHELL('',(#17,#189,#338,#363,#504,#521,#1128,#1153,#1178,
    #1497,#1646,#1671,#1812,#1829,#1846,#1863,#1920,#1937,#2080,#2104,
    #2128,#2152,#2176,#2193,#2210,#2227,#2244,#2261,#2278,#2290,#2302,
    #2381,#2398,#2415,#2432,#2449,#2466,#2483,#2495,#2512,#2524,#2541,
    #2558,#2575,#2594,#2613,#2630,#2647,#2664,#2681,#2754,#2788,#2819,
    #2843,#2867,#2892,#2909,#2940,#2964,#2988,#3005,#3039,#3070,#3094,
    #3118,#3142,#3160,#3191,#3215,#3239,#3256,#3287,#3312,#3336,#3360,
    #3377,#3411,#3442,#3466,#3490,#3507,#3538,#3562,#3586,#3603,#3634,
    #3658,#3682,#3699,#3730,#3755,#3779,#3803,#3820,#3854,#3879,#3904,
    #3929,#3961,#3985,#4009,#4034,#4059,#4083,#4107,#4125,#4150,#4167,
    #4179,#4191,#4208,#4225,#4242,#4259,#4271,#4283,#4308,#4339,#4363,
    #4387,#4404,#4429,#4455,#4468,#4480,#4506,#4519,#4531,#4544,#4570,
    #4582,#4594,#4606,#4619,#4645,#4670,#4695,#4720,#4806,#4831,#4922,
    #4945,#4965,#4985,#5005,#5025,#5045,#5065,#5085,#5105,#5137,#5161,
    #5186,#5210,#5235,#5259,#5284,#5301,#5321,#5421,#5445,#5469,#5486,
    #5529,#5724,#5771,#5978,#5995,#6020,#6045,#6070,#6095,#6120,#6145,
    #6170,#6195,#6220,#6245,#6257,#6308,#6342,#6386,#6403,#6461,#6485,
    #6509,#6549,#6573,#6613,#6637,#6654,#6678,#6725,#6749,#6773,#6798,
    #6816,#6826,#6843,#6855,#6879,#6903,#6920,#6944,#6968,#6985,#7010,
    #7035,#7066,#7090,#7114,#7131,#7156,#7187,#7211,#7235,#7252,#7261,
    #7295,#7307,#7319,#7331,#7343,#7374,#7462,#7486,#7503,#7525,#7543,
    #7555,#7567,#7584,#7596,#7608,#7617,#7626,#7638,#7658,#7670,#7728,
    #7752,#7776,#7793,#7817,#7841,#7858,#7883,#7895,#7907));
#17 = ADVANCED_FACE('',(#18,#84,#118),#184,.F.);
#18 = FACE_BOUND('',#19,.F.);
#19 = EDGE_LOOP('',(#20,#30,#38,#46,#54,#62,#70,#78));
#20 = ORIENTED_EDGE('',*,*,#21,.F.);
#21 = EDGE_CURVE('',#22,#24,#26,.T.);
#22 = VERTEX_POINT('',#23);
#23 = CARTESIAN_POINT('',(6.5,-4.6,-2.));
#24 = VERTEX_POINT('',#25);
#25 = CARTESIAN_POINT('',(6.5,-4.6,-1.));
#26 = LINE('',#27,#28);
#27 = CARTESIAN_POINT('',(6.5,-4.6,-7.5));
#28 = VECTOR('',#29,1.);
#29 = DIRECTION('',(0.,-0.,1.));
#30 = ORIENTED_EDGE('',*,*,#31,.T.);
#31 = EDGE_CURVE('',#22,#32,#34,.T.);
#32 = VERTEX_POINT('',#33);
#33 = CARTESIAN_POINT('',(6.5,-4.6,-6.));
#34 = LINE('',#35,#36);
#35 = CARTESIAN_POINT('',(6.5,-4.6,-7.5));
#36 = VECTOR('',#37,1.);
#37 = DIRECTION('',(-0.,0.,-1.));
#38 = ORIENTED_EDGE('',*,*,#39,.T.);
#39 = EDGE_CURVE('',#32,#40,#42,.T.);
#40 = VERTEX_POINT('',#41);
#41 = CARTESIAN_POINT('',(6.5,-4.6,-8.4));
#42 = LINE('',#43,#44);
#43 = CARTESIAN_POINT('',(6.5,-4.6,-7.5));
#44 = VECTOR('',#45,1.);
#45 = DIRECTION('',(-0.,0.,-1.));
#46 = ORIENTED_EDGE('',*,*,#47,.T.);
#47 = EDGE_CURVE('',#40,#48,#50,.T.);
#48 = VERTEX_POINT('',#49);
#49 = CARTESIAN_POINT('',(12.5,-4.6,-8.4));
#50 = LINE('',#51,#52);
#51 = CARTESIAN_POINT('',(6.5,-4.6,-8.4));
#52 = VECTOR('',#53,1.);
#53 = DIRECTION('',(1.,0.,-0.));
#54 = ORIENTED_EDGE('',*,*,#55,.F.);
#55 = EDGE_CURVE('',#56,#48,#58,.T.);
#56 = VERTEX_POINT('',#57);
#57 = CARTESIAN_POINT('',(12.5,-4.6,-6.));
#58 = LINE('',#59,#60);
#59 = CARTESIAN_POINT('',(12.5,-4.6,-7.5));
#60 = VECTOR('',#61,1.);
#61 = DIRECTION('',(-0.,0.,-1.));
#62 = ORIENTED_EDGE('',*,*,#63,.F.);
#63 = EDGE_CURVE('',#64,#56,#66,.T.);
#64 = VERTEX_POINT('',#65);
#65 = CARTESIAN_POINT('',(12.5,-4.6,-2.));
#66 = LINE('',#67,#68);
#67 = CARTESIAN_POINT('',(12.5,-4.6,-7.5));
#68 = VECTOR('',#69,1.);
#69 = DIRECTION('',(-0.,0.,-1.));
#70 = ORIENTED_EDGE('',*,*,#71,.T.);
#71 = EDGE_CURVE('',#64,#72,#74,.T.);
#72 = VERTEX_POINT('',#73);
#73 = CARTESIAN_POINT('',(12.5,-4.6,-1.));
#74 = LINE('',#75,#76);
#75 = CARTESIAN_POINT('',(12.5,-4.6,-7.5));
#76 = VECTOR('',#77,1.);
#77 = DIRECTION('',(0.,-0.,1.));
#78 = ORIENTED_EDGE('',*,*,#79,.F.);
#79 = EDGE_CURVE('',#24,#72,#80,.T.);
#80 = LINE('',#81,#82);
#81 = CARTESIAN_POINT('',(6.5,-4.6,-1.));
#82 = VECTOR('',#83,1.);
#83 = DIRECTION('',(1.,0.,-0.));
#84 = FACE_BOUND('',#85,.F.);
#85 = EDGE_LOOP('',(#86,#96,#104,#112));
#86 = ORIENTED_EDGE('',*,*,#87,.F.);
#87 = EDGE_CURVE('',#88,#90,#92,.T.);
#88 = VERTEX_POINT('',#89);
#89 = CARTESIAN_POINT('',(2.,-4.6,-9.));
#90 = VERTEX_POINT('',#91);
#91 = CARTESIAN_POINT('',(67.,-4.6,-9.));
#92 = LINE('',#93,#94);
#93 = CARTESIAN_POINT('',(-4.6,-4.6,-9.));
#94 = VECTOR('',#95,1.);
#95 = DIRECTION('',(1.,0.,-0.));
#96 = ORIENTED_EDGE('',*,*,#97,.T.);
#97 = EDGE_CURVE('',#88,#98,#100,.T.);
#98 = VERTEX_POINT('',#99);
#99 = CARTESIAN_POINT('',(2.,-4.6,28.));
#100 = LINE('',#101,#102);
#101 = CARTESIAN_POINT('',(2.,-4.6,-9.));
#102 = VECTOR('',#103,1.);
#103 = DIRECTION('',(0.,0.,1.));
#104 = ORIENTED_EDGE('',*,*,#105,.T.);
#105 = EDGE_CURVE('',#98,#106,#108,.T.);
#106 = VERTEX_POINT('',#107);
#107 = CARTESIAN_POINT('',(67.,-4.6,28.));
#108 = LINE('',#109,#110);
#109 = CARTESIAN_POINT('',(-4.6,-4.6,28.));
#110 = VECTOR('',#111,1.);
#111 = DIRECTION('',(1.,0.,-0.));
#112 = ORIENTED_EDGE('',*,*,#113,.F.);
#113 = EDGE_CURVE('',#90,#106,#114,.T.);
#114 = LINE('',#115,#116);
#115 = CARTESIAN_POINT('',(67.,-4.6,-9.));
#116 = VECTOR('',#117,1.);
#117 = DIRECTION('',(0.,0.,1.));
#118 = FACE_BOUND('',#119,.F.);
#119 = EDGE_LOOP('',(#120,#130,#138,#146,#154,#162,#170,#178));
#120 = ORIENTED_EDGE('',*,*,#121,.F.);
#121 = EDGE_CURVE('',#122,#124,#126,.T.);
#122 = VERTEX_POINT('',#123);
#123 = CARTESIAN_POINT('',(56.5,-4.6,-2.));
#124 = VERTEX_POINT('',#125);
#125 = CARTESIAN_POINT('',(56.5,-4.6,-1.));
#126 = LINE('',#127,#128);
#127 = CARTESIAN_POINT('',(56.5,-4.6,-7.5));
#128 = VECTOR('',#129,1.);
#129 = DIRECTION('',(0.,-0.,1.));
#130 = ORIENTED_EDGE('',*,*,#131,.T.);
#131 = EDGE_CURVE('',#122,#132,#134,.T.);
#132 = VERTEX_POINT('',#133);
#133 = CARTESIAN_POINT('',(56.5,-4.6,-6.));
#134 = LINE('',#135,#136);
#135 = CARTESIAN_POINT('',(56.5,-4.6,-7.5));
#136 = VECTOR('',#137,1.);
#137 = DIRECTION('',(-0.,0.,-1.));
#138 = ORIENTED_EDGE('',*,*,#139,.T.);
#139 = EDGE_CURVE('',#132,#140,#142,.T.);
#140 = VERTEX_POINT('',#141);
#141 = CARTESIAN_POINT('',(56.5,-4.6,-8.4));
#142 = LINE('',#143,#144);
#143 = CARTESIAN_POINT('',(56.5,-4.6,-7.5));
#144 = VECTOR('',#145,1.);
#145 = DIRECTION('',(-0.,0.,-1.));
#146 = ORIENTED_EDGE('',*,*,#147,.T.);
#147 = EDGE_CURVE('',#140,#148,#150,.T.);
#148 = VERTEX_POINT('',#149);
#149 = CARTESIAN_POINT('',(62.5,-4.6,-8.4));
#150 = LINE('',#151,#152);
#151 = CARTESIAN_POINT('',(56.5,-4.6,-8.4));
#152 = VECTOR('',#153,1.);
#153 = DIRECTION('',(1.,0.,-0.));
#154 = ORIENTED_EDGE('',*,*,#155,.F.);
#155 = EDGE_CURVE('',#156,#148,#158,.T.);
#156 = VERTEX_POINT('',#157);
#157 = CARTESIAN_POINT('',(62.5,-4.6,-6.));
#158 = LINE('',#159,#160);
#159 = CARTESIAN_POINT('',(62.5,-4.6,-7.5));
#160 = VECTOR('',#161,1.);
#161 = DIRECTION('',(-0.,0.,-1.));
#162 = ORIENTED_EDGE('',*,*,#163,.F.);
#163 = EDGE_CURVE('',#164,#156,#166,.T.);
#164 = VERTEX_POINT('',#165);
#165 = CARTESIAN_POINT('',(62.5,-4.6,-2.));
#166 = LINE('',#167,#168);
#167 = CARTESIAN_POINT('',(62.5,-4.6,-7.5));
#168 = VECTOR('',#169,1.);
#169 = DIRECTION('',(-0.,0.,-1.));
#170 = ORIENTED_EDGE('',*,*,#171,.T.);
#171 = EDGE_CURVE('',#164,#172,#174,.T.);
#172 = VERTEX_POINT('',#173);
#173 = CARTESIAN_POINT('',(62.5,-4.6,-1.));
#174 = LINE('',#175,#176);
#175 = CARTESIAN_POINT('',(62.5,-4.6,-7.5));
#176 = VECTOR('',#177,1.);
#177 = DIRECTION('',(0.,-0.,1.));
#178 = ORIENTED_EDGE('',*,*,#179,.F.);
#179 = EDGE_CURVE('',#124,#172,#180,.T.);
#180 = LINE('',#181,#182);
#181 = CARTESIAN_POINT('',(56.5,-4.6,-1.));
#182 = VECTOR('',#183,1.);
#183 = DIRECTION('',(1.,0.,-0.));
#184 = PLANE('',#185);
#185 = AXIS2_PLACEMENT_3D('',#186,#187,#188);
#186 = CARTESIAN_POINT('',(-4.6,-4.6,-9.));
#187 = DIRECTION('',(-0.,1.,0.));
#188 = DIRECTION('',(0.,0.,1.));
#189 = ADVANCED_FACE('',(#190),#333,.T.);
#190 = FACE_BOUND('',#191,.T.);
#191 = EDGE_LOOP('',(#192,#202,#209,#210,#211,#212,#221,#229,#237,#245,
    #253,#261,#269,#277,#285,#293,#302,#310,#318,#326));
#192 = ORIENTED_EDGE('',*,*,#193,.F.);
#193 = EDGE_CURVE('',#194,#196,#198,.T.);
#194 = VERTEX_POINT('',#195);
#195 = CARTESIAN_POINT('',(6.5,-3.6,-2.));
#196 = VERTEX_POINT('',#197);
#197 = CARTESIAN_POINT('',(6.5,53.6,-2.));
#198 = LINE('',#199,#200);
#199 = CARTESIAN_POINT('',(6.5,-24.6,-2.));
#200 = VECTOR('',#201,1.);
#201 = DIRECTION('',(-0.,1.,0.));
#202 = ORIENTED_EDGE('',*,*,#203,.F.);
#203 = EDGE_CURVE('',#24,#194,#204,.T.);
#204 = CIRCLE('',#205,1.);
#205 = AXIS2_PLACEMENT_3D('',#206,#207,#208);
#206 = CARTESIAN_POINT('',(6.5,-3.6,-1.));
#207 = DIRECTION('',(1.,0.,-0.));
#208 = DIRECTION('',(0.,0.,1.));
#209 = ORIENTED_EDGE('',*,*,#21,.F.);
#210 = ORIENTED_EDGE('',*,*,#31,.T.);
#211 = ORIENTED_EDGE('',*,*,#39,.T.);
#212 = ORIENTED_EDGE('',*,*,#213,.T.);
#213 = EDGE_CURVE('',#40,#214,#216,.T.);
#214 = VERTEX_POINT('',#215);
#215 = CARTESIAN_POINT('',(6.5,-2.2,-6.));
#216 = CIRCLE('',#217,2.4);
#217 = AXIS2_PLACEMENT_3D('',#218,#219,#220);
#218 = CARTESIAN_POINT('',(6.5,-2.2,-8.4));
#219 = DIRECTION('',(-1.,-0.,0.));
#220 = DIRECTION('',(0.,0.,1.));
#221 = ORIENTED_EDGE('',*,*,#222,.T.);
#222 = EDGE_CURVE('',#214,#223,#225,.T.);
#223 = VERTEX_POINT('',#224);
#224 = CARTESIAN_POINT('',(6.5,5.,-6.));
#225 = LINE('',#226,#227);
#226 = CARTESIAN_POINT('',(6.5,-24.6,-6.));
#227 = VECTOR('',#228,1.);
#228 = DIRECTION('',(-0.,1.,0.));
#229 = ORIENTED_EDGE('',*,*,#230,.T.);
#230 = EDGE_CURVE('',#223,#231,#233,.T.);
#231 = VERTEX_POINT('',#232);
#232 = CARTESIAN_POINT('',(6.5,5.,-2.5));
#233 = LINE('',#234,#235);
#234 = CARTESIAN_POINT('',(6.5,5.,-6.));
#235 = VECTOR('',#236,1.);
#236 = DIRECTION('',(0.,0.,1.));
#237 = ORIENTED_EDGE('',*,*,#238,.F.);
#238 = EDGE_CURVE('',#239,#231,#241,.T.);
#239 = VERTEX_POINT('',#240);
#240 = CARTESIAN_POINT('',(6.5,13.,-2.5));
#241 = LINE('',#242,#243);
#242 = CARTESIAN_POINT('',(6.5,-9.8,-2.5));
#243 = VECTOR('',#244,1.);
#244 = DIRECTION('',(0.,-1.,0.));
#245 = ORIENTED_EDGE('',*,*,#246,.F.);
#246 = EDGE_CURVE('',#247,#239,#249,.T.);
#247 = VERTEX_POINT('',#248);
#248 = CARTESIAN_POINT('',(6.5,13.,-6.));
#249 = LINE('',#250,#251);
#250 = CARTESIAN_POINT('',(6.5,13.,-6.));
#251 = VECTOR('',#252,1.);
#252 = DIRECTION('',(0.,0.,1.));
#253 = ORIENTED_EDGE('',*,*,#254,.T.);
#254 = EDGE_CURVE('',#247,#255,#257,.T.);
#255 = VERTEX_POINT('',#256);
#256 = CARTESIAN_POINT('',(6.5,37.,-6.));
#257 = LINE('',#258,#259);
#258 = CARTESIAN_POINT('',(6.5,-24.6,-6.));
#259 = VECTOR('',#260,1.);
#260 = DIRECTION('',(-0.,1.,0.));
#261 = ORIENTED_EDGE('',*,*,#262,.T.);
#262 = EDGE_CURVE('',#255,#263,#265,.T.);
#263 = VERTEX_POINT('',#264);
#264 = CARTESIAN_POINT('',(6.5,37.,-2.5));
#265 = LINE('',#266,#267);
#266 = CARTESIAN_POINT('',(6.5,37.,-6.));
#267 = VECTOR('',#268,1.);
#268 = DIRECTION('',(0.,0.,1.));
#269 = ORIENTED_EDGE('',*,*,#270,.F.);
#270 = EDGE_CURVE('',#271,#263,#273,.T.);
#271 = VERTEX_POINT('',#272);
#272 = CARTESIAN_POINT('',(6.5,45.,-2.5));
#273 = LINE('',#274,#275);
#274 = CARTESIAN_POINT('',(6.5,6.2,-2.5));
#275 = VECTOR('',#276,1.);
#276 = DIRECTION('',(0.,-1.,0.));
#277 = ORIENTED_EDGE('',*,*,#278,.F.);
#278 = EDGE_CURVE('',#279,#271,#281,.T.);
#279 = VERTEX_POINT('',#280);
#280 = CARTESIAN_POINT('',(6.5,45.,-6.));
#281 = LINE('',#282,#283);
#282 = CARTESIAN_POINT('',(6.5,45.,-6.));
#283 = VECTOR('',#284,1.);
#284 = DIRECTION('',(0.,0.,1.));
#285 = ORIENTED_EDGE('',*,*,#286,.T.);
#286 = EDGE_CURVE('',#279,#287,#289,.T.);
#287 = VERTEX_POINT('',#288);
#288 = CARTESIAN_POINT('',(6.5,52.2,-6.));
#289 = LINE('',#290,#291);
#290 = CARTESIAN_POINT('',(6.5,-24.6,-6.));
#291 = VECTOR('',#292,1.);
#292 = DIRECTION('',(-0.,1.,0.));
#293 = ORIENTED_EDGE('',*,*,#294,.F.);
#294 = EDGE_CURVE('',#295,#287,#297,.T.);
#295 = VERTEX_POINT('',#296);
#296 = CARTESIAN_POINT('',(6.5,54.6,-8.4));
#297 = CIRCLE('',#298,2.4);
#298 = AXIS2_PLACEMENT_3D('',#299,#300,#301);
#299 = CARTESIAN_POINT('',(6.5,52.2,-8.4));
#300 = DIRECTION('',(1.,0.,-0.));
#301 = DIRECTION('',(0.,0.,1.));
#302 = ORIENTED_EDGE('',*,*,#303,.F.);
#303 = EDGE_CURVE('',#304,#295,#306,.T.);
#304 = VERTEX_POINT('',#305);
#305 = CARTESIAN_POINT('',(6.5,54.6,-6.));
#306 = LINE('',#307,#308);
#307 = CARTESIAN_POINT('',(6.5,54.6,-7.5));
#308 = VECTOR('',#309,1.);
#309 = DIRECTION('',(-0.,0.,-1.));
#310 = ORIENTED_EDGE('',*,*,#311,.F.);
#311 = EDGE_CURVE('',#312,#304,#314,.T.);
#312 = VERTEX_POINT('',#313);
#313 = CARTESIAN_POINT('',(6.5,54.6,-2.));
#314 = LINE('',#315,#316);
#315 = CARTESIAN_POINT('',(6.5,54.6,-7.5));
#316 = VECTOR('',#317,1.);
#317 = DIRECTION('',(-0.,0.,-1.));
#318 = ORIENTED_EDGE('',*,*,#319,.T.);
#319 = EDGE_CURVE('',#312,#320,#322,.T.);
#320 = VERTEX_POINT('',#321);
#321 = CARTESIAN_POINT('',(6.5,54.6,-1.));
#322 = LINE('',#323,#324);
#323 = CARTESIAN_POINT('',(6.5,54.6,-7.5));
#324 = VECTOR('',#325,1.);
#325 = DIRECTION('',(0.,-0.,1.));
#326 = ORIENTED_EDGE('',*,*,#327,.F.);
#327 = EDGE_CURVE('',#196,#320,#328,.T.);
#328 = CIRCLE('',#329,1.);
#329 = AXIS2_PLACEMENT_3D('',#330,#331,#332);
#330 = CARTESIAN_POINT('',(6.5,53.6,-1.));
#331 = DIRECTION('',(1.,0.,-0.));
#332 = DIRECTION('',(0.,0.,1.));
#333 = PLANE('',#334);
#334 = AXIS2_PLACEMENT_3D('',#335,#336,#337);
#335 = CARTESIAN_POINT('',(6.5,-24.6,-6.));
#336 = DIRECTION('',(1.,0.,-0.));
#337 = DIRECTION('',(0.,0.,1.));
#338 = ADVANCED_FACE('',(#339),#358,.T.);
#339 = FACE_BOUND('',#340,.T.);
#340 = EDGE_LOOP('',(#341,#342,#350,#357));
#341 = ORIENTED_EDGE('',*,*,#203,.T.);
#342 = ORIENTED_EDGE('',*,*,#343,.T.);
#343 = EDGE_CURVE('',#194,#344,#346,.T.);
#344 = VERTEX_POINT('',#345);
#345 = CARTESIAN_POINT('',(12.5,-3.6,-2.));
#346 = LINE('',#347,#348);
#347 = CARTESIAN_POINT('',(6.5,-3.6,-2.));
#348 = VECTOR('',#349,1.);
#349 = DIRECTION('',(1.,0.,-0.));
#350 = ORIENTED_EDGE('',*,*,#351,.F.);
#351 = EDGE_CURVE('',#72,#344,#352,.T.);
#352 = CIRCLE('',#353,1.);
#353 = AXIS2_PLACEMENT_3D('',#354,#355,#356);
#354 = CARTESIAN_POINT('',(12.5,-3.6,-1.));
#355 = DIRECTION('',(1.,0.,-0.));
#356 = DIRECTION('',(0.,0.,1.));
#357 = ORIENTED_EDGE('',*,*,#79,.F.);
#358 = CYLINDRICAL_SURFACE('',#359,1.);
#359 = AXIS2_PLACEMENT_3D('',#360,#361,#362);
#360 = CARTESIAN_POINT('',(6.5,-3.6,-1.));
#361 = DIRECTION('',(1.,0.,-0.));
#362 = DIRECTION('',(0.,-1.,0.));
#363 = ADVANCED_FACE('',(#364),#499,.F.);
#364 = FACE_BOUND('',#365,.F.);
#365 = EDGE_LOOP('',(#366,#374,#375,#376,#377,#378,#387,#395,#403,#411,
    #419,#427,#435,#443,#451,#459,#468,#476,#484,#492));
#366 = ORIENTED_EDGE('',*,*,#367,.F.);
#367 = EDGE_CURVE('',#344,#368,#370,.T.);
#368 = VERTEX_POINT('',#369);
#369 = CARTESIAN_POINT('',(12.5,53.6,-2.));
#370 = LINE('',#371,#372);
#371 = CARTESIAN_POINT('',(12.5,-24.6,-2.));
#372 = VECTOR('',#373,1.);
#373 = DIRECTION('',(-0.,1.,0.));
#374 = ORIENTED_EDGE('',*,*,#351,.F.);
#375 = ORIENTED_EDGE('',*,*,#71,.F.);
#376 = ORIENTED_EDGE('',*,*,#63,.T.);
#377 = ORIENTED_EDGE('',*,*,#55,.T.);
#378 = ORIENTED_EDGE('',*,*,#379,.T.);
#379 = EDGE_CURVE('',#48,#380,#382,.T.);
#380 = VERTEX_POINT('',#381);
#381 = CARTESIAN_POINT('',(12.5,-2.2,-6.));
#382 = CIRCLE('',#383,2.4);
#383 = AXIS2_PLACEMENT_3D('',#384,#385,#386);
#384 = CARTESIAN_POINT('',(12.5,-2.2,-8.4));
#385 = DIRECTION('',(-1.,-0.,0.));
#386 = DIRECTION('',(0.,0.,1.));
#387 = ORIENTED_EDGE('',*,*,#388,.T.);
#388 = EDGE_CURVE('',#380,#389,#391,.T.);
#389 = VERTEX_POINT('',#390);
#390 = CARTESIAN_POINT('',(12.5,5.,-6.));
#391 = LINE('',#392,#393);
#392 = CARTESIAN_POINT('',(12.5,-24.6,-6.));
#393 = VECTOR('',#394,1.);
#394 = DIRECTION('',(-0.,1.,0.));
#395 = ORIENTED_EDGE('',*,*,#396,.T.);
#396 = EDGE_CURVE('',#389,#397,#399,.T.);
#397 = VERTEX_POINT('',#398);
#398 = CARTESIAN_POINT('',(12.5,5.,-2.5));
#399 = LINE('',#400,#401);
#400 = CARTESIAN_POINT('',(12.5,5.,-6.));
#401 = VECTOR('',#402,1.);
#402 = DIRECTION('',(0.,0.,1.));
#403 = ORIENTED_EDGE('',*,*,#404,.F.);
#404 = EDGE_CURVE('',#405,#397,#407,.T.);
#405 = VERTEX_POINT('',#406);
#406 = CARTESIAN_POINT('',(12.5,13.,-2.5));
#407 = LINE('',#408,#409);
#408 = CARTESIAN_POINT('',(12.5,-9.8,-2.5));
#409 = VECTOR('',#410,1.);
#410 = DIRECTION('',(0.,-1.,0.));
#411 = ORIENTED_EDGE('',*,*,#412,.F.);
#412 = EDGE_CURVE('',#413,#405,#415,.T.);
#413 = VERTEX_POINT('',#414);
#414 = CARTESIAN_POINT('',(12.5,13.,-6.));
#415 = LINE('',#416,#417);
#416 = CARTESIAN_POINT('',(12.5,13.,-6.));
#417 = VECTOR('',#418,1.);
#418 = DIRECTION('',(0.,0.,1.));
#419 = ORIENTED_EDGE('',*,*,#420,.T.);
#420 = EDGE_CURVE('',#413,#421,#423,.T.);
#421 = VERTEX_POINT('',#422);
#422 = CARTESIAN_POINT('',(12.5,37.,-6.));
#423 = LINE('',#424,#425);
#424 = CARTESIAN_POINT('',(12.5,-24.6,-6.));
#425 = VECTOR('',#426,1.);
#426 = DIRECTION('',(-0.,1.,0.));
#427 = ORIENTED_EDGE('',*,*,#428,.T.);
#428 = EDGE_CURVE('',#421,#429,#431,.T.);
#429 = VERTEX_POINT('',#430);
#430 = CARTESIAN_POINT('',(12.5,37.,-2.5));
#431 = LINE('',#432,#433);
#432 = CARTESIAN_POINT('',(12.5,37.,-6.));
#433 = VECTOR('',#434,1.);
#434 = DIRECTION('',(0.,0.,1.));
#435 = ORIENTED_EDGE('',*,*,#436,.F.);
#436 = EDGE_CURVE('',#437,#429,#439,.T.);
#437 = VERTEX_POINT('',#438);
#438 = CARTESIAN_POINT('',(12.5,45.,-2.5));
#439 = LINE('',#440,#441);
#440 = CARTESIAN_POINT('',(12.5,6.2,-2.5));
#441 = VECTOR('',#442,1.);
#442 = DIRECTION('',(0.,-1.,0.));
#443 = ORIENTED_EDGE('',*,*,#444,.F.);
#444 = EDGE_CURVE('',#445,#437,#447,.T.);
#445 = VERTEX_POINT('',#446);
#446 = CARTESIAN_POINT('',(12.5,45.,-6.));
#447 = LINE('',#448,#449);
#448 = CARTESIAN_POINT('',(12.5,45.,-6.));
#449 = VECTOR('',#450,1.);
#450 = DIRECTION('',(0.,0.,1.));
#451 = ORIENTED_EDGE('',*,*,#452,.T.);
#452 = EDGE_CURVE('',#445,#453,#455,.T.);
#453 = VERTEX_POINT('',#454);
#454 = CARTESIAN_POINT('',(12.5,52.2,-6.));
#455 = LINE('',#456,#457);
#456 = CARTESIAN_POINT('',(12.5,-24.6,-6.));
#457 = VECTOR('',#458,1.);
#458 = DIRECTION('',(-0.,1.,0.));
#459 = ORIENTED_EDGE('',*,*,#460,.F.);
#460 = EDGE_CURVE('',#461,#453,#463,.T.);
#461 = VERTEX_POINT('',#462);
#462 = CARTESIAN_POINT('',(12.5,54.6,-8.4));
#463 = CIRCLE('',#464,2.4);
#464 = AXIS2_PLACEMENT_3D('',#465,#466,#467);
#465 = CARTESIAN_POINT('',(12.5,52.2,-8.4));
#466 = DIRECTION('',(1.,0.,-0.));
#467 = DIRECTION('',(0.,0.,1.));
#468 = ORIENTED_EDGE('',*,*,#469,.F.);
#469 = EDGE_CURVE('',#470,#461,#472,.T.);
#470 = VERTEX_POINT('',#471);
#471 = CARTESIAN_POINT('',(12.5,54.6,-6.));
#472 = LINE('',#473,#474);
#473 = CARTESIAN_POINT('',(12.5,54.6,-7.5));
#474 = VECTOR('',#475,1.);
#475 = DIRECTION('',(-0.,0.,-1.));
#476 = ORIENTED_EDGE('',*,*,#477,.F.);
#477 = EDGE_CURVE('',#478,#470,#480,.T.);
#478 = VERTEX_POINT('',#479);
#479 = CARTESIAN_POINT('',(12.5,54.6,-2.));
#480 = LINE('',#481,#482);
#481 = CARTESIAN_POINT('',(12.5,54.6,-7.5));
#482 = VECTOR('',#483,1.);
#483 = DIRECTION('',(-0.,0.,-1.));
#484 = ORIENTED_EDGE('',*,*,#485,.T.);
#485 = EDGE_CURVE('',#478,#486,#488,.T.);
#486 = VERTEX_POINT('',#487);
#487 = CARTESIAN_POINT('',(12.5,54.6,-1.));
#488 = LINE('',#489,#490);
#489 = CARTESIAN_POINT('',(12.5,54.6,-7.5));
#490 = VECTOR('',#491,1.);
#491 = DIRECTION('',(0.,-0.,1.));
#492 = ORIENTED_EDGE('',*,*,#493,.F.);
#493 = EDGE_CURVE('',#368,#486,#494,.T.);
#494 = CIRCLE('',#495,1.);
#495 = AXIS2_PLACEMENT_3D('',#496,#497,#498);
#496 = CARTESIAN_POINT('',(12.5,53.6,-1.));
#497 = DIRECTION('',(1.,0.,-0.));
#498 = DIRECTION('',(0.,0.,1.));
#499 = PLANE('',#500);
#500 = AXIS2_PLACEMENT_3D('',#501,#502,#503);
#501 = CARTESIAN_POINT('',(12.5,-24.6,-6.));
#502 = DIRECTION('',(1.,0.,-0.));
#503 = DIRECTION('',(0.,0.,1.));
#504 = ADVANCED_FACE('',(#505),#516,.T.);
#505 = FACE_BOUND('',#506,.F.);
#506 = EDGE_LOOP('',(#507,#508,#514,#515));
#507 = ORIENTED_EDGE('',*,*,#213,.T.);
#508 = ORIENTED_EDGE('',*,*,#509,.T.);
#509 = EDGE_CURVE('',#214,#380,#510,.T.);
#510 = LINE('',#511,#512);
#511 = CARTESIAN_POINT('',(6.5,-2.2,-6.));
#512 = VECTOR('',#513,1.);
#513 = DIRECTION('',(1.,0.,-0.));
#514 = ORIENTED_EDGE('',*,*,#379,.F.);
#515 = ORIENTED_EDGE('',*,*,#47,.F.);
#516 = CYLINDRICAL_SURFACE('',#517,2.4);
#517 = AXIS2_PLACEMENT_3D('',#518,#519,#520);
#518 = CARTESIAN_POINT('',(6.5,-2.2,-8.4));
#519 = DIRECTION('',(1.,0.,-0.));
#520 = DIRECTION('',(0.,-1.,0.));
#521 = ADVANCED_FACE('',(#522,#737,#748,#791,#825,#836,#879,#913,#956,
    #967,#1001,#1035,#1069,#1112),#1123,.T.);
#522 = FACE_BOUND('',#523,.T.);
#523 = EDGE_LOOP('',(#524,#534,#543,#551,#560,#568,#577,#585,#594,#602,
    #611,#620,#628,#637,#645,#654,#662,#671,#680,#688,#695,#696,#705,
    #713,#722,#730));
#524 = ORIENTED_EDGE('',*,*,#525,.T.);
#525 = EDGE_CURVE('',#526,#528,#530,.T.);
#526 = VERTEX_POINT('',#527);
#527 = CARTESIAN_POINT('',(-4.6,2.,-9.));
#528 = VERTEX_POINT('',#529);
#529 = CARTESIAN_POINT('',(-4.6,48.,-9.));
#530 = LINE('',#531,#532);
#531 = CARTESIAN_POINT('',(-4.6,-4.6,-9.));
#532 = VECTOR('',#533,1.);
#533 = DIRECTION('',(-0.,1.,0.));
#534 = ORIENTED_EDGE('',*,*,#535,.T.);
#535 = EDGE_CURVE('',#528,#536,#538,.T.);
#536 = VERTEX_POINT('',#537);
#537 = CARTESIAN_POINT('',(-4.5,49.144552314225,-9.));
#538 = CIRCLE('',#539,6.6);
#539 = AXIS2_PLACEMENT_3D('',#540,#541,#542);
#540 = CARTESIAN_POINT('',(2.,48.,-9.));
#541 = DIRECTION('',(-0.,-0.,-1.));
#542 = DIRECTION('',(0.,-1.,0.));
#543 = ORIENTED_EDGE('',*,*,#544,.T.);
#544 = EDGE_CURVE('',#536,#545,#547,.T.);
#545 = VERTEX_POINT('',#546);
#546 = CARTESIAN_POINT('',(-4.5,50.2,-9.));
#547 = LINE('',#548,#549);
#548 = CARTESIAN_POINT('',(-4.5,49.,-9.));
#549 = VECTOR('',#550,1.);
#550 = DIRECTION('',(-0.,1.,0.));
#551 = ORIENTED_EDGE('',*,*,#552,.F.);
#552 = EDGE_CURVE('',#553,#545,#555,.T.);
#553 = VERTEX_POINT('',#554);
#554 = CARTESIAN_POINT('',(-0.2,54.5,-9.));
#555 = CIRCLE('',#556,4.3);
#556 = AXIS2_PLACEMENT_3D('',#557,#558,#559);
#557 = CARTESIAN_POINT('',(-4.5,54.5,-9.));
#558 = DIRECTION('',(0.,0.,1.));
#559 = DIRECTION('',(1.,0.,-0.));
#560 = ORIENTED_EDGE('',*,*,#561,.T.);
#561 = EDGE_CURVE('',#553,#562,#564,.T.);
#562 = VERTEX_POINT('',#563);
#563 = CARTESIAN_POINT('',(0.855447685774,54.5,-9.));
#564 = LINE('',#565,#566);
#565 = CARTESIAN_POINT('',(-4.5,54.5,-9.));
#566 = VECTOR('',#567,1.);
#567 = DIRECTION('',(1.,0.,-0.));
#568 = ORIENTED_EDGE('',*,*,#569,.T.);
#569 = EDGE_CURVE('',#562,#570,#572,.T.);
#570 = VERTEX_POINT('',#571);
#571 = CARTESIAN_POINT('',(2.,54.6,-9.));
#572 = CIRCLE('',#573,6.6);
#573 = AXIS2_PLACEMENT_3D('',#574,#575,#576);
#574 = CARTESIAN_POINT('',(2.,48.,-9.));
#575 = DIRECTION('',(-0.,-0.,-1.));
#576 = DIRECTION('',(0.,-1.,0.));
#577 = ORIENTED_EDGE('',*,*,#578,.T.);
#578 = EDGE_CURVE('',#570,#579,#581,.T.);
#579 = VERTEX_POINT('',#580);
#580 = CARTESIAN_POINT('',(67.,54.6,-9.));
#581 = LINE('',#582,#583);
#582 = CARTESIAN_POINT('',(-4.6,54.6,-9.));
#583 = VECTOR('',#584,1.);
#584 = DIRECTION('',(1.,0.,-0.));
#585 = ORIENTED_EDGE('',*,*,#586,.F.);
#586 = EDGE_CURVE('',#587,#579,#589,.T.);
#587 = VERTEX_POINT('',#588);
#588 = CARTESIAN_POINT('',(68.144552314225,54.5,-9.));
#589 = CIRCLE('',#590,6.6);
#590 = AXIS2_PLACEMENT_3D('',#591,#592,#593);
#591 = CARTESIAN_POINT('',(67.,48.,-9.));
#592 = DIRECTION('',(0.,0.,1.));
#593 = DIRECTION('',(0.,-1.,0.));
#594 = ORIENTED_EDGE('',*,*,#595,.T.);
#595 = EDGE_CURVE('',#587,#596,#598,.T.);
#596 = VERTEX_POINT('',#597);
#597 = CARTESIAN_POINT('',(69.2,54.5,-9.));
#598 = LINE('',#599,#600);
#599 = CARTESIAN_POINT('',(68.,54.5,-9.));
#600 = VECTOR('',#601,1.);
#601 = DIRECTION('',(1.,0.,-0.));
#602 = ORIENTED_EDGE('',*,*,#603,.F.);
#603 = EDGE_CURVE('',#604,#596,#606,.T.);
#604 = VERTEX_POINT('',#605);
#605 = CARTESIAN_POINT('',(77.8,54.5,-9.));
#606 = CIRCLE('',#607,4.3);
#607 = AXIS2_PLACEMENT_3D('',#608,#609,#610);
#608 = CARTESIAN_POINT('',(73.5,54.5,-9.));
#609 = DIRECTION('',(0.,0.,1.));
#610 = DIRECTION('',(1.,0.,-0.));
#611 = ORIENTED_EDGE('',*,*,#612,.F.);
#612 = EDGE_CURVE('',#613,#604,#615,.T.);
#613 = VERTEX_POINT('',#614);
#614 = CARTESIAN_POINT('',(73.5,50.2,-9.));
#615 = CIRCLE('',#616,4.3);
#616 = AXIS2_PLACEMENT_3D('',#617,#618,#619);
#617 = CARTESIAN_POINT('',(73.5,54.5,-9.));
#618 = DIRECTION('',(0.,0.,1.));
#619 = DIRECTION('',(1.,0.,-0.));
#620 = ORIENTED_EDGE('',*,*,#621,.F.);
#621 = EDGE_CURVE('',#622,#613,#624,.T.);
#622 = VERTEX_POINT('',#623);
#623 = CARTESIAN_POINT('',(73.5,49.144552314225,-9.));
#624 = LINE('',#625,#626);
#625 = CARTESIAN_POINT('',(73.5,49.,-9.));
#626 = VECTOR('',#627,1.);
#627 = DIRECTION('',(-0.,1.,0.));
#628 = ORIENTED_EDGE('',*,*,#629,.F.);
#629 = EDGE_CURVE('',#630,#622,#632,.T.);
#630 = VERTEX_POINT('',#631);
#631 = CARTESIAN_POINT('',(73.6,48.,-9.));
#632 = CIRCLE('',#633,6.6);
#633 = AXIS2_PLACEMENT_3D('',#634,#635,#636);
#634 = CARTESIAN_POINT('',(67.,48.,-9.));
#635 = DIRECTION('',(0.,0.,1.));
#636 = DIRECTION('',(0.,-1.,0.));
#637 = ORIENTED_EDGE('',*,*,#638,.F.);
#638 = EDGE_CURVE('',#639,#630,#641,.T.);
#639 = VERTEX_POINT('',#640);
#640 = CARTESIAN_POINT('',(73.6,2.,-9.));
#641 = LINE('',#642,#643);
#642 = CARTESIAN_POINT('',(73.6,-4.6,-9.));
#643 = VECTOR('',#644,1.);
#644 = DIRECTION('',(-0.,1.,0.));
#645 = ORIENTED_EDGE('',*,*,#646,.T.);
#646 = EDGE_CURVE('',#639,#647,#649,.T.);
#647 = VERTEX_POINT('',#648);
#648 = CARTESIAN_POINT('',(73.5,0.855447685775,-9.));
#649 = CIRCLE('',#650,6.6);
#650 = AXIS2_PLACEMENT_3D('',#651,#652,#653);
#651 = CARTESIAN_POINT('',(67.,2.,-9.));
#652 = DIRECTION('',(-0.,-0.,-1.));
#653 = DIRECTION('',(0.,-1.,0.));
#654 = ORIENTED_EDGE('',*,*,#655,.F.);
#655 = EDGE_CURVE('',#656,#647,#658,.T.);
#656 = VERTEX_POINT('',#657);
#657 = CARTESIAN_POINT('',(73.5,-0.2,-9.));
#658 = LINE('',#659,#660);
#659 = CARTESIAN_POINT('',(73.5,-4.5,-9.));
#660 = VECTOR('',#661,1.);
#661 = DIRECTION('',(-0.,1.,0.));
#662 = ORIENTED_EDGE('',*,*,#663,.F.);
#663 = EDGE_CURVE('',#664,#656,#666,.T.);
#664 = VERTEX_POINT('',#665);
#665 = CARTESIAN_POINT('',(77.8,-4.5,-9.));
#666 = CIRCLE('',#667,4.3);
#667 = AXIS2_PLACEMENT_3D('',#668,#669,#670);
#668 = CARTESIAN_POINT('',(73.5,-4.5,-9.));
#669 = DIRECTION('',(0.,0.,1.));
#670 = DIRECTION('',(1.,0.,-0.));
#671 = ORIENTED_EDGE('',*,*,#672,.F.);
#672 = EDGE_CURVE('',#673,#664,#675,.T.);
#673 = VERTEX_POINT('',#674);
#674 = CARTESIAN_POINT('',(69.2,-4.5,-9.));
#675 = CIRCLE('',#676,4.3);
#676 = AXIS2_PLACEMENT_3D('',#677,#678,#679);
#677 = CARTESIAN_POINT('',(73.5,-4.5,-9.));
#678 = DIRECTION('',(0.,0.,1.));
#679 = DIRECTION('',(1.,0.,-0.));
#680 = ORIENTED_EDGE('',*,*,#681,.F.);
#681 = EDGE_CURVE('',#682,#673,#684,.T.);
#682 = VERTEX_POINT('',#683);
#683 = CARTESIAN_POINT('',(68.144552314225,-4.5,-9.));
#684 = LINE('',#685,#686);
#685 = CARTESIAN_POINT('',(68.,-4.5,-9.));
#686 = VECTOR('',#687,1.);
#687 = DIRECTION('',(1.,0.,-0.));
#688 = ORIENTED_EDGE('',*,*,#689,.T.);
#689 = EDGE_CURVE('',#682,#90,#690,.T.);
#690 = CIRCLE('',#691,6.6);
#691 = AXIS2_PLACEMENT_3D('',#692,#693,#694);
#692 = CARTESIAN_POINT('',(67.,2.,-9.));
#693 = DIRECTION('',(-0.,-0.,-1.));
#694 = DIRECTION('',(0.,-1.,0.));
#695 = ORIENTED_EDGE('',*,*,#87,.F.);
#696 = ORIENTED_EDGE('',*,*,#697,.F.);
#697 = EDGE_CURVE('',#698,#88,#700,.T.);
#698 = VERTEX_POINT('',#699);
#699 = CARTESIAN_POINT('',(0.855447685774,-4.5,-9.));
#700 = CIRCLE('',#701,6.6);
#701 = AXIS2_PLACEMENT_3D('',#702,#703,#704);
#702 = CARTESIAN_POINT('',(2.,2.,-9.));
#703 = DIRECTION('',(0.,0.,1.));
#704 = DIRECTION('',(0.,-1.,0.));
#705 = ORIENTED_EDGE('',*,*,#706,.F.);
#706 = EDGE_CURVE('',#707,#698,#709,.T.);
#707 = VERTEX_POINT('',#708);
#708 = CARTESIAN_POINT('',(-0.2,-4.5,-9.));
#709 = LINE('',#710,#711);
#710 = CARTESIAN_POINT('',(-4.5,-4.5,-9.));
#711 = VECTOR('',#712,1.);
#712 = DIRECTION('',(1.,0.,-0.));
#713 = ORIENTED_EDGE('',*,*,#714,.F.);
#714 = EDGE_CURVE('',#715,#707,#717,.T.);
#715 = VERTEX_POINT('',#716);
#716 = CARTESIAN_POINT('',(-4.5,-0.2,-9.));
#717 = CIRCLE('',#718,4.3);
#718 = AXIS2_PLACEMENT_3D('',#719,#720,#721);
#719 = CARTESIAN_POINT('',(-4.5,-4.5,-9.));
#720 = DIRECTION('',(0.,0.,1.));
#721 = DIRECTION('',(1.,0.,-0.));
#722 = ORIENTED_EDGE('',*,*,#723,.T.);
#723 = EDGE_CURVE('',#715,#724,#726,.T.);
#724 = VERTEX_POINT('',#725);
#725 = CARTESIAN_POINT('',(-4.5,0.855447685775,-9.));
#726 = LINE('',#727,#728);
#727 = CARTESIAN_POINT('',(-4.5,-4.5,-9.));
#728 = VECTOR('',#729,1.);
#729 = DIRECTION('',(-0.,1.,0.));
#730 = ORIENTED_EDGE('',*,*,#731,.F.);
#731 = EDGE_CURVE('',#526,#724,#732,.T.);
#732 = CIRCLE('',#733,6.6);
#733 = AXIS2_PLACEMENT_3D('',#734,#735,#736);
#734 = CARTESIAN_POINT('',(2.,2.,-9.));
#735 = DIRECTION('',(0.,0.,1.));
#736 = DIRECTION('',(0.,-1.,0.));
#737 = FACE_BOUND('',#738,.T.);
#738 = EDGE_LOOP('',(#739));
#739 = ORIENTED_EDGE('',*,*,#740,.F.);
#740 = EDGE_CURVE('',#741,#741,#743,.T.);
#741 = VERTEX_POINT('',#742);
#742 = CARTESIAN_POINT('',(69.65,-4.5,-9.));
#743 = CIRCLE('',#744,3.85);
#744 = AXIS2_PLACEMENT_3D('',#745,#746,#747);
#745 = CARTESIAN_POINT('',(73.5,-4.5,-9.));
#746 = DIRECTION('',(-0.,0.,-1.));
#747 = DIRECTION('',(-1.,0.,0.));
#748 = FACE_BOUND('',#749,.T.);
#749 = EDGE_LOOP('',(#750,#760,#768,#777,#785));
#750 = ORIENTED_EDGE('',*,*,#751,.F.);
#751 = EDGE_CURVE('',#752,#754,#756,.T.);
#752 = VERTEX_POINT('',#753);
#753 = CARTESIAN_POINT('',(65.1,-2.6,-9.));
#754 = VERTEX_POINT('',#755);
#755 = CARTESIAN_POINT('',(65.1,2.4,-9.));
#756 = LINE('',#757,#758);
#757 = CARTESIAN_POINT('',(65.1,-9.6,-9.));
#758 = VECTOR('',#759,1.);
#759 = DIRECTION('',(-0.,1.,0.));
#760 = ORIENTED_EDGE('',*,*,#761,.T.);
#761 = EDGE_CURVE('',#752,#762,#764,.T.);
#762 = VERTEX_POINT('',#763);
#763 = CARTESIAN_POINT('',(68.605870863984,-2.6,-9.));
#764 = LINE('',#765,#766);
#765 = CARTESIAN_POINT('',(-2.6,-2.6,-9.));
#766 = VECTOR('',#767,1.);
#767 = DIRECTION('',(1.,0.,-0.));
#768 = ORIENTED_EDGE('',*,*,#769,.F.);
#769 = EDGE_CURVE('',#770,#762,#772,.T.);
#770 = VERTEX_POINT('',#771);
#771 = CARTESIAN_POINT('',(71.6,0.394129136016,-9.));
#772 = CIRCLE('',#773,5.25);
#773 = AXIS2_PLACEMENT_3D('',#774,#775,#776);
#774 = CARTESIAN_POINT('',(73.5,-4.5,-9.));
#775 = DIRECTION('',(0.,0.,1.));
#776 = DIRECTION('',(1.,0.,-0.));
#777 = ORIENTED_EDGE('',*,*,#778,.T.);
#778 = EDGE_CURVE('',#770,#779,#781,.T.);
#779 = VERTEX_POINT('',#780);
#780 = CARTESIAN_POINT('',(71.6,2.4,-9.));
#781 = LINE('',#782,#783);
#782 = CARTESIAN_POINT('',(71.6,-2.6,-9.));
#783 = VECTOR('',#784,1.);
#784 = DIRECTION('',(-0.,1.,0.));
#785 = ORIENTED_EDGE('',*,*,#786,.F.);
#786 = EDGE_CURVE('',#754,#779,#787,.T.);
#787 = LINE('',#788,#789);
#788 = CARTESIAN_POINT('',(-9.6,2.4,-9.));
#789 = VECTOR('',#790,1.);
#790 = DIRECTION('',(1.,0.,-0.));
#791 = FACE_BOUND('',#792,.T.);
#792 = EDGE_LOOP('',(#793,#803,#811,#819));
#793 = ORIENTED_EDGE('',*,*,#794,.F.);
#794 = EDGE_CURVE('',#795,#797,#799,.T.);
#795 = VERTEX_POINT('',#796);
#796 = CARTESIAN_POINT('',(15.1,-2.6,-9.));
#797 = VERTEX_POINT('',#798);
#798 = CARTESIAN_POINT('',(15.1,2.4,-9.));
#799 = LINE('',#800,#801);
#800 = CARTESIAN_POINT('',(15.1,-9.6,-9.));
#801 = VECTOR('',#802,1.);
#802 = DIRECTION('',(-0.,1.,0.));
#803 = ORIENTED_EDGE('',*,*,#804,.T.);
#804 = EDGE_CURVE('',#795,#805,#807,.T.);
#805 = VERTEX_POINT('',#806);
#806 = CARTESIAN_POINT('',(53.9,-2.6,-9.));
#807 = LINE('',#808,#809);
#808 = CARTESIAN_POINT('',(-2.6,-2.6,-9.));
#809 = VECTOR('',#810,1.);
#810 = DIRECTION('',(1.,0.,-0.));
#811 = ORIENTED_EDGE('',*,*,#812,.T.);
#812 = EDGE_CURVE('',#805,#813,#815,.T.);
#813 = VERTEX_POINT('',#814);
#814 = CARTESIAN_POINT('',(53.9,2.4,-9.));
#815 = LINE('',#816,#817);
#816 = CARTESIAN_POINT('',(53.9,-9.6,-9.));
#817 = VECTOR('',#818,1.);
#818 = DIRECTION('',(-0.,1.,0.));
#819 = ORIENTED_EDGE('',*,*,#820,.F.);
#820 = EDGE_CURVE('',#797,#813,#821,.T.);
#821 = LINE('',#822,#823);
#822 = CARTESIAN_POINT('',(-9.6,2.4,-9.));
#823 = VECTOR('',#824,1.);
#824 = DIRECTION('',(1.,0.,-0.));
#825 = FACE_BOUND('',#826,.T.);
#826 = EDGE_LOOP('',(#827));
#827 = ORIENTED_EDGE('',*,*,#828,.F.);
#828 = EDGE_CURVE('',#829,#829,#831,.T.);
#829 = VERTEX_POINT('',#830);
#830 = CARTESIAN_POINT('',(-8.35,-4.5,-9.));
#831 = CIRCLE('',#832,3.85);
#832 = AXIS2_PLACEMENT_3D('',#833,#834,#835);
#833 = CARTESIAN_POINT('',(-4.5,-4.5,-9.));
#834 = DIRECTION('',(-0.,0.,-1.));
#835 = DIRECTION('',(-1.,0.,0.));
#836 = FACE_BOUND('',#837,.T.);
#837 = EDGE_LOOP('',(#838,#848,#857,#865,#873));
#838 = ORIENTED_EDGE('',*,*,#839,.F.);
#839 = EDGE_CURVE('',#840,#842,#844,.T.);
#840 = VERTEX_POINT('',#841);
#841 = CARTESIAN_POINT('',(-2.6,0.394129136016,-9.));
#842 = VERTEX_POINT('',#843);
#843 = CARTESIAN_POINT('',(-2.6,2.4,-9.));
#844 = LINE('',#845,#846);
#845 = CARTESIAN_POINT('',(-2.6,-2.6,-9.));
#846 = VECTOR('',#847,1.);
#847 = DIRECTION('',(-0.,1.,0.));
#848 = ORIENTED_EDGE('',*,*,#849,.F.);
#849 = EDGE_CURVE('',#850,#840,#852,.T.);
#850 = VERTEX_POINT('',#851);
#851 = CARTESIAN_POINT('',(0.394129136016,-2.6,-9.));
#852 = CIRCLE('',#853,5.25);
#853 = AXIS2_PLACEMENT_3D('',#854,#855,#856);
#854 = CARTESIAN_POINT('',(-4.5,-4.5,-9.));
#855 = DIRECTION('',(0.,0.,1.));
#856 = DIRECTION('',(1.,0.,-0.));
#857 = ORIENTED_EDGE('',*,*,#858,.T.);
#858 = EDGE_CURVE('',#850,#859,#861,.T.);
#859 = VERTEX_POINT('',#860);
#860 = CARTESIAN_POINT('',(3.9,-2.6,-9.));
#861 = LINE('',#862,#863);
#862 = CARTESIAN_POINT('',(-2.6,-2.6,-9.));
#863 = VECTOR('',#864,1.);
#864 = DIRECTION('',(1.,0.,-0.));
#865 = ORIENTED_EDGE('',*,*,#866,.T.);
#866 = EDGE_CURVE('',#859,#867,#869,.T.);
#867 = VERTEX_POINT('',#868);
#868 = CARTESIAN_POINT('',(3.9,2.4,-9.));
#869 = LINE('',#870,#871);
#870 = CARTESIAN_POINT('',(3.9,-9.6,-9.));
#871 = VECTOR('',#872,1.);
#872 = DIRECTION('',(-0.,1.,0.));
#873 = ORIENTED_EDGE('',*,*,#874,.F.);
#874 = EDGE_CURVE('',#842,#867,#875,.T.);
#875 = LINE('',#876,#877);
#876 = CARTESIAN_POINT('',(-9.6,2.4,-9.));
#877 = VECTOR('',#878,1.);
#878 = DIRECTION('',(1.,0.,-0.));
#879 = FACE_BOUND('',#880,.T.);
#880 = EDGE_LOOP('',(#881,#891,#899,#907));
#881 = ORIENTED_EDGE('',*,*,#882,.F.);
#882 = EDGE_CURVE('',#883,#885,#887,.T.);
#883 = VERTEX_POINT('',#884);
#884 = CARTESIAN_POINT('',(65.1,34.4,-9.));
#885 = VERTEX_POINT('',#886);
#886 = CARTESIAN_POINT('',(71.6,34.4,-9.));
#887 = LINE('',#888,#889);
#888 = CARTESIAN_POINT('',(-9.6,34.4,-9.));
#889 = VECTOR('',#890,1.);
#890 = DIRECTION('',(1.,0.,-0.));
#891 = ORIENTED_EDGE('',*,*,#892,.F.);
#892 = EDGE_CURVE('',#893,#883,#895,.T.);
#893 = VERTEX_POINT('',#894);
#894 = CARTESIAN_POINT('',(65.1,15.6,-9.));
#895 = LINE('',#896,#897);
#896 = CARTESIAN_POINT('',(65.1,-9.6,-9.));
#897 = VECTOR('',#898,1.);
#898 = DIRECTION('',(-0.,1.,0.));
#899 = ORIENTED_EDGE('',*,*,#900,.T.);
#900 = EDGE_CURVE('',#893,#901,#903,.T.);
#901 = VERTEX_POINT('',#902);
#902 = CARTESIAN_POINT('',(71.6,15.6,-9.));
#903 = LINE('',#904,#905);
#904 = CARTESIAN_POINT('',(-9.6,15.6,-9.));
#905 = VECTOR('',#906,1.);
#906 = DIRECTION('',(1.,0.,-0.));
#907 = ORIENTED_EDGE('',*,*,#908,.T.);
#908 = EDGE_CURVE('',#901,#885,#909,.T.);
#909 = LINE('',#910,#911);
#910 = CARTESIAN_POINT('',(71.6,-2.6,-9.));
#911 = VECTOR('',#912,1.);
#912 = DIRECTION('',(-0.,1.,0.));
#913 = FACE_BOUND('',#914,.T.);
#914 = EDGE_LOOP('',(#915,#925,#933,#941,#949));
#915 = ORIENTED_EDGE('',*,*,#916,.F.);
#916 = EDGE_CURVE('',#917,#919,#921,.T.);
#917 = VERTEX_POINT('',#918);
#918 = CARTESIAN_POINT('',(65.1,52.6,-9.));
#919 = VERTEX_POINT('',#920);
#920 = CARTESIAN_POINT('',(68.605870863984,52.6,-9.));
#921 = LINE('',#922,#923);
#922 = CARTESIAN_POINT('',(-2.6,52.6,-9.));
#923 = VECTOR('',#924,1.);
#924 = DIRECTION('',(1.,0.,-0.));
#925 = ORIENTED_EDGE('',*,*,#926,.F.);
#926 = EDGE_CURVE('',#927,#917,#929,.T.);
#927 = VERTEX_POINT('',#928);
#928 = CARTESIAN_POINT('',(65.1,47.6,-9.));
#929 = LINE('',#930,#931);
#930 = CARTESIAN_POINT('',(65.1,-9.6,-9.));
#931 = VECTOR('',#932,1.);
#932 = DIRECTION('',(-0.,1.,0.));
#933 = ORIENTED_EDGE('',*,*,#934,.T.);
#934 = EDGE_CURVE('',#927,#935,#937,.T.);
#935 = VERTEX_POINT('',#936);
#936 = CARTESIAN_POINT('',(71.6,47.6,-9.));
#937 = LINE('',#938,#939);
#938 = CARTESIAN_POINT('',(-9.6,47.6,-9.));
#939 = VECTOR('',#940,1.);
#940 = DIRECTION('',(1.,0.,-0.));
#941 = ORIENTED_EDGE('',*,*,#942,.T.);
#942 = EDGE_CURVE('',#935,#943,#945,.T.);
#943 = VERTEX_POINT('',#944);
#944 = CARTESIAN_POINT('',(71.6,49.605870863984,-9.));
#945 = LINE('',#946,#947);
#946 = CARTESIAN_POINT('',(71.6,-2.6,-9.));
#947 = VECTOR('',#948,1.);
#948 = DIRECTION('',(-0.,1.,0.));
#949 = ORIENTED_EDGE('',*,*,#950,.F.);
#950 = EDGE_CURVE('',#919,#943,#951,.T.);
#951 = CIRCLE('',#952,5.25);
#952 = AXIS2_PLACEMENT_3D('',#953,#954,#955);
#953 = CARTESIAN_POINT('',(73.5,54.5,-9.));
#954 = DIRECTION('',(0.,0.,1.));
#955 = DIRECTION('',(1.,0.,-0.));
#956 = FACE_BOUND('',#957,.T.);
#957 = EDGE_LOOP('',(#958));
#958 = ORIENTED_EDGE('',*,*,#959,.F.);
#959 = EDGE_CURVE('',#960,#960,#962,.T.);
#960 = VERTEX_POINT('',#961);
#961 = CARTESIAN_POINT('',(69.65,54.5,-9.));
#962 = CIRCLE('',#963,3.85);
#963 = AXIS2_PLACEMENT_3D('',#964,#965,#966);
#964 = CARTESIAN_POINT('',(73.5,54.5,-9.));
#965 = DIRECTION('',(-0.,0.,-1.));
#966 = DIRECTION('',(-1.,0.,0.));
#967 = FACE_BOUND('',#968,.T.);
#968 = EDGE_LOOP('',(#969,#979,#987,#995));
#969 = ORIENTED_EDGE('',*,*,#970,.F.);
#970 = EDGE_CURVE('',#971,#973,#975,.T.);
#971 = VERTEX_POINT('',#972);
#972 = CARTESIAN_POINT('',(15.1,34.4,-9.));
#973 = VERTEX_POINT('',#974);
#974 = CARTESIAN_POINT('',(53.9,34.4,-9.));
#975 = LINE('',#976,#977);
#976 = CARTESIAN_POINT('',(-9.6,34.4,-9.));
#977 = VECTOR('',#978,1.);
#978 = DIRECTION('',(1.,0.,-0.));
#979 = ORIENTED_EDGE('',*,*,#980,.F.);
#980 = EDGE_CURVE('',#981,#971,#983,.T.);
#981 = VERTEX_POINT('',#982);
#982 = CARTESIAN_POINT('',(15.1,15.6,-9.));
#983 = LINE('',#984,#985);
#984 = CARTESIAN_POINT('',(15.1,-9.6,-9.));
#985 = VECTOR('',#986,1.);
#986 = DIRECTION('',(-0.,1.,0.));
#987 = ORIENTED_EDGE('',*,*,#988,.T.);
#988 = EDGE_CURVE('',#981,#989,#991,.T.);
#989 = VERTEX_POINT('',#990);
#990 = CARTESIAN_POINT('',(53.9,15.6,-9.));
#991 = LINE('',#992,#993);
#992 = CARTESIAN_POINT('',(-9.6,15.6,-9.));
#993 = VECTOR('',#994,1.);
#994 = DIRECTION('',(1.,0.,-0.));
#995 = ORIENTED_EDGE('',*,*,#996,.T.);
#996 = EDGE_CURVE('',#989,#973,#997,.T.);
#997 = LINE('',#998,#999);
#998 = CARTESIAN_POINT('',(53.9,-9.6,-9.));
#999 = VECTOR('',#1000,1.);
#1000 = DIRECTION('',(-0.,1.,0.));
#1001 = FACE_BOUND('',#1002,.T.);
#1002 = EDGE_LOOP('',(#1003,#1013,#1021,#1029));
#1003 = ORIENTED_EDGE('',*,*,#1004,.F.);
#1004 = EDGE_CURVE('',#1005,#1007,#1009,.T.);
#1005 = VERTEX_POINT('',#1006);
#1006 = CARTESIAN_POINT('',(-2.6,15.6,-9.));
#1007 = VERTEX_POINT('',#1008);
#1008 = CARTESIAN_POINT('',(-2.6,34.4,-9.));
#1009 = LINE('',#1010,#1011);
#1010 = CARTESIAN_POINT('',(-2.6,-2.6,-9.));
#1011 = VECTOR('',#1012,1.);
#1012 = DIRECTION('',(-0.,1.,0.));
#1013 = ORIENTED_EDGE('',*,*,#1014,.T.);
#1014 = EDGE_CURVE('',#1005,#1015,#1017,.T.);
#1015 = VERTEX_POINT('',#1016);
#1016 = CARTESIAN_POINT('',(3.9,15.6,-9.));
#1017 = LINE('',#1018,#1019);
#1018 = CARTESIAN_POINT('',(-9.6,15.6,-9.));
#1019 = VECTOR('',#1020,1.);
#1020 = DIRECTION('',(1.,0.,-0.));
#1021 = ORIENTED_EDGE('',*,*,#1022,.T.);
#1022 = EDGE_CURVE('',#1015,#1023,#1025,.T.);
#1023 = VERTEX_POINT('',#1024);
#1024 = CARTESIAN_POINT('',(3.9,34.4,-9.));
#1025 = LINE('',#1026,#1027);
#1026 = CARTESIAN_POINT('',(3.9,-9.6,-9.));
#1027 = VECTOR('',#1028,1.);
#1028 = DIRECTION('',(-0.,1.,0.));
#1029 = ORIENTED_EDGE('',*,*,#1030,.F.);
#1030 = EDGE_CURVE('',#1007,#1023,#1031,.T.);
#1031 = LINE('',#1032,#1033);
#1032 = CARTESIAN_POINT('',(-9.6,34.4,-9.));
#1033 = VECTOR('',#1034,1.);
#1034 = DIRECTION('',(1.,0.,-0.));
#1035 = FACE_BOUND('',#1036,.T.);
#1036 = EDGE_LOOP('',(#1037,#1047,#1055,#1063));
#1037 = ORIENTED_EDGE('',*,*,#1038,.F.);
#1038 = EDGE_CURVE('',#1039,#1041,#1043,.T.);
#1039 = VERTEX_POINT('',#1040);
#1040 = CARTESIAN_POINT('',(15.1,52.6,-9.));
#1041 = VERTEX_POINT('',#1042);
#1042 = CARTESIAN_POINT('',(53.9,52.6,-9.));
#1043 = LINE('',#1044,#1045);
#1044 = CARTESIAN_POINT('',(-2.6,52.6,-9.));
#1045 = VECTOR('',#1046,1.);
#1046 = DIRECTION('',(1.,0.,-0.));
#1047 = ORIENTED_EDGE('',*,*,#1048,.F.);
#1048 = EDGE_CURVE('',#1049,#1039,#1051,.T.);
#1049 = VERTEX_POINT('',#1050);
#1050 = CARTESIAN_POINT('',(15.1,47.6,-9.));
#1051 = LINE('',#1052,#1053);
#1052 = CARTESIAN_POINT('',(15.1,-9.6,-9.));
#1053 = VECTOR('',#1054,1.);
#1054 = DIRECTION('',(-0.,1.,0.));
#1055 = ORIENTED_EDGE('',*,*,#1056,.T.);
#1056 = EDGE_CURVE('',#1049,#1057,#1059,.T.);
#1057 = VERTEX_POINT('',#1058);
#1058 = CARTESIAN_POINT('',(53.9,47.6,-9.));
#1059 = LINE('',#1060,#1061);
#1060 = CARTESIAN_POINT('',(-9.6,47.6,-9.));
#1061 = VECTOR('',#1062,1.);
#1062 = DIRECTION('',(1.,0.,-0.));
#1063 = ORIENTED_EDGE('',*,*,#1064,.T.);
#1064 = EDGE_CURVE('',#1057,#1041,#1065,.T.);
#1065 = LINE('',#1066,#1067);
#1066 = CARTESIAN_POINT('',(53.9,-9.6,-9.));
#1067 = VECTOR('',#1068,1.);
#1068 = DIRECTION('',(-0.,1.,0.));
#1069 = FACE_BOUND('',#1070,.T.);
#1070 = EDGE_LOOP('',(#1071,#1081,#1089,#1097,#1105));
#1071 = ORIENTED_EDGE('',*,*,#1072,.F.);
#1072 = EDGE_CURVE('',#1073,#1075,#1077,.T.);
#1073 = VERTEX_POINT('',#1074);
#1074 = CARTESIAN_POINT('',(-2.6,47.6,-9.));
#1075 = VERTEX_POINT('',#1076);
#1076 = CARTESIAN_POINT('',(-2.6,49.605870863984,-9.));
#1077 = LINE('',#1078,#1079);
#1078 = CARTESIAN_POINT('',(-2.6,-2.6,-9.));
#1079 = VECTOR('',#1080,1.);
#1080 = DIRECTION('',(-0.,1.,0.));
#1081 = ORIENTED_EDGE('',*,*,#1082,.T.);
#1082 = EDGE_CURVE('',#1073,#1083,#1085,.T.);
#1083 = VERTEX_POINT('',#1084);
#1084 = CARTESIAN_POINT('',(3.9,47.6,-9.));
#1085 = LINE('',#1086,#1087);
#1086 = CARTESIAN_POINT('',(-9.6,47.6,-9.));
#1087 = VECTOR('',#1088,1.);
#1088 = DIRECTION('',(1.,0.,-0.));
#1089 = ORIENTED_EDGE('',*,*,#1090,.T.);
#1090 = EDGE_CURVE('',#1083,#1091,#1093,.T.);
#1091 = VERTEX_POINT('',#1092);
#1092 = CARTESIAN_POINT('',(3.9,52.6,-9.));
#1093 = LINE('',#1094,#1095);
#1094 = CARTESIAN_POINT('',(3.9,-9.6,-9.));
#1095 = VECTOR('',#1096,1.);
#1096 = DIRECTION('',(-0.,1.,0.));
#1097 = ORIENTED_EDGE('',*,*,#1098,.F.);
#1098 = EDGE_CURVE('',#1099,#1091,#1101,.T.);
#1099 = VERTEX_POINT('',#1100);
#1100 = CARTESIAN_POINT('',(0.394129136016,52.6,-9.));
#1101 = LINE('',#1102,#1103);
#1102 = CARTESIAN_POINT('',(-2.6,52.6,-9.));
#1103 = VECTOR('',#1104,1.);
#1104 = DIRECTION('',(1.,0.,-0.));
#1105 = ORIENTED_EDGE('',*,*,#1106,.F.);
#1106 = EDGE_CURVE('',#1075,#1099,#1107,.T.);
#1107 = CIRCLE('',#1108,5.25);
#1108 = AXIS2_PLACEMENT_3D('',#1109,#1110,#1111);
#1109 = CARTESIAN_POINT('',(-4.5,54.5,-9.));
#1110 = DIRECTION('',(0.,0.,1.));
#1111 = DIRECTION('',(1.,0.,-0.));
#1112 = FACE_BOUND('',#1113,.T.);
#1113 = EDGE_LOOP('',(#1114));
#1114 = ORIENTED_EDGE('',*,*,#1115,.F.);
#1115 = EDGE_CURVE('',#1116,#1116,#1118,.T.);
#1116 = VERTEX_POINT('',#1117);
#1117 = CARTESIAN_POINT('',(-8.35,54.5,-9.));
#1118 = CIRCLE('',#1119,3.85);
#1119 = AXIS2_PLACEMENT_3D('',#1120,#1121,#1122);
#1120 = CARTESIAN_POINT('',(-4.5,54.5,-9.));
#1121 = DIRECTION('',(-0.,0.,-1.));
#1122 = DIRECTION('',(-1.,0.,0.));
#1123 = PLANE('',#1124);
#1124 = AXIS2_PLACEMENT_3D('',#1125,#1126,#1127);
#1125 = CARTESIAN_POINT('',(34.860423634355,25.,-9.));
#1126 = DIRECTION('',(-0.,-0.,-1.));
#1127 = DIRECTION('',(-1.,0.,0.));
#1128 = ADVANCED_FACE('',(#1129),#1148,.T.);
#1129 = FACE_BOUND('',#1130,.T.);
#1130 = EDGE_LOOP('',(#1131,#1139,#1140,#1141));
#1131 = ORIENTED_EDGE('',*,*,#1132,.F.);
#1132 = EDGE_CURVE('',#698,#1133,#1135,.T.);
#1133 = VERTEX_POINT('',#1134);
#1134 = CARTESIAN_POINT('',(0.855447685774,-4.5,28.));
#1135 = LINE('',#1136,#1137);
#1136 = CARTESIAN_POINT('',(0.855447685774,-4.5,-9.));
#1137 = VECTOR('',#1138,1.);
#1138 = DIRECTION('',(0.,0.,1.));
#1139 = ORIENTED_EDGE('',*,*,#697,.T.);
#1140 = ORIENTED_EDGE('',*,*,#97,.T.);
#1141 = ORIENTED_EDGE('',*,*,#1142,.F.);
#1142 = EDGE_CURVE('',#1133,#98,#1143,.T.);
#1143 = CIRCLE('',#1144,6.6);
#1144 = AXIS2_PLACEMENT_3D('',#1145,#1146,#1147);
#1145 = CARTESIAN_POINT('',(2.,2.,28.));
#1146 = DIRECTION('',(0.,0.,1.));
#1147 = DIRECTION('',(0.,-1.,0.));
#1148 = CYLINDRICAL_SURFACE('',#1149,6.6);
#1149 = AXIS2_PLACEMENT_3D('',#1150,#1151,#1152);
#1150 = CARTESIAN_POINT('',(2.,2.,-9.));
#1151 = DIRECTION('',(0.,0.,1.));
#1152 = DIRECTION('',(-1.,-0.,0.));
#1153 = ADVANCED_FACE('',(#1154),#1173,.T.);
#1154 = FACE_BOUND('',#1155,.F.);
#1155 = EDGE_LOOP('',(#1156,#1164,#1165,#1166));
#1156 = ORIENTED_EDGE('',*,*,#1157,.F.);
#1157 = EDGE_CURVE('',#682,#1158,#1160,.T.);
#1158 = VERTEX_POINT('',#1159);
#1159 = CARTESIAN_POINT('',(68.144552314225,-4.5,28.));
#1160 = LINE('',#1161,#1162);
#1161 = CARTESIAN_POINT('',(68.144552314226,-4.5,-9.));
#1162 = VECTOR('',#1163,1.);
#1163 = DIRECTION('',(0.,0.,1.));
#1164 = ORIENTED_EDGE('',*,*,#689,.T.);
#1165 = ORIENTED_EDGE('',*,*,#113,.T.);
#1166 = ORIENTED_EDGE('',*,*,#1167,.F.);
#1167 = EDGE_CURVE('',#1158,#106,#1168,.T.);
#1168 = CIRCLE('',#1169,6.6);
#1169 = AXIS2_PLACEMENT_3D('',#1170,#1171,#1172);
#1170 = CARTESIAN_POINT('',(67.,2.,28.));
#1171 = DIRECTION('',(-0.,-0.,-1.));
#1172 = DIRECTION('',(0.,-1.,0.));
#1173 = CYLINDRICAL_SURFACE('',#1174,6.6);
#1174 = AXIS2_PLACEMENT_3D('',#1175,#1176,#1177);
#1175 = CARTESIAN_POINT('',(67.,2.,-9.));
#1176 = DIRECTION('',(0.,0.,1.));
#1177 = DIRECTION('',(1.,0.,-0.));
#1178 = ADVANCED_FACE('',(#1179,#1378,#1389,#1400,#1411,#1481),#1492,.T.
  );
#1179 = FACE_BOUND('',#1180,.T.);
#1180 = EDGE_LOOP('',(#1181,#1191,#1200,#1208,#1217,#1223,#1224,#1225,
    #1226,#1234,#1243,#1252,#1260,#1269,#1277,#1286,#1294,#1303,#1312,
    #1320,#1329,#1337,#1346,#1354,#1363,#1371));
#1181 = ORIENTED_EDGE('',*,*,#1182,.F.);
#1182 = EDGE_CURVE('',#1183,#1185,#1187,.T.);
#1183 = VERTEX_POINT('',#1184);
#1184 = CARTESIAN_POINT('',(-4.6,2.,28.));
#1185 = VERTEX_POINT('',#1186);
#1186 = CARTESIAN_POINT('',(-4.6,48.,28.));
#1187 = LINE('',#1188,#1189);
#1188 = CARTESIAN_POINT('',(-4.6,-4.6,28.));
#1189 = VECTOR('',#1190,1.);
#1190 = DIRECTION('',(-0.,1.,0.));
#1191 = ORIENTED_EDGE('',*,*,#1192,.T.);
#1192 = EDGE_CURVE('',#1183,#1193,#1195,.T.);
#1193 = VERTEX_POINT('',#1194);
#1194 = CARTESIAN_POINT('',(-4.5,0.855447685775,28.));
#1195 = CIRCLE('',#1196,6.6);
#1196 = AXIS2_PLACEMENT_3D('',#1197,#1198,#1199);
#1197 = CARTESIAN_POINT('',(2.,2.,28.));
#1198 = DIRECTION('',(0.,0.,1.));
#1199 = DIRECTION('',(0.,-1.,0.));
#1200 = ORIENTED_EDGE('',*,*,#1201,.F.);
#1201 = EDGE_CURVE('',#1202,#1193,#1204,.T.);
#1202 = VERTEX_POINT('',#1203);
#1203 = CARTESIAN_POINT('',(-4.5,-0.2,28.));
#1204 = LINE('',#1205,#1206);
#1205 = CARTESIAN_POINT('',(-4.5,-4.5,28.));
#1206 = VECTOR('',#1207,1.);
#1207 = DIRECTION('',(-0.,1.,0.));
#1208 = ORIENTED_EDGE('',*,*,#1209,.T.);
#1209 = EDGE_CURVE('',#1202,#1210,#1212,.T.);
#1210 = VERTEX_POINT('',#1211);
#1211 = CARTESIAN_POINT('',(-0.2,-4.5,28.));
#1212 = CIRCLE('',#1213,4.3);
#1213 = AXIS2_PLACEMENT_3D('',#1214,#1215,#1216);
#1214 = CARTESIAN_POINT('',(-4.5,-4.5,28.));
#1215 = DIRECTION('',(0.,0.,1.));
#1216 = DIRECTION('',(1.,0.,-0.));
#1217 = ORIENTED_EDGE('',*,*,#1218,.T.);
#1218 = EDGE_CURVE('',#1210,#1133,#1219,.T.);
#1219 = LINE('',#1220,#1221);
#1220 = CARTESIAN_POINT('',(-4.5,-4.5,28.));
#1221 = VECTOR('',#1222,1.);
#1222 = DIRECTION('',(1.,0.,-0.));
#1223 = ORIENTED_EDGE('',*,*,#1142,.T.);
#1224 = ORIENTED_EDGE('',*,*,#105,.T.);
#1225 = ORIENTED_EDGE('',*,*,#1167,.F.);
#1226 = ORIENTED_EDGE('',*,*,#1227,.T.);
#1227 = EDGE_CURVE('',#1158,#1228,#1230,.T.);
#1228 = VERTEX_POINT('',#1229);
#1229 = CARTESIAN_POINT('',(69.2,-4.5,28.));
#1230 = LINE('',#1231,#1232);
#1231 = CARTESIAN_POINT('',(68.,-4.5,28.));
#1232 = VECTOR('',#1233,1.);
#1233 = DIRECTION('',(1.,0.,-0.));
#1234 = ORIENTED_EDGE('',*,*,#1235,.T.);
#1235 = EDGE_CURVE('',#1228,#1236,#1238,.T.);
#1236 = VERTEX_POINT('',#1237);
#1237 = CARTESIAN_POINT('',(77.8,-4.5,28.));
#1238 = CIRCLE('',#1239,4.3);
#1239 = AXIS2_PLACEMENT_3D('',#1240,#1241,#1242);
#1240 = CARTESIAN_POINT('',(73.5,-4.5,28.));
#1241 = DIRECTION('',(0.,0.,1.));
#1242 = DIRECTION('',(1.,0.,-0.));
#1243 = ORIENTED_EDGE('',*,*,#1244,.T.);
#1244 = EDGE_CURVE('',#1236,#1245,#1247,.T.);
#1245 = VERTEX_POINT('',#1246);
#1246 = CARTESIAN_POINT('',(73.5,-0.2,28.));
#1247 = CIRCLE('',#1248,4.3);
#1248 = AXIS2_PLACEMENT_3D('',#1249,#1250,#1251);
#1249 = CARTESIAN_POINT('',(73.5,-4.5,28.));
#1250 = DIRECTION('',(0.,0.,1.));
#1251 = DIRECTION('',(1.,0.,-0.));
#1252 = ORIENTED_EDGE('',*,*,#1253,.T.);
#1253 = EDGE_CURVE('',#1245,#1254,#1256,.T.);
#1254 = VERTEX_POINT('',#1255);
#1255 = CARTESIAN_POINT('',(73.5,0.855447685775,28.));
#1256 = LINE('',#1257,#1258);
#1257 = CARTESIAN_POINT('',(73.5,-4.5,28.));
#1258 = VECTOR('',#1259,1.);
#1259 = DIRECTION('',(-0.,1.,0.));
#1260 = ORIENTED_EDGE('',*,*,#1261,.F.);
#1261 = EDGE_CURVE('',#1262,#1254,#1264,.T.);
#1262 = VERTEX_POINT('',#1263);
#1263 = CARTESIAN_POINT('',(73.6,2.,28.));
#1264 = CIRCLE('',#1265,6.6);
#1265 = AXIS2_PLACEMENT_3D('',#1266,#1267,#1268);
#1266 = CARTESIAN_POINT('',(67.,2.,28.));
#1267 = DIRECTION('',(-0.,-0.,-1.));
#1268 = DIRECTION('',(0.,-1.,0.));
#1269 = ORIENTED_EDGE('',*,*,#1270,.T.);
#1270 = EDGE_CURVE('',#1262,#1271,#1273,.T.);
#1271 = VERTEX_POINT('',#1272);
#1272 = CARTESIAN_POINT('',(73.6,48.,28.));
#1273 = LINE('',#1274,#1275);
#1274 = CARTESIAN_POINT('',(73.6,-4.6,28.));
#1275 = VECTOR('',#1276,1.);
#1276 = DIRECTION('',(-0.,1.,0.));
#1277 = ORIENTED_EDGE('',*,*,#1278,.T.);
#1278 = EDGE_CURVE('',#1271,#1279,#1281,.T.);
#1279 = VERTEX_POINT('',#1280);
#1280 = CARTESIAN_POINT('',(73.5,49.144552314225,28.));
#1281 = CIRCLE('',#1282,6.6);
#1282 = AXIS2_PLACEMENT_3D('',#1283,#1284,#1285);
#1283 = CARTESIAN_POINT('',(67.,48.,28.));
#1284 = DIRECTION('',(0.,0.,1.));
#1285 = DIRECTION('',(0.,-1.,0.));
#1286 = ORIENTED_EDGE('',*,*,#1287,.T.);
#1287 = EDGE_CURVE('',#1279,#1288,#1290,.T.);
#1288 = VERTEX_POINT('',#1289);
#1289 = CARTESIAN_POINT('',(73.5,50.2,28.));
#1290 = LINE('',#1291,#1292);
#1291 = CARTESIAN_POINT('',(73.5,49.,28.));
#1292 = VECTOR('',#1293,1.);
#1293 = DIRECTION('',(-0.,1.,0.));
#1294 = ORIENTED_EDGE('',*,*,#1295,.T.);
#1295 = EDGE_CURVE('',#1288,#1296,#1298,.T.);
#1296 = VERTEX_POINT('',#1297);
#1297 = CARTESIAN_POINT('',(77.8,54.5,28.));
#1298 = CIRCLE('',#1299,4.3);
#1299 = AXIS2_PLACEMENT_3D('',#1300,#1301,#1302);
#1300 = CARTESIAN_POINT('',(73.5,54.5,28.));
#1301 = DIRECTION('',(0.,0.,1.));
#1302 = DIRECTION('',(1.,0.,-0.));
#1303 = ORIENTED_EDGE('',*,*,#1304,.T.);
#1304 = EDGE_CURVE('',#1296,#1305,#1307,.T.);
#1305 = VERTEX_POINT('',#1306);
#1306 = CARTESIAN_POINT('',(69.2,54.5,28.));
#1307 = CIRCLE('',#1308,4.3);
#1308 = AXIS2_PLACEMENT_3D('',#1309,#1310,#1311);
#1309 = CARTESIAN_POINT('',(73.5,54.5,28.));
#1310 = DIRECTION('',(0.,0.,1.));
#1311 = DIRECTION('',(1.,0.,-0.));
#1312 = ORIENTED_EDGE('',*,*,#1313,.F.);
#1313 = EDGE_CURVE('',#1314,#1305,#1316,.T.);
#1314 = VERTEX_POINT('',#1315);
#1315 = CARTESIAN_POINT('',(68.144552314225,54.5,28.));
#1316 = LINE('',#1317,#1318);
#1317 = CARTESIAN_POINT('',(68.,54.5,28.));
#1318 = VECTOR('',#1319,1.);
#1319 = DIRECTION('',(1.,0.,-0.));
#1320 = ORIENTED_EDGE('',*,*,#1321,.T.);
#1321 = EDGE_CURVE('',#1314,#1322,#1324,.T.);
#1322 = VERTEX_POINT('',#1323);
#1323 = CARTESIAN_POINT('',(67.,54.6,28.));
#1324 = CIRCLE('',#1325,6.6);
#1325 = AXIS2_PLACEMENT_3D('',#1326,#1327,#1328);
#1326 = CARTESIAN_POINT('',(67.,48.,28.));
#1327 = DIRECTION('',(0.,0.,1.));
#1328 = DIRECTION('',(0.,-1.,0.));
#1329 = ORIENTED_EDGE('',*,*,#1330,.F.);
#1330 = EDGE_CURVE('',#1331,#1322,#1333,.T.);
#1331 = VERTEX_POINT('',#1332);
#1332 = CARTESIAN_POINT('',(2.,54.6,28.));
#1333 = LINE('',#1334,#1335);
#1334 = CARTESIAN_POINT('',(-4.6,54.6,28.));
#1335 = VECTOR('',#1336,1.);
#1336 = DIRECTION('',(1.,0.,-0.));
#1337 = ORIENTED_EDGE('',*,*,#1338,.F.);
#1338 = EDGE_CURVE('',#1339,#1331,#1341,.T.);
#1339 = VERTEX_POINT('',#1340);
#1340 = CARTESIAN_POINT('',(0.855447685774,54.5,28.));
#1341 = CIRCLE('',#1342,6.6);
#1342 = AXIS2_PLACEMENT_3D('',#1343,#1344,#1345);
#1343 = CARTESIAN_POINT('',(2.,48.,28.));
#1344 = DIRECTION('',(-0.,-0.,-1.));
#1345 = DIRECTION('',(0.,-1.,0.));
#1346 = ORIENTED_EDGE('',*,*,#1347,.F.);
#1347 = EDGE_CURVE('',#1348,#1339,#1350,.T.);
#1348 = VERTEX_POINT('',#1349);
#1349 = CARTESIAN_POINT('',(-0.2,54.5,28.));
#1350 = LINE('',#1351,#1352);
#1351 = CARTESIAN_POINT('',(-4.5,54.5,28.));
#1352 = VECTOR('',#1353,1.);
#1353 = DIRECTION('',(1.,0.,-0.));
#1354 = ORIENTED_EDGE('',*,*,#1355,.T.);
#1355 = EDGE_CURVE('',#1348,#1356,#1358,.T.);
#1356 = VERTEX_POINT('',#1357);
#1357 = CARTESIAN_POINT('',(-4.5,50.2,28.));
#1358 = CIRCLE('',#1359,4.3);
#1359 = AXIS2_PLACEMENT_3D('',#1360,#1361,#1362);
#1360 = CARTESIAN_POINT('',(-4.5,54.5,28.));
#1361 = DIRECTION('',(0.,0.,1.));
#1362 = DIRECTION('',(1.,0.,-0.));
#1363 = ORIENTED_EDGE('',*,*,#1364,.F.);
#1364 = EDGE_CURVE('',#1365,#1356,#1367,.T.);
#1365 = VERTEX_POINT('',#1366);
#1366 = CARTESIAN_POINT('',(-4.5,49.144552314225,28.));
#1367 = LINE('',#1368,#1369);
#1368 = CARTESIAN_POINT('',(-4.5,49.,28.));
#1369 = VECTOR('',#1370,1.);
#1370 = DIRECTION('',(-0.,1.,0.));
#1371 = ORIENTED_EDGE('',*,*,#1372,.F.);
#1372 = EDGE_CURVE('',#1185,#1365,#1373,.T.);
#1373 = CIRCLE('',#1374,6.6);
#1374 = AXIS2_PLACEMENT_3D('',#1375,#1376,#1377);
#1375 = CARTESIAN_POINT('',(2.,48.,28.));
#1376 = DIRECTION('',(-0.,-0.,-1.));
#1377 = DIRECTION('',(0.,-1.,0.));
#1378 = FACE_BOUND('',#1379,.T.);
#1379 = EDGE_LOOP('',(#1380));
#1380 = ORIENTED_EDGE('',*,*,#1381,.F.);
#1381 = EDGE_CURVE('',#1382,#1382,#1384,.T.);
#1382 = VERTEX_POINT('',#1383);
#1383 = CARTESIAN_POINT('',(-2.3,-4.5,28.));
#1384 = CIRCLE('',#1385,2.2);
#1385 = AXIS2_PLACEMENT_3D('',#1386,#1387,#1388);
#1386 = CARTESIAN_POINT('',(-4.5,-4.5,28.));
#1387 = DIRECTION('',(0.,0.,1.));
#1388 = DIRECTION('',(1.,0.,-0.));
#1389 = FACE_BOUND('',#1390,.T.);
#1390 = EDGE_LOOP('',(#1391));
#1391 = ORIENTED_EDGE('',*,*,#1392,.F.);
#1392 = EDGE_CURVE('',#1393,#1393,#1395,.T.);
#1393 = VERTEX_POINT('',#1394);
#1394 = CARTESIAN_POINT('',(75.7,-4.5,28.));
#1395 = CIRCLE('',#1396,2.2);
#1396 = AXIS2_PLACEMENT_3D('',#1397,#1398,#1399);
#1397 = CARTESIAN_POINT('',(73.5,-4.5,28.));
#1398 = DIRECTION('',(0.,0.,1.));
#1399 = DIRECTION('',(1.,0.,-0.));
#1400 = FACE_BOUND('',#1401,.T.);
#1401 = EDGE_LOOP('',(#1402));
#1402 = ORIENTED_EDGE('',*,*,#1403,.F.);
#1403 = EDGE_CURVE('',#1404,#1404,#1406,.T.);
#1404 = VERTEX_POINT('',#1405);
#1405 = CARTESIAN_POINT('',(-2.3,54.5,28.));
#1406 = CIRCLE('',#1407,2.2);
#1407 = AXIS2_PLACEMENT_3D('',#1408,#1409,#1410);
#1408 = CARTESIAN_POINT('',(-4.5,54.5,28.));
#1409 = DIRECTION('',(0.,0.,1.));
#1410 = DIRECTION('',(1.,0.,-0.));
#1411 = FACE_BOUND('',#1412,.T.);
#1412 = EDGE_LOOP('',(#1413,#1424,#1432,#1441,#1449,#1458,#1466,#1475));
#1413 = ORIENTED_EDGE('',*,*,#1414,.F.);
#1414 = EDGE_CURVE('',#1415,#1417,#1419,.T.);
#1415 = VERTEX_POINT('',#1416);
#1416 = CARTESIAN_POINT('',(-3.5,2.,28.));
#1417 = VERTEX_POINT('',#1418);
#1418 = CARTESIAN_POINT('',(2.,-3.5,28.));
#1419 = CIRCLE('',#1420,5.5);
#1420 = AXIS2_PLACEMENT_3D('',#1421,#1422,#1423);
#1421 = CARTESIAN_POINT('',(2.,2.,28.));
#1422 = DIRECTION('',(0.,0.,1.));
#1423 = DIRECTION('',(-1.,-0.,0.));
#1424 = ORIENTED_EDGE('',*,*,#1425,.T.);
#1425 = EDGE_CURVE('',#1415,#1426,#1428,.T.);
#1426 = VERTEX_POINT('',#1427);
#1427 = CARTESIAN_POINT('',(-3.5,48.,28.));
#1428 = LINE('',#1429,#1430);
#1429 = CARTESIAN_POINT('',(-3.5,10.75,28.));
#1430 = VECTOR('',#1431,1.);
#1431 = DIRECTION('',(-0.,1.,0.));
#1432 = ORIENTED_EDGE('',*,*,#1433,.F.);
#1433 = EDGE_CURVE('',#1434,#1426,#1436,.T.);
#1434 = VERTEX_POINT('',#1435);
#1435 = CARTESIAN_POINT('',(2.,53.5,28.));
#1436 = CIRCLE('',#1437,5.5);
#1437 = AXIS2_PLACEMENT_3D('',#1438,#1439,#1440);
#1438 = CARTESIAN_POINT('',(2.,48.,28.));
#1439 = DIRECTION('',(0.,0.,1.));
#1440 = DIRECTION('',(-1.,-0.,0.));
#1441 = ORIENTED_EDGE('',*,*,#1442,.F.);
#1442 = EDGE_CURVE('',#1443,#1434,#1445,.T.);
#1443 = VERTEX_POINT('',#1444);
#1444 = CARTESIAN_POINT('',(67.,53.5,28.));
#1445 = LINE('',#1446,#1447);
#1446 = CARTESIAN_POINT('',(15.680211817177,53.5,28.));
#1447 = VECTOR('',#1448,1.);
#1448 = DIRECTION('',(-1.,-0.,0.));
#1449 = ORIENTED_EDGE('',*,*,#1450,.F.);
#1450 = EDGE_CURVE('',#1451,#1443,#1453,.T.);
#1451 = VERTEX_POINT('',#1452);
#1452 = CARTESIAN_POINT('',(72.5,48.,28.));
#1453 = CIRCLE('',#1454,5.5);
#1454 = AXIS2_PLACEMENT_3D('',#1455,#1456,#1457);
#1455 = CARTESIAN_POINT('',(67.,48.,28.));
#1456 = DIRECTION('',(0.,0.,1.));
#1457 = DIRECTION('',(1.,0.,-0.));
#1458 = ORIENTED_EDGE('',*,*,#1459,.F.);
#1459 = EDGE_CURVE('',#1460,#1451,#1462,.T.);
#1460 = VERTEX_POINT('',#1461);
#1461 = CARTESIAN_POINT('',(72.5,2.,28.));
#1462 = LINE('',#1463,#1464);
#1463 = CARTESIAN_POINT('',(72.5,10.75,28.));
#1464 = VECTOR('',#1465,1.);
#1465 = DIRECTION('',(-0.,1.,0.));
#1466 = ORIENTED_EDGE('',*,*,#1467,.F.);
#1467 = EDGE_CURVE('',#1468,#1460,#1470,.T.);
#1468 = VERTEX_POINT('',#1469);
#1469 = CARTESIAN_POINT('',(67.,-3.5,28.));
#1470 = CIRCLE('',#1471,5.5);
#1471 = AXIS2_PLACEMENT_3D('',#1472,#1473,#1474);
#1472 = CARTESIAN_POINT('',(67.,2.,28.));
#1473 = DIRECTION('',(0.,0.,1.));
#1474 = DIRECTION('',(1.,0.,-0.));
#1475 = ORIENTED_EDGE('',*,*,#1476,.T.);
#1476 = EDGE_CURVE('',#1468,#1417,#1477,.T.);
#1477 = LINE('',#1478,#1479);
#1478 = CARTESIAN_POINT('',(15.680211817177,-3.5,28.));
#1479 = VECTOR('',#1480,1.);
#1480 = DIRECTION('',(-1.,-0.,0.));
#1481 = FACE_BOUND('',#1482,.T.);
#1482 = EDGE_LOOP('',(#1483));
#1483 = ORIENTED_EDGE('',*,*,#1484,.F.);
#1484 = EDGE_CURVE('',#1485,#1485,#1487,.T.);
#1485 = VERTEX_POINT('',#1486);
#1486 = CARTESIAN_POINT('',(75.7,54.5,28.));
#1487 = CIRCLE('',#1488,2.2);
#1488 = AXIS2_PLACEMENT_3D('',#1489,#1490,#1491);
#1489 = CARTESIAN_POINT('',(73.5,54.5,28.));
#1490 = DIRECTION('',(0.,0.,1.));
#1491 = DIRECTION('',(1.,0.,-0.));
#1492 = PLANE('',#1493);
#1493 = AXIS2_PLACEMENT_3D('',#1494,#1495,#1496);
#1494 = CARTESIAN_POINT('',(34.860423634355,25.,28.));
#1495 = DIRECTION('',(0.,0.,1.));
#1496 = DIRECTION('',(1.,0.,-0.));
#1497 = ADVANCED_FACE('',(#1498),#1641,.T.);
#1498 = FACE_BOUND('',#1499,.T.);
#1499 = EDGE_LOOP('',(#1500,#1510,#1517,#1518,#1519,#1520,#1529,#1537,
    #1545,#1553,#1561,#1569,#1577,#1585,#1593,#1601,#1610,#1618,#1626,
    #1634));
#1500 = ORIENTED_EDGE('',*,*,#1501,.F.);
#1501 = EDGE_CURVE('',#1502,#1504,#1506,.T.);
#1502 = VERTEX_POINT('',#1503);
#1503 = CARTESIAN_POINT('',(56.5,-3.6,-2.));
#1504 = VERTEX_POINT('',#1505);
#1505 = CARTESIAN_POINT('',(56.5,53.6,-2.));
#1506 = LINE('',#1507,#1508);
#1507 = CARTESIAN_POINT('',(56.5,-24.6,-2.));
#1508 = VECTOR('',#1509,1.);
#1509 = DIRECTION('',(-0.,1.,0.));
#1510 = ORIENTED_EDGE('',*,*,#1511,.F.);
#1511 = EDGE_CURVE('',#124,#1502,#1512,.T.);
#1512 = CIRCLE('',#1513,1.);
#1513 = AXIS2_PLACEMENT_3D('',#1514,#1515,#1516);
#1514 = CARTESIAN_POINT('',(56.5,-3.6,-1.));
#1515 = DIRECTION('',(1.,0.,-0.));
#1516 = DIRECTION('',(0.,0.,1.));
#1517 = ORIENTED_EDGE('',*,*,#121,.F.);
#1518 = ORIENTED_EDGE('',*,*,#131,.T.);
#1519 = ORIENTED_EDGE('',*,*,#139,.T.);
#1520 = ORIENTED_EDGE('',*,*,#1521,.T.);
#1521 = EDGE_CURVE('',#140,#1522,#1524,.T.);
#1522 = VERTEX_POINT('',#1523);
#1523 = CARTESIAN_POINT('',(56.5,-2.2,-6.));
#1524 = CIRCLE('',#1525,2.4);
#1525 = AXIS2_PLACEMENT_3D('',#1526,#1527,#1528);
#1526 = CARTESIAN_POINT('',(56.5,-2.2,-8.4));
#1527 = DIRECTION('',(-1.,-0.,0.));
#1528 = DIRECTION('',(0.,0.,1.));
#1529 = ORIENTED_EDGE('',*,*,#1530,.T.);
#1530 = EDGE_CURVE('',#1522,#1531,#1533,.T.);
#1531 = VERTEX_POINT('',#1532);
#1532 = CARTESIAN_POINT('',(56.5,5.,-6.));
#1533 = LINE('',#1534,#1535);
#1534 = CARTESIAN_POINT('',(56.5,-24.6,-6.));
#1535 = VECTOR('',#1536,1.);
#1536 = DIRECTION('',(-0.,1.,0.));
#1537 = ORIENTED_EDGE('',*,*,#1538,.T.);
#1538 = EDGE_CURVE('',#1531,#1539,#1541,.T.);
#1539 = VERTEX_POINT('',#1540);
#1540 = CARTESIAN_POINT('',(56.5,5.,-2.5));
#1541 = LINE('',#1542,#1543);
#1542 = CARTESIAN_POINT('',(56.5,5.,-6.));
#1543 = VECTOR('',#1544,1.);
#1544 = DIRECTION('',(0.,0.,1.));
#1545 = ORIENTED_EDGE('',*,*,#1546,.F.);
#1546 = EDGE_CURVE('',#1547,#1539,#1549,.T.);
#1547 = VERTEX_POINT('',#1548);
#1548 = CARTESIAN_POINT('',(56.5,13.,-2.5));
#1549 = LINE('',#1550,#1551);
#1550 = CARTESIAN_POINT('',(56.5,-9.8,-2.5));
#1551 = VECTOR('',#1552,1.);
#1552 = DIRECTION('',(0.,-1.,0.));
#1553 = ORIENTED_EDGE('',*,*,#1554,.F.);
#1554 = EDGE_CURVE('',#1555,#1547,#1557,.T.);
#1555 = VERTEX_POINT('',#1556);
#1556 = CARTESIAN_POINT('',(56.5,13.,-6.));
#1557 = LINE('',#1558,#1559);
#1558 = CARTESIAN_POINT('',(56.5,13.,-6.));
#1559 = VECTOR('',#1560,1.);
#1560 = DIRECTION('',(0.,0.,1.));
#1561 = ORIENTED_EDGE('',*,*,#1562,.T.);
#1562 = EDGE_CURVE('',#1555,#1563,#1565,.T.);
#1563 = VERTEX_POINT('',#1564);
#1564 = CARTESIAN_POINT('',(56.5,37.,-6.));
#1565 = LINE('',#1566,#1567);
#1566 = CARTESIAN_POINT('',(56.5,-24.6,-6.));
#1567 = VECTOR('',#1568,1.);
#1568 = DIRECTION('',(-0.,1.,0.));
#1569 = ORIENTED_EDGE('',*,*,#1570,.T.);
#1570 = EDGE_CURVE('',#1563,#1571,#1573,.T.);
#1571 = VERTEX_POINT('',#1572);
#1572 = CARTESIAN_POINT('',(56.5,37.,-2.5));
#1573 = LINE('',#1574,#1575);
#1574 = CARTESIAN_POINT('',(56.5,37.,-6.));
#1575 = VECTOR('',#1576,1.);
#1576 = DIRECTION('',(0.,0.,1.));
#1577 = ORIENTED_EDGE('',*,*,#1578,.F.);
#1578 = EDGE_CURVE('',#1579,#1571,#1581,.T.);
#1579 = VERTEX_POINT('',#1580);
#1580 = CARTESIAN_POINT('',(56.5,45.,-2.5));
#1581 = LINE('',#1582,#1583);
#1582 = CARTESIAN_POINT('',(56.5,6.2,-2.5));
#1583 = VECTOR('',#1584,1.);
#1584 = DIRECTION('',(0.,-1.,0.));
#1585 = ORIENTED_EDGE('',*,*,#1586,.F.);
#1586 = EDGE_CURVE('',#1587,#1579,#1589,.T.);
#1587 = VERTEX_POINT('',#1588);
#1588 = CARTESIAN_POINT('',(56.5,45.,-6.));
#1589 = LINE('',#1590,#1591);
#1590 = CARTESIAN_POINT('',(56.5,45.,-6.));
#1591 = VECTOR('',#1592,1.);
#1592 = DIRECTION('',(0.,0.,1.));
#1593 = ORIENTED_EDGE('',*,*,#1594,.T.);
#1594 = EDGE_CURVE('',#1587,#1595,#1597,.T.);
#1595 = VERTEX_POINT('',#1596);
#1596 = CARTESIAN_POINT('',(56.5,52.2,-6.));
#1597 = LINE('',#1598,#1599);
#1598 = CARTESIAN_POINT('',(56.5,-24.6,-6.));
#1599 = VECTOR('',#1600,1.);
#1600 = DIRECTION('',(-0.,1.,0.));
#1601 = ORIENTED_EDGE('',*,*,#1602,.F.);
#1602 = EDGE_CURVE('',#1603,#1595,#1605,.T.);
#1603 = VERTEX_POINT('',#1604);
#1604 = CARTESIAN_POINT('',(56.5,54.6,-8.4));
#1605 = CIRCLE('',#1606,2.4);
#1606 = AXIS2_PLACEMENT_3D('',#1607,#1608,#1609);
#1607 = CARTESIAN_POINT('',(56.5,52.2,-8.4));
#1608 = DIRECTION('',(1.,0.,-0.));
#1609 = DIRECTION('',(0.,0.,1.));
#1610 = ORIENTED_EDGE('',*,*,#1611,.F.);
#1611 = EDGE_CURVE('',#1612,#1603,#1614,.T.);
#1612 = VERTEX_POINT('',#1613);
#1613 = CARTESIAN_POINT('',(56.5,54.6,-6.));
#1614 = LINE('',#1615,#1616);
#1615 = CARTESIAN_POINT('',(56.5,54.6,-7.5));
#1616 = VECTOR('',#1617,1.);
#1617 = DIRECTION('',(-0.,0.,-1.));
#1618 = ORIENTED_EDGE('',*,*,#1619,.F.);
#1619 = EDGE_CURVE('',#1620,#1612,#1622,.T.);
#1620 = VERTEX_POINT('',#1621);
#1621 = CARTESIAN_POINT('',(56.5,54.6,-2.));
#1622 = LINE('',#1623,#1624);
#1623 = CARTESIAN_POINT('',(56.5,54.6,-7.5));
#1624 = VECTOR('',#1625,1.);
#1625 = DIRECTION('',(-0.,0.,-1.));
#1626 = ORIENTED_EDGE('',*,*,#1627,.T.);
#1627 = EDGE_CURVE('',#1620,#1628,#1630,.T.);
#1628 = VERTEX_POINT('',#1629);
#1629 = CARTESIAN_POINT('',(56.5,54.6,-1.));
#1630 = LINE('',#1631,#1632);
#1631 = CARTESIAN_POINT('',(56.5,54.6,-7.5));
#1632 = VECTOR('',#1633,1.);
#1633 = DIRECTION('',(0.,-0.,1.));
#1634 = ORIENTED_EDGE('',*,*,#1635,.F.);
#1635 = EDGE_CURVE('',#1504,#1628,#1636,.T.);
#1636 = CIRCLE('',#1637,1.);
#1637 = AXIS2_PLACEMENT_3D('',#1638,#1639,#1640);
#1638 = CARTESIAN_POINT('',(56.5,53.6,-1.));
#1639 = DIRECTION('',(1.,0.,-0.));
#1640 = DIRECTION('',(0.,0.,1.));
#1641 = PLANE('',#1642);
#1642 = AXIS2_PLACEMENT_3D('',#1643,#1644,#1645);
#1643 = CARTESIAN_POINT('',(56.5,-24.6,-6.));
#1644 = DIRECTION('',(1.,0.,-0.));
#1645 = DIRECTION('',(0.,0.,1.));
#1646 = ADVANCED_FACE('',(#1647),#1666,.T.);
#1647 = FACE_BOUND('',#1648,.T.);
#1648 = EDGE_LOOP('',(#1649,#1650,#1658,#1665));
#1649 = ORIENTED_EDGE('',*,*,#1511,.T.);
#1650 = ORIENTED_EDGE('',*,*,#1651,.T.);
#1651 = EDGE_CURVE('',#1502,#1652,#1654,.T.);
#1652 = VERTEX_POINT('',#1653);
#1653 = CARTESIAN_POINT('',(62.5,-3.6,-2.));
#1654 = LINE('',#1655,#1656);
#1655 = CARTESIAN_POINT('',(56.5,-3.6,-2.));
#1656 = VECTOR('',#1657,1.);
#1657 = DIRECTION('',(1.,0.,-0.));
#1658 = ORIENTED_EDGE('',*,*,#1659,.F.);
#1659 = EDGE_CURVE('',#172,#1652,#1660,.T.);
#1660 = CIRCLE('',#1661,1.);
#1661 = AXIS2_PLACEMENT_3D('',#1662,#1663,#1664);
#1662 = CARTESIAN_POINT('',(62.5,-3.6,-1.));
#1663 = DIRECTION('',(1.,0.,-0.));
#1664 = DIRECTION('',(0.,0.,1.));
#1665 = ORIENTED_EDGE('',*,*,#179,.F.);
#1666 = CYLINDRICAL_SURFACE('',#1667,1.);
#1667 = AXIS2_PLACEMENT_3D('',#1668,#1669,#1670);
#1668 = CARTESIAN_POINT('',(56.5,-3.6,-1.));
#1669 = DIRECTION('',(1.,0.,-0.));
#1670 = DIRECTION('',(0.,-1.,0.));
#1671 = ADVANCED_FACE('',(#1672),#1807,.F.);
#1672 = FACE_BOUND('',#1673,.F.);
#1673 = EDGE_LOOP('',(#1674,#1682,#1683,#1684,#1685,#1686,#1695,#1703,
    #1711,#1719,#1727,#1735,#1743,#1751,#1759,#1767,#1776,#1784,#1792,
    #1800));
#1674 = ORIENTED_EDGE('',*,*,#1675,.F.);
#1675 = EDGE_CURVE('',#1652,#1676,#1678,.T.);
#1676 = VERTEX_POINT('',#1677);
#1677 = CARTESIAN_POINT('',(62.5,53.6,-2.));
#1678 = LINE('',#1679,#1680);
#1679 = CARTESIAN_POINT('',(62.5,-24.6,-2.));
#1680 = VECTOR('',#1681,1.);
#1681 = DIRECTION('',(-0.,1.,0.));
#1682 = ORIENTED_EDGE('',*,*,#1659,.F.);
#1683 = ORIENTED_EDGE('',*,*,#171,.F.);
#1684 = ORIENTED_EDGE('',*,*,#163,.T.);
#1685 = ORIENTED_EDGE('',*,*,#155,.T.);
#1686 = ORIENTED_EDGE('',*,*,#1687,.T.);
#1687 = EDGE_CURVE('',#148,#1688,#1690,.T.);
#1688 = VERTEX_POINT('',#1689);
#1689 = CARTESIAN_POINT('',(62.5,-2.2,-6.));
#1690 = CIRCLE('',#1691,2.4);
#1691 = AXIS2_PLACEMENT_3D('',#1692,#1693,#1694);
#1692 = CARTESIAN_POINT('',(62.5,-2.2,-8.4));
#1693 = DIRECTION('',(-1.,-0.,0.));
#1694 = DIRECTION('',(0.,0.,1.));
#1695 = ORIENTED_EDGE('',*,*,#1696,.T.);
#1696 = EDGE_CURVE('',#1688,#1697,#1699,.T.);
#1697 = VERTEX_POINT('',#1698);
#1698 = CARTESIAN_POINT('',(62.5,5.,-6.));
#1699 = LINE('',#1700,#1701);
#1700 = CARTESIAN_POINT('',(62.5,-24.6,-6.));
#1701 = VECTOR('',#1702,1.);
#1702 = DIRECTION('',(-0.,1.,0.));
#1703 = ORIENTED_EDGE('',*,*,#1704,.T.);
#1704 = EDGE_CURVE('',#1697,#1705,#1707,.T.);
#1705 = VERTEX_POINT('',#1706);
#1706 = CARTESIAN_POINT('',(62.5,5.,-2.5));
#1707 = LINE('',#1708,#1709);
#1708 = CARTESIAN_POINT('',(62.5,5.,-6.));
#1709 = VECTOR('',#1710,1.);
#1710 = DIRECTION('',(0.,0.,1.));
#1711 = ORIENTED_EDGE('',*,*,#1712,.F.);
#1712 = EDGE_CURVE('',#1713,#1705,#1715,.T.);
#1713 = VERTEX_POINT('',#1714);
#1714 = CARTESIAN_POINT('',(62.5,13.,-2.5));
#1715 = LINE('',#1716,#1717);
#1716 = CARTESIAN_POINT('',(62.5,-9.8,-2.5));
#1717 = VECTOR('',#1718,1.);
#1718 = DIRECTION('',(0.,-1.,0.));
#1719 = ORIENTED_EDGE('',*,*,#1720,.F.);
#1720 = EDGE_CURVE('',#1721,#1713,#1723,.T.);
#1721 = VERTEX_POINT('',#1722);
#1722 = CARTESIAN_POINT('',(62.5,13.,-6.));
#1723 = LINE('',#1724,#1725);
#1724 = CARTESIAN_POINT('',(62.5,13.,-6.));
#1725 = VECTOR('',#1726,1.);
#1726 = DIRECTION('',(0.,0.,1.));
#1727 = ORIENTED_EDGE('',*,*,#1728,.T.);
#1728 = EDGE_CURVE('',#1721,#1729,#1731,.T.);
#1729 = VERTEX_POINT('',#1730);
#1730 = CARTESIAN_POINT('',(62.5,37.,-6.));
#1731 = LINE('',#1732,#1733);
#1732 = CARTESIAN_POINT('',(62.5,-24.6,-6.));
#1733 = VECTOR('',#1734,1.);
#1734 = DIRECTION('',(-0.,1.,0.));
#1735 = ORIENTED_EDGE('',*,*,#1736,.T.);
#1736 = EDGE_CURVE('',#1729,#1737,#1739,.T.);
#1737 = VERTEX_POINT('',#1738);
#1738 = CARTESIAN_POINT('',(62.5,37.,-2.5));
#1739 = LINE('',#1740,#1741);
#1740 = CARTESIAN_POINT('',(62.5,37.,-6.));
#1741 = VECTOR('',#1742,1.);
#1742 = DIRECTION('',(0.,0.,1.));
#1743 = ORIENTED_EDGE('',*,*,#1744,.F.);
#1744 = EDGE_CURVE('',#1745,#1737,#1747,.T.);
#1745 = VERTEX_POINT('',#1746);
#1746 = CARTESIAN_POINT('',(62.5,45.,-2.5));
#1747 = LINE('',#1748,#1749);
#1748 = CARTESIAN_POINT('',(62.5,6.2,-2.5));
#1749 = VECTOR('',#1750,1.);
#1750 = DIRECTION('',(0.,-1.,0.));
#1751 = ORIENTED_EDGE('',*,*,#1752,.F.);
#1752 = EDGE_CURVE('',#1753,#1745,#1755,.T.);
#1753 = VERTEX_POINT('',#1754);
#1754 = CARTESIAN_POINT('',(62.5,45.,-6.));
#1755 = LINE('',#1756,#1757);
#1756 = CARTESIAN_POINT('',(62.5,45.,-6.));
#1757 = VECTOR('',#1758,1.);
#1758 = DIRECTION('',(0.,0.,1.));
#1759 = ORIENTED_EDGE('',*,*,#1760,.T.);
#1760 = EDGE_CURVE('',#1753,#1761,#1763,.T.);
#1761 = VERTEX_POINT('',#1762);
#1762 = CARTESIAN_POINT('',(62.5,52.2,-6.));
#1763 = LINE('',#1764,#1765);
#1764 = CARTESIAN_POINT('',(62.5,-24.6,-6.));
#1765 = VECTOR('',#1766,1.);
#1766 = DIRECTION('',(-0.,1.,0.));
#1767 = ORIENTED_EDGE('',*,*,#1768,.F.);
#1768 = EDGE_CURVE('',#1769,#1761,#1771,.T.);
#1769 = VERTEX_POINT('',#1770);
#1770 = CARTESIAN_POINT('',(62.5,54.6,-8.4));
#1771 = CIRCLE('',#1772,2.4);
#1772 = AXIS2_PLACEMENT_3D('',#1773,#1774,#1775);
#1773 = CARTESIAN_POINT('',(62.5,52.2,-8.4));
#1774 = DIRECTION('',(1.,0.,-0.));
#1775 = DIRECTION('',(0.,0.,1.));
#1776 = ORIENTED_EDGE('',*,*,#1777,.F.);
#1777 = EDGE_CURVE('',#1778,#1769,#1780,.T.);
#1778 = VERTEX_POINT('',#1779);
#1779 = CARTESIAN_POINT('',(62.5,54.6,-6.));
#1780 = LINE('',#1781,#1782);
#1781 = CARTESIAN_POINT('',(62.5,54.6,-7.5));
#1782 = VECTOR('',#1783,1.);
#1783 = DIRECTION('',(-0.,0.,-1.));
#1784 = ORIENTED_EDGE('',*,*,#1785,.F.);
#1785 = EDGE_CURVE('',#1786,#1778,#1788,.T.);
#1786 = VERTEX_POINT('',#1787);
#1787 = CARTESIAN_POINT('',(62.5,54.6,-2.));
#1788 = LINE('',#1789,#1790);
#1789 = CARTESIAN_POINT('',(62.5,54.6,-7.5));
#1790 = VECTOR('',#1791,1.);
#1791 = DIRECTION('',(-0.,0.,-1.));
#1792 = ORIENTED_EDGE('',*,*,#1793,.T.);
#1793 = EDGE_CURVE('',#1786,#1794,#1796,.T.);
#1794 = VERTEX_POINT('',#1795);
#1795 = CARTESIAN_POINT('',(62.5,54.6,-1.));
#1796 = LINE('',#1797,#1798);
#1797 = CARTESIAN_POINT('',(62.5,54.6,-7.5));
#1798 = VECTOR('',#1799,1.);
#1799 = DIRECTION('',(0.,-0.,1.));
#1800 = ORIENTED_EDGE('',*,*,#1801,.F.);
#1801 = EDGE_CURVE('',#1676,#1794,#1802,.T.);
#1802 = CIRCLE('',#1803,1.);
#1803 = AXIS2_PLACEMENT_3D('',#1804,#1805,#1806);
#1804 = CARTESIAN_POINT('',(62.5,53.6,-1.));
#1805 = DIRECTION('',(1.,0.,-0.));
#1806 = DIRECTION('',(0.,0.,1.));
#1807 = PLANE('',#1808);
#1808 = AXIS2_PLACEMENT_3D('',#1809,#1810,#1811);
#1809 = CARTESIAN_POINT('',(62.5,-24.6,-6.));
#1810 = DIRECTION('',(1.,0.,-0.));
#1811 = DIRECTION('',(0.,0.,1.));
#1812 = ADVANCED_FACE('',(#1813),#1824,.T.);
#1813 = FACE_BOUND('',#1814,.F.);
#1814 = EDGE_LOOP('',(#1815,#1816,#1822,#1823));
#1815 = ORIENTED_EDGE('',*,*,#1521,.T.);
#1816 = ORIENTED_EDGE('',*,*,#1817,.T.);
#1817 = EDGE_CURVE('',#1522,#1688,#1818,.T.);
#1818 = LINE('',#1819,#1820);
#1819 = CARTESIAN_POINT('',(56.5,-2.2,-6.));
#1820 = VECTOR('',#1821,1.);
#1821 = DIRECTION('',(1.,0.,-0.));
#1822 = ORIENTED_EDGE('',*,*,#1687,.F.);
#1823 = ORIENTED_EDGE('',*,*,#147,.F.);
#1824 = CYLINDRICAL_SURFACE('',#1825,2.4);
#1825 = AXIS2_PLACEMENT_3D('',#1826,#1827,#1828);
#1826 = CARTESIAN_POINT('',(56.5,-2.2,-8.4));
#1827 = DIRECTION('',(1.,0.,-0.));
#1828 = DIRECTION('',(0.,-1.,0.));
#1829 = ADVANCED_FACE('',(#1830),#1841,.F.);
#1830 = FACE_BOUND('',#1831,.F.);
#1831 = EDGE_LOOP('',(#1832,#1833,#1834,#1835));
#1832 = ORIENTED_EDGE('',*,*,#193,.F.);
#1833 = ORIENTED_EDGE('',*,*,#343,.T.);
#1834 = ORIENTED_EDGE('',*,*,#367,.T.);
#1835 = ORIENTED_EDGE('',*,*,#1836,.F.);
#1836 = EDGE_CURVE('',#196,#368,#1837,.T.);
#1837 = LINE('',#1838,#1839);
#1838 = CARTESIAN_POINT('',(6.5,53.6,-2.));
#1839 = VECTOR('',#1840,1.);
#1840 = DIRECTION('',(1.,0.,-0.));
#1841 = PLANE('',#1842);
#1842 = AXIS2_PLACEMENT_3D('',#1843,#1844,#1845);
#1843 = CARTESIAN_POINT('',(6.5,-24.6,-2.));
#1844 = DIRECTION('',(0.,0.,1.));
#1845 = DIRECTION('',(1.,0.,-0.));
#1846 = ADVANCED_FACE('',(#1847),#1858,.T.);
#1847 = FACE_BOUND('',#1848,.T.);
#1848 = EDGE_LOOP('',(#1849,#1850,#1856,#1857));
#1849 = ORIENTED_EDGE('',*,*,#327,.T.);
#1850 = ORIENTED_EDGE('',*,*,#1851,.T.);
#1851 = EDGE_CURVE('',#320,#486,#1852,.T.);
#1852 = LINE('',#1853,#1854);
#1853 = CARTESIAN_POINT('',(6.5,54.6,-1.));
#1854 = VECTOR('',#1855,1.);
#1855 = DIRECTION('',(1.,0.,-0.));
#1856 = ORIENTED_EDGE('',*,*,#493,.F.);
#1857 = ORIENTED_EDGE('',*,*,#1836,.F.);
#1858 = CYLINDRICAL_SURFACE('',#1859,1.);
#1859 = AXIS2_PLACEMENT_3D('',#1860,#1861,#1862);
#1860 = CARTESIAN_POINT('',(6.5,53.6,-1.));
#1861 = DIRECTION('',(1.,0.,-0.));
#1862 = DIRECTION('',(0.,-0.,-1.));
#1863 = ADVANCED_FACE('',(#1864,#1879,#1895),#1915,.T.);
#1864 = FACE_BOUND('',#1865,.T.);
#1865 = EDGE_LOOP('',(#1866,#1867,#1868,#1869,#1875,#1876,#1877,#1878));
#1866 = ORIENTED_EDGE('',*,*,#319,.F.);
#1867 = ORIENTED_EDGE('',*,*,#311,.T.);
#1868 = ORIENTED_EDGE('',*,*,#303,.T.);
#1869 = ORIENTED_EDGE('',*,*,#1870,.T.);
#1870 = EDGE_CURVE('',#295,#461,#1871,.T.);
#1871 = LINE('',#1872,#1873);
#1872 = CARTESIAN_POINT('',(6.5,54.6,-8.4));
#1873 = VECTOR('',#1874,1.);
#1874 = DIRECTION('',(1.,0.,-0.));
#1875 = ORIENTED_EDGE('',*,*,#469,.F.);
#1876 = ORIENTED_EDGE('',*,*,#477,.F.);
#1877 = ORIENTED_EDGE('',*,*,#485,.T.);
#1878 = ORIENTED_EDGE('',*,*,#1851,.F.);
#1879 = FACE_BOUND('',#1880,.T.);
#1880 = EDGE_LOOP('',(#1881,#1882,#1888,#1889));
#1881 = ORIENTED_EDGE('',*,*,#578,.F.);
#1882 = ORIENTED_EDGE('',*,*,#1883,.T.);
#1883 = EDGE_CURVE('',#570,#1331,#1884,.T.);
#1884 = LINE('',#1885,#1886);
#1885 = CARTESIAN_POINT('',(2.,54.6,-9.));
#1886 = VECTOR('',#1887,1.);
#1887 = DIRECTION('',(0.,0.,1.));
#1888 = ORIENTED_EDGE('',*,*,#1330,.T.);
#1889 = ORIENTED_EDGE('',*,*,#1890,.F.);
#1890 = EDGE_CURVE('',#579,#1322,#1891,.T.);
#1891 = LINE('',#1892,#1893);
#1892 = CARTESIAN_POINT('',(67.,54.6,-9.));
#1893 = VECTOR('',#1894,1.);
#1894 = DIRECTION('',(0.,0.,1.));
#1895 = FACE_BOUND('',#1896,.T.);
#1896 = EDGE_LOOP('',(#1897,#1898,#1899,#1900,#1906,#1907,#1908,#1909));
#1897 = ORIENTED_EDGE('',*,*,#1627,.F.);
#1898 = ORIENTED_EDGE('',*,*,#1619,.T.);
#1899 = ORIENTED_EDGE('',*,*,#1611,.T.);
#1900 = ORIENTED_EDGE('',*,*,#1901,.T.);
#1901 = EDGE_CURVE('',#1603,#1769,#1902,.T.);
#1902 = LINE('',#1903,#1904);
#1903 = CARTESIAN_POINT('',(56.5,54.6,-8.4));
#1904 = VECTOR('',#1905,1.);
#1905 = DIRECTION('',(1.,0.,-0.));
#1906 = ORIENTED_EDGE('',*,*,#1777,.F.);
#1907 = ORIENTED_EDGE('',*,*,#1785,.F.);
#1908 = ORIENTED_EDGE('',*,*,#1793,.T.);
#1909 = ORIENTED_EDGE('',*,*,#1910,.F.);
#1910 = EDGE_CURVE('',#1628,#1794,#1911,.T.);
#1911 = LINE('',#1912,#1913);
#1912 = CARTESIAN_POINT('',(56.5,54.6,-1.));
#1913 = VECTOR('',#1914,1.);
#1914 = DIRECTION('',(1.,0.,-0.));
#1915 = PLANE('',#1916);
#1916 = AXIS2_PLACEMENT_3D('',#1917,#1918,#1919);
#1917 = CARTESIAN_POINT('',(-4.6,54.6,-9.));
#1918 = DIRECTION('',(-0.,1.,0.));
#1919 = DIRECTION('',(0.,0.,1.));
#1920 = ADVANCED_FACE('',(#1921),#1932,.T.);
#1921 = FACE_BOUND('',#1922,.T.);
#1922 = EDGE_LOOP('',(#1923,#1924,#1930,#1931));
#1923 = ORIENTED_EDGE('',*,*,#294,.T.);
#1924 = ORIENTED_EDGE('',*,*,#1925,.T.);
#1925 = EDGE_CURVE('',#287,#453,#1926,.T.);
#1926 = LINE('',#1927,#1928);
#1927 = CARTESIAN_POINT('',(6.5,52.2,-6.));
#1928 = VECTOR('',#1929,1.);
#1929 = DIRECTION('',(1.,0.,-0.));
#1930 = ORIENTED_EDGE('',*,*,#460,.F.);
#1931 = ORIENTED_EDGE('',*,*,#1870,.F.);
#1932 = CYLINDRICAL_SURFACE('',#1933,2.4);
#1933 = AXIS2_PLACEMENT_3D('',#1934,#1935,#1936);
#1934 = CARTESIAN_POINT('',(6.5,52.2,-8.4));
#1935 = DIRECTION('',(1.,0.,-0.));
#1936 = DIRECTION('',(0.,1.,0.));
#1937 = ADVANCED_FACE('',(#1938,#2059),#2075,.T.);
#1938 = FACE_BOUND('',#1939,.T.);
#1939 = EDGE_LOOP('',(#1940,#1941,#1942,#1943,#1949,#1950,#1951,#1952,
    #1960,#1968,#1974,#1975,#1983,#1991,#1997,#1998,#2004,#2005,#2011,
    #2012,#2013,#2014,#2022,#2030,#2036,#2037,#2045,#2053));
#1940 = ORIENTED_EDGE('',*,*,#222,.F.);
#1941 = ORIENTED_EDGE('',*,*,#509,.T.);
#1942 = ORIENTED_EDGE('',*,*,#388,.T.);
#1943 = ORIENTED_EDGE('',*,*,#1944,.T.);
#1944 = EDGE_CURVE('',#389,#1531,#1945,.T.);
#1945 = LINE('',#1946,#1947);
#1946 = CARTESIAN_POINT('',(-24.6,5.,-6.));
#1947 = VECTOR('',#1948,1.);
#1948 = DIRECTION('',(1.,0.,-0.));
#1949 = ORIENTED_EDGE('',*,*,#1530,.F.);
#1950 = ORIENTED_EDGE('',*,*,#1817,.T.);
#1951 = ORIENTED_EDGE('',*,*,#1696,.T.);
#1952 = ORIENTED_EDGE('',*,*,#1953,.T.);
#1953 = EDGE_CURVE('',#1697,#1954,#1956,.T.);
#1954 = VERTEX_POINT('',#1955);
#1955 = CARTESIAN_POINT('',(73.6,5.,-6.));
#1956 = LINE('',#1957,#1958);
#1957 = CARTESIAN_POINT('',(-24.6,5.,-6.));
#1958 = VECTOR('',#1959,1.);
#1959 = DIRECTION('',(1.,0.,-0.));
#1960 = ORIENTED_EDGE('',*,*,#1961,.F.);
#1961 = EDGE_CURVE('',#1962,#1954,#1964,.T.);
#1962 = VERTEX_POINT('',#1963);
#1963 = CARTESIAN_POINT('',(73.6,13.,-6.));
#1964 = LINE('',#1965,#1966);
#1965 = CARTESIAN_POINT('',(73.6,0.2,-6.));
#1966 = VECTOR('',#1967,1.);
#1967 = DIRECTION('',(0.,-1.,0.));
#1968 = ORIENTED_EDGE('',*,*,#1969,.F.);
#1969 = EDGE_CURVE('',#1721,#1962,#1970,.T.);
#1970 = LINE('',#1971,#1972);
#1971 = CARTESIAN_POINT('',(-24.6,13.,-6.));
#1972 = VECTOR('',#1973,1.);
#1973 = DIRECTION('',(1.,0.,-0.));
#1974 = ORIENTED_EDGE('',*,*,#1728,.T.);
#1975 = ORIENTED_EDGE('',*,*,#1976,.T.);
#1976 = EDGE_CURVE('',#1729,#1977,#1979,.T.);
#1977 = VERTEX_POINT('',#1978);
#1978 = CARTESIAN_POINT('',(73.6,37.,-6.));
#1979 = LINE('',#1980,#1981);
#1980 = CARTESIAN_POINT('',(-24.6,37.,-6.));
#1981 = VECTOR('',#1982,1.);
#1982 = DIRECTION('',(1.,0.,-0.));
#1983 = ORIENTED_EDGE('',*,*,#1984,.F.);
#1984 = EDGE_CURVE('',#1985,#1977,#1987,.T.);
#1985 = VERTEX_POINT('',#1986);
#1986 = CARTESIAN_POINT('',(73.6,45.,-6.));
#1987 = LINE('',#1988,#1989);
#1988 = CARTESIAN_POINT('',(73.6,16.2,-6.));
#1989 = VECTOR('',#1990,1.);
#1990 = DIRECTION('',(0.,-1.,0.));
#1991 = ORIENTED_EDGE('',*,*,#1992,.F.);
#1992 = EDGE_CURVE('',#1753,#1985,#1993,.T.);
#1993 = LINE('',#1994,#1995);
#1994 = CARTESIAN_POINT('',(-24.6,45.,-6.));
#1995 = VECTOR('',#1996,1.);
#1996 = DIRECTION('',(1.,0.,-0.));
#1997 = ORIENTED_EDGE('',*,*,#1760,.T.);
#1998 = ORIENTED_EDGE('',*,*,#1999,.F.);
#1999 = EDGE_CURVE('',#1595,#1761,#2000,.T.);
#2000 = LINE('',#2001,#2002);
#2001 = CARTESIAN_POINT('',(56.5,52.2,-6.));
#2002 = VECTOR('',#2003,1.);
#2003 = DIRECTION('',(1.,0.,-0.));
#2004 = ORIENTED_EDGE('',*,*,#1594,.F.);
#2005 = ORIENTED_EDGE('',*,*,#2006,.F.);
#2006 = EDGE_CURVE('',#445,#1587,#2007,.T.);
#2007 = LINE('',#2008,#2009);
#2008 = CARTESIAN_POINT('',(-24.6,45.,-6.));
#2009 = VECTOR('',#2010,1.);
#2010 = DIRECTION('',(1.,0.,-0.));
#2011 = ORIENTED_EDGE('',*,*,#452,.T.);
#2012 = ORIENTED_EDGE('',*,*,#1925,.F.);
#2013 = ORIENTED_EDGE('',*,*,#286,.F.);
#2014 = ORIENTED_EDGE('',*,*,#2015,.F.);
#2015 = EDGE_CURVE('',#2016,#279,#2018,.T.);
#2016 = VERTEX_POINT('',#2017);
#2017 = CARTESIAN_POINT('',(-4.6,45.,-6.));
#2018 = LINE('',#2019,#2020);
#2019 = CARTESIAN_POINT('',(-24.6,45.,-6.));
#2020 = VECTOR('',#2021,1.);
#2021 = DIRECTION('',(1.,0.,-0.));
#2022 = ORIENTED_EDGE('',*,*,#2023,.T.);
#2023 = EDGE_CURVE('',#2016,#2024,#2026,.T.);
#2024 = VERTEX_POINT('',#2025);
#2025 = CARTESIAN_POINT('',(-4.6,37.,-6.));
#2026 = LINE('',#2027,#2028);
#2027 = CARTESIAN_POINT('',(-4.6,16.2,-6.));
#2028 = VECTOR('',#2029,1.);
#2029 = DIRECTION('',(0.,-1.,0.));
#2030 = ORIENTED_EDGE('',*,*,#2031,.T.);
#2031 = EDGE_CURVE('',#2024,#255,#2032,.T.);
#2032 = LINE('',#2033,#2034);
#2033 = CARTESIAN_POINT('',(-24.6,37.,-6.));
#2034 = VECTOR('',#2035,1.);
#2035 = DIRECTION('',(1.,0.,-0.));
#2036 = ORIENTED_EDGE('',*,*,#254,.F.);
#2037 = ORIENTED_EDGE('',*,*,#2038,.F.);
#2038 = EDGE_CURVE('',#2039,#247,#2041,.T.);
#2039 = VERTEX_POINT('',#2040);
#2040 = CARTESIAN_POINT('',(-4.6,13.,-6.));
#2041 = LINE('',#2042,#2043);
#2042 = CARTESIAN_POINT('',(-24.6,13.,-6.));
#2043 = VECTOR('',#2044,1.);
#2044 = DIRECTION('',(1.,0.,-0.));
#2045 = ORIENTED_EDGE('',*,*,#2046,.T.);
#2046 = EDGE_CURVE('',#2039,#2047,#2049,.T.);
#2047 = VERTEX_POINT('',#2048);
#2048 = CARTESIAN_POINT('',(-4.6,5.,-6.));
#2049 = LINE('',#2050,#2051);
#2050 = CARTESIAN_POINT('',(-4.6,0.2,-6.));
#2051 = VECTOR('',#2052,1.);
#2052 = DIRECTION('',(0.,-1.,0.));
#2053 = ORIENTED_EDGE('',*,*,#2054,.T.);
#2054 = EDGE_CURVE('',#2047,#223,#2055,.T.);
#2055 = LINE('',#2056,#2057);
#2056 = CARTESIAN_POINT('',(-24.6,5.,-6.));
#2057 = VECTOR('',#2058,1.);
#2058 = DIRECTION('',(1.,0.,-0.));
#2059 = FACE_BOUND('',#2060,.T.);
#2060 = EDGE_LOOP('',(#2061,#2067,#2068,#2074));
#2061 = ORIENTED_EDGE('',*,*,#2062,.T.);
#2062 = EDGE_CURVE('',#421,#1563,#2063,.T.);
#2063 = LINE('',#2064,#2065);
#2064 = CARTESIAN_POINT('',(-24.6,37.,-6.));
#2065 = VECTOR('',#2066,1.);
#2066 = DIRECTION('',(1.,0.,-0.));
#2067 = ORIENTED_EDGE('',*,*,#1562,.F.);
#2068 = ORIENTED_EDGE('',*,*,#2069,.F.);
#2069 = EDGE_CURVE('',#413,#1555,#2070,.T.);
#2070 = LINE('',#2071,#2072);
#2071 = CARTESIAN_POINT('',(-24.6,13.,-6.));
#2072 = VECTOR('',#2073,1.);
#2073 = DIRECTION('',(1.,0.,-0.));
#2074 = ORIENTED_EDGE('',*,*,#420,.T.);
#2075 = PLANE('',#2076);
#2076 = AXIS2_PLACEMENT_3D('',#2077,#2078,#2079);
#2077 = CARTESIAN_POINT('',(34.5,25.,-6.));
#2078 = DIRECTION('',(0.,0.,1.));
#2079 = DIRECTION('',(1.,0.,-0.));
#2080 = ADVANCED_FACE('',(#2081),#2099,.T.);
#2081 = FACE_BOUND('',#2082,.T.);
#2082 = EDGE_LOOP('',(#2083,#2084,#2085,#2093));
#2083 = ORIENTED_EDGE('',*,*,#230,.F.);
#2084 = ORIENTED_EDGE('',*,*,#2054,.F.);
#2085 = ORIENTED_EDGE('',*,*,#2086,.T.);
#2086 = EDGE_CURVE('',#2047,#2087,#2089,.T.);
#2087 = VERTEX_POINT('',#2088);
#2088 = CARTESIAN_POINT('',(-4.6,5.,-2.5));
#2089 = LINE('',#2090,#2091);
#2090 = CARTESIAN_POINT('',(-4.6,5.,-7.5));
#2091 = VECTOR('',#2092,1.);
#2092 = DIRECTION('',(0.,0.,1.));
#2093 = ORIENTED_EDGE('',*,*,#2094,.T.);
#2094 = EDGE_CURVE('',#2087,#231,#2095,.T.);
#2095 = LINE('',#2096,#2097);
#2096 = CARTESIAN_POINT('',(-24.6,5.,-2.5));
#2097 = VECTOR('',#2098,1.);
#2098 = DIRECTION('',(1.,0.,-0.));
#2099 = PLANE('',#2100);
#2100 = AXIS2_PLACEMENT_3D('',#2101,#2102,#2103);
#2101 = CARTESIAN_POINT('',(-24.6,5.,-6.));
#2102 = DIRECTION('',(-0.,1.,0.));
#2103 = DIRECTION('',(0.,0.,1.));
#2104 = ADVANCED_FACE('',(#2105),#2123,.F.);
#2105 = FACE_BOUND('',#2106,.F.);
#2106 = EDGE_LOOP('',(#2107,#2108,#2109,#2117));
#2107 = ORIENTED_EDGE('',*,*,#278,.F.);
#2108 = ORIENTED_EDGE('',*,*,#2015,.F.);
#2109 = ORIENTED_EDGE('',*,*,#2110,.T.);
#2110 = EDGE_CURVE('',#2016,#2111,#2113,.T.);
#2111 = VERTEX_POINT('',#2112);
#2112 = CARTESIAN_POINT('',(-4.6,45.,-2.5));
#2113 = LINE('',#2114,#2115);
#2114 = CARTESIAN_POINT('',(-4.6,45.,-7.5));
#2115 = VECTOR('',#2116,1.);
#2116 = DIRECTION('',(0.,0.,1.));
#2117 = ORIENTED_EDGE('',*,*,#2118,.T.);
#2118 = EDGE_CURVE('',#2111,#271,#2119,.T.);
#2119 = LINE('',#2120,#2121);
#2120 = CARTESIAN_POINT('',(-24.6,45.,-2.5));
#2121 = VECTOR('',#2122,1.);
#2122 = DIRECTION('',(1.,0.,-0.));
#2123 = PLANE('',#2124);
#2124 = AXIS2_PLACEMENT_3D('',#2125,#2126,#2127);
#2125 = CARTESIAN_POINT('',(-24.6,45.,-6.));
#2126 = DIRECTION('',(-0.,1.,0.));
#2127 = DIRECTION('',(0.,0.,1.));
#2128 = ADVANCED_FACE('',(#2129),#2147,.F.);
#2129 = FACE_BOUND('',#2130,.F.);
#2130 = EDGE_LOOP('',(#2131,#2139,#2145,#2146));
#2131 = ORIENTED_EDGE('',*,*,#2132,.F.);
#2132 = EDGE_CURVE('',#2133,#239,#2135,.T.);
#2133 = VERTEX_POINT('',#2134);
#2134 = CARTESIAN_POINT('',(-4.6,13.,-2.5));
#2135 = LINE('',#2136,#2137);
#2136 = CARTESIAN_POINT('',(-24.6,13.,-2.5));
#2137 = VECTOR('',#2138,1.);
#2138 = DIRECTION('',(1.,0.,-0.));
#2139 = ORIENTED_EDGE('',*,*,#2140,.T.);
#2140 = EDGE_CURVE('',#2133,#2087,#2141,.T.);
#2141 = LINE('',#2142,#2143);
#2142 = CARTESIAN_POINT('',(-4.6,0.2,-2.5));
#2143 = VECTOR('',#2144,1.);
#2144 = DIRECTION('',(0.,-1.,0.));
#2145 = ORIENTED_EDGE('',*,*,#2094,.T.);
#2146 = ORIENTED_EDGE('',*,*,#238,.F.);
#2147 = PLANE('',#2148);
#2148 = AXIS2_PLACEMENT_3D('',#2149,#2150,#2151);
#2149 = CARTESIAN_POINT('',(-24.6,5.,-2.5));
#2150 = DIRECTION('',(0.,0.,1.));
#2151 = DIRECTION('',(1.,0.,-0.));
#2152 = ADVANCED_FACE('',(#2153),#2171,.F.);
#2153 = FACE_BOUND('',#2154,.F.);
#2154 = EDGE_LOOP('',(#2155,#2156,#2164,#2170));
#2155 = ORIENTED_EDGE('',*,*,#2118,.F.);
#2156 = ORIENTED_EDGE('',*,*,#2157,.T.);
#2157 = EDGE_CURVE('',#2111,#2158,#2160,.T.);
#2158 = VERTEX_POINT('',#2159);
#2159 = CARTESIAN_POINT('',(-4.6,37.,-2.5));
#2160 = LINE('',#2161,#2162);
#2161 = CARTESIAN_POINT('',(-4.6,16.2,-2.5));
#2162 = VECTOR('',#2163,1.);
#2163 = DIRECTION('',(0.,-1.,0.));
#2164 = ORIENTED_EDGE('',*,*,#2165,.T.);
#2165 = EDGE_CURVE('',#2158,#263,#2166,.T.);
#2166 = LINE('',#2167,#2168);
#2167 = CARTESIAN_POINT('',(-24.6,37.,-2.5));
#2168 = VECTOR('',#2169,1.);
#2169 = DIRECTION('',(1.,0.,-0.));
#2170 = ORIENTED_EDGE('',*,*,#270,.F.);
#2171 = PLANE('',#2172);
#2172 = AXIS2_PLACEMENT_3D('',#2173,#2174,#2175);
#2173 = CARTESIAN_POINT('',(-24.6,37.,-2.5));
#2174 = DIRECTION('',(0.,0.,1.));
#2175 = DIRECTION('',(1.,0.,-0.));
#2176 = ADVANCED_FACE('',(#2177),#2188,.F.);
#2177 = FACE_BOUND('',#2178,.F.);
#2178 = EDGE_LOOP('',(#2179,#2180,#2181,#2187));
#2179 = ORIENTED_EDGE('',*,*,#246,.F.);
#2180 = ORIENTED_EDGE('',*,*,#2038,.F.);
#2181 = ORIENTED_EDGE('',*,*,#2182,.T.);
#2182 = EDGE_CURVE('',#2039,#2133,#2183,.T.);
#2183 = LINE('',#2184,#2185);
#2184 = CARTESIAN_POINT('',(-4.6,13.,-7.5));
#2185 = VECTOR('',#2186,1.);
#2186 = DIRECTION('',(0.,0.,1.));
#2187 = ORIENTED_EDGE('',*,*,#2132,.T.);
#2188 = PLANE('',#2189);
#2189 = AXIS2_PLACEMENT_3D('',#2190,#2191,#2192);
#2190 = CARTESIAN_POINT('',(-24.6,13.,-6.));
#2191 = DIRECTION('',(-0.,1.,0.));
#2192 = DIRECTION('',(0.,0.,1.));
#2193 = ADVANCED_FACE('',(#2194),#2205,.T.);
#2194 = FACE_BOUND('',#2195,.T.);
#2195 = EDGE_LOOP('',(#2196,#2197,#2198,#2204));
#2196 = ORIENTED_EDGE('',*,*,#262,.F.);
#2197 = ORIENTED_EDGE('',*,*,#2031,.F.);
#2198 = ORIENTED_EDGE('',*,*,#2199,.T.);
#2199 = EDGE_CURVE('',#2024,#2158,#2200,.T.);
#2200 = LINE('',#2201,#2202);
#2201 = CARTESIAN_POINT('',(-4.6,37.,-7.5));
#2202 = VECTOR('',#2203,1.);
#2203 = DIRECTION('',(0.,0.,1.));
#2204 = ORIENTED_EDGE('',*,*,#2165,.T.);
#2205 = PLANE('',#2206);
#2206 = AXIS2_PLACEMENT_3D('',#2207,#2208,#2209);
#2207 = CARTESIAN_POINT('',(-24.6,37.,-6.));
#2208 = DIRECTION('',(-0.,1.,0.));
#2209 = DIRECTION('',(0.,0.,1.));
#2210 = ADVANCED_FACE('',(#2211),#2222,.T.);
#2211 = FACE_BOUND('',#2212,.T.);
#2212 = EDGE_LOOP('',(#2213,#2214,#2215,#2221));
#2213 = ORIENTED_EDGE('',*,*,#1944,.F.);
#2214 = ORIENTED_EDGE('',*,*,#396,.T.);
#2215 = ORIENTED_EDGE('',*,*,#2216,.T.);
#2216 = EDGE_CURVE('',#397,#1539,#2217,.T.);
#2217 = LINE('',#2218,#2219);
#2218 = CARTESIAN_POINT('',(-24.6,5.,-2.5));
#2219 = VECTOR('',#2220,1.);
#2220 = DIRECTION('',(1.,0.,-0.));
#2221 = ORIENTED_EDGE('',*,*,#1538,.F.);
#2222 = PLANE('',#2223);
#2223 = AXIS2_PLACEMENT_3D('',#2224,#2225,#2226);
#2224 = CARTESIAN_POINT('',(-24.6,5.,-6.));
#2225 = DIRECTION('',(-0.,1.,0.));
#2226 = DIRECTION('',(0.,0.,1.));
#2227 = ADVANCED_FACE('',(#2228),#2239,.F.);
#2228 = FACE_BOUND('',#2229,.F.);
#2229 = EDGE_LOOP('',(#2230,#2231,#2232,#2238));
#2230 = ORIENTED_EDGE('',*,*,#2006,.F.);
#2231 = ORIENTED_EDGE('',*,*,#444,.T.);
#2232 = ORIENTED_EDGE('',*,*,#2233,.T.);
#2233 = EDGE_CURVE('',#437,#1579,#2234,.T.);
#2234 = LINE('',#2235,#2236);
#2235 = CARTESIAN_POINT('',(-24.6,45.,-2.5));
#2236 = VECTOR('',#2237,1.);
#2237 = DIRECTION('',(1.,0.,-0.));
#2238 = ORIENTED_EDGE('',*,*,#1586,.F.);
#2239 = PLANE('',#2240);
#2240 = AXIS2_PLACEMENT_3D('',#2241,#2242,#2243);
#2241 = CARTESIAN_POINT('',(-24.6,45.,-6.));
#2242 = DIRECTION('',(-0.,1.,0.));
#2243 = DIRECTION('',(0.,0.,1.));
#2244 = ADVANCED_FACE('',(#2245),#2256,.F.);
#2245 = FACE_BOUND('',#2246,.F.);
#2246 = EDGE_LOOP('',(#2247,#2253,#2254,#2255));
#2247 = ORIENTED_EDGE('',*,*,#2248,.F.);
#2248 = EDGE_CURVE('',#405,#1547,#2249,.T.);
#2249 = LINE('',#2250,#2251);
#2250 = CARTESIAN_POINT('',(-24.6,13.,-2.5));
#2251 = VECTOR('',#2252,1.);
#2252 = DIRECTION('',(1.,0.,-0.));
#2253 = ORIENTED_EDGE('',*,*,#404,.T.);
#2254 = ORIENTED_EDGE('',*,*,#2216,.T.);
#2255 = ORIENTED_EDGE('',*,*,#1546,.F.);
#2256 = PLANE('',#2257);
#2257 = AXIS2_PLACEMENT_3D('',#2258,#2259,#2260);
#2258 = CARTESIAN_POINT('',(-24.6,5.,-2.5));
#2259 = DIRECTION('',(0.,0.,1.));
#2260 = DIRECTION('',(1.,0.,-0.));
#2261 = ADVANCED_FACE('',(#2262),#2273,.F.);
#2262 = FACE_BOUND('',#2263,.F.);
#2263 = EDGE_LOOP('',(#2264,#2265,#2266,#2272));
#2264 = ORIENTED_EDGE('',*,*,#2233,.F.);
#2265 = ORIENTED_EDGE('',*,*,#436,.T.);
#2266 = ORIENTED_EDGE('',*,*,#2267,.T.);
#2267 = EDGE_CURVE('',#429,#1571,#2268,.T.);
#2268 = LINE('',#2269,#2270);
#2269 = CARTESIAN_POINT('',(-24.6,37.,-2.5));
#2270 = VECTOR('',#2271,1.);
#2271 = DIRECTION('',(1.,0.,-0.));
#2272 = ORIENTED_EDGE('',*,*,#1578,.F.);
#2273 = PLANE('',#2274);
#2274 = AXIS2_PLACEMENT_3D('',#2275,#2276,#2277);
#2275 = CARTESIAN_POINT('',(-24.6,37.,-2.5));
#2276 = DIRECTION('',(0.,0.,1.));
#2277 = DIRECTION('',(1.,0.,-0.));
#2278 = ADVANCED_FACE('',(#2279),#2285,.F.);
#2279 = FACE_BOUND('',#2280,.F.);
#2280 = EDGE_LOOP('',(#2281,#2282,#2283,#2284));
#2281 = ORIENTED_EDGE('',*,*,#2069,.F.);
#2282 = ORIENTED_EDGE('',*,*,#412,.T.);
#2283 = ORIENTED_EDGE('',*,*,#2248,.T.);
#2284 = ORIENTED_EDGE('',*,*,#1554,.F.);
#2285 = PLANE('',#2286);
#2286 = AXIS2_PLACEMENT_3D('',#2287,#2288,#2289);
#2287 = CARTESIAN_POINT('',(-24.6,13.,-6.));
#2288 = DIRECTION('',(-0.,1.,0.));
#2289 = DIRECTION('',(0.,0.,1.));
#2290 = ADVANCED_FACE('',(#2291),#2297,.T.);
#2291 = FACE_BOUND('',#2292,.T.);
#2292 = EDGE_LOOP('',(#2293,#2294,#2295,#2296));
#2293 = ORIENTED_EDGE('',*,*,#2062,.F.);
#2294 = ORIENTED_EDGE('',*,*,#428,.T.);
#2295 = ORIENTED_EDGE('',*,*,#2267,.T.);
#2296 = ORIENTED_EDGE('',*,*,#1570,.F.);
#2297 = PLANE('',#2298);
#2298 = AXIS2_PLACEMENT_3D('',#2299,#2300,#2301);
#2299 = CARTESIAN_POINT('',(-24.6,37.,-6.));
#2300 = DIRECTION('',(-0.,1.,0.));
#2301 = DIRECTION('',(0.,0.,1.));
#2302 = ADVANCED_FACE('',(#2303,#2319,#2325,#2336,#2342),#2376,.F.);
#2303 = FACE_BOUND('',#2304,.F.);
#2304 = EDGE_LOOP('',(#2305,#2306,#2312,#2313));
#2305 = ORIENTED_EDGE('',*,*,#1182,.F.);
#2306 = ORIENTED_EDGE('',*,*,#2307,.F.);
#2307 = EDGE_CURVE('',#526,#1183,#2308,.T.);
#2308 = LINE('',#2309,#2310);
#2309 = CARTESIAN_POINT('',(-4.6,2.,-9.));
#2310 = VECTOR('',#2311,1.);
#2311 = DIRECTION('',(0.,0.,1.));
#2312 = ORIENTED_EDGE('',*,*,#525,.T.);
#2313 = ORIENTED_EDGE('',*,*,#2314,.T.);
#2314 = EDGE_CURVE('',#528,#1185,#2315,.T.);
#2315 = LINE('',#2316,#2317);
#2316 = CARTESIAN_POINT('',(-4.6,48.,-9.));
#2317 = VECTOR('',#2318,1.);
#2318 = DIRECTION('',(0.,0.,1.));
#2319 = FACE_BOUND('',#2320,.F.);
#2320 = EDGE_LOOP('',(#2321,#2322,#2323,#2324));
#2321 = ORIENTED_EDGE('',*,*,#2023,.T.);
#2322 = ORIENTED_EDGE('',*,*,#2199,.T.);
#2323 = ORIENTED_EDGE('',*,*,#2157,.F.);
#2324 = ORIENTED_EDGE('',*,*,#2110,.F.);
#2325 = FACE_BOUND('',#2326,.F.);
#2326 = EDGE_LOOP('',(#2327));
#2327 = ORIENTED_EDGE('',*,*,#2328,.F.);
#2328 = EDGE_CURVE('',#2329,#2329,#2331,.T.);
#2329 = VERTEX_POINT('',#2330);
#2330 = CARTESIAN_POINT('',(-4.6,25.,22.95));
#2331 = CIRCLE('',#2332,3.45);
#2332 = AXIS2_PLACEMENT_3D('',#2333,#2334,#2335);
#2333 = CARTESIAN_POINT('',(-4.6,25.,19.5));
#2334 = DIRECTION('',(1.,0.,0.));
#2335 = DIRECTION('',(-0.,0.,1.));
#2336 = FACE_BOUND('',#2337,.F.);
#2337 = EDGE_LOOP('',(#2338,#2339,#2340,#2341));
#2338 = ORIENTED_EDGE('',*,*,#2046,.T.);
#2339 = ORIENTED_EDGE('',*,*,#2086,.T.);
#2340 = ORIENTED_EDGE('',*,*,#2140,.F.);
#2341 = ORIENTED_EDGE('',*,*,#2182,.F.);
#2342 = FACE_BOUND('',#2343,.F.);
#2343 = EDGE_LOOP('',(#2344,#2354,#2362,#2370));
#2344 = ORIENTED_EDGE('',*,*,#2345,.F.);
#2345 = EDGE_CURVE('',#2346,#2348,#2350,.T.);
#2346 = VERTEX_POINT('',#2347);
#2347 = CARTESIAN_POINT('',(-4.6,4.,16.5));
#2348 = VERTEX_POINT('',#2349);
#2349 = CARTESIAN_POINT('',(-4.6,11.,16.5));
#2350 = LINE('',#2351,#2352);
#2351 = CARTESIAN_POINT('',(-4.6,4.,16.5));
#2352 = VECTOR('',#2353,1.);
#2353 = DIRECTION('',(-0.,1.,0.));
#2354 = ORIENTED_EDGE('',*,*,#2355,.T.);
#2355 = EDGE_CURVE('',#2346,#2356,#2358,.T.);
#2356 = VERTEX_POINT('',#2357);
#2357 = CARTESIAN_POINT('',(-4.6,4.,22.5));
#2358 = LINE('',#2359,#2360);
#2359 = CARTESIAN_POINT('',(-4.6,4.,16.5));
#2360 = VECTOR('',#2361,1.);
#2361 = DIRECTION('',(0.,0.,1.));
#2362 = ORIENTED_EDGE('',*,*,#2363,.T.);
#2363 = EDGE_CURVE('',#2356,#2364,#2366,.T.);
#2364 = VERTEX_POINT('',#2365);
#2365 = CARTESIAN_POINT('',(-4.6,11.,22.5));
#2366 = LINE('',#2367,#2368);
#2367 = CARTESIAN_POINT('',(-4.6,4.,22.5));
#2368 = VECTOR('',#2369,1.);
#2369 = DIRECTION('',(-0.,1.,0.));
#2370 = ORIENTED_EDGE('',*,*,#2371,.F.);
#2371 = EDGE_CURVE('',#2348,#2364,#2372,.T.);
#2372 = LINE('',#2373,#2374);
#2373 = CARTESIAN_POINT('',(-4.6,11.,16.5));
#2374 = VECTOR('',#2375,1.);
#2375 = DIRECTION('',(0.,0.,1.));
#2376 = PLANE('',#2377);
#2377 = AXIS2_PLACEMENT_3D('',#2378,#2379,#2380);
#2378 = CARTESIAN_POINT('',(-4.6,-4.6,-9.));
#2379 = DIRECTION('',(1.,0.,-0.));
#2380 = DIRECTION('',(0.,0.,1.));
#2381 = ADVANCED_FACE('',(#2382),#2393,.T.);
#2382 = FACE_BOUND('',#2383,.T.);
#2383 = EDGE_LOOP('',(#2384,#2385,#2386,#2392));
#2384 = ORIENTED_EDGE('',*,*,#2307,.F.);
#2385 = ORIENTED_EDGE('',*,*,#731,.T.);
#2386 = ORIENTED_EDGE('',*,*,#2387,.T.);
#2387 = EDGE_CURVE('',#724,#1193,#2388,.T.);
#2388 = LINE('',#2389,#2390);
#2389 = CARTESIAN_POINT('',(-4.5,0.855447685774,-9.));
#2390 = VECTOR('',#2391,1.);
#2391 = DIRECTION('',(0.,0.,1.));
#2392 = ORIENTED_EDGE('',*,*,#1192,.F.);
#2393 = CYLINDRICAL_SURFACE('',#2394,6.6);
#2394 = AXIS2_PLACEMENT_3D('',#2395,#2396,#2397);
#2395 = CARTESIAN_POINT('',(2.,2.,-9.));
#2396 = DIRECTION('',(0.,0.,1.));
#2397 = DIRECTION('',(-1.,-0.,0.));
#2398 = ADVANCED_FACE('',(#2399),#2410,.T.);
#2399 = FACE_BOUND('',#2400,.F.);
#2400 = EDGE_LOOP('',(#2401,#2402,#2403,#2409));
#2401 = ORIENTED_EDGE('',*,*,#2314,.F.);
#2402 = ORIENTED_EDGE('',*,*,#535,.T.);
#2403 = ORIENTED_EDGE('',*,*,#2404,.T.);
#2404 = EDGE_CURVE('',#536,#1365,#2405,.T.);
#2405 = LINE('',#2406,#2407);
#2406 = CARTESIAN_POINT('',(-4.5,49.144552314226,-9.));
#2407 = VECTOR('',#2408,1.);
#2408 = DIRECTION('',(0.,0.,1.));
#2409 = ORIENTED_EDGE('',*,*,#1372,.F.);
#2410 = CYLINDRICAL_SURFACE('',#2411,6.6);
#2411 = AXIS2_PLACEMENT_3D('',#2412,#2413,#2414);
#2412 = CARTESIAN_POINT('',(2.,48.,-9.));
#2413 = DIRECTION('',(0.,0.,1.));
#2414 = DIRECTION('',(-1.,-0.,0.));
#2415 = ADVANCED_FACE('',(#2416),#2427,.F.);
#2416 = FACE_BOUND('',#2417,.F.);
#2417 = EDGE_LOOP('',(#2418,#2424,#2425,#2426));
#2418 = ORIENTED_EDGE('',*,*,#2419,.F.);
#2419 = EDGE_CURVE('',#715,#1202,#2420,.T.);
#2420 = LINE('',#2421,#2422);
#2421 = CARTESIAN_POINT('',(-4.5,-0.2,-9.));
#2422 = VECTOR('',#2423,1.);
#2423 = DIRECTION('',(0.,0.,1.));
#2424 = ORIENTED_EDGE('',*,*,#723,.T.);
#2425 = ORIENTED_EDGE('',*,*,#2387,.T.);
#2426 = ORIENTED_EDGE('',*,*,#1201,.F.);
#2427 = PLANE('',#2428);
#2428 = AXIS2_PLACEMENT_3D('',#2429,#2430,#2431);
#2429 = CARTESIAN_POINT('',(-4.5,-4.5,-9.));
#2430 = DIRECTION('',(1.,0.,-0.));
#2431 = DIRECTION('',(0.,0.,1.));
#2432 = ADVANCED_FACE('',(#2433),#2444,.F.);
#2433 = FACE_BOUND('',#2434,.F.);
#2434 = EDGE_LOOP('',(#2435,#2436,#2437,#2443));
#2435 = ORIENTED_EDGE('',*,*,#2404,.F.);
#2436 = ORIENTED_EDGE('',*,*,#544,.T.);
#2437 = ORIENTED_EDGE('',*,*,#2438,.T.);
#2438 = EDGE_CURVE('',#545,#1356,#2439,.T.);
#2439 = LINE('',#2440,#2441);
#2440 = CARTESIAN_POINT('',(-4.5,50.2,-9.));
#2441 = VECTOR('',#2442,1.);
#2442 = DIRECTION('',(0.,0.,1.));
#2443 = ORIENTED_EDGE('',*,*,#1364,.F.);
#2444 = PLANE('',#2445);
#2445 = AXIS2_PLACEMENT_3D('',#2446,#2447,#2448);
#2446 = CARTESIAN_POINT('',(-4.5,49.,-9.));
#2447 = DIRECTION('',(1.,0.,-0.));
#2448 = DIRECTION('',(0.,0.,1.));
#2449 = ADVANCED_FACE('',(#2450),#2461,.T.);
#2450 = FACE_BOUND('',#2451,.T.);
#2451 = EDGE_LOOP('',(#2452,#2453,#2459,#2460));
#2452 = ORIENTED_EDGE('',*,*,#714,.T.);
#2453 = ORIENTED_EDGE('',*,*,#2454,.T.);
#2454 = EDGE_CURVE('',#707,#1210,#2455,.T.);
#2455 = LINE('',#2456,#2457);
#2456 = CARTESIAN_POINT('',(-0.2,-4.5,-9.));
#2457 = VECTOR('',#2458,1.);
#2458 = DIRECTION('',(0.,0.,1.));
#2459 = ORIENTED_EDGE('',*,*,#1209,.F.);
#2460 = ORIENTED_EDGE('',*,*,#2419,.F.);
#2461 = CYLINDRICAL_SURFACE('',#2462,4.3);
#2462 = AXIS2_PLACEMENT_3D('',#2463,#2464,#2465);
#2463 = CARTESIAN_POINT('',(-4.5,-4.5,-9.));
#2464 = DIRECTION('',(0.,0.,1.));
#2465 = DIRECTION('',(1.,0.,-0.));
#2466 = ADVANCED_FACE('',(#2467),#2478,.T.);
#2467 = FACE_BOUND('',#2468,.T.);
#2468 = EDGE_LOOP('',(#2469,#2470,#2476,#2477));
#2469 = ORIENTED_EDGE('',*,*,#1355,.F.);
#2470 = ORIENTED_EDGE('',*,*,#2471,.F.);
#2471 = EDGE_CURVE('',#553,#1348,#2472,.T.);
#2472 = LINE('',#2473,#2474);
#2473 = CARTESIAN_POINT('',(-0.2,54.5,-9.));
#2474 = VECTOR('',#2475,1.);
#2475 = DIRECTION('',(0.,0.,1.));
#2476 = ORIENTED_EDGE('',*,*,#552,.T.);
#2477 = ORIENTED_EDGE('',*,*,#2438,.T.);
#2478 = CYLINDRICAL_SURFACE('',#2479,4.3);
#2479 = AXIS2_PLACEMENT_3D('',#2480,#2481,#2482);
#2480 = CARTESIAN_POINT('',(-4.5,54.5,-9.));
#2481 = DIRECTION('',(0.,0.,1.));
#2482 = DIRECTION('',(1.,0.,-0.));
#2483 = ADVANCED_FACE('',(#2484),#2490,.F.);
#2484 = FACE_BOUND('',#2485,.F.);
#2485 = EDGE_LOOP('',(#2486,#2487,#2488,#2489));
#2486 = ORIENTED_EDGE('',*,*,#706,.F.);
#2487 = ORIENTED_EDGE('',*,*,#2454,.T.);
#2488 = ORIENTED_EDGE('',*,*,#1218,.T.);
#2489 = ORIENTED_EDGE('',*,*,#1132,.F.);
#2490 = PLANE('',#2491);
#2491 = AXIS2_PLACEMENT_3D('',#2492,#2493,#2494);
#2492 = CARTESIAN_POINT('',(-4.5,-4.5,-9.));
#2493 = DIRECTION('',(-0.,1.,0.));
#2494 = DIRECTION('',(0.,0.,1.));
#2495 = ADVANCED_FACE('',(#2496),#2507,.T.);
#2496 = FACE_BOUND('',#2497,.T.);
#2497 = EDGE_LOOP('',(#2498,#2499,#2500,#2501));
#2498 = ORIENTED_EDGE('',*,*,#561,.F.);
#2499 = ORIENTED_EDGE('',*,*,#2471,.T.);
#2500 = ORIENTED_EDGE('',*,*,#1347,.T.);
#2501 = ORIENTED_EDGE('',*,*,#2502,.F.);
#2502 = EDGE_CURVE('',#562,#1339,#2503,.T.);
#2503 = LINE('',#2504,#2505);
#2504 = CARTESIAN_POINT('',(0.855447685774,54.5,-9.));
#2505 = VECTOR('',#2506,1.);
#2506 = DIRECTION('',(0.,0.,1.));
#2507 = PLANE('',#2508);
#2508 = AXIS2_PLACEMENT_3D('',#2509,#2510,#2511);
#2509 = CARTESIAN_POINT('',(-4.5,54.5,-9.));
#2510 = DIRECTION('',(-0.,1.,0.));
#2511 = DIRECTION('',(0.,0.,1.));
#2512 = ADVANCED_FACE('',(#2513),#2519,.T.);
#2513 = FACE_BOUND('',#2514,.F.);
#2514 = EDGE_LOOP('',(#2515,#2516,#2517,#2518));
#2515 = ORIENTED_EDGE('',*,*,#2502,.F.);
#2516 = ORIENTED_EDGE('',*,*,#569,.T.);
#2517 = ORIENTED_EDGE('',*,*,#1883,.T.);
#2518 = ORIENTED_EDGE('',*,*,#1338,.F.);
#2519 = CYLINDRICAL_SURFACE('',#2520,6.6);
#2520 = AXIS2_PLACEMENT_3D('',#2521,#2522,#2523);
#2521 = CARTESIAN_POINT('',(2.,48.,-9.));
#2522 = DIRECTION('',(0.,0.,1.));
#2523 = DIRECTION('',(-1.,-0.,0.));
#2524 = ADVANCED_FACE('',(#2525),#2536,.T.);
#2525 = FACE_BOUND('',#2526,.T.);
#2526 = EDGE_LOOP('',(#2527,#2533,#2534,#2535));
#2527 = ORIENTED_EDGE('',*,*,#2528,.F.);
#2528 = EDGE_CURVE('',#587,#1314,#2529,.T.);
#2529 = LINE('',#2530,#2531);
#2530 = CARTESIAN_POINT('',(68.144552314226,54.5,-9.));
#2531 = VECTOR('',#2532,1.);
#2532 = DIRECTION('',(0.,0.,1.));
#2533 = ORIENTED_EDGE('',*,*,#586,.T.);
#2534 = ORIENTED_EDGE('',*,*,#1890,.T.);
#2535 = ORIENTED_EDGE('',*,*,#1321,.F.);
#2536 = CYLINDRICAL_SURFACE('',#2537,6.6);
#2537 = AXIS2_PLACEMENT_3D('',#2538,#2539,#2540);
#2538 = CARTESIAN_POINT('',(67.,48.,-9.));
#2539 = DIRECTION('',(0.,0.,1.));
#2540 = DIRECTION('',(1.,0.,-0.));
#2541 = ADVANCED_FACE('',(#2542),#2553,.F.);
#2542 = FACE_BOUND('',#2543,.F.);
#2543 = EDGE_LOOP('',(#2544,#2545,#2546,#2547));
#2544 = ORIENTED_EDGE('',*,*,#681,.F.);
#2545 = ORIENTED_EDGE('',*,*,#1157,.T.);
#2546 = ORIENTED_EDGE('',*,*,#1227,.T.);
#2547 = ORIENTED_EDGE('',*,*,#2548,.F.);
#2548 = EDGE_CURVE('',#673,#1228,#2549,.T.);
#2549 = LINE('',#2550,#2551);
#2550 = CARTESIAN_POINT('',(69.2,-4.5,-9.));
#2551 = VECTOR('',#2552,1.);
#2552 = DIRECTION('',(0.,0.,1.));
#2553 = PLANE('',#2554);
#2554 = AXIS2_PLACEMENT_3D('',#2555,#2556,#2557);
#2555 = CARTESIAN_POINT('',(68.,-4.5,-9.));
#2556 = DIRECTION('',(-0.,1.,0.));
#2557 = DIRECTION('',(0.,0.,1.));
#2558 = ADVANCED_FACE('',(#2559),#2570,.T.);
#2559 = FACE_BOUND('',#2560,.T.);
#2560 = EDGE_LOOP('',(#2561,#2562,#2563,#2564));
#2561 = ORIENTED_EDGE('',*,*,#595,.F.);
#2562 = ORIENTED_EDGE('',*,*,#2528,.T.);
#2563 = ORIENTED_EDGE('',*,*,#1313,.T.);
#2564 = ORIENTED_EDGE('',*,*,#2565,.F.);
#2565 = EDGE_CURVE('',#596,#1305,#2566,.T.);
#2566 = LINE('',#2567,#2568);
#2567 = CARTESIAN_POINT('',(69.2,54.5,-9.));
#2568 = VECTOR('',#2569,1.);
#2569 = DIRECTION('',(0.,0.,1.));
#2570 = PLANE('',#2571);
#2571 = AXIS2_PLACEMENT_3D('',#2572,#2573,#2574);
#2572 = CARTESIAN_POINT('',(68.,54.5,-9.));
#2573 = DIRECTION('',(-0.,1.,0.));
#2574 = DIRECTION('',(0.,0.,1.));
#2575 = ADVANCED_FACE('',(#2576),#2589,.T.);
#2576 = FACE_BOUND('',#2577,.T.);
#2577 = EDGE_LOOP('',(#2578,#2579,#2580,#2581,#2582,#2588));
#2578 = ORIENTED_EDGE('',*,*,#1235,.F.);
#2579 = ORIENTED_EDGE('',*,*,#2548,.F.);
#2580 = ORIENTED_EDGE('',*,*,#672,.T.);
#2581 = ORIENTED_EDGE('',*,*,#663,.T.);
#2582 = ORIENTED_EDGE('',*,*,#2583,.T.);
#2583 = EDGE_CURVE('',#656,#1245,#2584,.T.);
#2584 = LINE('',#2585,#2586);
#2585 = CARTESIAN_POINT('',(73.5,-0.2,-9.));
#2586 = VECTOR('',#2587,1.);
#2587 = DIRECTION('',(0.,0.,1.));
#2588 = ORIENTED_EDGE('',*,*,#1244,.F.);
#2589 = CYLINDRICAL_SURFACE('',#2590,4.3);
#2590 = AXIS2_PLACEMENT_3D('',#2591,#2592,#2593);
#2591 = CARTESIAN_POINT('',(73.5,-4.5,-9.));
#2592 = DIRECTION('',(0.,0.,1.));
#2593 = DIRECTION('',(1.,0.,-0.));
#2594 = ADVANCED_FACE('',(#2595),#2608,.T.);
#2595 = FACE_BOUND('',#2596,.T.);
#2596 = EDGE_LOOP('',(#2597,#2598,#2604,#2605,#2606,#2607));
#2597 = ORIENTED_EDGE('',*,*,#1295,.F.);
#2598 = ORIENTED_EDGE('',*,*,#2599,.F.);
#2599 = EDGE_CURVE('',#613,#1288,#2600,.T.);
#2600 = LINE('',#2601,#2602);
#2601 = CARTESIAN_POINT('',(73.5,50.2,-9.));
#2602 = VECTOR('',#2603,1.);
#2603 = DIRECTION('',(0.,0.,1.));
#2604 = ORIENTED_EDGE('',*,*,#612,.T.);
#2605 = ORIENTED_EDGE('',*,*,#603,.T.);
#2606 = ORIENTED_EDGE('',*,*,#2565,.T.);
#2607 = ORIENTED_EDGE('',*,*,#1304,.F.);
#2608 = CYLINDRICAL_SURFACE('',#2609,4.3);
#2609 = AXIS2_PLACEMENT_3D('',#2610,#2611,#2612);
#2610 = CARTESIAN_POINT('',(73.5,54.5,-9.));
#2611 = DIRECTION('',(0.,0.,1.));
#2612 = DIRECTION('',(1.,0.,-0.));
#2613 = ADVANCED_FACE('',(#2614),#2625,.T.);
#2614 = FACE_BOUND('',#2615,.T.);
#2615 = EDGE_LOOP('',(#2616,#2617,#2618,#2624));
#2616 = ORIENTED_EDGE('',*,*,#2583,.F.);
#2617 = ORIENTED_EDGE('',*,*,#655,.T.);
#2618 = ORIENTED_EDGE('',*,*,#2619,.T.);
#2619 = EDGE_CURVE('',#647,#1254,#2620,.T.);
#2620 = LINE('',#2621,#2622);
#2621 = CARTESIAN_POINT('',(73.5,0.855447685774,-9.));
#2622 = VECTOR('',#2623,1.);
#2623 = DIRECTION('',(0.,0.,1.));
#2624 = ORIENTED_EDGE('',*,*,#1253,.F.);
#2625 = PLANE('',#2626);
#2626 = AXIS2_PLACEMENT_3D('',#2627,#2628,#2629);
#2627 = CARTESIAN_POINT('',(73.5,-4.5,-9.));
#2628 = DIRECTION('',(1.,0.,-0.));
#2629 = DIRECTION('',(0.,0.,1.));
#2630 = ADVANCED_FACE('',(#2631),#2642,.T.);
#2631 = FACE_BOUND('',#2632,.T.);
#2632 = EDGE_LOOP('',(#2633,#2639,#2640,#2641));
#2633 = ORIENTED_EDGE('',*,*,#2634,.F.);
#2634 = EDGE_CURVE('',#622,#1279,#2635,.T.);
#2635 = LINE('',#2636,#2637);
#2636 = CARTESIAN_POINT('',(73.5,49.144552314226,-9.));
#2637 = VECTOR('',#2638,1.);
#2638 = DIRECTION('',(0.,0.,1.));
#2639 = ORIENTED_EDGE('',*,*,#621,.T.);
#2640 = ORIENTED_EDGE('',*,*,#2599,.T.);
#2641 = ORIENTED_EDGE('',*,*,#1287,.F.);
#2642 = PLANE('',#2643);
#2643 = AXIS2_PLACEMENT_3D('',#2644,#2645,#2646);
#2644 = CARTESIAN_POINT('',(73.5,49.,-9.));
#2645 = DIRECTION('',(1.,0.,-0.));
#2646 = DIRECTION('',(0.,0.,1.));
#2647 = ADVANCED_FACE('',(#2648),#2659,.T.);
#2648 = FACE_BOUND('',#2649,.F.);
#2649 = EDGE_LOOP('',(#2650,#2656,#2657,#2658));
#2650 = ORIENTED_EDGE('',*,*,#2651,.F.);
#2651 = EDGE_CURVE('',#639,#1262,#2652,.T.);
#2652 = LINE('',#2653,#2654);
#2653 = CARTESIAN_POINT('',(73.6,2.,-9.));
#2654 = VECTOR('',#2655,1.);
#2655 = DIRECTION('',(0.,0.,1.));
#2656 = ORIENTED_EDGE('',*,*,#646,.T.);
#2657 = ORIENTED_EDGE('',*,*,#2619,.T.);
#2658 = ORIENTED_EDGE('',*,*,#1261,.F.);
#2659 = CYLINDRICAL_SURFACE('',#2660,6.6);
#2660 = AXIS2_PLACEMENT_3D('',#2661,#2662,#2663);
#2661 = CARTESIAN_POINT('',(67.,2.,-9.));
#2662 = DIRECTION('',(0.,0.,1.));
#2663 = DIRECTION('',(1.,0.,-0.));
#2664 = ADVANCED_FACE('',(#2665),#2676,.T.);
#2665 = FACE_BOUND('',#2666,.T.);
#2666 = EDGE_LOOP('',(#2667,#2673,#2674,#2675));
#2667 = ORIENTED_EDGE('',*,*,#2668,.F.);
#2668 = EDGE_CURVE('',#630,#1271,#2669,.T.);
#2669 = LINE('',#2670,#2671);
#2670 = CARTESIAN_POINT('',(73.6,48.,-9.));
#2671 = VECTOR('',#2672,1.);
#2672 = DIRECTION('',(0.,0.,1.));
#2673 = ORIENTED_EDGE('',*,*,#629,.T.);
#2674 = ORIENTED_EDGE('',*,*,#2634,.T.);
#2675 = ORIENTED_EDGE('',*,*,#1278,.F.);
#2676 = CYLINDRICAL_SURFACE('',#2677,6.6);
#2677 = AXIS2_PLACEMENT_3D('',#2678,#2679,#2680);
#2678 = CARTESIAN_POINT('',(67.,48.,-9.));
#2679 = DIRECTION('',(0.,0.,1.));
#2680 = DIRECTION('',(1.,0.,-0.));
#2681 = ADVANCED_FACE('',(#2682,#2688,#2713,#2738),#2749,.T.);
#2682 = FACE_BOUND('',#2683,.T.);
#2683 = EDGE_LOOP('',(#2684,#2685,#2686,#2687));
#2684 = ORIENTED_EDGE('',*,*,#1270,.F.);
#2685 = ORIENTED_EDGE('',*,*,#2651,.F.);
#2686 = ORIENTED_EDGE('',*,*,#638,.T.);
#2687 = ORIENTED_EDGE('',*,*,#2668,.T.);
#2688 = FACE_BOUND('',#2689,.T.);
#2689 = EDGE_LOOP('',(#2690,#2691,#2699,#2707));
#2690 = ORIENTED_EDGE('',*,*,#1984,.T.);
#2691 = ORIENTED_EDGE('',*,*,#2692,.T.);
#2692 = EDGE_CURVE('',#1977,#2693,#2695,.T.);
#2693 = VERTEX_POINT('',#2694);
#2694 = CARTESIAN_POINT('',(73.6,37.,-2.5));
#2695 = LINE('',#2696,#2697);
#2696 = CARTESIAN_POINT('',(73.6,37.,-7.5));
#2697 = VECTOR('',#2698,1.);
#2698 = DIRECTION('',(0.,0.,1.));
#2699 = ORIENTED_EDGE('',*,*,#2700,.F.);
#2700 = EDGE_CURVE('',#2701,#2693,#2703,.T.);
#2701 = VERTEX_POINT('',#2702);
#2702 = CARTESIAN_POINT('',(73.6,45.,-2.5));
#2703 = LINE('',#2704,#2705);
#2704 = CARTESIAN_POINT('',(73.6,16.2,-2.5));
#2705 = VECTOR('',#2706,1.);
#2706 = DIRECTION('',(0.,-1.,0.));
#2707 = ORIENTED_EDGE('',*,*,#2708,.F.);
#2708 = EDGE_CURVE('',#1985,#2701,#2709,.T.);
#2709 = LINE('',#2710,#2711);
#2710 = CARTESIAN_POINT('',(73.6,45.,-7.5));
#2711 = VECTOR('',#2712,1.);
#2712 = DIRECTION('',(0.,0.,1.));
#2713 = FACE_BOUND('',#2714,.T.);
#2714 = EDGE_LOOP('',(#2715,#2716,#2724,#2732));
#2715 = ORIENTED_EDGE('',*,*,#1961,.T.);
#2716 = ORIENTED_EDGE('',*,*,#2717,.T.);
#2717 = EDGE_CURVE('',#1954,#2718,#2720,.T.);
#2718 = VERTEX_POINT('',#2719);
#2719 = CARTESIAN_POINT('',(73.6,5.,-2.5));
#2720 = LINE('',#2721,#2722);
#2721 = CARTESIAN_POINT('',(73.6,5.,-7.5));
#2722 = VECTOR('',#2723,1.);
#2723 = DIRECTION('',(0.,0.,1.));
#2724 = ORIENTED_EDGE('',*,*,#2725,.F.);
#2725 = EDGE_CURVE('',#2726,#2718,#2728,.T.);
#2726 = VERTEX_POINT('',#2727);
#2727 = CARTESIAN_POINT('',(73.6,13.,-2.5));
#2728 = LINE('',#2729,#2730);
#2729 = CARTESIAN_POINT('',(73.6,0.2,-2.5));
#2730 = VECTOR('',#2731,1.);
#2731 = DIRECTION('',(0.,-1.,0.));
#2732 = ORIENTED_EDGE('',*,*,#2733,.F.);
#2733 = EDGE_CURVE('',#1962,#2726,#2734,.T.);
#2734 = LINE('',#2735,#2736);
#2735 = CARTESIAN_POINT('',(73.6,13.,-7.5));
#2736 = VECTOR('',#2737,1.);
#2737 = DIRECTION('',(0.,0.,1.));
#2738 = FACE_BOUND('',#2739,.T.);
#2739 = EDGE_LOOP('',(#2740));
#2740 = ORIENTED_EDGE('',*,*,#2741,.F.);
#2741 = EDGE_CURVE('',#2742,#2742,#2744,.T.);
#2742 = VERTEX_POINT('',#2743);
#2743 = CARTESIAN_POINT('',(73.6,25.,23.5));
#2744 = CIRCLE('',#2745,10.5);
#2745 = AXIS2_PLACEMENT_3D('',#2746,#2747,#2748);
#2746 = CARTESIAN_POINT('',(73.6,25.,13.));
#2747 = DIRECTION('',(1.,0.,0.));
#2748 = DIRECTION('',(-0.,0.,1.));
#2749 = PLANE('',#2750);
#2750 = AXIS2_PLACEMENT_3D('',#2751,#2752,#2753);
#2751 = CARTESIAN_POINT('',(73.6,-4.6,-9.));
#2752 = DIRECTION('',(1.,0.,-0.));
#2753 = DIRECTION('',(0.,0.,1.));
#2754 = ADVANCED_FACE('',(#2755),#2783,.F.);
#2755 = FACE_BOUND('',#2756,.F.);
#2756 = EDGE_LOOP('',(#2757,#2765,#2766,#2767,#2776));
#2757 = ORIENTED_EDGE('',*,*,#2758,.T.);
#2758 = EDGE_CURVE('',#2759,#741,#2761,.T.);
#2759 = VERTEX_POINT('',#2760);
#2760 = CARTESIAN_POINT('',(70.25,-4.5,-8.4));
#2761 = LINE('',#2762,#2763);
#2762 = CARTESIAN_POINT('',(70.25,-4.5,-8.4));
#2763 = VECTOR('',#2764,1.);
#2764 = DIRECTION('',(-0.707106781187,-1.731912112471E-16,
    -0.707106781187));
#2765 = ORIENTED_EDGE('',*,*,#740,.F.);
#2766 = ORIENTED_EDGE('',*,*,#2758,.F.);
#2767 = ORIENTED_EDGE('',*,*,#2768,.T.);
#2768 = EDGE_CURVE('',#2759,#2769,#2771,.T.);
#2769 = VERTEX_POINT('',#2770);
#2770 = CARTESIAN_POINT('',(76.75,-4.5,-8.4));
#2771 = CIRCLE('',#2772,3.25);
#2772 = AXIS2_PLACEMENT_3D('',#2773,#2774,#2775);
#2773 = CARTESIAN_POINT('',(73.5,-4.5,-8.4));
#2774 = DIRECTION('',(-0.,0.,-1.));
#2775 = DIRECTION('',(-1.,0.,0.));
#2776 = ORIENTED_EDGE('',*,*,#2777,.T.);
#2777 = EDGE_CURVE('',#2769,#2759,#2778,.T.);
#2778 = CIRCLE('',#2779,3.25);
#2779 = AXIS2_PLACEMENT_3D('',#2780,#2781,#2782);
#2780 = CARTESIAN_POINT('',(73.5,-4.5,-8.4));
#2781 = DIRECTION('',(-0.,0.,-1.));
#2782 = DIRECTION('',(-1.,0.,0.));
#2783 = CONICAL_SURFACE('',#2784,3.25,0.785398163397);
#2784 = AXIS2_PLACEMENT_3D('',#2785,#2786,#2787);
#2785 = CARTESIAN_POINT('',(73.5,-4.5,-8.4));
#2786 = DIRECTION('',(-0.,-0.,-1.));
#2787 = DIRECTION('',(-1.,0.,0.));
#2788 = ADVANCED_FACE('',(#2789),#2814,.T.);
#2789 = FACE_BOUND('',#2790,.T.);
#2790 = EDGE_LOOP('',(#2791,#2801,#2807,#2808));
#2791 = ORIENTED_EDGE('',*,*,#2792,.F.);
#2792 = EDGE_CURVE('',#2793,#2795,#2797,.T.);
#2793 = VERTEX_POINT('',#2794);
#2794 = CARTESIAN_POINT('',(65.1,-2.6,-4.));
#2795 = VERTEX_POINT('',#2796);
#2796 = CARTESIAN_POINT('',(65.1,2.4,-4.));
#2797 = LINE('',#2798,#2799);
#2798 = CARTESIAN_POINT('',(65.1,-9.6,-4.));
#2799 = VECTOR('',#2800,1.);
#2800 = DIRECTION('',(-0.,1.,0.));
#2801 = ORIENTED_EDGE('',*,*,#2802,.T.);
#2802 = EDGE_CURVE('',#2793,#752,#2803,.T.);
#2803 = LINE('',#2804,#2805);
#2804 = CARTESIAN_POINT('',(65.1,-2.6,-9.));
#2805 = VECTOR('',#2806,1.);
#2806 = DIRECTION('',(-0.,0.,-1.));
#2807 = ORIENTED_EDGE('',*,*,#751,.T.);
#2808 = ORIENTED_EDGE('',*,*,#2809,.T.);
#2809 = EDGE_CURVE('',#754,#2795,#2810,.T.);
#2810 = LINE('',#2811,#2812);
#2811 = CARTESIAN_POINT('',(65.1,2.4,-9.));
#2812 = VECTOR('',#2813,1.);
#2813 = DIRECTION('',(0.,0.,1.));
#2814 = PLANE('',#2815);
#2815 = AXIS2_PLACEMENT_3D('',#2816,#2817,#2818);
#2816 = CARTESIAN_POINT('',(65.1,-9.6,-9.));
#2817 = DIRECTION('',(1.,0.,-0.));
#2818 = DIRECTION('',(0.,0.,1.));
#2819 = ADVANCED_FACE('',(#2820),#2838,.F.);
#2820 = FACE_BOUND('',#2821,.F.);
#2821 = EDGE_LOOP('',(#2822,#2823,#2824,#2832));
#2822 = ORIENTED_EDGE('',*,*,#786,.F.);
#2823 = ORIENTED_EDGE('',*,*,#2809,.T.);
#2824 = ORIENTED_EDGE('',*,*,#2825,.T.);
#2825 = EDGE_CURVE('',#2795,#2826,#2828,.T.);
#2826 = VERTEX_POINT('',#2827);
#2827 = CARTESIAN_POINT('',(71.6,2.4,-4.));
#2828 = LINE('',#2829,#2830);
#2829 = CARTESIAN_POINT('',(-9.6,2.4,-4.));
#2830 = VECTOR('',#2831,1.);
#2831 = DIRECTION('',(1.,0.,-0.));
#2832 = ORIENTED_EDGE('',*,*,#2833,.F.);
#2833 = EDGE_CURVE('',#779,#2826,#2834,.T.);
#2834 = LINE('',#2835,#2836);
#2835 = CARTESIAN_POINT('',(71.6,2.4,-9.));
#2836 = VECTOR('',#2837,1.);
#2837 = DIRECTION('',(0.,0.,1.));
#2838 = PLANE('',#2839);
#2839 = AXIS2_PLACEMENT_3D('',#2840,#2841,#2842);
#2840 = CARTESIAN_POINT('',(-9.6,2.4,-9.));
#2841 = DIRECTION('',(-0.,1.,0.));
#2842 = DIRECTION('',(0.,0.,1.));
#2843 = ADVANCED_FACE('',(#2844),#2862,.F.);
#2844 = FACE_BOUND('',#2845,.F.);
#2845 = EDGE_LOOP('',(#2846,#2854,#2860,#2861));
#2846 = ORIENTED_EDGE('',*,*,#2847,.F.);
#2847 = EDGE_CURVE('',#2848,#2826,#2850,.T.);
#2848 = VERTEX_POINT('',#2849);
#2849 = CARTESIAN_POINT('',(71.6,0.394129136016,-4.));
#2850 = LINE('',#2851,#2852);
#2851 = CARTESIAN_POINT('',(71.6,-2.6,-4.));
#2852 = VECTOR('',#2853,1.);
#2853 = DIRECTION('',(-0.,1.,0.));
#2854 = ORIENTED_EDGE('',*,*,#2855,.F.);
#2855 = EDGE_CURVE('',#770,#2848,#2856,.T.);
#2856 = LINE('',#2857,#2858);
#2857 = CARTESIAN_POINT('',(71.6,0.394129136016,-10.));
#2858 = VECTOR('',#2859,1.);
#2859 = DIRECTION('',(0.,0.,1.));
#2860 = ORIENTED_EDGE('',*,*,#778,.T.);
#2861 = ORIENTED_EDGE('',*,*,#2833,.T.);
#2862 = PLANE('',#2863);
#2863 = AXIS2_PLACEMENT_3D('',#2864,#2865,#2866);
#2864 = CARTESIAN_POINT('',(71.6,-2.6,-9.));
#2865 = DIRECTION('',(1.,0.,-0.));
#2866 = DIRECTION('',(0.,0.,1.));
#2867 = ADVANCED_FACE('',(#2868),#2887,.T.);
#2868 = FACE_BOUND('',#2869,.T.);
#2869 = EDGE_LOOP('',(#2870,#2871,#2879,#2886));
#2870 = ORIENTED_EDGE('',*,*,#769,.T.);
#2871 = ORIENTED_EDGE('',*,*,#2872,.T.);
#2872 = EDGE_CURVE('',#762,#2873,#2875,.T.);
#2873 = VERTEX_POINT('',#2874);
#2874 = CARTESIAN_POINT('',(68.605870863984,-2.6,-4.));
#2875 = LINE('',#2876,#2877);
#2876 = CARTESIAN_POINT('',(68.605870863984,-2.6,-10.));
#2877 = VECTOR('',#2878,1.);
#2878 = DIRECTION('',(0.,0.,1.));
#2879 = ORIENTED_EDGE('',*,*,#2880,.F.);
#2880 = EDGE_CURVE('',#2848,#2873,#2881,.T.);
#2881 = CIRCLE('',#2882,5.25);
#2882 = AXIS2_PLACEMENT_3D('',#2883,#2884,#2885);
#2883 = CARTESIAN_POINT('',(73.5,-4.5,-4.));
#2884 = DIRECTION('',(0.,0.,1.));
#2885 = DIRECTION('',(1.,0.,-0.));
#2886 = ORIENTED_EDGE('',*,*,#2855,.F.);
#2887 = CYLINDRICAL_SURFACE('',#2888,5.25);
#2888 = AXIS2_PLACEMENT_3D('',#2889,#2890,#2891);
#2889 = CARTESIAN_POINT('',(73.5,-4.5,-10.));
#2890 = DIRECTION('',(0.,0.,1.));
#2891 = DIRECTION('',(1.,0.,-0.));
#2892 = ADVANCED_FACE('',(#2893),#2904,.T.);
#2893 = FACE_BOUND('',#2894,.T.);
#2894 = EDGE_LOOP('',(#2895,#2896,#2897,#2903));
#2895 = ORIENTED_EDGE('',*,*,#761,.F.);
#2896 = ORIENTED_EDGE('',*,*,#2802,.F.);
#2897 = ORIENTED_EDGE('',*,*,#2898,.T.);
#2898 = EDGE_CURVE('',#2793,#2873,#2899,.T.);
#2899 = LINE('',#2900,#2901);
#2900 = CARTESIAN_POINT('',(-2.6,-2.6,-4.));
#2901 = VECTOR('',#2902,1.);
#2902 = DIRECTION('',(1.,0.,-0.));
#2903 = ORIENTED_EDGE('',*,*,#2872,.F.);
#2904 = PLANE('',#2905);
#2905 = AXIS2_PLACEMENT_3D('',#2906,#2907,#2908);
#2906 = CARTESIAN_POINT('',(-2.6,-2.6,-9.));
#2907 = DIRECTION('',(-0.,1.,0.));
#2908 = DIRECTION('',(0.,0.,1.));
#2909 = ADVANCED_FACE('',(#2910),#2935,.T.);
#2910 = FACE_BOUND('',#2911,.T.);
#2911 = EDGE_LOOP('',(#2912,#2922,#2928,#2929));
#2912 = ORIENTED_EDGE('',*,*,#2913,.F.);
#2913 = EDGE_CURVE('',#2914,#2916,#2918,.T.);
#2914 = VERTEX_POINT('',#2915);
#2915 = CARTESIAN_POINT('',(15.1,-2.6,-4.));
#2916 = VERTEX_POINT('',#2917);
#2917 = CARTESIAN_POINT('',(15.1,2.4,-4.));
#2918 = LINE('',#2919,#2920);
#2919 = CARTESIAN_POINT('',(15.1,-9.6,-4.));
#2920 = VECTOR('',#2921,1.);
#2921 = DIRECTION('',(-0.,1.,0.));
#2922 = ORIENTED_EDGE('',*,*,#2923,.T.);
#2923 = EDGE_CURVE('',#2914,#795,#2924,.T.);
#2924 = LINE('',#2925,#2926);
#2925 = CARTESIAN_POINT('',(15.1,-2.6,-9.));
#2926 = VECTOR('',#2927,1.);
#2927 = DIRECTION('',(-0.,0.,-1.));
#2928 = ORIENTED_EDGE('',*,*,#794,.T.);
#2929 = ORIENTED_EDGE('',*,*,#2930,.T.);
#2930 = EDGE_CURVE('',#797,#2916,#2931,.T.);
#2931 = LINE('',#2932,#2933);
#2932 = CARTESIAN_POINT('',(15.1,2.4,-9.));
#2933 = VECTOR('',#2934,1.);
#2934 = DIRECTION('',(0.,0.,1.));
#2935 = PLANE('',#2936);
#2936 = AXIS2_PLACEMENT_3D('',#2937,#2938,#2939);
#2937 = CARTESIAN_POINT('',(15.1,-9.6,-9.));
#2938 = DIRECTION('',(1.,0.,-0.));
#2939 = DIRECTION('',(0.,0.,1.));
#2940 = ADVANCED_FACE('',(#2941),#2959,.F.);
#2941 = FACE_BOUND('',#2942,.F.);
#2942 = EDGE_LOOP('',(#2943,#2944,#2945,#2953));
#2943 = ORIENTED_EDGE('',*,*,#820,.F.);
#2944 = ORIENTED_EDGE('',*,*,#2930,.T.);
#2945 = ORIENTED_EDGE('',*,*,#2946,.T.);
#2946 = EDGE_CURVE('',#2916,#2947,#2949,.T.);
#2947 = VERTEX_POINT('',#2948);
#2948 = CARTESIAN_POINT('',(53.9,2.4,-4.));
#2949 = LINE('',#2950,#2951);
#2950 = CARTESIAN_POINT('',(-9.6,2.4,-4.));
#2951 = VECTOR('',#2952,1.);
#2952 = DIRECTION('',(1.,0.,-0.));
#2953 = ORIENTED_EDGE('',*,*,#2954,.F.);
#2954 = EDGE_CURVE('',#813,#2947,#2955,.T.);
#2955 = LINE('',#2956,#2957);
#2956 = CARTESIAN_POINT('',(53.9,2.4,-9.));
#2957 = VECTOR('',#2958,1.);
#2958 = DIRECTION('',(0.,0.,1.));
#2959 = PLANE('',#2960);
#2960 = AXIS2_PLACEMENT_3D('',#2961,#2962,#2963);
#2961 = CARTESIAN_POINT('',(-9.6,2.4,-9.));
#2962 = DIRECTION('',(-0.,1.,0.));
#2963 = DIRECTION('',(0.,0.,1.));
#2964 = ADVANCED_FACE('',(#2965),#2983,.F.);
#2965 = FACE_BOUND('',#2966,.F.);
#2966 = EDGE_LOOP('',(#2967,#2975,#2981,#2982));
#2967 = ORIENTED_EDGE('',*,*,#2968,.F.);
#2968 = EDGE_CURVE('',#2969,#2947,#2971,.T.);
#2969 = VERTEX_POINT('',#2970);
#2970 = CARTESIAN_POINT('',(53.9,-2.6,-4.));
#2971 = LINE('',#2972,#2973);
#2972 = CARTESIAN_POINT('',(53.9,-9.6,-4.));
#2973 = VECTOR('',#2974,1.);
#2974 = DIRECTION('',(-0.,1.,0.));
#2975 = ORIENTED_EDGE('',*,*,#2976,.T.);
#2976 = EDGE_CURVE('',#2969,#805,#2977,.T.);
#2977 = LINE('',#2978,#2979);
#2978 = CARTESIAN_POINT('',(53.9,-2.6,-9.));
#2979 = VECTOR('',#2980,1.);
#2980 = DIRECTION('',(-0.,0.,-1.));
#2981 = ORIENTED_EDGE('',*,*,#812,.T.);
#2982 = ORIENTED_EDGE('',*,*,#2954,.T.);
#2983 = PLANE('',#2984);
#2984 = AXIS2_PLACEMENT_3D('',#2985,#2986,#2987);
#2985 = CARTESIAN_POINT('',(53.9,-9.6,-9.));
#2986 = DIRECTION('',(1.,0.,-0.));
#2987 = DIRECTION('',(0.,0.,1.));
#2988 = ADVANCED_FACE('',(#2989),#3000,.T.);
#2989 = FACE_BOUND('',#2990,.T.);
#2990 = EDGE_LOOP('',(#2991,#2992,#2993,#2999));
#2991 = ORIENTED_EDGE('',*,*,#804,.F.);
#2992 = ORIENTED_EDGE('',*,*,#2923,.F.);
#2993 = ORIENTED_EDGE('',*,*,#2994,.T.);
#2994 = EDGE_CURVE('',#2914,#2969,#2995,.T.);
#2995 = LINE('',#2996,#2997);
#2996 = CARTESIAN_POINT('',(-2.6,-2.6,-4.));
#2997 = VECTOR('',#2998,1.);
#2998 = DIRECTION('',(1.,0.,-0.));
#2999 = ORIENTED_EDGE('',*,*,#2976,.T.);
#3000 = PLANE('',#3001);
#3001 = AXIS2_PLACEMENT_3D('',#3002,#3003,#3004);
#3002 = CARTESIAN_POINT('',(-2.6,-2.6,-9.));
#3003 = DIRECTION('',(-0.,1.,0.));
#3004 = DIRECTION('',(0.,0.,1.));
#3005 = ADVANCED_FACE('',(#3006),#3034,.F.);
#3006 = FACE_BOUND('',#3007,.F.);
#3007 = EDGE_LOOP('',(#3008,#3016,#3017,#3018,#3027));
#3008 = ORIENTED_EDGE('',*,*,#3009,.T.);
#3009 = EDGE_CURVE('',#3010,#829,#3012,.T.);
#3010 = VERTEX_POINT('',#3011);
#3011 = CARTESIAN_POINT('',(-7.75,-4.5,-8.4));
#3012 = LINE('',#3013,#3014);
#3013 = CARTESIAN_POINT('',(-7.75,-4.5,-8.4));
#3014 = VECTOR('',#3015,1.);
#3015 = DIRECTION('',(-0.707106781187,-1.731912112471E-16,
    -0.707106781187));
#3016 = ORIENTED_EDGE('',*,*,#828,.F.);
#3017 = ORIENTED_EDGE('',*,*,#3009,.F.);
#3018 = ORIENTED_EDGE('',*,*,#3019,.T.);
#3019 = EDGE_CURVE('',#3010,#3020,#3022,.T.);
#3020 = VERTEX_POINT('',#3021);
#3021 = CARTESIAN_POINT('',(-1.25,-4.5,-8.4));
#3022 = CIRCLE('',#3023,3.25);
#3023 = AXIS2_PLACEMENT_3D('',#3024,#3025,#3026);
#3024 = CARTESIAN_POINT('',(-4.5,-4.5,-8.4));
#3025 = DIRECTION('',(-0.,0.,-1.));
#3026 = DIRECTION('',(-1.,0.,0.));
#3027 = ORIENTED_EDGE('',*,*,#3028,.T.);
#3028 = EDGE_CURVE('',#3020,#3010,#3029,.T.);
#3029 = CIRCLE('',#3030,3.25);
#3030 = AXIS2_PLACEMENT_3D('',#3031,#3032,#3033);
#3031 = CARTESIAN_POINT('',(-4.5,-4.5,-8.4));
#3032 = DIRECTION('',(-0.,0.,-1.));
#3033 = DIRECTION('',(-1.,0.,0.));
#3034 = CONICAL_SURFACE('',#3035,3.25,0.785398163397);
#3035 = AXIS2_PLACEMENT_3D('',#3036,#3037,#3038);
#3036 = CARTESIAN_POINT('',(-4.5,-4.5,-8.4));
#3037 = DIRECTION('',(-0.,-0.,-1.));
#3038 = DIRECTION('',(-1.,0.,0.));
#3039 = ADVANCED_FACE('',(#3040),#3065,.T.);
#3040 = FACE_BOUND('',#3041,.T.);
#3041 = EDGE_LOOP('',(#3042,#3052,#3058,#3059));
#3042 = ORIENTED_EDGE('',*,*,#3043,.F.);
#3043 = EDGE_CURVE('',#3044,#3046,#3048,.T.);
#3044 = VERTEX_POINT('',#3045);
#3045 = CARTESIAN_POINT('',(-2.6,0.394129136016,-4.));
#3046 = VERTEX_POINT('',#3047);
#3047 = CARTESIAN_POINT('',(-2.6,2.4,-4.));
#3048 = LINE('',#3049,#3050);
#3049 = CARTESIAN_POINT('',(-2.6,-2.6,-4.));
#3050 = VECTOR('',#3051,1.);
#3051 = DIRECTION('',(-0.,1.,0.));
#3052 = ORIENTED_EDGE('',*,*,#3053,.F.);
#3053 = EDGE_CURVE('',#840,#3044,#3054,.T.);
#3054 = LINE('',#3055,#3056);
#3055 = CARTESIAN_POINT('',(-2.6,0.394129136016,-10.));
#3056 = VECTOR('',#3057,1.);
#3057 = DIRECTION('',(0.,0.,1.));
#3058 = ORIENTED_EDGE('',*,*,#839,.T.);
#3059 = ORIENTED_EDGE('',*,*,#3060,.T.);
#3060 = EDGE_CURVE('',#842,#3046,#3061,.T.);
#3061 = LINE('',#3062,#3063);
#3062 = CARTESIAN_POINT('',(-2.6,2.4,-9.));
#3063 = VECTOR('',#3064,1.);
#3064 = DIRECTION('',(0.,0.,1.));
#3065 = PLANE('',#3066);
#3066 = AXIS2_PLACEMENT_3D('',#3067,#3068,#3069);
#3067 = CARTESIAN_POINT('',(-2.6,-2.6,-9.));
#3068 = DIRECTION('',(1.,0.,-0.));
#3069 = DIRECTION('',(0.,0.,1.));
#3070 = ADVANCED_FACE('',(#3071),#3089,.F.);
#3071 = FACE_BOUND('',#3072,.F.);
#3072 = EDGE_LOOP('',(#3073,#3074,#3075,#3083));
#3073 = ORIENTED_EDGE('',*,*,#874,.F.);
#3074 = ORIENTED_EDGE('',*,*,#3060,.T.);
#3075 = ORIENTED_EDGE('',*,*,#3076,.T.);
#3076 = EDGE_CURVE('',#3046,#3077,#3079,.T.);
#3077 = VERTEX_POINT('',#3078);
#3078 = CARTESIAN_POINT('',(3.9,2.4,-4.));
#3079 = LINE('',#3080,#3081);
#3080 = CARTESIAN_POINT('',(-9.6,2.4,-4.));
#3081 = VECTOR('',#3082,1.);
#3082 = DIRECTION('',(1.,0.,-0.));
#3083 = ORIENTED_EDGE('',*,*,#3084,.F.);
#3084 = EDGE_CURVE('',#867,#3077,#3085,.T.);
#3085 = LINE('',#3086,#3087);
#3086 = CARTESIAN_POINT('',(3.9,2.4,-9.));
#3087 = VECTOR('',#3088,1.);
#3088 = DIRECTION('',(0.,0.,1.));
#3089 = PLANE('',#3090);
#3090 = AXIS2_PLACEMENT_3D('',#3091,#3092,#3093);
#3091 = CARTESIAN_POINT('',(-9.6,2.4,-9.));
#3092 = DIRECTION('',(-0.,1.,0.));
#3093 = DIRECTION('',(0.,0.,1.));
#3094 = ADVANCED_FACE('',(#3095),#3113,.F.);
#3095 = FACE_BOUND('',#3096,.F.);
#3096 = EDGE_LOOP('',(#3097,#3105,#3111,#3112));
#3097 = ORIENTED_EDGE('',*,*,#3098,.F.);
#3098 = EDGE_CURVE('',#3099,#3077,#3101,.T.);
#3099 = VERTEX_POINT('',#3100);
#3100 = CARTESIAN_POINT('',(3.9,-2.6,-4.));
#3101 = LINE('',#3102,#3103);
#3102 = CARTESIAN_POINT('',(3.9,-9.6,-4.));
#3103 = VECTOR('',#3104,1.);
#3104 = DIRECTION('',(-0.,1.,0.));
#3105 = ORIENTED_EDGE('',*,*,#3106,.T.);
#3106 = EDGE_CURVE('',#3099,#859,#3107,.T.);
#3107 = LINE('',#3108,#3109);
#3108 = CARTESIAN_POINT('',(3.9,-2.6,-9.));
#3109 = VECTOR('',#3110,1.);
#3110 = DIRECTION('',(-0.,0.,-1.));
#3111 = ORIENTED_EDGE('',*,*,#866,.T.);
#3112 = ORIENTED_EDGE('',*,*,#3084,.T.);
#3113 = PLANE('',#3114);
#3114 = AXIS2_PLACEMENT_3D('',#3115,#3116,#3117);
#3115 = CARTESIAN_POINT('',(3.9,-9.6,-9.));
#3116 = DIRECTION('',(1.,0.,-0.));
#3117 = DIRECTION('',(0.,0.,1.));
#3118 = ADVANCED_FACE('',(#3119),#3137,.T.);
#3119 = FACE_BOUND('',#3120,.T.);
#3120 = EDGE_LOOP('',(#3121,#3122,#3130,#3136));
#3121 = ORIENTED_EDGE('',*,*,#858,.F.);
#3122 = ORIENTED_EDGE('',*,*,#3123,.T.);
#3123 = EDGE_CURVE('',#850,#3124,#3126,.T.);
#3124 = VERTEX_POINT('',#3125);
#3125 = CARTESIAN_POINT('',(0.394129136016,-2.6,-4.));
#3126 = LINE('',#3127,#3128);
#3127 = CARTESIAN_POINT('',(0.394129136016,-2.6,-10.));
#3128 = VECTOR('',#3129,1.);
#3129 = DIRECTION('',(0.,0.,1.));
#3130 = ORIENTED_EDGE('',*,*,#3131,.T.);
#3131 = EDGE_CURVE('',#3124,#3099,#3132,.T.);
#3132 = LINE('',#3133,#3134);
#3133 = CARTESIAN_POINT('',(-2.6,-2.6,-4.));
#3134 = VECTOR('',#3135,1.);
#3135 = DIRECTION('',(1.,0.,-0.));
#3136 = ORIENTED_EDGE('',*,*,#3106,.T.);
#3137 = PLANE('',#3138);
#3138 = AXIS2_PLACEMENT_3D('',#3139,#3140,#3141);
#3139 = CARTESIAN_POINT('',(-2.6,-2.6,-9.));
#3140 = DIRECTION('',(-0.,1.,0.));
#3141 = DIRECTION('',(0.,0.,1.));
#3142 = ADVANCED_FACE('',(#3143),#3155,.T.);
#3143 = FACE_BOUND('',#3144,.T.);
#3144 = EDGE_LOOP('',(#3145,#3146,#3147,#3154));
#3145 = ORIENTED_EDGE('',*,*,#849,.T.);
#3146 = ORIENTED_EDGE('',*,*,#3053,.T.);
#3147 = ORIENTED_EDGE('',*,*,#3148,.F.);
#3148 = EDGE_CURVE('',#3124,#3044,#3149,.T.);
#3149 = CIRCLE('',#3150,5.25);
#3150 = AXIS2_PLACEMENT_3D('',#3151,#3152,#3153);
#3151 = CARTESIAN_POINT('',(-4.5,-4.5,-4.));
#3152 = DIRECTION('',(0.,0.,1.));
#3153 = DIRECTION('',(1.,0.,-0.));
#3154 = ORIENTED_EDGE('',*,*,#3123,.F.);
#3155 = CYLINDRICAL_SURFACE('',#3156,5.25);
#3156 = AXIS2_PLACEMENT_3D('',#3157,#3158,#3159);
#3157 = CARTESIAN_POINT('',(-4.5,-4.5,-10.));
#3158 = DIRECTION('',(0.,0.,1.));
#3159 = DIRECTION('',(1.,0.,-0.));
#3160 = ADVANCED_FACE('',(#3161),#3186,.F.);
#3161 = FACE_BOUND('',#3162,.F.);
#3162 = EDGE_LOOP('',(#3163,#3164,#3172,#3180));
#3163 = ORIENTED_EDGE('',*,*,#882,.F.);
#3164 = ORIENTED_EDGE('',*,*,#3165,.T.);
#3165 = EDGE_CURVE('',#883,#3166,#3168,.T.);
#3166 = VERTEX_POINT('',#3167);
#3167 = CARTESIAN_POINT('',(65.1,34.4,-4.));
#3168 = LINE('',#3169,#3170);
#3169 = CARTESIAN_POINT('',(65.1,34.4,-9.));
#3170 = VECTOR('',#3171,1.);
#3171 = DIRECTION('',(0.,0.,1.));
#3172 = ORIENTED_EDGE('',*,*,#3173,.T.);
#3173 = EDGE_CURVE('',#3166,#3174,#3176,.T.);
#3174 = VERTEX_POINT('',#3175);
#3175 = CARTESIAN_POINT('',(71.6,34.4,-4.));
#3176 = LINE('',#3177,#3178);
#3177 = CARTESIAN_POINT('',(-9.6,34.4,-4.));
#3178 = VECTOR('',#3179,1.);
#3179 = DIRECTION('',(1.,0.,-0.));
#3180 = ORIENTED_EDGE('',*,*,#3181,.F.);
#3181 = EDGE_CURVE('',#885,#3174,#3182,.T.);
#3182 = LINE('',#3183,#3184);
#3183 = CARTESIAN_POINT('',(71.6,34.4,-9.));
#3184 = VECTOR('',#3185,1.);
#3185 = DIRECTION('',(0.,0.,1.));
#3186 = PLANE('',#3187);
#3187 = AXIS2_PLACEMENT_3D('',#3188,#3189,#3190);
#3188 = CARTESIAN_POINT('',(-9.6,34.4,-9.));
#3189 = DIRECTION('',(-0.,1.,0.));
#3190 = DIRECTION('',(0.,0.,1.));
#3191 = ADVANCED_FACE('',(#3192),#3210,.F.);
#3192 = FACE_BOUND('',#3193,.F.);
#3193 = EDGE_LOOP('',(#3194,#3202,#3208,#3209));
#3194 = ORIENTED_EDGE('',*,*,#3195,.F.);
#3195 = EDGE_CURVE('',#3196,#3174,#3198,.T.);
#3196 = VERTEX_POINT('',#3197);
#3197 = CARTESIAN_POINT('',(71.6,15.6,-4.));
#3198 = LINE('',#3199,#3200);
#3199 = CARTESIAN_POINT('',(71.6,-2.6,-4.));
#3200 = VECTOR('',#3201,1.);
#3201 = DIRECTION('',(-0.,1.,0.));
#3202 = ORIENTED_EDGE('',*,*,#3203,.F.);
#3203 = EDGE_CURVE('',#901,#3196,#3204,.T.);
#3204 = LINE('',#3205,#3206);
#3205 = CARTESIAN_POINT('',(71.6,15.6,-9.));
#3206 = VECTOR('',#3207,1.);
#3207 = DIRECTION('',(0.,0.,1.));
#3208 = ORIENTED_EDGE('',*,*,#908,.T.);
#3209 = ORIENTED_EDGE('',*,*,#3181,.T.);
#3210 = PLANE('',#3211);
#3211 = AXIS2_PLACEMENT_3D('',#3212,#3213,#3214);
#3212 = CARTESIAN_POINT('',(71.6,-2.6,-9.));
#3213 = DIRECTION('',(1.,0.,-0.));
#3214 = DIRECTION('',(0.,0.,1.));
#3215 = ADVANCED_FACE('',(#3216),#3234,.T.);
#3216 = FACE_BOUND('',#3217,.T.);
#3217 = EDGE_LOOP('',(#3218,#3219,#3227,#3233));
#3218 = ORIENTED_EDGE('',*,*,#900,.F.);
#3219 = ORIENTED_EDGE('',*,*,#3220,.T.);
#3220 = EDGE_CURVE('',#893,#3221,#3223,.T.);
#3221 = VERTEX_POINT('',#3222);
#3222 = CARTESIAN_POINT('',(65.1,15.6,-4.));
#3223 = LINE('',#3224,#3225);
#3224 = CARTESIAN_POINT('',(65.1,15.6,-9.));
#3225 = VECTOR('',#3226,1.);
#3226 = DIRECTION('',(0.,0.,1.));
#3227 = ORIENTED_EDGE('',*,*,#3228,.T.);
#3228 = EDGE_CURVE('',#3221,#3196,#3229,.T.);
#3229 = LINE('',#3230,#3231);
#3230 = CARTESIAN_POINT('',(-9.6,15.6,-4.));
#3231 = VECTOR('',#3232,1.);
#3232 = DIRECTION('',(1.,0.,-0.));
#3233 = ORIENTED_EDGE('',*,*,#3203,.F.);
#3234 = PLANE('',#3235);
#3235 = AXIS2_PLACEMENT_3D('',#3236,#3237,#3238);
#3236 = CARTESIAN_POINT('',(-9.6,15.6,-9.));
#3237 = DIRECTION('',(-0.,1.,0.));
#3238 = DIRECTION('',(0.,0.,1.));
#3239 = ADVANCED_FACE('',(#3240),#3251,.T.);
#3240 = FACE_BOUND('',#3241,.T.);
#3241 = EDGE_LOOP('',(#3242,#3248,#3249,#3250));
#3242 = ORIENTED_EDGE('',*,*,#3243,.F.);
#3243 = EDGE_CURVE('',#3221,#3166,#3244,.T.);
#3244 = LINE('',#3245,#3246);
#3245 = CARTESIAN_POINT('',(65.1,-9.6,-4.));
#3246 = VECTOR('',#3247,1.);
#3247 = DIRECTION('',(-0.,1.,0.));
#3248 = ORIENTED_EDGE('',*,*,#3220,.F.);
#3249 = ORIENTED_EDGE('',*,*,#892,.T.);
#3250 = ORIENTED_EDGE('',*,*,#3165,.T.);
#3251 = PLANE('',#3252);
#3252 = AXIS2_PLACEMENT_3D('',#3253,#3254,#3255);
#3253 = CARTESIAN_POINT('',(65.1,-9.6,-9.));
#3254 = DIRECTION('',(1.,0.,-0.));
#3255 = DIRECTION('',(0.,0.,1.));
#3256 = ADVANCED_FACE('',(#3257),#3282,.F.);
#3257 = FACE_BOUND('',#3258,.F.);
#3258 = EDGE_LOOP('',(#3259,#3260,#3268,#3276));
#3259 = ORIENTED_EDGE('',*,*,#916,.F.);
#3260 = ORIENTED_EDGE('',*,*,#3261,.F.);
#3261 = EDGE_CURVE('',#3262,#917,#3264,.T.);
#3262 = VERTEX_POINT('',#3263);
#3263 = CARTESIAN_POINT('',(65.1,52.6,-4.));
#3264 = LINE('',#3265,#3266);
#3265 = CARTESIAN_POINT('',(65.1,52.6,-9.));
#3266 = VECTOR('',#3267,1.);
#3267 = DIRECTION('',(-0.,0.,-1.));
#3268 = ORIENTED_EDGE('',*,*,#3269,.T.);
#3269 = EDGE_CURVE('',#3262,#3270,#3272,.T.);
#3270 = VERTEX_POINT('',#3271);
#3271 = CARTESIAN_POINT('',(68.605870863984,52.6,-4.));
#3272 = LINE('',#3273,#3274);
#3273 = CARTESIAN_POINT('',(-2.6,52.6,-4.));
#3274 = VECTOR('',#3275,1.);
#3275 = DIRECTION('',(1.,0.,-0.));
#3276 = ORIENTED_EDGE('',*,*,#3277,.F.);
#3277 = EDGE_CURVE('',#919,#3270,#3278,.T.);
#3278 = LINE('',#3279,#3280);
#3279 = CARTESIAN_POINT('',(68.605870863984,52.6,-10.));
#3280 = VECTOR('',#3281,1.);
#3281 = DIRECTION('',(0.,0.,1.));
#3282 = PLANE('',#3283);
#3283 = AXIS2_PLACEMENT_3D('',#3284,#3285,#3286);
#3284 = CARTESIAN_POINT('',(-2.6,52.6,-9.));
#3285 = DIRECTION('',(-0.,1.,0.));
#3286 = DIRECTION('',(0.,0.,1.));
#3287 = ADVANCED_FACE('',(#3288),#3307,.T.);
#3288 = FACE_BOUND('',#3289,.T.);
#3289 = EDGE_LOOP('',(#3290,#3291,#3292,#3300));
#3290 = ORIENTED_EDGE('',*,*,#3277,.F.);
#3291 = ORIENTED_EDGE('',*,*,#950,.T.);
#3292 = ORIENTED_EDGE('',*,*,#3293,.T.);
#3293 = EDGE_CURVE('',#943,#3294,#3296,.T.);
#3294 = VERTEX_POINT('',#3295);
#3295 = CARTESIAN_POINT('',(71.6,49.605870863984,-4.));
#3296 = LINE('',#3297,#3298);
#3297 = CARTESIAN_POINT('',(71.6,49.605870863984,-10.));
#3298 = VECTOR('',#3299,1.);
#3299 = DIRECTION('',(0.,0.,1.));
#3300 = ORIENTED_EDGE('',*,*,#3301,.F.);
#3301 = EDGE_CURVE('',#3270,#3294,#3302,.T.);
#3302 = CIRCLE('',#3303,5.25);
#3303 = AXIS2_PLACEMENT_3D('',#3304,#3305,#3306);
#3304 = CARTESIAN_POINT('',(73.5,54.5,-4.));
#3305 = DIRECTION('',(0.,0.,1.));
#3306 = DIRECTION('',(1.,0.,-0.));
#3307 = CYLINDRICAL_SURFACE('',#3308,5.25);
#3308 = AXIS2_PLACEMENT_3D('',#3309,#3310,#3311);
#3309 = CARTESIAN_POINT('',(73.5,54.5,-10.));
#3310 = DIRECTION('',(0.,0.,1.));
#3311 = DIRECTION('',(1.,0.,-0.));
#3312 = ADVANCED_FACE('',(#3313),#3331,.F.);
#3313 = FACE_BOUND('',#3314,.F.);
#3314 = EDGE_LOOP('',(#3315,#3323,#3329,#3330));
#3315 = ORIENTED_EDGE('',*,*,#3316,.F.);
#3316 = EDGE_CURVE('',#3317,#3294,#3319,.T.);
#3317 = VERTEX_POINT('',#3318);
#3318 = CARTESIAN_POINT('',(71.6,47.6,-4.));
#3319 = LINE('',#3320,#3321);
#3320 = CARTESIAN_POINT('',(71.6,-2.6,-4.));
#3321 = VECTOR('',#3322,1.);
#3322 = DIRECTION('',(-0.,1.,0.));
#3323 = ORIENTED_EDGE('',*,*,#3324,.F.);
#3324 = EDGE_CURVE('',#935,#3317,#3325,.T.);
#3325 = LINE('',#3326,#3327);
#3326 = CARTESIAN_POINT('',(71.6,47.6,-9.));
#3327 = VECTOR('',#3328,1.);
#3328 = DIRECTION('',(0.,0.,1.));
#3329 = ORIENTED_EDGE('',*,*,#942,.T.);
#3330 = ORIENTED_EDGE('',*,*,#3293,.T.);
#3331 = PLANE('',#3332);
#3332 = AXIS2_PLACEMENT_3D('',#3333,#3334,#3335);
#3333 = CARTESIAN_POINT('',(71.6,-2.6,-9.));
#3334 = DIRECTION('',(1.,0.,-0.));
#3335 = DIRECTION('',(0.,0.,1.));
#3336 = ADVANCED_FACE('',(#3337),#3355,.T.);
#3337 = FACE_BOUND('',#3338,.T.);
#3338 = EDGE_LOOP('',(#3339,#3340,#3348,#3354));
#3339 = ORIENTED_EDGE('',*,*,#934,.F.);
#3340 = ORIENTED_EDGE('',*,*,#3341,.T.);
#3341 = EDGE_CURVE('',#927,#3342,#3344,.T.);
#3342 = VERTEX_POINT('',#3343);
#3343 = CARTESIAN_POINT('',(65.1,47.6,-4.));
#3344 = LINE('',#3345,#3346);
#3345 = CARTESIAN_POINT('',(65.1,47.6,-9.));
#3346 = VECTOR('',#3347,1.);
#3347 = DIRECTION('',(0.,0.,1.));
#3348 = ORIENTED_EDGE('',*,*,#3349,.T.);
#3349 = EDGE_CURVE('',#3342,#3317,#3350,.T.);
#3350 = LINE('',#3351,#3352);
#3351 = CARTESIAN_POINT('',(-9.6,47.6,-4.));
#3352 = VECTOR('',#3353,1.);
#3353 = DIRECTION('',(1.,0.,-0.));
#3354 = ORIENTED_EDGE('',*,*,#3324,.F.);
#3355 = PLANE('',#3356);
#3356 = AXIS2_PLACEMENT_3D('',#3357,#3358,#3359);
#3357 = CARTESIAN_POINT('',(-9.6,47.6,-9.));
#3358 = DIRECTION('',(-0.,1.,0.));
#3359 = DIRECTION('',(0.,0.,1.));
#3360 = ADVANCED_FACE('',(#3361),#3372,.T.);
#3361 = FACE_BOUND('',#3362,.T.);
#3362 = EDGE_LOOP('',(#3363,#3369,#3370,#3371));
#3363 = ORIENTED_EDGE('',*,*,#3364,.F.);
#3364 = EDGE_CURVE('',#3342,#3262,#3365,.T.);
#3365 = LINE('',#3366,#3367);
#3366 = CARTESIAN_POINT('',(65.1,-9.6,-4.));
#3367 = VECTOR('',#3368,1.);
#3368 = DIRECTION('',(-0.,1.,0.));
#3369 = ORIENTED_EDGE('',*,*,#3341,.F.);
#3370 = ORIENTED_EDGE('',*,*,#926,.T.);
#3371 = ORIENTED_EDGE('',*,*,#3261,.F.);
#3372 = PLANE('',#3373);
#3373 = AXIS2_PLACEMENT_3D('',#3374,#3375,#3376);
#3374 = CARTESIAN_POINT('',(65.1,-9.6,-9.));
#3375 = DIRECTION('',(1.,0.,-0.));
#3376 = DIRECTION('',(0.,0.,1.));
#3377 = ADVANCED_FACE('',(#3378),#3406,.F.);
#3378 = FACE_BOUND('',#3379,.F.);
#3379 = EDGE_LOOP('',(#3380,#3388,#3389,#3390,#3399));
#3380 = ORIENTED_EDGE('',*,*,#3381,.T.);
#3381 = EDGE_CURVE('',#3382,#960,#3384,.T.);
#3382 = VERTEX_POINT('',#3383);
#3383 = CARTESIAN_POINT('',(70.25,54.5,-8.4));
#3384 = LINE('',#3385,#3386);
#3385 = CARTESIAN_POINT('',(70.25,54.5,-8.4));
#3386 = VECTOR('',#3387,1.);
#3387 = DIRECTION('',(-0.707106781187,-1.731912112471E-16,
    -0.707106781187));
#3388 = ORIENTED_EDGE('',*,*,#959,.F.);
#3389 = ORIENTED_EDGE('',*,*,#3381,.F.);
#3390 = ORIENTED_EDGE('',*,*,#3391,.T.);
#3391 = EDGE_CURVE('',#3382,#3392,#3394,.T.);
#3392 = VERTEX_POINT('',#3393);
#3393 = CARTESIAN_POINT('',(76.75,54.5,-8.4));
#3394 = CIRCLE('',#3395,3.25);
#3395 = AXIS2_PLACEMENT_3D('',#3396,#3397,#3398);
#3396 = CARTESIAN_POINT('',(73.5,54.5,-8.4));
#3397 = DIRECTION('',(-0.,0.,-1.));
#3398 = DIRECTION('',(-1.,0.,0.));
#3399 = ORIENTED_EDGE('',*,*,#3400,.T.);
#3400 = EDGE_CURVE('',#3392,#3382,#3401,.T.);
#3401 = CIRCLE('',#3402,3.25);
#3402 = AXIS2_PLACEMENT_3D('',#3403,#3404,#3405);
#3403 = CARTESIAN_POINT('',(73.5,54.5,-8.4));
#3404 = DIRECTION('',(-0.,0.,-1.));
#3405 = DIRECTION('',(-1.,0.,0.));
#3406 = CONICAL_SURFACE('',#3407,3.25,0.785398163397);
#3407 = AXIS2_PLACEMENT_3D('',#3408,#3409,#3410);
#3408 = CARTESIAN_POINT('',(73.5,54.5,-8.4));
#3409 = DIRECTION('',(-0.,-0.,-1.));
#3410 = DIRECTION('',(-1.,0.,0.));
#3411 = ADVANCED_FACE('',(#3412),#3437,.F.);
#3412 = FACE_BOUND('',#3413,.F.);
#3413 = EDGE_LOOP('',(#3414,#3415,#3423,#3431));
#3414 = ORIENTED_EDGE('',*,*,#970,.F.);
#3415 = ORIENTED_EDGE('',*,*,#3416,.T.);
#3416 = EDGE_CURVE('',#971,#3417,#3419,.T.);
#3417 = VERTEX_POINT('',#3418);
#3418 = CARTESIAN_POINT('',(15.1,34.4,-4.));
#3419 = LINE('',#3420,#3421);
#3420 = CARTESIAN_POINT('',(15.1,34.4,-9.));
#3421 = VECTOR('',#3422,1.);
#3422 = DIRECTION('',(0.,0.,1.));
#3423 = ORIENTED_EDGE('',*,*,#3424,.T.);
#3424 = EDGE_CURVE('',#3417,#3425,#3427,.T.);
#3425 = VERTEX_POINT('',#3426);
#3426 = CARTESIAN_POINT('',(53.9,34.4,-4.));
#3427 = LINE('',#3428,#3429);
#3428 = CARTESIAN_POINT('',(-9.6,34.4,-4.));
#3429 = VECTOR('',#3430,1.);
#3430 = DIRECTION('',(1.,0.,-0.));
#3431 = ORIENTED_EDGE('',*,*,#3432,.F.);
#3432 = EDGE_CURVE('',#973,#3425,#3433,.T.);
#3433 = LINE('',#3434,#3435);
#3434 = CARTESIAN_POINT('',(53.9,34.4,-9.));
#3435 = VECTOR('',#3436,1.);
#3436 = DIRECTION('',(0.,0.,1.));
#3437 = PLANE('',#3438);
#3438 = AXIS2_PLACEMENT_3D('',#3439,#3440,#3441);
#3439 = CARTESIAN_POINT('',(-9.6,34.4,-9.));
#3440 = DIRECTION('',(-0.,1.,0.));
#3441 = DIRECTION('',(0.,0.,1.));
#3442 = ADVANCED_FACE('',(#3443),#3461,.F.);
#3443 = FACE_BOUND('',#3444,.F.);
#3444 = EDGE_LOOP('',(#3445,#3453,#3459,#3460));
#3445 = ORIENTED_EDGE('',*,*,#3446,.F.);
#3446 = EDGE_CURVE('',#3447,#3425,#3449,.T.);
#3447 = VERTEX_POINT('',#3448);
#3448 = CARTESIAN_POINT('',(53.9,15.6,-4.));
#3449 = LINE('',#3450,#3451);
#3450 = CARTESIAN_POINT('',(53.9,-9.6,-4.));
#3451 = VECTOR('',#3452,1.);
#3452 = DIRECTION('',(-0.,1.,0.));
#3453 = ORIENTED_EDGE('',*,*,#3454,.F.);
#3454 = EDGE_CURVE('',#989,#3447,#3455,.T.);
#3455 = LINE('',#3456,#3457);
#3456 = CARTESIAN_POINT('',(53.9,15.6,-9.));
#3457 = VECTOR('',#3458,1.);
#3458 = DIRECTION('',(0.,0.,1.));
#3459 = ORIENTED_EDGE('',*,*,#996,.T.);
#3460 = ORIENTED_EDGE('',*,*,#3432,.T.);
#3461 = PLANE('',#3462);
#3462 = AXIS2_PLACEMENT_3D('',#3463,#3464,#3465);
#3463 = CARTESIAN_POINT('',(53.9,-9.6,-9.));
#3464 = DIRECTION('',(1.,0.,-0.));
#3465 = DIRECTION('',(0.,0.,1.));
#3466 = ADVANCED_FACE('',(#3467),#3485,.T.);
#3467 = FACE_BOUND('',#3468,.T.);
#3468 = EDGE_LOOP('',(#3469,#3470,#3478,#3484));
#3469 = ORIENTED_EDGE('',*,*,#988,.F.);
#3470 = ORIENTED_EDGE('',*,*,#3471,.T.);
#3471 = EDGE_CURVE('',#981,#3472,#3474,.T.);
#3472 = VERTEX_POINT('',#3473);
#3473 = CARTESIAN_POINT('',(15.1,15.6,-4.));
#3474 = LINE('',#3475,#3476);
#3475 = CARTESIAN_POINT('',(15.1,15.6,-9.));
#3476 = VECTOR('',#3477,1.);
#3477 = DIRECTION('',(0.,0.,1.));
#3478 = ORIENTED_EDGE('',*,*,#3479,.T.);
#3479 = EDGE_CURVE('',#3472,#3447,#3480,.T.);
#3480 = LINE('',#3481,#3482);
#3481 = CARTESIAN_POINT('',(-9.6,15.6,-4.));
#3482 = VECTOR('',#3483,1.);
#3483 = DIRECTION('',(1.,0.,-0.));
#3484 = ORIENTED_EDGE('',*,*,#3454,.F.);
#3485 = PLANE('',#3486);
#3486 = AXIS2_PLACEMENT_3D('',#3487,#3488,#3489);
#3487 = CARTESIAN_POINT('',(-9.6,15.6,-9.));
#3488 = DIRECTION('',(-0.,1.,0.));
#3489 = DIRECTION('',(0.,0.,1.));
#3490 = ADVANCED_FACE('',(#3491),#3502,.T.);
#3491 = FACE_BOUND('',#3492,.T.);
#3492 = EDGE_LOOP('',(#3493,#3499,#3500,#3501));
#3493 = ORIENTED_EDGE('',*,*,#3494,.F.);
#3494 = EDGE_CURVE('',#3472,#3417,#3495,.T.);
#3495 = LINE('',#3496,#3497);
#3496 = CARTESIAN_POINT('',(15.1,-9.6,-4.));
#3497 = VECTOR('',#3498,1.);
#3498 = DIRECTION('',(-0.,1.,0.));
#3499 = ORIENTED_EDGE('',*,*,#3471,.F.);
#3500 = ORIENTED_EDGE('',*,*,#980,.T.);
#3501 = ORIENTED_EDGE('',*,*,#3416,.T.);
#3502 = PLANE('',#3503);
#3503 = AXIS2_PLACEMENT_3D('',#3504,#3505,#3506);
#3504 = CARTESIAN_POINT('',(15.1,-9.6,-9.));
#3505 = DIRECTION('',(1.,0.,-0.));
#3506 = DIRECTION('',(0.,0.,1.));
#3507 = ADVANCED_FACE('',(#3508),#3533,.T.);
#3508 = FACE_BOUND('',#3509,.T.);
#3509 = EDGE_LOOP('',(#3510,#3520,#3526,#3527));
#3510 = ORIENTED_EDGE('',*,*,#3511,.F.);
#3511 = EDGE_CURVE('',#3512,#3514,#3516,.T.);
#3512 = VERTEX_POINT('',#3513);
#3513 = CARTESIAN_POINT('',(-2.6,15.6,-4.));
#3514 = VERTEX_POINT('',#3515);
#3515 = CARTESIAN_POINT('',(-2.6,34.4,-4.));
#3516 = LINE('',#3517,#3518);
#3517 = CARTESIAN_POINT('',(-2.6,-2.6,-4.));
#3518 = VECTOR('',#3519,1.);
#3519 = DIRECTION('',(-0.,1.,0.));
#3520 = ORIENTED_EDGE('',*,*,#3521,.F.);
#3521 = EDGE_CURVE('',#1005,#3512,#3522,.T.);
#3522 = LINE('',#3523,#3524);
#3523 = CARTESIAN_POINT('',(-2.6,15.6,-9.));
#3524 = VECTOR('',#3525,1.);
#3525 = DIRECTION('',(0.,0.,1.));
#3526 = ORIENTED_EDGE('',*,*,#1004,.T.);
#3527 = ORIENTED_EDGE('',*,*,#3528,.T.);
#3528 = EDGE_CURVE('',#1007,#3514,#3529,.T.);
#3529 = LINE('',#3530,#3531);
#3530 = CARTESIAN_POINT('',(-2.6,34.4,-9.));
#3531 = VECTOR('',#3532,1.);
#3532 = DIRECTION('',(0.,0.,1.));
#3533 = PLANE('',#3534);
#3534 = AXIS2_PLACEMENT_3D('',#3535,#3536,#3537);
#3535 = CARTESIAN_POINT('',(-2.6,-2.6,-9.));
#3536 = DIRECTION('',(1.,0.,-0.));
#3537 = DIRECTION('',(0.,0.,1.));
#3538 = ADVANCED_FACE('',(#3539),#3557,.F.);
#3539 = FACE_BOUND('',#3540,.F.);
#3540 = EDGE_LOOP('',(#3541,#3542,#3543,#3551));
#3541 = ORIENTED_EDGE('',*,*,#1030,.F.);
#3542 = ORIENTED_EDGE('',*,*,#3528,.T.);
#3543 = ORIENTED_EDGE('',*,*,#3544,.T.);
#3544 = EDGE_CURVE('',#3514,#3545,#3547,.T.);
#3545 = VERTEX_POINT('',#3546);
#3546 = CARTESIAN_POINT('',(3.9,34.4,-4.));
#3547 = LINE('',#3548,#3549);
#3548 = CARTESIAN_POINT('',(-9.6,34.4,-4.));
#3549 = VECTOR('',#3550,1.);
#3550 = DIRECTION('',(1.,0.,-0.));
#3551 = ORIENTED_EDGE('',*,*,#3552,.F.);
#3552 = EDGE_CURVE('',#1023,#3545,#3553,.T.);
#3553 = LINE('',#3554,#3555);
#3554 = CARTESIAN_POINT('',(3.9,34.4,-9.));
#3555 = VECTOR('',#3556,1.);
#3556 = DIRECTION('',(0.,0.,1.));
#3557 = PLANE('',#3558);
#3558 = AXIS2_PLACEMENT_3D('',#3559,#3560,#3561);
#3559 = CARTESIAN_POINT('',(-9.6,34.4,-9.));
#3560 = DIRECTION('',(-0.,1.,0.));
#3561 = DIRECTION('',(0.,0.,1.));
#3562 = ADVANCED_FACE('',(#3563),#3581,.F.);
#3563 = FACE_BOUND('',#3564,.F.);
#3564 = EDGE_LOOP('',(#3565,#3573,#3579,#3580));
#3565 = ORIENTED_EDGE('',*,*,#3566,.F.);
#3566 = EDGE_CURVE('',#3567,#3545,#3569,.T.);
#3567 = VERTEX_POINT('',#3568);
#3568 = CARTESIAN_POINT('',(3.9,15.6,-4.));
#3569 = LINE('',#3570,#3571);
#3570 = CARTESIAN_POINT('',(3.9,-9.6,-4.));
#3571 = VECTOR('',#3572,1.);
#3572 = DIRECTION('',(-0.,1.,0.));
#3573 = ORIENTED_EDGE('',*,*,#3574,.F.);
#3574 = EDGE_CURVE('',#1015,#3567,#3575,.T.);
#3575 = LINE('',#3576,#3577);
#3576 = CARTESIAN_POINT('',(3.9,15.6,-9.));
#3577 = VECTOR('',#3578,1.);
#3578 = DIRECTION('',(0.,0.,1.));
#3579 = ORIENTED_EDGE('',*,*,#1022,.T.);
#3580 = ORIENTED_EDGE('',*,*,#3552,.T.);
#3581 = PLANE('',#3582);
#3582 = AXIS2_PLACEMENT_3D('',#3583,#3584,#3585);
#3583 = CARTESIAN_POINT('',(3.9,-9.6,-9.));
#3584 = DIRECTION('',(1.,0.,-0.));
#3585 = DIRECTION('',(0.,0.,1.));
#3586 = ADVANCED_FACE('',(#3587),#3598,.T.);
#3587 = FACE_BOUND('',#3588,.T.);
#3588 = EDGE_LOOP('',(#3589,#3590,#3591,#3597));
#3589 = ORIENTED_EDGE('',*,*,#1014,.F.);
#3590 = ORIENTED_EDGE('',*,*,#3521,.T.);
#3591 = ORIENTED_EDGE('',*,*,#3592,.T.);
#3592 = EDGE_CURVE('',#3512,#3567,#3593,.T.);
#3593 = LINE('',#3594,#3595);
#3594 = CARTESIAN_POINT('',(-9.6,15.6,-4.));
#3595 = VECTOR('',#3596,1.);
#3596 = DIRECTION('',(1.,0.,-0.));
#3597 = ORIENTED_EDGE('',*,*,#3574,.F.);
#3598 = PLANE('',#3599);
#3599 = AXIS2_PLACEMENT_3D('',#3600,#3601,#3602);
#3600 = CARTESIAN_POINT('',(-9.6,15.6,-9.));
#3601 = DIRECTION('',(-0.,1.,0.));
#3602 = DIRECTION('',(0.,0.,1.));
#3603 = ADVANCED_FACE('',(#3604),#3629,.F.);
#3604 = FACE_BOUND('',#3605,.F.);
#3605 = EDGE_LOOP('',(#3606,#3607,#3615,#3623));
#3606 = ORIENTED_EDGE('',*,*,#1038,.F.);
#3607 = ORIENTED_EDGE('',*,*,#3608,.F.);
#3608 = EDGE_CURVE('',#3609,#1039,#3611,.T.);
#3609 = VERTEX_POINT('',#3610);
#3610 = CARTESIAN_POINT('',(15.1,52.6,-4.));
#3611 = LINE('',#3612,#3613);
#3612 = CARTESIAN_POINT('',(15.1,52.6,-9.));
#3613 = VECTOR('',#3614,1.);
#3614 = DIRECTION('',(-0.,0.,-1.));
#3615 = ORIENTED_EDGE('',*,*,#3616,.T.);
#3616 = EDGE_CURVE('',#3609,#3617,#3619,.T.);
#3617 = VERTEX_POINT('',#3618);
#3618 = CARTESIAN_POINT('',(53.9,52.6,-4.));
#3619 = LINE('',#3620,#3621);
#3620 = CARTESIAN_POINT('',(-2.6,52.6,-4.));
#3621 = VECTOR('',#3622,1.);
#3622 = DIRECTION('',(1.,0.,-0.));
#3623 = ORIENTED_EDGE('',*,*,#3624,.T.);
#3624 = EDGE_CURVE('',#3617,#1041,#3625,.T.);
#3625 = LINE('',#3626,#3627);
#3626 = CARTESIAN_POINT('',(53.9,52.6,-9.));
#3627 = VECTOR('',#3628,1.);
#3628 = DIRECTION('',(-0.,0.,-1.));
#3629 = PLANE('',#3630);
#3630 = AXIS2_PLACEMENT_3D('',#3631,#3632,#3633);
#3631 = CARTESIAN_POINT('',(-2.6,52.6,-9.));
#3632 = DIRECTION('',(-0.,1.,0.));
#3633 = DIRECTION('',(0.,0.,1.));
#3634 = ADVANCED_FACE('',(#3635),#3653,.F.);
#3635 = FACE_BOUND('',#3636,.F.);
#3636 = EDGE_LOOP('',(#3637,#3645,#3651,#3652));
#3637 = ORIENTED_EDGE('',*,*,#3638,.F.);
#3638 = EDGE_CURVE('',#3639,#3617,#3641,.T.);
#3639 = VERTEX_POINT('',#3640);
#3640 = CARTESIAN_POINT('',(53.9,47.6,-4.));
#3641 = LINE('',#3642,#3643);
#3642 = CARTESIAN_POINT('',(53.9,-9.6,-4.));
#3643 = VECTOR('',#3644,1.);
#3644 = DIRECTION('',(-0.,1.,0.));
#3645 = ORIENTED_EDGE('',*,*,#3646,.F.);
#3646 = EDGE_CURVE('',#1057,#3639,#3647,.T.);
#3647 = LINE('',#3648,#3649);
#3648 = CARTESIAN_POINT('',(53.9,47.6,-9.));
#3649 = VECTOR('',#3650,1.);
#3650 = DIRECTION('',(0.,0.,1.));
#3651 = ORIENTED_EDGE('',*,*,#1064,.T.);
#3652 = ORIENTED_EDGE('',*,*,#3624,.F.);
#3653 = PLANE('',#3654);
#3654 = AXIS2_PLACEMENT_3D('',#3655,#3656,#3657);
#3655 = CARTESIAN_POINT('',(53.9,-9.6,-9.));
#3656 = DIRECTION('',(1.,0.,-0.));
#3657 = DIRECTION('',(0.,0.,1.));
#3658 = ADVANCED_FACE('',(#3659),#3677,.T.);
#3659 = FACE_BOUND('',#3660,.T.);
#3660 = EDGE_LOOP('',(#3661,#3662,#3670,#3676));
#3661 = ORIENTED_EDGE('',*,*,#1056,.F.);
#3662 = ORIENTED_EDGE('',*,*,#3663,.T.);
#3663 = EDGE_CURVE('',#1049,#3664,#3666,.T.);
#3664 = VERTEX_POINT('',#3665);
#3665 = CARTESIAN_POINT('',(15.1,47.6,-4.));
#3666 = LINE('',#3667,#3668);
#3667 = CARTESIAN_POINT('',(15.1,47.6,-9.));
#3668 = VECTOR('',#3669,1.);
#3669 = DIRECTION('',(0.,0.,1.));
#3670 = ORIENTED_EDGE('',*,*,#3671,.T.);
#3671 = EDGE_CURVE('',#3664,#3639,#3672,.T.);
#3672 = LINE('',#3673,#3674);
#3673 = CARTESIAN_POINT('',(-9.6,47.6,-4.));
#3674 = VECTOR('',#3675,1.);
#3675 = DIRECTION('',(1.,0.,-0.));
#3676 = ORIENTED_EDGE('',*,*,#3646,.F.);
#3677 = PLANE('',#3678);
#3678 = AXIS2_PLACEMENT_3D('',#3679,#3680,#3681);
#3679 = CARTESIAN_POINT('',(-9.6,47.6,-9.));
#3680 = DIRECTION('',(-0.,1.,0.));
#3681 = DIRECTION('',(0.,0.,1.));
#3682 = ADVANCED_FACE('',(#3683),#3694,.T.);
#3683 = FACE_BOUND('',#3684,.T.);
#3684 = EDGE_LOOP('',(#3685,#3691,#3692,#3693));
#3685 = ORIENTED_EDGE('',*,*,#3686,.F.);
#3686 = EDGE_CURVE('',#3664,#3609,#3687,.T.);
#3687 = LINE('',#3688,#3689);
#3688 = CARTESIAN_POINT('',(15.1,-9.6,-4.));
#3689 = VECTOR('',#3690,1.);
#3690 = DIRECTION('',(-0.,1.,0.));
#3691 = ORIENTED_EDGE('',*,*,#3663,.F.);
#3692 = ORIENTED_EDGE('',*,*,#1048,.T.);
#3693 = ORIENTED_EDGE('',*,*,#3608,.F.);
#3694 = PLANE('',#3695);
#3695 = AXIS2_PLACEMENT_3D('',#3696,#3697,#3698);
#3696 = CARTESIAN_POINT('',(15.1,-9.6,-9.));
#3697 = DIRECTION('',(1.,0.,-0.));
#3698 = DIRECTION('',(0.,0.,1.));
#3699 = ADVANCED_FACE('',(#3700),#3725,.T.);
#3700 = FACE_BOUND('',#3701,.T.);
#3701 = EDGE_LOOP('',(#3702,#3712,#3718,#3719));
#3702 = ORIENTED_EDGE('',*,*,#3703,.F.);
#3703 = EDGE_CURVE('',#3704,#3706,#3708,.T.);
#3704 = VERTEX_POINT('',#3705);
#3705 = CARTESIAN_POINT('',(-2.6,47.6,-4.));
#3706 = VERTEX_POINT('',#3707);
#3707 = CARTESIAN_POINT('',(-2.6,49.605870863984,-4.));
#3708 = LINE('',#3709,#3710);
#3709 = CARTESIAN_POINT('',(-2.6,-2.6,-4.));
#3710 = VECTOR('',#3711,1.);
#3711 = DIRECTION('',(-0.,1.,0.));
#3712 = ORIENTED_EDGE('',*,*,#3713,.F.);
#3713 = EDGE_CURVE('',#1073,#3704,#3714,.T.);
#3714 = LINE('',#3715,#3716);
#3715 = CARTESIAN_POINT('',(-2.6,47.6,-9.));
#3716 = VECTOR('',#3717,1.);
#3717 = DIRECTION('',(0.,0.,1.));
#3718 = ORIENTED_EDGE('',*,*,#1072,.T.);
#3719 = ORIENTED_EDGE('',*,*,#3720,.T.);
#3720 = EDGE_CURVE('',#1075,#3706,#3721,.T.);
#3721 = LINE('',#3722,#3723);
#3722 = CARTESIAN_POINT('',(-2.6,49.605870863984,-10.));
#3723 = VECTOR('',#3724,1.);
#3724 = DIRECTION('',(0.,0.,1.));
#3725 = PLANE('',#3726);
#3726 = AXIS2_PLACEMENT_3D('',#3727,#3728,#3729);
#3727 = CARTESIAN_POINT('',(-2.6,-2.6,-9.));
#3728 = DIRECTION('',(1.,0.,-0.));
#3729 = DIRECTION('',(0.,0.,1.));
#3730 = ADVANCED_FACE('',(#3731),#3750,.T.);
#3731 = FACE_BOUND('',#3732,.T.);
#3732 = EDGE_LOOP('',(#3733,#3734,#3735,#3743));
#3733 = ORIENTED_EDGE('',*,*,#3720,.F.);
#3734 = ORIENTED_EDGE('',*,*,#1106,.T.);
#3735 = ORIENTED_EDGE('',*,*,#3736,.T.);
#3736 = EDGE_CURVE('',#1099,#3737,#3739,.T.);
#3737 = VERTEX_POINT('',#3738);
#3738 = CARTESIAN_POINT('',(0.394129136016,52.6,-4.));
#3739 = LINE('',#3740,#3741);
#3740 = CARTESIAN_POINT('',(0.394129136016,52.6,-10.));
#3741 = VECTOR('',#3742,1.);
#3742 = DIRECTION('',(0.,0.,1.));
#3743 = ORIENTED_EDGE('',*,*,#3744,.F.);
#3744 = EDGE_CURVE('',#3706,#3737,#3745,.T.);
#3745 = CIRCLE('',#3746,5.25);
#3746 = AXIS2_PLACEMENT_3D('',#3747,#3748,#3749);
#3747 = CARTESIAN_POINT('',(-4.5,54.5,-4.));
#3748 = DIRECTION('',(0.,0.,1.));
#3749 = DIRECTION('',(1.,0.,-0.));
#3750 = CYLINDRICAL_SURFACE('',#3751,5.25);
#3751 = AXIS2_PLACEMENT_3D('',#3752,#3753,#3754);
#3752 = CARTESIAN_POINT('',(-4.5,54.5,-10.));
#3753 = DIRECTION('',(0.,0.,1.));
#3754 = DIRECTION('',(1.,0.,-0.));
#3755 = ADVANCED_FACE('',(#3756),#3774,.F.);
#3756 = FACE_BOUND('',#3757,.F.);
#3757 = EDGE_LOOP('',(#3758,#3759,#3760,#3768));
#3758 = ORIENTED_EDGE('',*,*,#1098,.F.);
#3759 = ORIENTED_EDGE('',*,*,#3736,.T.);
#3760 = ORIENTED_EDGE('',*,*,#3761,.T.);
#3761 = EDGE_CURVE('',#3737,#3762,#3764,.T.);
#3762 = VERTEX_POINT('',#3763);
#3763 = CARTESIAN_POINT('',(3.9,52.6,-4.));
#3764 = LINE('',#3765,#3766);
#3765 = CARTESIAN_POINT('',(-2.6,52.6,-4.));
#3766 = VECTOR('',#3767,1.);
#3767 = DIRECTION('',(1.,0.,-0.));
#3768 = ORIENTED_EDGE('',*,*,#3769,.T.);
#3769 = EDGE_CURVE('',#3762,#1091,#3770,.T.);
#3770 = LINE('',#3771,#3772);
#3771 = CARTESIAN_POINT('',(3.9,52.6,-9.));
#3772 = VECTOR('',#3773,1.);
#3773 = DIRECTION('',(-0.,0.,-1.));
#3774 = PLANE('',#3775);
#3775 = AXIS2_PLACEMENT_3D('',#3776,#3777,#3778);
#3776 = CARTESIAN_POINT('',(-2.6,52.6,-9.));
#3777 = DIRECTION('',(-0.,1.,0.));
#3778 = DIRECTION('',(0.,0.,1.));
#3779 = ADVANCED_FACE('',(#3780),#3798,.F.);
#3780 = FACE_BOUND('',#3781,.F.);
#3781 = EDGE_LOOP('',(#3782,#3790,#3796,#3797));
#3782 = ORIENTED_EDGE('',*,*,#3783,.F.);
#3783 = EDGE_CURVE('',#3784,#3762,#3786,.T.);
#3784 = VERTEX_POINT('',#3785);
#3785 = CARTESIAN_POINT('',(3.9,47.6,-4.));
#3786 = LINE('',#3787,#3788);
#3787 = CARTESIAN_POINT('',(3.9,-9.6,-4.));
#3788 = VECTOR('',#3789,1.);
#3789 = DIRECTION('',(-0.,1.,0.));
#3790 = ORIENTED_EDGE('',*,*,#3791,.F.);
#3791 = EDGE_CURVE('',#1083,#3784,#3792,.T.);
#3792 = LINE('',#3793,#3794);
#3793 = CARTESIAN_POINT('',(3.9,47.6,-9.));
#3794 = VECTOR('',#3795,1.);
#3795 = DIRECTION('',(0.,0.,1.));
#3796 = ORIENTED_EDGE('',*,*,#1090,.T.);
#3797 = ORIENTED_EDGE('',*,*,#3769,.F.);
#3798 = PLANE('',#3799);
#3799 = AXIS2_PLACEMENT_3D('',#3800,#3801,#3802);
#3800 = CARTESIAN_POINT('',(3.9,-9.6,-9.));
#3801 = DIRECTION('',(1.,0.,-0.));
#3802 = DIRECTION('',(0.,0.,1.));
#3803 = ADVANCED_FACE('',(#3804),#3815,.T.);
#3804 = FACE_BOUND('',#3805,.T.);
#3805 = EDGE_LOOP('',(#3806,#3807,#3808,#3814));
#3806 = ORIENTED_EDGE('',*,*,#1082,.F.);
#3807 = ORIENTED_EDGE('',*,*,#3713,.T.);
#3808 = ORIENTED_EDGE('',*,*,#3809,.T.);
#3809 = EDGE_CURVE('',#3704,#3784,#3810,.T.);
#3810 = LINE('',#3811,#3812);
#3811 = CARTESIAN_POINT('',(-9.6,47.6,-4.));
#3812 = VECTOR('',#3813,1.);
#3813 = DIRECTION('',(1.,0.,-0.));
#3814 = ORIENTED_EDGE('',*,*,#3791,.F.);
#3815 = PLANE('',#3816);
#3816 = AXIS2_PLACEMENT_3D('',#3817,#3818,#3819);
#3817 = CARTESIAN_POINT('',(-9.6,47.6,-9.));
#3818 = DIRECTION('',(-0.,1.,0.));
#3819 = DIRECTION('',(0.,0.,1.));
#3820 = ADVANCED_FACE('',(#3821),#3849,.F.);
#3821 = FACE_BOUND('',#3822,.F.);
#3822 = EDGE_LOOP('',(#3823,#3831,#3832,#3833,#3842));
#3823 = ORIENTED_EDGE('',*,*,#3824,.T.);
#3824 = EDGE_CURVE('',#3825,#1116,#3827,.T.);
#3825 = VERTEX_POINT('',#3826);
#3826 = CARTESIAN_POINT('',(-7.75,54.5,-8.4));
#3827 = LINE('',#3828,#3829);
#3828 = CARTESIAN_POINT('',(-7.75,54.5,-8.4));
#3829 = VECTOR('',#3830,1.);
#3830 = DIRECTION('',(-0.707106781187,-1.731912112471E-16,
    -0.707106781187));
#3831 = ORIENTED_EDGE('',*,*,#1115,.F.);
#3832 = ORIENTED_EDGE('',*,*,#3824,.F.);
#3833 = ORIENTED_EDGE('',*,*,#3834,.T.);
#3834 = EDGE_CURVE('',#3825,#3835,#3837,.T.);
#3835 = VERTEX_POINT('',#3836);
#3836 = CARTESIAN_POINT('',(-1.25,54.5,-8.4));
#3837 = CIRCLE('',#3838,3.25);
#3838 = AXIS2_PLACEMENT_3D('',#3839,#3840,#3841);
#3839 = CARTESIAN_POINT('',(-4.5,54.5,-8.4));
#3840 = DIRECTION('',(-0.,0.,-1.));
#3841 = DIRECTION('',(-1.,0.,0.));
#3842 = ORIENTED_EDGE('',*,*,#3843,.T.);
#3843 = EDGE_CURVE('',#3835,#3825,#3844,.T.);
#3844 = CIRCLE('',#3845,3.25);
#3845 = AXIS2_PLACEMENT_3D('',#3846,#3847,#3848);
#3846 = CARTESIAN_POINT('',(-4.5,54.5,-8.4));
#3847 = DIRECTION('',(-0.,0.,-1.));
#3848 = DIRECTION('',(-1.,0.,0.));
#3849 = CONICAL_SURFACE('',#3850,3.25,0.785398163397);
#3850 = AXIS2_PLACEMENT_3D('',#3851,#3852,#3853);
#3851 = CARTESIAN_POINT('',(-4.5,54.5,-8.4));
#3852 = DIRECTION('',(-0.,-0.,-1.));
#3853 = DIRECTION('',(-1.,0.,0.));
#3854 = ADVANCED_FACE('',(#3855),#3874,.F.);
#3855 = FACE_BOUND('',#3856,.F.);
#3856 = EDGE_LOOP('',(#3857,#3858,#3866,#3873));
#3857 = ORIENTED_EDGE('',*,*,#1381,.F.);
#3858 = ORIENTED_EDGE('',*,*,#3859,.F.);
#3859 = EDGE_CURVE('',#3860,#1382,#3862,.T.);
#3860 = VERTEX_POINT('',#3861);
#3861 = CARTESIAN_POINT('',(-2.7,-4.5,27.6));
#3862 = LINE('',#3863,#3864);
#3863 = CARTESIAN_POINT('',(-2.7,-4.5,27.6));
#3864 = VECTOR('',#3865,1.);
#3865 = DIRECTION('',(0.707106781187,-1.731912112471E-16,0.707106781187)
  );
#3866 = ORIENTED_EDGE('',*,*,#3867,.T.);
#3867 = EDGE_CURVE('',#3860,#3860,#3868,.T.);
#3868 = CIRCLE('',#3869,1.8);
#3869 = AXIS2_PLACEMENT_3D('',#3870,#3871,#3872);
#3870 = CARTESIAN_POINT('',(-4.5,-4.5,27.6));
#3871 = DIRECTION('',(0.,0.,1.));
#3872 = DIRECTION('',(1.,0.,-0.));
#3873 = ORIENTED_EDGE('',*,*,#3859,.T.);
#3874 = CONICAL_SURFACE('',#3875,1.8,0.785398163397);
#3875 = AXIS2_PLACEMENT_3D('',#3876,#3877,#3878);
#3876 = CARTESIAN_POINT('',(-4.5,-4.5,27.6));
#3877 = DIRECTION('',(0.,0.,1.));
#3878 = DIRECTION('',(1.,0.,-0.));
#3879 = ADVANCED_FACE('',(#3880),#3899,.F.);
#3880 = FACE_BOUND('',#3881,.F.);
#3881 = EDGE_LOOP('',(#3882,#3883,#3891,#3898));
#3882 = ORIENTED_EDGE('',*,*,#1392,.F.);
#3883 = ORIENTED_EDGE('',*,*,#3884,.F.);
#3884 = EDGE_CURVE('',#3885,#1393,#3887,.T.);
#3885 = VERTEX_POINT('',#3886);
#3886 = CARTESIAN_POINT('',(75.3,-4.5,27.6));
#3887 = LINE('',#3888,#3889);
#3888 = CARTESIAN_POINT('',(75.3,-4.5,27.6));
#3889 = VECTOR('',#3890,1.);
#3890 = DIRECTION('',(0.707106781187,-1.731912112471E-16,0.707106781187)
  );
#3891 = ORIENTED_EDGE('',*,*,#3892,.T.);
#3892 = EDGE_CURVE('',#3885,#3885,#3893,.T.);
#3893 = CIRCLE('',#3894,1.8);
#3894 = AXIS2_PLACEMENT_3D('',#3895,#3896,#3897);
#3895 = CARTESIAN_POINT('',(73.5,-4.5,27.6));
#3896 = DIRECTION('',(0.,0.,1.));
#3897 = DIRECTION('',(1.,0.,-0.));
#3898 = ORIENTED_EDGE('',*,*,#3884,.T.);
#3899 = CONICAL_SURFACE('',#3900,1.8,0.785398163397);
#3900 = AXIS2_PLACEMENT_3D('',#3901,#3902,#3903);
#3901 = CARTESIAN_POINT('',(73.5,-4.5,27.6));
#3902 = DIRECTION('',(0.,0.,1.));
#3903 = DIRECTION('',(1.,0.,-0.));
#3904 = ADVANCED_FACE('',(#3905),#3924,.F.);
#3905 = FACE_BOUND('',#3906,.F.);
#3906 = EDGE_LOOP('',(#3907,#3908,#3916,#3923));
#3907 = ORIENTED_EDGE('',*,*,#1403,.F.);
#3908 = ORIENTED_EDGE('',*,*,#3909,.F.);
#3909 = EDGE_CURVE('',#3910,#1404,#3912,.T.);
#3910 = VERTEX_POINT('',#3911);
#3911 = CARTESIAN_POINT('',(-2.7,54.5,27.6));
#3912 = LINE('',#3913,#3914);
#3913 = CARTESIAN_POINT('',(-2.7,54.5,27.6));
#3914 = VECTOR('',#3915,1.);
#3915 = DIRECTION('',(0.707106781187,-1.731912112471E-16,0.707106781187)
  );
#3916 = ORIENTED_EDGE('',*,*,#3917,.T.);
#3917 = EDGE_CURVE('',#3910,#3910,#3918,.T.);
#3918 = CIRCLE('',#3919,1.8);
#3919 = AXIS2_PLACEMENT_3D('',#3920,#3921,#3922);
#3920 = CARTESIAN_POINT('',(-4.5,54.5,27.6));
#3921 = DIRECTION('',(0.,0.,1.));
#3922 = DIRECTION('',(1.,0.,-0.));
#3923 = ORIENTED_EDGE('',*,*,#3909,.T.);
#3924 = CONICAL_SURFACE('',#3925,1.8,0.785398163397);
#3925 = AXIS2_PLACEMENT_3D('',#3926,#3927,#3928);
#3926 = CARTESIAN_POINT('',(-4.5,54.5,27.6));
#3927 = DIRECTION('',(0.,0.,1.));
#3928 = DIRECTION('',(1.,0.,-0.));
#3929 = ADVANCED_FACE('',(#3930),#3956,.F.);
#3930 = FACE_BOUND('',#3931,.F.);
#3931 = EDGE_LOOP('',(#3932,#3940,#3949,#3955));
#3932 = ORIENTED_EDGE('',*,*,#3933,.F.);
#3933 = EDGE_CURVE('',#3934,#1415,#3936,.T.);
#3934 = VERTEX_POINT('',#3935);
#3935 = CARTESIAN_POINT('',(-3.5,2.,26.5));
#3936 = LINE('',#3937,#3938);
#3937 = CARTESIAN_POINT('',(-3.5,2.,26.5));
#3938 = VECTOR('',#3939,1.);
#3939 = DIRECTION('',(0.,0.,1.));
#3940 = ORIENTED_EDGE('',*,*,#3941,.T.);
#3941 = EDGE_CURVE('',#3934,#3942,#3944,.T.);
#3942 = VERTEX_POINT('',#3943);
#3943 = CARTESIAN_POINT('',(2.,-3.5,26.5));
#3944 = CIRCLE('',#3945,5.5);
#3945 = AXIS2_PLACEMENT_3D('',#3946,#3947,#3948);
#3946 = CARTESIAN_POINT('',(2.,2.,26.5));
#3947 = DIRECTION('',(0.,0.,1.));
#3948 = DIRECTION('',(0.,-1.,0.));
#3949 = ORIENTED_EDGE('',*,*,#3950,.T.);
#3950 = EDGE_CURVE('',#3942,#1417,#3951,.T.);
#3951 = LINE('',#3952,#3953);
#3952 = CARTESIAN_POINT('',(2.,-3.5,26.5));
#3953 = VECTOR('',#3954,1.);
#3954 = DIRECTION('',(0.,0.,1.));
#3955 = ORIENTED_EDGE('',*,*,#1414,.F.);
#3956 = CYLINDRICAL_SURFACE('',#3957,5.5);
#3957 = AXIS2_PLACEMENT_3D('',#3958,#3959,#3960);
#3958 = CARTESIAN_POINT('',(2.,2.,26.5));
#3959 = DIRECTION('',(0.,0.,1.));
#3960 = DIRECTION('',(-1.,-0.,0.));
#3961 = ADVANCED_FACE('',(#3962),#3980,.T.);
#3962 = FACE_BOUND('',#3963,.T.);
#3963 = EDGE_LOOP('',(#3964,#3965,#3966,#3974));
#3964 = ORIENTED_EDGE('',*,*,#1425,.F.);
#3965 = ORIENTED_EDGE('',*,*,#3933,.F.);
#3966 = ORIENTED_EDGE('',*,*,#3967,.T.);
#3967 = EDGE_CURVE('',#3934,#3968,#3970,.T.);
#3968 = VERTEX_POINT('',#3969);
#3969 = CARTESIAN_POINT('',(-3.5,48.,26.5));
#3970 = LINE('',#3971,#3972);
#3971 = CARTESIAN_POINT('',(-3.5,-3.5,26.5));
#3972 = VECTOR('',#3973,1.);
#3973 = DIRECTION('',(-0.,1.,0.));
#3974 = ORIENTED_EDGE('',*,*,#3975,.T.);
#3975 = EDGE_CURVE('',#3968,#1426,#3976,.T.);
#3976 = LINE('',#3977,#3978);
#3977 = CARTESIAN_POINT('',(-3.5,48.,26.5));
#3978 = VECTOR('',#3979,1.);
#3979 = DIRECTION('',(0.,0.,1.));
#3980 = PLANE('',#3981);
#3981 = AXIS2_PLACEMENT_3D('',#3982,#3983,#3984);
#3982 = CARTESIAN_POINT('',(-3.5,-3.5,26.5));
#3983 = DIRECTION('',(1.,0.,-0.));
#3984 = DIRECTION('',(0.,0.,1.));
#3985 = ADVANCED_FACE('',(#3986),#4004,.T.);
#3986 = FACE_BOUND('',#3987,.T.);
#3987 = EDGE_LOOP('',(#3988,#3996,#3997,#3998));
#3988 = ORIENTED_EDGE('',*,*,#3989,.F.);
#3989 = EDGE_CURVE('',#3942,#3990,#3992,.T.);
#3990 = VERTEX_POINT('',#3991);
#3991 = CARTESIAN_POINT('',(67.,-3.5,26.5));
#3992 = LINE('',#3993,#3994);
#3993 = CARTESIAN_POINT('',(-3.5,-3.5,26.5));
#3994 = VECTOR('',#3995,1.);
#3995 = DIRECTION('',(1.,0.,-0.));
#3996 = ORIENTED_EDGE('',*,*,#3950,.T.);
#3997 = ORIENTED_EDGE('',*,*,#1476,.F.);
#3998 = ORIENTED_EDGE('',*,*,#3999,.F.);
#3999 = EDGE_CURVE('',#3990,#1468,#4000,.T.);
#4000 = LINE('',#4001,#4002);
#4001 = CARTESIAN_POINT('',(67.,-3.5,26.5));
#4002 = VECTOR('',#4003,1.);
#4003 = DIRECTION('',(0.,0.,1.));
#4004 = PLANE('',#4005);
#4005 = AXIS2_PLACEMENT_3D('',#4006,#4007,#4008);
#4006 = CARTESIAN_POINT('',(-3.5,-3.5,26.5));
#4007 = DIRECTION('',(-0.,1.,0.));
#4008 = DIRECTION('',(0.,0.,1.));
#4009 = ADVANCED_FACE('',(#4010),#4029,.F.);
#4010 = FACE_BOUND('',#4011,.T.);
#4011 = EDGE_LOOP('',(#4012,#4013,#4022,#4028));
#4012 = ORIENTED_EDGE('',*,*,#3975,.F.);
#4013 = ORIENTED_EDGE('',*,*,#4014,.T.);
#4014 = EDGE_CURVE('',#3968,#4015,#4017,.T.);
#4015 = VERTEX_POINT('',#4016);
#4016 = CARTESIAN_POINT('',(2.,53.5,26.5));
#4017 = CIRCLE('',#4018,5.5);
#4018 = AXIS2_PLACEMENT_3D('',#4019,#4020,#4021);
#4019 = CARTESIAN_POINT('',(2.,48.,26.5));
#4020 = DIRECTION('',(-0.,-0.,-1.));
#4021 = DIRECTION('',(0.,-1.,0.));
#4022 = ORIENTED_EDGE('',*,*,#4023,.T.);
#4023 = EDGE_CURVE('',#4015,#1434,#4024,.T.);
#4024 = LINE('',#4025,#4026);
#4025 = CARTESIAN_POINT('',(2.,53.5,26.5));
#4026 = VECTOR('',#4027,1.);
#4027 = DIRECTION('',(0.,0.,1.));
#4028 = ORIENTED_EDGE('',*,*,#1433,.T.);
#4029 = CYLINDRICAL_SURFACE('',#4030,5.5);
#4030 = AXIS2_PLACEMENT_3D('',#4031,#4032,#4033);
#4031 = CARTESIAN_POINT('',(2.,48.,26.5));
#4032 = DIRECTION('',(0.,0.,1.));
#4033 = DIRECTION('',(-1.,-0.,0.));
#4034 = ADVANCED_FACE('',(#4035),#4054,.F.);
#4035 = FACE_BOUND('',#4036,.T.);
#4036 = EDGE_LOOP('',(#4037,#4045,#4052,#4053));
#4037 = ORIENTED_EDGE('',*,*,#4038,.F.);
#4038 = EDGE_CURVE('',#4039,#1460,#4041,.T.);
#4039 = VERTEX_POINT('',#4040);
#4040 = CARTESIAN_POINT('',(72.5,2.,26.5));
#4041 = LINE('',#4042,#4043);
#4042 = CARTESIAN_POINT('',(72.5,2.,26.5));
#4043 = VECTOR('',#4044,1.);
#4044 = DIRECTION('',(0.,0.,1.));
#4045 = ORIENTED_EDGE('',*,*,#4046,.T.);
#4046 = EDGE_CURVE('',#4039,#3990,#4047,.T.);
#4047 = CIRCLE('',#4048,5.5);
#4048 = AXIS2_PLACEMENT_3D('',#4049,#4050,#4051);
#4049 = CARTESIAN_POINT('',(67.,2.,26.5));
#4050 = DIRECTION('',(-0.,-0.,-1.));
#4051 = DIRECTION('',(0.,-1.,0.));
#4052 = ORIENTED_EDGE('',*,*,#3999,.T.);
#4053 = ORIENTED_EDGE('',*,*,#1467,.T.);
#4054 = CYLINDRICAL_SURFACE('',#4055,5.5);
#4055 = AXIS2_PLACEMENT_3D('',#4056,#4057,#4058);
#4056 = CARTESIAN_POINT('',(67.,2.,26.5));
#4057 = DIRECTION('',(0.,0.,1.));
#4058 = DIRECTION('',(1.,0.,-0.));
#4059 = ADVANCED_FACE('',(#4060),#4078,.F.);
#4060 = FACE_BOUND('',#4061,.F.);
#4061 = EDGE_LOOP('',(#4062,#4070,#4071,#4072));
#4062 = ORIENTED_EDGE('',*,*,#4063,.F.);
#4063 = EDGE_CURVE('',#4015,#4064,#4066,.T.);
#4064 = VERTEX_POINT('',#4065);
#4065 = CARTESIAN_POINT('',(67.,53.5,26.5));
#4066 = LINE('',#4067,#4068);
#4067 = CARTESIAN_POINT('',(-3.5,53.5,26.5));
#4068 = VECTOR('',#4069,1.);
#4069 = DIRECTION('',(1.,0.,-0.));
#4070 = ORIENTED_EDGE('',*,*,#4023,.T.);
#4071 = ORIENTED_EDGE('',*,*,#1442,.F.);
#4072 = ORIENTED_EDGE('',*,*,#4073,.F.);
#4073 = EDGE_CURVE('',#4064,#1443,#4074,.T.);
#4074 = LINE('',#4075,#4076);
#4075 = CARTESIAN_POINT('',(67.,53.5,26.5));
#4076 = VECTOR('',#4077,1.);
#4077 = DIRECTION('',(0.,0.,1.));
#4078 = PLANE('',#4079);
#4079 = AXIS2_PLACEMENT_3D('',#4080,#4081,#4082);
#4080 = CARTESIAN_POINT('',(-3.5,53.5,26.5));
#4081 = DIRECTION('',(-0.,1.,0.));
#4082 = DIRECTION('',(0.,0.,1.));
#4083 = ADVANCED_FACE('',(#4084),#4102,.F.);
#4084 = FACE_BOUND('',#4085,.F.);
#4085 = EDGE_LOOP('',(#4086,#4087,#4088,#4096));
#4086 = ORIENTED_EDGE('',*,*,#1459,.F.);
#4087 = ORIENTED_EDGE('',*,*,#4038,.F.);
#4088 = ORIENTED_EDGE('',*,*,#4089,.T.);
#4089 = EDGE_CURVE('',#4039,#4090,#4092,.T.);
#4090 = VERTEX_POINT('',#4091);
#4091 = CARTESIAN_POINT('',(72.5,48.,26.5));
#4092 = LINE('',#4093,#4094);
#4093 = CARTESIAN_POINT('',(72.5,-3.5,26.5));
#4094 = VECTOR('',#4095,1.);
#4095 = DIRECTION('',(-0.,1.,0.));
#4096 = ORIENTED_EDGE('',*,*,#4097,.T.);
#4097 = EDGE_CURVE('',#4090,#1451,#4098,.T.);
#4098 = LINE('',#4099,#4100);
#4099 = CARTESIAN_POINT('',(72.5,48.,26.5));
#4100 = VECTOR('',#4101,1.);
#4101 = DIRECTION('',(0.,0.,1.));
#4102 = PLANE('',#4103);
#4103 = AXIS2_PLACEMENT_3D('',#4104,#4105,#4106);
#4104 = CARTESIAN_POINT('',(72.5,-3.5,26.5));
#4105 = DIRECTION('',(1.,0.,-0.));
#4106 = DIRECTION('',(0.,0.,1.));
#4107 = ADVANCED_FACE('',(#4108),#4120,.F.);
#4108 = FACE_BOUND('',#4109,.F.);
#4109 = EDGE_LOOP('',(#4110,#4111,#4118,#4119));
#4110 = ORIENTED_EDGE('',*,*,#4097,.F.);
#4111 = ORIENTED_EDGE('',*,*,#4112,.T.);
#4112 = EDGE_CURVE('',#4090,#4064,#4113,.T.);
#4113 = CIRCLE('',#4114,5.5);
#4114 = AXIS2_PLACEMENT_3D('',#4115,#4116,#4117);
#4115 = CARTESIAN_POINT('',(67.,48.,26.5));
#4116 = DIRECTION('',(0.,0.,1.));
#4117 = DIRECTION('',(0.,-1.,0.));
#4118 = ORIENTED_EDGE('',*,*,#4073,.T.);
#4119 = ORIENTED_EDGE('',*,*,#1450,.F.);
#4120 = CYLINDRICAL_SURFACE('',#4121,5.5);
#4121 = AXIS2_PLACEMENT_3D('',#4122,#4123,#4124);
#4122 = CARTESIAN_POINT('',(67.,48.,26.5));
#4123 = DIRECTION('',(0.,0.,1.));
#4124 = DIRECTION('',(1.,0.,-0.));
#4125 = ADVANCED_FACE('',(#4126),#4145,.F.);
#4126 = FACE_BOUND('',#4127,.F.);
#4127 = EDGE_LOOP('',(#4128,#4129,#4137,#4144));
#4128 = ORIENTED_EDGE('',*,*,#1484,.F.);
#4129 = ORIENTED_EDGE('',*,*,#4130,.F.);
#4130 = EDGE_CURVE('',#4131,#1485,#4133,.T.);
#4131 = VERTEX_POINT('',#4132);
#4132 = CARTESIAN_POINT('',(75.3,54.5,27.6));
#4133 = LINE('',#4134,#4135);
#4134 = CARTESIAN_POINT('',(75.3,54.5,27.6));
#4135 = VECTOR('',#4136,1.);
#4136 = DIRECTION('',(0.707106781187,-1.731912112471E-16,0.707106781187)
  );
#4137 = ORIENTED_EDGE('',*,*,#4138,.T.);
#4138 = EDGE_CURVE('',#4131,#4131,#4139,.T.);
#4139 = CIRCLE('',#4140,1.8);
#4140 = AXIS2_PLACEMENT_3D('',#4141,#4142,#4143);
#4141 = CARTESIAN_POINT('',(73.5,54.5,27.6));
#4142 = DIRECTION('',(0.,0.,1.));
#4143 = DIRECTION('',(1.,0.,-0.));
#4144 = ORIENTED_EDGE('',*,*,#4130,.T.);
#4145 = CONICAL_SURFACE('',#4146,1.8,0.785398163397);
#4146 = AXIS2_PLACEMENT_3D('',#4147,#4148,#4149);
#4147 = CARTESIAN_POINT('',(73.5,54.5,27.6));
#4148 = DIRECTION('',(0.,0.,1.));
#4149 = DIRECTION('',(1.,0.,-0.));
#4150 = ADVANCED_FACE('',(#4151),#4162,.F.);
#4151 = FACE_BOUND('',#4152,.F.);
#4152 = EDGE_LOOP('',(#4153,#4154,#4155,#4156));
#4153 = ORIENTED_EDGE('',*,*,#1501,.F.);
#4154 = ORIENTED_EDGE('',*,*,#1651,.T.);
#4155 = ORIENTED_EDGE('',*,*,#1675,.T.);
#4156 = ORIENTED_EDGE('',*,*,#4157,.F.);
#4157 = EDGE_CURVE('',#1504,#1676,#4158,.T.);
#4158 = LINE('',#4159,#4160);
#4159 = CARTESIAN_POINT('',(56.5,53.6,-2.));
#4160 = VECTOR('',#4161,1.);
#4161 = DIRECTION('',(1.,0.,-0.));
#4162 = PLANE('',#4163);
#4163 = AXIS2_PLACEMENT_3D('',#4164,#4165,#4166);
#4164 = CARTESIAN_POINT('',(56.5,-24.6,-2.));
#4165 = DIRECTION('',(0.,0.,1.));
#4166 = DIRECTION('',(1.,0.,-0.));
#4167 = ADVANCED_FACE('',(#4168),#4174,.T.);
#4168 = FACE_BOUND('',#4169,.T.);
#4169 = EDGE_LOOP('',(#4170,#4171,#4172,#4173));
#4170 = ORIENTED_EDGE('',*,*,#1635,.T.);
#4171 = ORIENTED_EDGE('',*,*,#1910,.T.);
#4172 = ORIENTED_EDGE('',*,*,#1801,.F.);
#4173 = ORIENTED_EDGE('',*,*,#4157,.F.);
#4174 = CYLINDRICAL_SURFACE('',#4175,1.);
#4175 = AXIS2_PLACEMENT_3D('',#4176,#4177,#4178);
#4176 = CARTESIAN_POINT('',(56.5,53.6,-1.));
#4177 = DIRECTION('',(1.,0.,-0.));
#4178 = DIRECTION('',(0.,-0.,-1.));
#4179 = ADVANCED_FACE('',(#4180),#4186,.T.);
#4180 = FACE_BOUND('',#4181,.T.);
#4181 = EDGE_LOOP('',(#4182,#4183,#4184,#4185));
#4182 = ORIENTED_EDGE('',*,*,#1602,.T.);
#4183 = ORIENTED_EDGE('',*,*,#1999,.T.);
#4184 = ORIENTED_EDGE('',*,*,#1768,.F.);
#4185 = ORIENTED_EDGE('',*,*,#1901,.F.);
#4186 = CYLINDRICAL_SURFACE('',#4187,2.4);
#4187 = AXIS2_PLACEMENT_3D('',#4188,#4189,#4190);
#4188 = CARTESIAN_POINT('',(56.5,52.2,-8.4));
#4189 = DIRECTION('',(1.,0.,-0.));
#4190 = DIRECTION('',(0.,1.,0.));
#4191 = ADVANCED_FACE('',(#4192),#4203,.T.);
#4192 = FACE_BOUND('',#4193,.T.);
#4193 = EDGE_LOOP('',(#4194,#4195,#4196,#4202));
#4194 = ORIENTED_EDGE('',*,*,#1953,.F.);
#4195 = ORIENTED_EDGE('',*,*,#1704,.T.);
#4196 = ORIENTED_EDGE('',*,*,#4197,.T.);
#4197 = EDGE_CURVE('',#1705,#2718,#4198,.T.);
#4198 = LINE('',#4199,#4200);
#4199 = CARTESIAN_POINT('',(-24.6,5.,-2.5));
#4200 = VECTOR('',#4201,1.);
#4201 = DIRECTION('',(1.,0.,-0.));
#4202 = ORIENTED_EDGE('',*,*,#2717,.F.);
#4203 = PLANE('',#4204);
#4204 = AXIS2_PLACEMENT_3D('',#4205,#4206,#4207);
#4205 = CARTESIAN_POINT('',(-24.6,5.,-6.));
#4206 = DIRECTION('',(-0.,1.,0.));
#4207 = DIRECTION('',(0.,0.,1.));
#4208 = ADVANCED_FACE('',(#4209),#4220,.F.);
#4209 = FACE_BOUND('',#4210,.F.);
#4210 = EDGE_LOOP('',(#4211,#4212,#4213,#4219));
#4211 = ORIENTED_EDGE('',*,*,#1992,.F.);
#4212 = ORIENTED_EDGE('',*,*,#1752,.T.);
#4213 = ORIENTED_EDGE('',*,*,#4214,.T.);
#4214 = EDGE_CURVE('',#1745,#2701,#4215,.T.);
#4215 = LINE('',#4216,#4217);
#4216 = CARTESIAN_POINT('',(-24.6,45.,-2.5));
#4217 = VECTOR('',#4218,1.);
#4218 = DIRECTION('',(1.,0.,-0.));
#4219 = ORIENTED_EDGE('',*,*,#2708,.F.);
#4220 = PLANE('',#4221);
#4221 = AXIS2_PLACEMENT_3D('',#4222,#4223,#4224);
#4222 = CARTESIAN_POINT('',(-24.6,45.,-6.));
#4223 = DIRECTION('',(-0.,1.,0.));
#4224 = DIRECTION('',(0.,0.,1.));
#4225 = ADVANCED_FACE('',(#4226),#4237,.F.);
#4226 = FACE_BOUND('',#4227,.F.);
#4227 = EDGE_LOOP('',(#4228,#4234,#4235,#4236));
#4228 = ORIENTED_EDGE('',*,*,#4229,.F.);
#4229 = EDGE_CURVE('',#1713,#2726,#4230,.T.);
#4230 = LINE('',#4231,#4232);
#4231 = CARTESIAN_POINT('',(-24.6,13.,-2.5));
#4232 = VECTOR('',#4233,1.);
#4233 = DIRECTION('',(1.,0.,-0.));
#4234 = ORIENTED_EDGE('',*,*,#1712,.T.);
#4235 = ORIENTED_EDGE('',*,*,#4197,.T.);
#4236 = ORIENTED_EDGE('',*,*,#2725,.F.);
#4237 = PLANE('',#4238);
#4238 = AXIS2_PLACEMENT_3D('',#4239,#4240,#4241);
#4239 = CARTESIAN_POINT('',(-24.6,5.,-2.5));
#4240 = DIRECTION('',(0.,0.,1.));
#4241 = DIRECTION('',(1.,0.,-0.));
#4242 = ADVANCED_FACE('',(#4243),#4254,.F.);
#4243 = FACE_BOUND('',#4244,.F.);
#4244 = EDGE_LOOP('',(#4245,#4246,#4247,#4253));
#4245 = ORIENTED_EDGE('',*,*,#4214,.F.);
#4246 = ORIENTED_EDGE('',*,*,#1744,.T.);
#4247 = ORIENTED_EDGE('',*,*,#4248,.T.);
#4248 = EDGE_CURVE('',#1737,#2693,#4249,.T.);
#4249 = LINE('',#4250,#4251);
#4250 = CARTESIAN_POINT('',(-24.6,37.,-2.5));
#4251 = VECTOR('',#4252,1.);
#4252 = DIRECTION('',(1.,0.,-0.));
#4253 = ORIENTED_EDGE('',*,*,#2700,.F.);
#4254 = PLANE('',#4255);
#4255 = AXIS2_PLACEMENT_3D('',#4256,#4257,#4258);
#4256 = CARTESIAN_POINT('',(-24.6,37.,-2.5));
#4257 = DIRECTION('',(0.,0.,1.));
#4258 = DIRECTION('',(1.,0.,-0.));
#4259 = ADVANCED_FACE('',(#4260),#4266,.F.);
#4260 = FACE_BOUND('',#4261,.F.);
#4261 = EDGE_LOOP('',(#4262,#4263,#4264,#4265));
#4262 = ORIENTED_EDGE('',*,*,#1969,.F.);
#4263 = ORIENTED_EDGE('',*,*,#1720,.T.);
#4264 = ORIENTED_EDGE('',*,*,#4229,.T.);
#4265 = ORIENTED_EDGE('',*,*,#2733,.F.);
#4266 = PLANE('',#4267);
#4267 = AXIS2_PLACEMENT_3D('',#4268,#4269,#4270);
#4268 = CARTESIAN_POINT('',(-24.6,13.,-6.));
#4269 = DIRECTION('',(-0.,1.,0.));
#4270 = DIRECTION('',(0.,0.,1.));
#4271 = ADVANCED_FACE('',(#4272),#4278,.T.);
#4272 = FACE_BOUND('',#4273,.T.);
#4273 = EDGE_LOOP('',(#4274,#4275,#4276,#4277));
#4274 = ORIENTED_EDGE('',*,*,#1976,.F.);
#4275 = ORIENTED_EDGE('',*,*,#1736,.T.);
#4276 = ORIENTED_EDGE('',*,*,#4248,.T.);
#4277 = ORIENTED_EDGE('',*,*,#2692,.F.);
#4278 = PLANE('',#4279);
#4279 = AXIS2_PLACEMENT_3D('',#4280,#4281,#4282);
#4280 = CARTESIAN_POINT('',(-24.6,37.,-6.));
#4281 = DIRECTION('',(-0.,1.,0.));
#4282 = DIRECTION('',(0.,0.,1.));
#4283 = ADVANCED_FACE('',(#4284),#4303,.F.);
#4284 = FACE_BOUND('',#4285,.F.);
#4285 = EDGE_LOOP('',(#4286,#4295,#4301,#4302));
#4286 = ORIENTED_EDGE('',*,*,#4287,.F.);
#4287 = EDGE_CURVE('',#4288,#4288,#4290,.T.);
#4288 = VERTEX_POINT('',#4289);
#4289 = CARTESIAN_POINT('',(0.,25.,22.95));
#4290 = CIRCLE('',#4291,3.45);
#4291 = AXIS2_PLACEMENT_3D('',#4292,#4293,#4294);
#4292 = CARTESIAN_POINT('',(0.,25.,19.5));
#4293 = DIRECTION('',(1.,0.,0.));
#4294 = DIRECTION('',(-0.,0.,1.));
#4295 = ORIENTED_EDGE('',*,*,#4296,.F.);
#4296 = EDGE_CURVE('',#2329,#4288,#4297,.T.);
#4297 = LINE('',#4298,#4299);
#4298 = CARTESIAN_POINT('',(-5.6,25.,22.95));
#4299 = VECTOR('',#4300,1.);
#4300 = DIRECTION('',(1.,0.,0.));
#4301 = ORIENTED_EDGE('',*,*,#2328,.T.);
#4302 = ORIENTED_EDGE('',*,*,#4296,.T.);
#4303 = CYLINDRICAL_SURFACE('',#4304,3.45);
#4304 = AXIS2_PLACEMENT_3D('',#4305,#4306,#4307);
#4305 = CARTESIAN_POINT('',(-5.6,25.,19.5));
#4306 = DIRECTION('',(1.,0.,0.));
#4307 = DIRECTION('',(-0.,0.,1.));
#4308 = ADVANCED_FACE('',(#4309),#4334,.F.);
#4309 = FACE_BOUND('',#4310,.F.);
#4310 = EDGE_LOOP('',(#4311,#4321,#4327,#4328));
#4311 = ORIENTED_EDGE('',*,*,#4312,.F.);
#4312 = EDGE_CURVE('',#4313,#4315,#4317,.T.);
#4313 = VERTEX_POINT('',#4314);
#4314 = CARTESIAN_POINT('',(-7.6,4.,16.5));
#4315 = VERTEX_POINT('',#4316);
#4316 = CARTESIAN_POINT('',(-7.6,11.,16.5));
#4317 = LINE('',#4318,#4319);
#4318 = CARTESIAN_POINT('',(-7.6,4.,16.5));
#4319 = VECTOR('',#4320,1.);
#4320 = DIRECTION('',(-0.,1.,0.));
#4321 = ORIENTED_EDGE('',*,*,#4322,.T.);
#4322 = EDGE_CURVE('',#4313,#2346,#4323,.T.);
#4323 = LINE('',#4324,#4325);
#4324 = CARTESIAN_POINT('',(-7.6,4.,16.5));
#4325 = VECTOR('',#4326,1.);
#4326 = DIRECTION('',(1.,0.,-0.));
#4327 = ORIENTED_EDGE('',*,*,#2345,.T.);
#4328 = ORIENTED_EDGE('',*,*,#4329,.F.);
#4329 = EDGE_CURVE('',#4315,#2348,#4330,.T.);
#4330 = LINE('',#4331,#4332);
#4331 = CARTESIAN_POINT('',(-7.6,11.,16.5));
#4332 = VECTOR('',#4333,1.);
#4333 = DIRECTION('',(1.,0.,-0.));
#4334 = PLANE('',#4335);
#4335 = AXIS2_PLACEMENT_3D('',#4336,#4337,#4338);
#4336 = CARTESIAN_POINT('',(-7.6,4.,16.5));
#4337 = DIRECTION('',(0.,0.,1.));
#4338 = DIRECTION('',(1.,0.,-0.));
#4339 = ADVANCED_FACE('',(#4340),#4358,.T.);
#4340 = FACE_BOUND('',#4341,.T.);
#4341 = EDGE_LOOP('',(#4342,#4343,#4351,#4357));
#4342 = ORIENTED_EDGE('',*,*,#4329,.F.);
#4343 = ORIENTED_EDGE('',*,*,#4344,.T.);
#4344 = EDGE_CURVE('',#4315,#4345,#4347,.T.);
#4345 = VERTEX_POINT('',#4346);
#4346 = CARTESIAN_POINT('',(-7.6,11.,22.5));
#4347 = LINE('',#4348,#4349);
#4348 = CARTESIAN_POINT('',(-7.6,11.,16.5));
#4349 = VECTOR('',#4350,1.);
#4350 = DIRECTION('',(0.,0.,1.));
#4351 = ORIENTED_EDGE('',*,*,#4352,.T.);
#4352 = EDGE_CURVE('',#4345,#2364,#4353,.T.);
#4353 = LINE('',#4354,#4355);
#4354 = CARTESIAN_POINT('',(-7.6,11.,22.5));
#4355 = VECTOR('',#4356,1.);
#4356 = DIRECTION('',(1.,0.,-0.));
#4357 = ORIENTED_EDGE('',*,*,#2371,.F.);
#4358 = PLANE('',#4359);
#4359 = AXIS2_PLACEMENT_3D('',#4360,#4361,#4362);
#4360 = CARTESIAN_POINT('',(-7.6,11.,16.5));
#4361 = DIRECTION('',(-0.,1.,0.));
#4362 = DIRECTION('',(0.,0.,1.));
#4363 = ADVANCED_FACE('',(#4364),#4382,.T.);
#4364 = FACE_BOUND('',#4365,.T.);
#4365 = EDGE_LOOP('',(#4366,#4374,#4380,#4381));
#4366 = ORIENTED_EDGE('',*,*,#4367,.F.);
#4367 = EDGE_CURVE('',#4368,#4345,#4370,.T.);
#4368 = VERTEX_POINT('',#4369);
#4369 = CARTESIAN_POINT('',(-7.6,4.,22.5));
#4370 = LINE('',#4371,#4372);
#4371 = CARTESIAN_POINT('',(-7.6,4.,22.5));
#4372 = VECTOR('',#4373,1.);
#4373 = DIRECTION('',(-0.,1.,0.));
#4374 = ORIENTED_EDGE('',*,*,#4375,.T.);
#4375 = EDGE_CURVE('',#4368,#2356,#4376,.T.);
#4376 = LINE('',#4377,#4378);
#4377 = CARTESIAN_POINT('',(-7.6,4.,22.5));
#4378 = VECTOR('',#4379,1.);
#4379 = DIRECTION('',(1.,0.,-0.));
#4380 = ORIENTED_EDGE('',*,*,#2363,.T.);
#4381 = ORIENTED_EDGE('',*,*,#4352,.F.);
#4382 = PLANE('',#4383);
#4383 = AXIS2_PLACEMENT_3D('',#4384,#4385,#4386);
#4384 = CARTESIAN_POINT('',(-7.6,4.,22.5));
#4385 = DIRECTION('',(0.,0.,1.));
#4386 = DIRECTION('',(1.,0.,-0.));
#4387 = ADVANCED_FACE('',(#4388),#4399,.F.);
#4388 = FACE_BOUND('',#4389,.F.);
#4389 = EDGE_LOOP('',(#4390,#4391,#4397,#4398));
#4390 = ORIENTED_EDGE('',*,*,#4322,.F.);
#4391 = ORIENTED_EDGE('',*,*,#4392,.T.);
#4392 = EDGE_CURVE('',#4313,#4368,#4393,.T.);
#4393 = LINE('',#4394,#4395);
#4394 = CARTESIAN_POINT('',(-7.6,4.,16.5));
#4395 = VECTOR('',#4396,1.);
#4396 = DIRECTION('',(0.,0.,1.));
#4397 = ORIENTED_EDGE('',*,*,#4375,.T.);
#4398 = ORIENTED_EDGE('',*,*,#2355,.F.);
#4399 = PLANE('',#4400);
#4400 = AXIS2_PLACEMENT_3D('',#4401,#4402,#4403);
#4401 = CARTESIAN_POINT('',(-7.6,4.,16.5));
#4402 = DIRECTION('',(-0.,1.,0.));
#4403 = DIRECTION('',(0.,0.,1.));
#4404 = ADVANCED_FACE('',(#4405),#4424,.F.);
#4405 = FACE_BOUND('',#4406,.F.);
#4406 = EDGE_LOOP('',(#4407,#4408,#4416,#4423));
#4407 = ORIENTED_EDGE('',*,*,#2741,.F.);
#4408 = ORIENTED_EDGE('',*,*,#4409,.F.);
#4409 = EDGE_CURVE('',#4410,#2742,#4412,.T.);
#4410 = VERTEX_POINT('',#4411);
#4411 = CARTESIAN_POINT('',(72.6,25.,23.5));
#4412 = LINE('',#4413,#4414);
#4413 = CARTESIAN_POINT('',(72.6,25.,23.5));
#4414 = VECTOR('',#4415,1.);
#4415 = DIRECTION('',(1.,0.,0.));
#4416 = ORIENTED_EDGE('',*,*,#4417,.T.);
#4417 = EDGE_CURVE('',#4410,#4410,#4418,.T.);
#4418 = CIRCLE('',#4419,10.5);
#4419 = AXIS2_PLACEMENT_3D('',#4420,#4421,#4422);
#4420 = CARTESIAN_POINT('',(72.6,25.,13.));
#4421 = DIRECTION('',(1.,0.,0.));
#4422 = DIRECTION('',(-0.,0.,1.));
#4423 = ORIENTED_EDGE('',*,*,#4409,.T.);
#4424 = CYLINDRICAL_SURFACE('',#4425,10.5);
#4425 = AXIS2_PLACEMENT_3D('',#4426,#4427,#4428);
#4426 = CARTESIAN_POINT('',(72.6,25.,13.));
#4427 = DIRECTION('',(1.,0.,0.));
#4428 = DIRECTION('',(-0.,0.,1.));
#4429 = ADVANCED_FACE('',(#4430),#4450,.F.);
#4430 = FACE_BOUND('',#4431,.F.);
#4431 = EDGE_LOOP('',(#4432,#4433,#4441,#4448,#4449));
#4432 = ORIENTED_EDGE('',*,*,#2777,.F.);
#4433 = ORIENTED_EDGE('',*,*,#4434,.T.);
#4434 = EDGE_CURVE('',#2769,#4435,#4437,.T.);
#4435 = VERTEX_POINT('',#4436);
#4436 = CARTESIAN_POINT('',(76.75,-4.5,-5.5));
#4437 = LINE('',#4438,#4439);
#4438 = CARTESIAN_POINT('',(76.75,-4.5,-9.01));
#4439 = VECTOR('',#4440,1.);
#4440 = DIRECTION('',(0.,0.,1.));
#4441 = ORIENTED_EDGE('',*,*,#4442,.F.);
#4442 = EDGE_CURVE('',#4435,#4435,#4443,.T.);
#4443 = CIRCLE('',#4444,3.25);
#4444 = AXIS2_PLACEMENT_3D('',#4445,#4446,#4447);
#4445 = CARTESIAN_POINT('',(73.5,-4.5,-5.5));
#4446 = DIRECTION('',(0.,0.,1.));
#4447 = DIRECTION('',(1.,0.,-0.));
#4448 = ORIENTED_EDGE('',*,*,#4434,.F.);
#4449 = ORIENTED_EDGE('',*,*,#2768,.F.);
#4450 = CYLINDRICAL_SURFACE('',#4451,3.25);
#4451 = AXIS2_PLACEMENT_3D('',#4452,#4453,#4454);
#4452 = CARTESIAN_POINT('',(73.5,-4.5,-9.01));
#4453 = DIRECTION('',(0.,0.,1.));
#4454 = DIRECTION('',(1.,0.,-0.));
#4455 = ADVANCED_FACE('',(#4456),#4463,.F.);
#4456 = FACE_BOUND('',#4457,.F.);
#4457 = EDGE_LOOP('',(#4458,#4459,#4460,#4461,#4462));
#4458 = ORIENTED_EDGE('',*,*,#2825,.F.);
#4459 = ORIENTED_EDGE('',*,*,#2792,.F.);
#4460 = ORIENTED_EDGE('',*,*,#2898,.T.);
#4461 = ORIENTED_EDGE('',*,*,#2880,.F.);
#4462 = ORIENTED_EDGE('',*,*,#2847,.T.);
#4463 = PLANE('',#4464);
#4464 = AXIS2_PLACEMENT_3D('',#4465,#4466,#4467);
#4465 = CARTESIAN_POINT('',(-2.6,-2.6,-4.));
#4466 = DIRECTION('',(0.,0.,1.));
#4467 = DIRECTION('',(1.,0.,-0.));
#4468 = ADVANCED_FACE('',(#4469),#4475,.F.);
#4469 = FACE_BOUND('',#4470,.F.);
#4470 = EDGE_LOOP('',(#4471,#4472,#4473,#4474));
#4471 = ORIENTED_EDGE('',*,*,#2946,.F.);
#4472 = ORIENTED_EDGE('',*,*,#2913,.F.);
#4473 = ORIENTED_EDGE('',*,*,#2994,.T.);
#4474 = ORIENTED_EDGE('',*,*,#2968,.T.);
#4475 = PLANE('',#4476);
#4476 = AXIS2_PLACEMENT_3D('',#4477,#4478,#4479);
#4477 = CARTESIAN_POINT('',(-2.6,-2.6,-4.));
#4478 = DIRECTION('',(0.,0.,1.));
#4479 = DIRECTION('',(1.,0.,-0.));
#4480 = ADVANCED_FACE('',(#4481),#4501,.F.);
#4481 = FACE_BOUND('',#4482,.F.);
#4482 = EDGE_LOOP('',(#4483,#4484,#4492,#4499,#4500));
#4483 = ORIENTED_EDGE('',*,*,#3028,.F.);
#4484 = ORIENTED_EDGE('',*,*,#4485,.T.);
#4485 = EDGE_CURVE('',#3020,#4486,#4488,.T.);
#4486 = VERTEX_POINT('',#4487);
#4487 = CARTESIAN_POINT('',(-1.25,-4.5,-5.5));
#4488 = LINE('',#4489,#4490);
#4489 = CARTESIAN_POINT('',(-1.25,-4.5,-9.01));
#4490 = VECTOR('',#4491,1.);
#4491 = DIRECTION('',(0.,0.,1.));
#4492 = ORIENTED_EDGE('',*,*,#4493,.F.);
#4493 = EDGE_CURVE('',#4486,#4486,#4494,.T.);
#4494 = CIRCLE('',#4495,3.25);
#4495 = AXIS2_PLACEMENT_3D('',#4496,#4497,#4498);
#4496 = CARTESIAN_POINT('',(-4.5,-4.5,-5.5));
#4497 = DIRECTION('',(0.,0.,1.));
#4498 = DIRECTION('',(1.,0.,-0.));
#4499 = ORIENTED_EDGE('',*,*,#4485,.F.);
#4500 = ORIENTED_EDGE('',*,*,#3019,.F.);
#4501 = CYLINDRICAL_SURFACE('',#4502,3.25);
#4502 = AXIS2_PLACEMENT_3D('',#4503,#4504,#4505);
#4503 = CARTESIAN_POINT('',(-4.5,-4.5,-9.01));
#4504 = DIRECTION('',(0.,0.,1.));
#4505 = DIRECTION('',(1.,0.,-0.));
#4506 = ADVANCED_FACE('',(#4507),#4514,.F.);
#4507 = FACE_BOUND('',#4508,.F.);
#4508 = EDGE_LOOP('',(#4509,#4510,#4511,#4512,#4513));
#4509 = ORIENTED_EDGE('',*,*,#3076,.F.);
#4510 = ORIENTED_EDGE('',*,*,#3043,.F.);
#4511 = ORIENTED_EDGE('',*,*,#3148,.F.);
#4512 = ORIENTED_EDGE('',*,*,#3131,.T.);
#4513 = ORIENTED_EDGE('',*,*,#3098,.T.);
#4514 = PLANE('',#4515);
#4515 = AXIS2_PLACEMENT_3D('',#4516,#4517,#4518);
#4516 = CARTESIAN_POINT('',(-2.6,-2.6,-4.));
#4517 = DIRECTION('',(0.,0.,1.));
#4518 = DIRECTION('',(1.,0.,-0.));
#4519 = ADVANCED_FACE('',(#4520),#4526,.F.);
#4520 = FACE_BOUND('',#4521,.F.);
#4521 = EDGE_LOOP('',(#4522,#4523,#4524,#4525));
#4522 = ORIENTED_EDGE('',*,*,#3173,.F.);
#4523 = ORIENTED_EDGE('',*,*,#3243,.F.);
#4524 = ORIENTED_EDGE('',*,*,#3228,.T.);
#4525 = ORIENTED_EDGE('',*,*,#3195,.T.);
#4526 = PLANE('',#4527);
#4527 = AXIS2_PLACEMENT_3D('',#4528,#4529,#4530);
#4528 = CARTESIAN_POINT('',(-2.6,-2.6,-4.));
#4529 = DIRECTION('',(0.,0.,1.));
#4530 = DIRECTION('',(1.,0.,-0.));
#4531 = ADVANCED_FACE('',(#4532),#4539,.F.);
#4532 = FACE_BOUND('',#4533,.F.);
#4533 = EDGE_LOOP('',(#4534,#4535,#4536,#4537,#4538));
#4534 = ORIENTED_EDGE('',*,*,#3269,.F.);
#4535 = ORIENTED_EDGE('',*,*,#3364,.F.);
#4536 = ORIENTED_EDGE('',*,*,#3349,.T.);
#4537 = ORIENTED_EDGE('',*,*,#3316,.T.);
#4538 = ORIENTED_EDGE('',*,*,#3301,.F.);
#4539 = PLANE('',#4540);
#4540 = AXIS2_PLACEMENT_3D('',#4541,#4542,#4543);
#4541 = CARTESIAN_POINT('',(-2.6,-2.6,-4.));
#4542 = DIRECTION('',(0.,0.,1.));
#4543 = DIRECTION('',(1.,0.,-0.));
#4544 = ADVANCED_FACE('',(#4545),#4565,.F.);
#4545 = FACE_BOUND('',#4546,.F.);
#4546 = EDGE_LOOP('',(#4547,#4548,#4556,#4563,#4564));
#4547 = ORIENTED_EDGE('',*,*,#3400,.F.);
#4548 = ORIENTED_EDGE('',*,*,#4549,.T.);
#4549 = EDGE_CURVE('',#3392,#4550,#4552,.T.);
#4550 = VERTEX_POINT('',#4551);
#4551 = CARTESIAN_POINT('',(76.75,54.5,-5.5));
#4552 = LINE('',#4553,#4554);
#4553 = CARTESIAN_POINT('',(76.75,54.5,-9.01));
#4554 = VECTOR('',#4555,1.);
#4555 = DIRECTION('',(0.,0.,1.));
#4556 = ORIENTED_EDGE('',*,*,#4557,.F.);
#4557 = EDGE_CURVE('',#4550,#4550,#4558,.T.);
#4558 = CIRCLE('',#4559,3.25);
#4559 = AXIS2_PLACEMENT_3D('',#4560,#4561,#4562);
#4560 = CARTESIAN_POINT('',(73.5,54.5,-5.5));
#4561 = DIRECTION('',(0.,0.,1.));
#4562 = DIRECTION('',(1.,0.,-0.));
#4563 = ORIENTED_EDGE('',*,*,#4549,.F.);
#4564 = ORIENTED_EDGE('',*,*,#3391,.F.);
#4565 = CYLINDRICAL_SURFACE('',#4566,3.25);
#4566 = AXIS2_PLACEMENT_3D('',#4567,#4568,#4569);
#4567 = CARTESIAN_POINT('',(73.5,54.5,-9.01));
#4568 = DIRECTION('',(0.,0.,1.));
#4569 = DIRECTION('',(1.,0.,-0.));
#4570 = ADVANCED_FACE('',(#4571),#4577,.F.);
#4571 = FACE_BOUND('',#4572,.F.);
#4572 = EDGE_LOOP('',(#4573,#4574,#4575,#4576));
#4573 = ORIENTED_EDGE('',*,*,#3424,.F.);
#4574 = ORIENTED_EDGE('',*,*,#3494,.F.);
#4575 = ORIENTED_EDGE('',*,*,#3479,.T.);
#4576 = ORIENTED_EDGE('',*,*,#3446,.T.);
#4577 = PLANE('',#4578);
#4578 = AXIS2_PLACEMENT_3D('',#4579,#4580,#4581);
#4579 = CARTESIAN_POINT('',(-2.6,-2.6,-4.));
#4580 = DIRECTION('',(0.,0.,1.));
#4581 = DIRECTION('',(1.,0.,-0.));
#4582 = ADVANCED_FACE('',(#4583),#4589,.F.);
#4583 = FACE_BOUND('',#4584,.F.);
#4584 = EDGE_LOOP('',(#4585,#4586,#4587,#4588));
#4585 = ORIENTED_EDGE('',*,*,#3544,.F.);
#4586 = ORIENTED_EDGE('',*,*,#3511,.F.);
#4587 = ORIENTED_EDGE('',*,*,#3592,.T.);
#4588 = ORIENTED_EDGE('',*,*,#3566,.T.);
#4589 = PLANE('',#4590);
#4590 = AXIS2_PLACEMENT_3D('',#4591,#4592,#4593);
#4591 = CARTESIAN_POINT('',(-2.6,-2.6,-4.));
#4592 = DIRECTION('',(0.,0.,1.));
#4593 = DIRECTION('',(1.,0.,-0.));
#4594 = ADVANCED_FACE('',(#4595),#4601,.F.);
#4595 = FACE_BOUND('',#4596,.F.);
#4596 = EDGE_LOOP('',(#4597,#4598,#4599,#4600));
#4597 = ORIENTED_EDGE('',*,*,#3616,.F.);
#4598 = ORIENTED_EDGE('',*,*,#3686,.F.);
#4599 = ORIENTED_EDGE('',*,*,#3671,.T.);
#4600 = ORIENTED_EDGE('',*,*,#3638,.T.);
#4601 = PLANE('',#4602);
#4602 = AXIS2_PLACEMENT_3D('',#4603,#4604,#4605);
#4603 = CARTESIAN_POINT('',(-2.6,-2.6,-4.));
#4604 = DIRECTION('',(0.,0.,1.));
#4605 = DIRECTION('',(1.,0.,-0.));
#4606 = ADVANCED_FACE('',(#4607),#4614,.F.);
#4607 = FACE_BOUND('',#4608,.F.);
#4608 = EDGE_LOOP('',(#4609,#4610,#4611,#4612,#4613));
#4609 = ORIENTED_EDGE('',*,*,#3761,.F.);
#4610 = ORIENTED_EDGE('',*,*,#3744,.F.);
#4611 = ORIENTED_EDGE('',*,*,#3703,.F.);
#4612 = ORIENTED_EDGE('',*,*,#3809,.T.);
#4613 = ORIENTED_EDGE('',*,*,#3783,.T.);
#4614 = PLANE('',#4615);
#4615 = AXIS2_PLACEMENT_3D('',#4616,#4617,#4618);
#4616 = CARTESIAN_POINT('',(-2.6,-2.6,-4.));
#4617 = DIRECTION('',(0.,0.,1.));
#4618 = DIRECTION('',(1.,0.,-0.));
#4619 = ADVANCED_FACE('',(#4620),#4640,.F.);
#4620 = FACE_BOUND('',#4621,.F.);
#4621 = EDGE_LOOP('',(#4622,#4623,#4631,#4638,#4639));
#4622 = ORIENTED_EDGE('',*,*,#3843,.F.);
#4623 = ORIENTED_EDGE('',*,*,#4624,.T.);
#4624 = EDGE_CURVE('',#3835,#4625,#4627,.T.);
#4625 = VERTEX_POINT('',#4626);
#4626 = CARTESIAN_POINT('',(-1.25,54.5,-5.5));
#4627 = LINE('',#4628,#4629);
#4628 = CARTESIAN_POINT('',(-1.25,54.5,-9.01));
#4629 = VECTOR('',#4630,1.);
#4630 = DIRECTION('',(0.,0.,1.));
#4631 = ORIENTED_EDGE('',*,*,#4632,.F.);
#4632 = EDGE_CURVE('',#4625,#4625,#4633,.T.);
#4633 = CIRCLE('',#4634,3.25);
#4634 = AXIS2_PLACEMENT_3D('',#4635,#4636,#4637);
#4635 = CARTESIAN_POINT('',(-4.5,54.5,-5.5));
#4636 = DIRECTION('',(0.,0.,1.));
#4637 = DIRECTION('',(1.,0.,-0.));
#4638 = ORIENTED_EDGE('',*,*,#4624,.F.);
#4639 = ORIENTED_EDGE('',*,*,#3834,.F.);
#4640 = CYLINDRICAL_SURFACE('',#4641,3.25);
#4641 = AXIS2_PLACEMENT_3D('',#4642,#4643,#4644);
#4642 = CARTESIAN_POINT('',(-4.5,54.5,-9.01));
#4643 = DIRECTION('',(0.,0.,1.));
#4644 = DIRECTION('',(1.,0.,-0.));
#4645 = ADVANCED_FACE('',(#4646),#4665,.F.);
#4646 = FACE_BOUND('',#4647,.F.);
#4647 = EDGE_LOOP('',(#4648,#4649,#4657,#4664));
#4648 = ORIENTED_EDGE('',*,*,#3867,.F.);
#4649 = ORIENTED_EDGE('',*,*,#4650,.F.);
#4650 = EDGE_CURVE('',#4651,#3860,#4653,.T.);
#4651 = VERTEX_POINT('',#4652);
#4652 = CARTESIAN_POINT('',(-2.7,-4.5,-2.));
#4653 = LINE('',#4654,#4655);
#4654 = CARTESIAN_POINT('',(-2.7,-4.5,-2.));
#4655 = VECTOR('',#4656,1.);
#4656 = DIRECTION('',(0.,0.,1.));
#4657 = ORIENTED_EDGE('',*,*,#4658,.T.);
#4658 = EDGE_CURVE('',#4651,#4651,#4659,.T.);
#4659 = CIRCLE('',#4660,1.8);
#4660 = AXIS2_PLACEMENT_3D('',#4661,#4662,#4663);
#4661 = CARTESIAN_POINT('',(-4.5,-4.5,-2.));
#4662 = DIRECTION('',(0.,0.,1.));
#4663 = DIRECTION('',(1.,0.,-0.));
#4664 = ORIENTED_EDGE('',*,*,#4650,.T.);
#4665 = CYLINDRICAL_SURFACE('',#4666,1.8);
#4666 = AXIS2_PLACEMENT_3D('',#4667,#4668,#4669);
#4667 = CARTESIAN_POINT('',(-4.5,-4.5,-2.));
#4668 = DIRECTION('',(0.,0.,1.));
#4669 = DIRECTION('',(1.,0.,-0.));
#4670 = ADVANCED_FACE('',(#4671),#4690,.F.);
#4671 = FACE_BOUND('',#4672,.F.);
#4672 = EDGE_LOOP('',(#4673,#4674,#4682,#4689));
#4673 = ORIENTED_EDGE('',*,*,#3892,.F.);
#4674 = ORIENTED_EDGE('',*,*,#4675,.F.);
#4675 = EDGE_CURVE('',#4676,#3885,#4678,.T.);
#4676 = VERTEX_POINT('',#4677);
#4677 = CARTESIAN_POINT('',(75.3,-4.5,-2.));
#4678 = LINE('',#4679,#4680);
#4679 = CARTESIAN_POINT('',(75.3,-4.5,-2.));
#4680 = VECTOR('',#4681,1.);
#4681 = DIRECTION('',(0.,0.,1.));
#4682 = ORIENTED_EDGE('',*,*,#4683,.T.);
#4683 = EDGE_CURVE('',#4676,#4676,#4684,.T.);
#4684 = CIRCLE('',#4685,1.8);
#4685 = AXIS2_PLACEMENT_3D('',#4686,#4687,#4688);
#4686 = CARTESIAN_POINT('',(73.5,-4.5,-2.));
#4687 = DIRECTION('',(0.,0.,1.));
#4688 = DIRECTION('',(1.,0.,-0.));
#4689 = ORIENTED_EDGE('',*,*,#4675,.T.);
#4690 = CYLINDRICAL_SURFACE('',#4691,1.8);
#4691 = AXIS2_PLACEMENT_3D('',#4692,#4693,#4694);
#4692 = CARTESIAN_POINT('',(73.5,-4.5,-2.));
#4693 = DIRECTION('',(0.,0.,1.));
#4694 = DIRECTION('',(1.,0.,-0.));
#4695 = ADVANCED_FACE('',(#4696),#4715,.F.);
#4696 = FACE_BOUND('',#4697,.F.);
#4697 = EDGE_LOOP('',(#4698,#4699,#4707,#4714));
#4698 = ORIENTED_EDGE('',*,*,#3917,.F.);
#4699 = ORIENTED_EDGE('',*,*,#4700,.F.);
#4700 = EDGE_CURVE('',#4701,#3910,#4703,.T.);
#4701 = VERTEX_POINT('',#4702);
#4702 = CARTESIAN_POINT('',(-2.7,54.5,-2.));
#4703 = LINE('',#4704,#4705);
#4704 = CARTESIAN_POINT('',(-2.7,54.5,-2.));
#4705 = VECTOR('',#4706,1.);
#4706 = DIRECTION('',(0.,0.,1.));
#4707 = ORIENTED_EDGE('',*,*,#4708,.T.);
#4708 = EDGE_CURVE('',#4701,#4701,#4709,.T.);
#4709 = CIRCLE('',#4710,1.8);
#4710 = AXIS2_PLACEMENT_3D('',#4711,#4712,#4713);
#4711 = CARTESIAN_POINT('',(-4.5,54.5,-2.));
#4712 = DIRECTION('',(0.,0.,1.));
#4713 = DIRECTION('',(1.,0.,-0.));
#4714 = ORIENTED_EDGE('',*,*,#4700,.T.);
#4715 = CYLINDRICAL_SURFACE('',#4716,1.8);
#4716 = AXIS2_PLACEMENT_3D('',#4717,#4718,#4719);
#4717 = CARTESIAN_POINT('',(-4.5,54.5,-2.));
#4718 = DIRECTION('',(0.,0.,1.));
#4719 = DIRECTION('',(1.,0.,-0.));
#4720 = ADVANCED_FACE('',(#4721,#4731),#4801,.T.);
#4721 = FACE_BOUND('',#4722,.T.);
#4722 = EDGE_LOOP('',(#4723,#4724,#4725,#4726,#4727,#4728,#4729,#4730));
#4723 = ORIENTED_EDGE('',*,*,#3967,.F.);
#4724 = ORIENTED_EDGE('',*,*,#3941,.T.);
#4725 = ORIENTED_EDGE('',*,*,#3989,.T.);
#4726 = ORIENTED_EDGE('',*,*,#4046,.F.);
#4727 = ORIENTED_EDGE('',*,*,#4089,.T.);
#4728 = ORIENTED_EDGE('',*,*,#4112,.T.);
#4729 = ORIENTED_EDGE('',*,*,#4063,.F.);
#4730 = ORIENTED_EDGE('',*,*,#4014,.F.);
#4731 = FACE_BOUND('',#4732,.T.);
#4732 = EDGE_LOOP('',(#4733,#4744,#4752,#4761,#4769,#4778,#4786,#4795));
#4733 = ORIENTED_EDGE('',*,*,#4734,.F.);
#4734 = EDGE_CURVE('',#4735,#4737,#4739,.T.);
#4735 = VERTEX_POINT('',#4736);
#4736 = CARTESIAN_POINT('',(-1.1,2.,26.5));
#4737 = VERTEX_POINT('',#4738);
#4738 = CARTESIAN_POINT('',(2.,-1.1,26.5));
#4739 = CIRCLE('',#4740,3.1);
#4740 = AXIS2_PLACEMENT_3D('',#4741,#4742,#4743);
#4741 = CARTESIAN_POINT('',(2.,2.,26.5));
#4742 = DIRECTION('',(0.,0.,1.));
#4743 = DIRECTION('',(-1.,-0.,0.));
#4744 = ORIENTED_EDGE('',*,*,#4745,.T.);
#4745 = EDGE_CURVE('',#4735,#4746,#4748,.T.);
#4746 = VERTEX_POINT('',#4747);
#4747 = CARTESIAN_POINT('',(-1.1,48.,26.5));
#4748 = LINE('',#4749,#4750);
#4749 = CARTESIAN_POINT('',(-1.1,-2.3,26.5));
#4750 = VECTOR('',#4751,1.);
#4751 = DIRECTION('',(-0.,1.,0.));
#4752 = ORIENTED_EDGE('',*,*,#4753,.F.);
#4753 = EDGE_CURVE('',#4754,#4746,#4756,.T.);
#4754 = VERTEX_POINT('',#4755);
#4755 = CARTESIAN_POINT('',(2.,51.1,26.5));
#4756 = CIRCLE('',#4757,3.1);
#4757 = AXIS2_PLACEMENT_3D('',#4758,#4759,#4760);
#4758 = CARTESIAN_POINT('',(2.,48.,26.5));
#4759 = DIRECTION('',(0.,0.,1.));
#4760 = DIRECTION('',(-1.,-0.,0.));
#4761 = ORIENTED_EDGE('',*,*,#4762,.F.);
#4762 = EDGE_CURVE('',#4763,#4754,#4765,.T.);
#4763 = VERTEX_POINT('',#4764);
#4764 = CARTESIAN_POINT('',(67.,51.1,26.5));
#4765 = LINE('',#4766,#4767);
#4766 = CARTESIAN_POINT('',(-2.3,51.1,26.5));
#4767 = VECTOR('',#4768,1.);
#4768 = DIRECTION('',(-1.,-0.,0.));
#4769 = ORIENTED_EDGE('',*,*,#4770,.F.);
#4770 = EDGE_CURVE('',#4771,#4763,#4773,.T.);
#4771 = VERTEX_POINT('',#4772);
#4772 = CARTESIAN_POINT('',(70.1,48.,26.5));
#4773 = CIRCLE('',#4774,3.1);
#4774 = AXIS2_PLACEMENT_3D('',#4775,#4776,#4777);
#4775 = CARTESIAN_POINT('',(67.,48.,26.5));
#4776 = DIRECTION('',(0.,0.,1.));
#4777 = DIRECTION('',(1.,0.,-0.));
#4778 = ORIENTED_EDGE('',*,*,#4779,.F.);
#4779 = EDGE_CURVE('',#4780,#4771,#4782,.T.);
#4780 = VERTEX_POINT('',#4781);
#4781 = CARTESIAN_POINT('',(70.1,2.,26.5));
#4782 = LINE('',#4783,#4784);
#4783 = CARTESIAN_POINT('',(70.1,-2.3,26.5));
#4784 = VECTOR('',#4785,1.);
#4785 = DIRECTION('',(-0.,1.,0.));
#4786 = ORIENTED_EDGE('',*,*,#4787,.F.);
#4787 = EDGE_CURVE('',#4788,#4780,#4790,.T.);
#4788 = VERTEX_POINT('',#4789);
#4789 = CARTESIAN_POINT('',(67.,-1.1,26.5));
#4790 = CIRCLE('',#4791,3.1);
#4791 = AXIS2_PLACEMENT_3D('',#4792,#4793,#4794);
#4792 = CARTESIAN_POINT('',(67.,2.,26.5));
#4793 = DIRECTION('',(0.,0.,1.));
#4794 = DIRECTION('',(1.,0.,-0.));
#4795 = ORIENTED_EDGE('',*,*,#4796,.T.);
#4796 = EDGE_CURVE('',#4788,#4737,#4797,.T.);
#4797 = LINE('',#4798,#4799);
#4798 = CARTESIAN_POINT('',(-2.3,-1.1,26.5));
#4799 = VECTOR('',#4800,1.);
#4800 = DIRECTION('',(-1.,-0.,0.));
#4801 = PLANE('',#4802);
#4802 = AXIS2_PLACEMENT_3D('',#4803,#4804,#4805);
#4803 = CARTESIAN_POINT('',(-3.5,-3.5,26.5));
#4804 = DIRECTION('',(0.,0.,1.));
#4805 = DIRECTION('',(1.,0.,-0.));
#4806 = ADVANCED_FACE('',(#4807),#4826,.F.);
#4807 = FACE_BOUND('',#4808,.F.);
#4808 = EDGE_LOOP('',(#4809,#4810,#4818,#4825));
#4809 = ORIENTED_EDGE('',*,*,#4138,.F.);
#4810 = ORIENTED_EDGE('',*,*,#4811,.F.);
#4811 = EDGE_CURVE('',#4812,#4131,#4814,.T.);
#4812 = VERTEX_POINT('',#4813);
#4813 = CARTESIAN_POINT('',(75.3,54.5,-2.));
#4814 = LINE('',#4815,#4816);
#4815 = CARTESIAN_POINT('',(75.3,54.5,-2.));
#4816 = VECTOR('',#4817,1.);
#4817 = DIRECTION('',(0.,0.,1.));
#4818 = ORIENTED_EDGE('',*,*,#4819,.T.);
#4819 = EDGE_CURVE('',#4812,#4812,#4820,.T.);
#4820 = CIRCLE('',#4821,1.8);
#4821 = AXIS2_PLACEMENT_3D('',#4822,#4823,#4824);
#4822 = CARTESIAN_POINT('',(73.5,54.5,-2.));
#4823 = DIRECTION('',(0.,0.,1.));
#4824 = DIRECTION('',(1.,0.,-0.));
#4825 = ORIENTED_EDGE('',*,*,#4811,.T.);
#4826 = CYLINDRICAL_SURFACE('',#4827,1.8);
#4827 = AXIS2_PLACEMENT_3D('',#4828,#4829,#4830);
#4828 = CARTESIAN_POINT('',(73.5,54.5,-2.));
#4829 = DIRECTION('',(0.,0.,1.));
#4830 = DIRECTION('',(1.,0.,-0.));
#4831 = ADVANCED_FACE('',(#4832,#4914),#4917,.T.);
#4832 = FACE_BOUND('',#4833,.T.);
#4833 = EDGE_LOOP('',(#4834,#4844,#4852,#4860,#4868,#4876,#4884,#4892,
    #4900,#4908));
#4834 = ORIENTED_EDGE('',*,*,#4835,.F.);
#4835 = EDGE_CURVE('',#4836,#4838,#4840,.T.);
#4836 = VERTEX_POINT('',#4837);
#4837 = CARTESIAN_POINT('',(-4.440892098501E-16,2.,28.));
#4838 = VERTEX_POINT('',#4839);
#4839 = CARTESIAN_POINT('',(0.,38.5,28.));
#4840 = LINE('',#4841,#4842);
#4841 = CARTESIAN_POINT('',(0.,12.5,28.));
#4842 = VECTOR('',#4843,1.);
#4843 = DIRECTION('',(-0.,1.,0.));
#4844 = ORIENTED_EDGE('',*,*,#4845,.F.);
#4845 = EDGE_CURVE('',#4846,#4836,#4848,.T.);
#4846 = VERTEX_POINT('',#4847);
#4847 = CARTESIAN_POINT('',(-4.440892098501E-16,2.,0.));
#4848 = LINE('',#4849,#4850);
#4849 = CARTESIAN_POINT('',(-4.440892098501E-16,2.,0.));
#4850 = VECTOR('',#4851,1.);
#4851 = DIRECTION('',(0.,0.,1.));
#4852 = ORIENTED_EDGE('',*,*,#4853,.T.);
#4853 = EDGE_CURVE('',#4846,#4854,#4856,.T.);
#4854 = VERTEX_POINT('',#4855);
#4855 = CARTESIAN_POINT('',(0.,11.5,0.));
#4856 = LINE('',#4857,#4858);
#4857 = CARTESIAN_POINT('',(0.,0.,0.));
#4858 = VECTOR('',#4859,1.);
#4859 = DIRECTION('',(-0.,1.,0.));
#4860 = ORIENTED_EDGE('',*,*,#4861,.T.);
#4861 = EDGE_CURVE('',#4854,#4862,#4864,.T.);
#4862 = VERTEX_POINT('',#4863);
#4863 = CARTESIAN_POINT('',(0.,11.5,12.));
#4864 = LINE('',#4865,#4866);
#4865 = CARTESIAN_POINT('',(0.,11.5,0.));
#4866 = VECTOR('',#4867,1.);
#4867 = DIRECTION('',(0.,0.,1.));
#4868 = ORIENTED_EDGE('',*,*,#4869,.T.);
#4869 = EDGE_CURVE('',#4862,#4870,#4872,.T.);
#4870 = VERTEX_POINT('',#4871);
#4871 = CARTESIAN_POINT('',(-2.22044604925E-16,48.,12.));
#4872 = LINE('',#4873,#4874);
#4873 = CARTESIAN_POINT('',(0.,11.5,12.));
#4874 = VECTOR('',#4875,1.);
#4875 = DIRECTION('',(-0.,1.,0.));
#4876 = ORIENTED_EDGE('',*,*,#4877,.T.);
#4877 = EDGE_CURVE('',#4870,#4878,#4880,.T.);
#4878 = VERTEX_POINT('',#4879);
#4879 = CARTESIAN_POINT('',(-4.440892098501E-16,48.,28.));
#4880 = LINE('',#4881,#4882);
#4881 = CARTESIAN_POINT('',(-4.440892098501E-16,48.,0.));
#4882 = VECTOR('',#4883,1.);
#4883 = DIRECTION('',(0.,0.,1.));
#4884 = ORIENTED_EDGE('',*,*,#4885,.F.);
#4885 = EDGE_CURVE('',#4886,#4878,#4888,.T.);
#4886 = VERTEX_POINT('',#4887);
#4887 = CARTESIAN_POINT('',(0.,41.5,28.));
#4888 = LINE('',#4889,#4890);
#4889 = CARTESIAN_POINT('',(0.,12.5,28.));
#4890 = VECTOR('',#4891,1.);
#4891 = DIRECTION('',(-0.,1.,0.));
#4892 = ORIENTED_EDGE('',*,*,#4893,.F.);
#4893 = EDGE_CURVE('',#4894,#4886,#4896,.T.);
#4894 = VERTEX_POINT('',#4895);
#4895 = CARTESIAN_POINT('',(0.,41.5,25.5));
#4896 = LINE('',#4897,#4898);
#4897 = CARTESIAN_POINT('',(0.,41.5,25.5));
#4898 = VECTOR('',#4899,1.);
#4899 = DIRECTION('',(0.,0.,1.));
#4900 = ORIENTED_EDGE('',*,*,#4901,.F.);
#4901 = EDGE_CURVE('',#4902,#4894,#4904,.T.);
#4902 = VERTEX_POINT('',#4903);
#4903 = CARTESIAN_POINT('',(0.,38.5,25.5));
#4904 = LINE('',#4905,#4906);
#4905 = CARTESIAN_POINT('',(0.,38.5,25.5));
#4906 = VECTOR('',#4907,1.);
#4907 = DIRECTION('',(-0.,1.,0.));
#4908 = ORIENTED_EDGE('',*,*,#4909,.T.);
#4909 = EDGE_CURVE('',#4902,#4838,#4910,.T.);
#4910 = LINE('',#4911,#4912);
#4911 = CARTESIAN_POINT('',(0.,38.5,25.5));
#4912 = VECTOR('',#4913,1.);
#4913 = DIRECTION('',(0.,0.,1.));
#4914 = FACE_BOUND('',#4915,.T.);
#4915 = EDGE_LOOP('',(#4916));
#4916 = ORIENTED_EDGE('',*,*,#4287,.F.);
#4917 = PLANE('',#4918);
#4918 = AXIS2_PLACEMENT_3D('',#4919,#4920,#4921);
#4919 = CARTESIAN_POINT('',(0.,0.,0.));
#4920 = DIRECTION('',(1.,0.,-0.));
#4921 = DIRECTION('',(0.,0.,1.));
#4922 = ADVANCED_FACE('',(#4923,#4929),#4940,.F.);
#4923 = FACE_BOUND('',#4924,.F.);
#4924 = EDGE_LOOP('',(#4925,#4926,#4927,#4928));
#4925 = ORIENTED_EDGE('',*,*,#4392,.F.);
#4926 = ORIENTED_EDGE('',*,*,#4312,.T.);
#4927 = ORIENTED_EDGE('',*,*,#4344,.T.);
#4928 = ORIENTED_EDGE('',*,*,#4367,.F.);
#4929 = FACE_BOUND('',#4930,.F.);
#4930 = EDGE_LOOP('',(#4931));
#4931 = ORIENTED_EDGE('',*,*,#4932,.F.);
#4932 = EDGE_CURVE('',#4933,#4933,#4935,.T.);
#4933 = VERTEX_POINT('',#4934);
#4934 = CARTESIAN_POINT('',(-7.6,7.5,20.5));
#4935 = CIRCLE('',#4936,1.);
#4936 = AXIS2_PLACEMENT_3D('',#4937,#4938,#4939);
#4937 = CARTESIAN_POINT('',(-7.6,7.5,19.5));
#4938 = DIRECTION('',(1.,0.,0.));
#4939 = DIRECTION('',(-0.,0.,1.));
#4940 = PLANE('',#4941);
#4941 = AXIS2_PLACEMENT_3D('',#4942,#4943,#4944);
#4942 = CARTESIAN_POINT('',(-7.6,4.,16.5));
#4943 = DIRECTION('',(1.,0.,-0.));
#4944 = DIRECTION('',(0.,0.,1.));
#4945 = ADVANCED_FACE('',(#4946,#4949),#4960,.T.);
#4946 = FACE_BOUND('',#4947,.T.);
#4947 = EDGE_LOOP('',(#4948));
#4948 = ORIENTED_EDGE('',*,*,#4417,.T.);
#4949 = FACE_BOUND('',#4950,.T.);
#4950 = EDGE_LOOP('',(#4951));
#4951 = ORIENTED_EDGE('',*,*,#4952,.F.);
#4952 = EDGE_CURVE('',#4953,#4953,#4955,.T.);
#4953 = VERTEX_POINT('',#4954);
#4954 = CARTESIAN_POINT('',(72.6,25.,19.7));
#4955 = CIRCLE('',#4956,6.7);
#4956 = AXIS2_PLACEMENT_3D('',#4957,#4958,#4959);
#4957 = CARTESIAN_POINT('',(72.6,25.,13.));
#4958 = DIRECTION('',(1.,0.,0.));
#4959 = DIRECTION('',(-0.,0.,1.));
#4960 = PLANE('',#4961);
#4961 = AXIS2_PLACEMENT_3D('',#4962,#4963,#4964);
#4962 = CARTESIAN_POINT('',(72.6,25.,13.));
#4963 = DIRECTION('',(1.,0.,0.));
#4964 = DIRECTION('',(-0.,0.,1.));
#4965 = ADVANCED_FACE('',(#4966,#4969),#4980,.F.);
#4966 = FACE_BOUND('',#4967,.F.);
#4967 = EDGE_LOOP('',(#4968));
#4968 = ORIENTED_EDGE('',*,*,#4442,.T.);
#4969 = FACE_BOUND('',#4970,.F.);
#4970 = EDGE_LOOP('',(#4971));
#4971 = ORIENTED_EDGE('',*,*,#4972,.F.);
#4972 = EDGE_CURVE('',#4973,#4973,#4975,.T.);
#4973 = VERTEX_POINT('',#4974);
#4974 = CARTESIAN_POINT('',(75.3,-4.5,-5.5));
#4975 = CIRCLE('',#4976,1.8);
#4976 = AXIS2_PLACEMENT_3D('',#4977,#4978,#4979);
#4977 = CARTESIAN_POINT('',(73.5,-4.5,-5.5));
#4978 = DIRECTION('',(0.,0.,1.));
#4979 = DIRECTION('',(1.,0.,-0.));
#4980 = PLANE('',#4981);
#4981 = AXIS2_PLACEMENT_3D('',#4982,#4983,#4984);
#4982 = CARTESIAN_POINT('',(73.5,-4.5,-5.5));
#4983 = DIRECTION('',(0.,0.,1.));
#4984 = DIRECTION('',(1.,0.,-0.));
#4985 = ADVANCED_FACE('',(#4986,#4989),#5000,.F.);
#4986 = FACE_BOUND('',#4987,.F.);
#4987 = EDGE_LOOP('',(#4988));
#4988 = ORIENTED_EDGE('',*,*,#4493,.T.);
#4989 = FACE_BOUND('',#4990,.F.);
#4990 = EDGE_LOOP('',(#4991));
#4991 = ORIENTED_EDGE('',*,*,#4992,.F.);
#4992 = EDGE_CURVE('',#4993,#4993,#4995,.T.);
#4993 = VERTEX_POINT('',#4994);
#4994 = CARTESIAN_POINT('',(-2.7,-4.5,-5.5));
#4995 = CIRCLE('',#4996,1.8);
#4996 = AXIS2_PLACEMENT_3D('',#4997,#4998,#4999);
#4997 = CARTESIAN_POINT('',(-4.5,-4.5,-5.5));
#4998 = DIRECTION('',(0.,0.,1.));
#4999 = DIRECTION('',(1.,0.,-0.));
#5000 = PLANE('',#5001);
#5001 = AXIS2_PLACEMENT_3D('',#5002,#5003,#5004);
#5002 = CARTESIAN_POINT('',(-4.5,-4.5,-5.5));
#5003 = DIRECTION('',(0.,0.,1.));
#5004 = DIRECTION('',(1.,0.,-0.));
#5005 = ADVANCED_FACE('',(#5006,#5009),#5020,.F.);
#5006 = FACE_BOUND('',#5007,.F.);
#5007 = EDGE_LOOP('',(#5008));
#5008 = ORIENTED_EDGE('',*,*,#4557,.T.);
#5009 = FACE_BOUND('',#5010,.F.);
#5010 = EDGE_LOOP('',(#5011));
#5011 = ORIENTED_EDGE('',*,*,#5012,.F.);
#5012 = EDGE_CURVE('',#5013,#5013,#5015,.T.);
#5013 = VERTEX_POINT('',#5014);
#5014 = CARTESIAN_POINT('',(75.3,54.5,-5.5));
#5015 = CIRCLE('',#5016,1.8);
#5016 = AXIS2_PLACEMENT_3D('',#5017,#5018,#5019);
#5017 = CARTESIAN_POINT('',(73.5,54.5,-5.5));
#5018 = DIRECTION('',(0.,0.,1.));
#5019 = DIRECTION('',(1.,0.,-0.));
#5020 = PLANE('',#5021);
#5021 = AXIS2_PLACEMENT_3D('',#5022,#5023,#5024);
#5022 = CARTESIAN_POINT('',(73.5,54.5,-5.5));
#5023 = DIRECTION('',(0.,0.,1.));
#5024 = DIRECTION('',(1.,0.,-0.));
#5025 = ADVANCED_FACE('',(#5026,#5029),#5040,.F.);
#5026 = FACE_BOUND('',#5027,.F.);
#5027 = EDGE_LOOP('',(#5028));
#5028 = ORIENTED_EDGE('',*,*,#4632,.T.);
#5029 = FACE_BOUND('',#5030,.F.);
#5030 = EDGE_LOOP('',(#5031));
#5031 = ORIENTED_EDGE('',*,*,#5032,.F.);
#5032 = EDGE_CURVE('',#5033,#5033,#5035,.T.);
#5033 = VERTEX_POINT('',#5034);
#5034 = CARTESIAN_POINT('',(-2.7,54.5,-5.5));
#5035 = CIRCLE('',#5036,1.8);
#5036 = AXIS2_PLACEMENT_3D('',#5037,#5038,#5039);
#5037 = CARTESIAN_POINT('',(-4.5,54.5,-5.5));
#5038 = DIRECTION('',(0.,0.,1.));
#5039 = DIRECTION('',(1.,0.,-0.));
#5040 = PLANE('',#5041);
#5041 = AXIS2_PLACEMENT_3D('',#5042,#5043,#5044);
#5042 = CARTESIAN_POINT('',(-4.5,54.5,-5.5));
#5043 = DIRECTION('',(0.,0.,1.));
#5044 = DIRECTION('',(1.,0.,-0.));
#5045 = ADVANCED_FACE('',(#5046,#5049),#5060,.T.);
#5046 = FACE_BOUND('',#5047,.T.);
#5047 = EDGE_LOOP('',(#5048));
#5048 = ORIENTED_EDGE('',*,*,#4658,.T.);
#5049 = FACE_BOUND('',#5050,.T.);
#5050 = EDGE_LOOP('',(#5051));
#5051 = ORIENTED_EDGE('',*,*,#5052,.F.);
#5052 = EDGE_CURVE('',#5053,#5053,#5055,.T.);
#5053 = VERTEX_POINT('',#5054);
#5054 = CARTESIAN_POINT('',(-3.15,-4.5,-2.));
#5055 = CIRCLE('',#5056,1.35);
#5056 = AXIS2_PLACEMENT_3D('',#5057,#5058,#5059);
#5057 = CARTESIAN_POINT('',(-4.5,-4.5,-2.));
#5058 = DIRECTION('',(0.,0.,1.));
#5059 = DIRECTION('',(1.,0.,-0.));
#5060 = PLANE('',#5061);
#5061 = AXIS2_PLACEMENT_3D('',#5062,#5063,#5064);
#5062 = CARTESIAN_POINT('',(-4.5,-4.5,-2.));
#5063 = DIRECTION('',(0.,0.,1.));
#5064 = DIRECTION('',(1.,0.,-0.));
#5065 = ADVANCED_FACE('',(#5066,#5069),#5080,.T.);
#5066 = FACE_BOUND('',#5067,.T.);
#5067 = EDGE_LOOP('',(#5068));
#5068 = ORIENTED_EDGE('',*,*,#4683,.T.);
#5069 = FACE_BOUND('',#5070,.T.);
#5070 = EDGE_LOOP('',(#5071));
#5071 = ORIENTED_EDGE('',*,*,#5072,.F.);
#5072 = EDGE_CURVE('',#5073,#5073,#5075,.T.);
#5073 = VERTEX_POINT('',#5074);
#5074 = CARTESIAN_POINT('',(74.85,-4.5,-2.));
#5075 = CIRCLE('',#5076,1.35);
#5076 = AXIS2_PLACEMENT_3D('',#5077,#5078,#5079);
#5077 = CARTESIAN_POINT('',(73.5,-4.5,-2.));
#5078 = DIRECTION('',(0.,0.,1.));
#5079 = DIRECTION('',(1.,0.,-0.));
#5080 = PLANE('',#5081);
#5081 = AXIS2_PLACEMENT_3D('',#5082,#5083,#5084);
#5082 = CARTESIAN_POINT('',(73.5,-4.5,-2.));
#5083 = DIRECTION('',(0.,0.,1.));
#5084 = DIRECTION('',(1.,0.,-0.));
#5085 = ADVANCED_FACE('',(#5086,#5089),#5100,.T.);
#5086 = FACE_BOUND('',#5087,.T.);
#5087 = EDGE_LOOP('',(#5088));
#5088 = ORIENTED_EDGE('',*,*,#4708,.T.);
#5089 = FACE_BOUND('',#5090,.T.);
#5090 = EDGE_LOOP('',(#5091));
#5091 = ORIENTED_EDGE('',*,*,#5092,.F.);
#5092 = EDGE_CURVE('',#5093,#5093,#5095,.T.);
#5093 = VERTEX_POINT('',#5094);
#5094 = CARTESIAN_POINT('',(-3.15,54.5,-2.));
#5095 = CIRCLE('',#5096,1.35);
#5096 = AXIS2_PLACEMENT_3D('',#5097,#5098,#5099);
#5097 = CARTESIAN_POINT('',(-4.5,54.5,-2.));
#5098 = DIRECTION('',(0.,0.,1.));
#5099 = DIRECTION('',(1.,0.,-0.));
#5100 = PLANE('',#5101);
#5101 = AXIS2_PLACEMENT_3D('',#5102,#5103,#5104);
#5102 = CARTESIAN_POINT('',(-4.5,54.5,-2.));
#5103 = DIRECTION('',(0.,0.,1.));
#5104 = DIRECTION('',(1.,0.,-0.));
#5105 = ADVANCED_FACE('',(#5106),#5132,.T.);
#5106 = FACE_BOUND('',#5107,.T.);
#5107 = EDGE_LOOP('',(#5108,#5116,#5117,#5125));
#5108 = ORIENTED_EDGE('',*,*,#5109,.F.);
#5109 = EDGE_CURVE('',#4735,#5110,#5112,.T.);
#5110 = VERTEX_POINT('',#5111);
#5111 = CARTESIAN_POINT('',(-1.1,2.,28.));
#5112 = LINE('',#5113,#5114);
#5113 = CARTESIAN_POINT('',(-1.1,2.,25.5));
#5114 = VECTOR('',#5115,1.);
#5115 = DIRECTION('',(0.,0.,1.));
#5116 = ORIENTED_EDGE('',*,*,#4734,.T.);
#5117 = ORIENTED_EDGE('',*,*,#5118,.T.);
#5118 = EDGE_CURVE('',#4737,#5119,#5121,.T.);
#5119 = VERTEX_POINT('',#5120);
#5120 = CARTESIAN_POINT('',(2.,-1.1,28.));
#5121 = LINE('',#5122,#5123);
#5122 = CARTESIAN_POINT('',(2.,-1.1,25.5));
#5123 = VECTOR('',#5124,1.);
#5124 = DIRECTION('',(0.,0.,1.));
#5125 = ORIENTED_EDGE('',*,*,#5126,.F.);
#5126 = EDGE_CURVE('',#5110,#5119,#5127,.T.);
#5127 = CIRCLE('',#5128,3.1);
#5128 = AXIS2_PLACEMENT_3D('',#5129,#5130,#5131);
#5129 = CARTESIAN_POINT('',(2.,2.,28.));
#5130 = DIRECTION('',(0.,0.,1.));
#5131 = DIRECTION('',(-1.,-0.,0.));
#5132 = CYLINDRICAL_SURFACE('',#5133,3.1);
#5133 = AXIS2_PLACEMENT_3D('',#5134,#5135,#5136);
#5134 = CARTESIAN_POINT('',(2.,2.,25.5));
#5135 = DIRECTION('',(0.,0.,1.));
#5136 = DIRECTION('',(-1.,-0.,0.));
#5137 = ADVANCED_FACE('',(#5138),#5156,.F.);
#5138 = FACE_BOUND('',#5139,.F.);
#5139 = EDGE_LOOP('',(#5140,#5148,#5149,#5150));
#5140 = ORIENTED_EDGE('',*,*,#5141,.F.);
#5141 = EDGE_CURVE('',#4788,#5142,#5144,.T.);
#5142 = VERTEX_POINT('',#5143);
#5143 = CARTESIAN_POINT('',(67.,-1.1,28.));
#5144 = LINE('',#5145,#5146);
#5145 = CARTESIAN_POINT('',(67.,-1.1,25.5));
#5146 = VECTOR('',#5147,1.);
#5147 = DIRECTION('',(0.,0.,1.));
#5148 = ORIENTED_EDGE('',*,*,#4796,.T.);
#5149 = ORIENTED_EDGE('',*,*,#5118,.T.);
#5150 = ORIENTED_EDGE('',*,*,#5151,.F.);
#5151 = EDGE_CURVE('',#5142,#5119,#5152,.T.);
#5152 = LINE('',#5153,#5154);
#5153 = CARTESIAN_POINT('',(16.880211817177,-1.1,28.));
#5154 = VECTOR('',#5155,1.);
#5155 = DIRECTION('',(-1.,-0.,0.));
#5156 = PLANE('',#5157);
#5157 = AXIS2_PLACEMENT_3D('',#5158,#5159,#5160);
#5158 = CARTESIAN_POINT('',(-1.1,-1.1,25.5));
#5159 = DIRECTION('',(-0.,1.,0.));
#5160 = DIRECTION('',(0.,0.,1.));
#5161 = ADVANCED_FACE('',(#5162),#5181,.T.);
#5162 = FACE_BOUND('',#5163,.F.);
#5163 = EDGE_LOOP('',(#5164,#5172,#5173,#5174));
#5164 = ORIENTED_EDGE('',*,*,#5165,.F.);
#5165 = EDGE_CURVE('',#4780,#5166,#5168,.T.);
#5166 = VERTEX_POINT('',#5167);
#5167 = CARTESIAN_POINT('',(70.1,2.,28.));
#5168 = LINE('',#5169,#5170);
#5169 = CARTESIAN_POINT('',(70.1,2.,25.5));
#5170 = VECTOR('',#5171,1.);
#5171 = DIRECTION('',(0.,0.,1.));
#5172 = ORIENTED_EDGE('',*,*,#4787,.F.);
#5173 = ORIENTED_EDGE('',*,*,#5141,.T.);
#5174 = ORIENTED_EDGE('',*,*,#5175,.T.);
#5175 = EDGE_CURVE('',#5142,#5166,#5176,.T.);
#5176 = CIRCLE('',#5177,3.1);
#5177 = AXIS2_PLACEMENT_3D('',#5178,#5179,#5180);
#5178 = CARTESIAN_POINT('',(67.,2.,28.));
#5179 = DIRECTION('',(0.,0.,1.));
#5180 = DIRECTION('',(1.,0.,-0.));
#5181 = CYLINDRICAL_SURFACE('',#5182,3.1);
#5182 = AXIS2_PLACEMENT_3D('',#5183,#5184,#5185);
#5183 = CARTESIAN_POINT('',(67.,2.,25.5));
#5184 = DIRECTION('',(0.,0.,1.));
#5185 = DIRECTION('',(1.,0.,-0.));
#5186 = ADVANCED_FACE('',(#5187),#5205,.T.);
#5187 = FACE_BOUND('',#5188,.T.);
#5188 = EDGE_LOOP('',(#5189,#5197,#5198,#5199));
#5189 = ORIENTED_EDGE('',*,*,#5190,.F.);
#5190 = EDGE_CURVE('',#5166,#5191,#5193,.T.);
#5191 = VERTEX_POINT('',#5192);
#5192 = CARTESIAN_POINT('',(70.1,48.,28.));
#5193 = LINE('',#5194,#5195);
#5194 = CARTESIAN_POINT('',(70.1,11.95,28.));
#5195 = VECTOR('',#5196,1.);
#5196 = DIRECTION('',(-0.,1.,0.));
#5197 = ORIENTED_EDGE('',*,*,#5165,.F.);
#5198 = ORIENTED_EDGE('',*,*,#4779,.T.);
#5199 = ORIENTED_EDGE('',*,*,#5200,.T.);
#5200 = EDGE_CURVE('',#4771,#5191,#5201,.T.);
#5201 = LINE('',#5202,#5203);
#5202 = CARTESIAN_POINT('',(70.1,48.,25.5));
#5203 = VECTOR('',#5204,1.);
#5204 = DIRECTION('',(0.,0.,1.));
#5205 = PLANE('',#5206);
#5206 = AXIS2_PLACEMENT_3D('',#5207,#5208,#5209);
#5207 = CARTESIAN_POINT('',(70.1,-1.1,25.5));
#5208 = DIRECTION('',(1.,0.,-0.));
#5209 = DIRECTION('',(0.,0.,1.));
#5210 = ADVANCED_FACE('',(#5211),#5230,.T.);
#5211 = FACE_BOUND('',#5212,.T.);
#5212 = EDGE_LOOP('',(#5213,#5214,#5215,#5223));
#5213 = ORIENTED_EDGE('',*,*,#5200,.F.);
#5214 = ORIENTED_EDGE('',*,*,#4770,.T.);
#5215 = ORIENTED_EDGE('',*,*,#5216,.T.);
#5216 = EDGE_CURVE('',#4763,#5217,#5219,.T.);
#5217 = VERTEX_POINT('',#5218);
#5218 = CARTESIAN_POINT('',(67.,51.1,28.));
#5219 = LINE('',#5220,#5221);
#5220 = CARTESIAN_POINT('',(67.,51.1,25.5));
#5221 = VECTOR('',#5222,1.);
#5222 = DIRECTION('',(0.,0.,1.));
#5223 = ORIENTED_EDGE('',*,*,#5224,.F.);
#5224 = EDGE_CURVE('',#5191,#5217,#5225,.T.);
#5225 = CIRCLE('',#5226,3.1);
#5226 = AXIS2_PLACEMENT_3D('',#5227,#5228,#5229);
#5227 = CARTESIAN_POINT('',(67.,48.,28.));
#5228 = DIRECTION('',(0.,0.,1.));
#5229 = DIRECTION('',(1.,0.,-0.));
#5230 = CYLINDRICAL_SURFACE('',#5231,3.1);
#5231 = AXIS2_PLACEMENT_3D('',#5232,#5233,#5234);
#5232 = CARTESIAN_POINT('',(67.,48.,25.5));
#5233 = DIRECTION('',(0.,0.,1.));
#5234 = DIRECTION('',(1.,0.,-0.));
#5235 = ADVANCED_FACE('',(#5236),#5254,.T.);
#5236 = FACE_BOUND('',#5237,.T.);
#5237 = EDGE_LOOP('',(#5238,#5239,#5240,#5248));
#5238 = ORIENTED_EDGE('',*,*,#5216,.F.);
#5239 = ORIENTED_EDGE('',*,*,#4762,.T.);
#5240 = ORIENTED_EDGE('',*,*,#5241,.T.);
#5241 = EDGE_CURVE('',#4754,#5242,#5244,.T.);
#5242 = VERTEX_POINT('',#5243);
#5243 = CARTESIAN_POINT('',(2.,51.1,28.));
#5244 = LINE('',#5245,#5246);
#5245 = CARTESIAN_POINT('',(2.,51.1,25.5));
#5246 = VECTOR('',#5247,1.);
#5247 = DIRECTION('',(0.,0.,1.));
#5248 = ORIENTED_EDGE('',*,*,#5249,.F.);
#5249 = EDGE_CURVE('',#5217,#5242,#5250,.T.);
#5250 = LINE('',#5251,#5252);
#5251 = CARTESIAN_POINT('',(16.880211817177,51.1,28.));
#5252 = VECTOR('',#5253,1.);
#5253 = DIRECTION('',(-1.,-0.,0.));
#5254 = PLANE('',#5255);
#5255 = AXIS2_PLACEMENT_3D('',#5256,#5257,#5258);
#5256 = CARTESIAN_POINT('',(-1.1,51.1,25.5));
#5257 = DIRECTION('',(-0.,1.,0.));
#5258 = DIRECTION('',(0.,0.,1.));
#5259 = ADVANCED_FACE('',(#5260),#5279,.T.);
#5260 = FACE_BOUND('',#5261,.F.);
#5261 = EDGE_LOOP('',(#5262,#5270,#5271,#5272));
#5262 = ORIENTED_EDGE('',*,*,#5263,.F.);
#5263 = EDGE_CURVE('',#4746,#5264,#5266,.T.);
#5264 = VERTEX_POINT('',#5265);
#5265 = CARTESIAN_POINT('',(-1.1,48.,28.));
#5266 = LINE('',#5267,#5268);
#5267 = CARTESIAN_POINT('',(-1.1,48.,25.5));
#5268 = VECTOR('',#5269,1.);
#5269 = DIRECTION('',(0.,0.,1.));
#5270 = ORIENTED_EDGE('',*,*,#4753,.F.);
#5271 = ORIENTED_EDGE('',*,*,#5241,.T.);
#5272 = ORIENTED_EDGE('',*,*,#5273,.T.);
#5273 = EDGE_CURVE('',#5242,#5264,#5274,.T.);
#5274 = CIRCLE('',#5275,3.1);
#5275 = AXIS2_PLACEMENT_3D('',#5276,#5277,#5278);
#5276 = CARTESIAN_POINT('',(2.,48.,28.));
#5277 = DIRECTION('',(0.,0.,1.));
#5278 = DIRECTION('',(-1.,-0.,0.));
#5279 = CYLINDRICAL_SURFACE('',#5280,3.1);
#5280 = AXIS2_PLACEMENT_3D('',#5281,#5282,#5283);
#5281 = CARTESIAN_POINT('',(2.,48.,25.5));
#5282 = DIRECTION('',(0.,0.,1.));
#5283 = DIRECTION('',(-1.,-0.,0.));
#5284 = ADVANCED_FACE('',(#5285),#5296,.F.);
#5285 = FACE_BOUND('',#5286,.F.);
#5286 = EDGE_LOOP('',(#5287,#5293,#5294,#5295));
#5287 = ORIENTED_EDGE('',*,*,#5288,.F.);
#5288 = EDGE_CURVE('',#5110,#5264,#5289,.T.);
#5289 = LINE('',#5290,#5291);
#5290 = CARTESIAN_POINT('',(-1.1,11.95,28.));
#5291 = VECTOR('',#5292,1.);
#5292 = DIRECTION('',(-0.,1.,0.));
#5293 = ORIENTED_EDGE('',*,*,#5109,.F.);
#5294 = ORIENTED_EDGE('',*,*,#4745,.T.);
#5295 = ORIENTED_EDGE('',*,*,#5263,.T.);
#5296 = PLANE('',#5297);
#5297 = AXIS2_PLACEMENT_3D('',#5298,#5299,#5300);
#5298 = CARTESIAN_POINT('',(-1.1,-1.1,25.5));
#5299 = DIRECTION('',(1.,0.,-0.));
#5300 = DIRECTION('',(0.,0.,1.));
#5301 = ADVANCED_FACE('',(#5302,#5305),#5316,.T.);
#5302 = FACE_BOUND('',#5303,.T.);
#5303 = EDGE_LOOP('',(#5304));
#5304 = ORIENTED_EDGE('',*,*,#4819,.T.);
#5305 = FACE_BOUND('',#5306,.T.);
#5306 = EDGE_LOOP('',(#5307));
#5307 = ORIENTED_EDGE('',*,*,#5308,.F.);
#5308 = EDGE_CURVE('',#5309,#5309,#5311,.T.);
#5309 = VERTEX_POINT('',#5310);
#5310 = CARTESIAN_POINT('',(74.85,54.5,-2.));
#5311 = CIRCLE('',#5312,1.35);
#5312 = AXIS2_PLACEMENT_3D('',#5313,#5314,#5315);
#5313 = CARTESIAN_POINT('',(73.5,54.5,-2.));
#5314 = DIRECTION('',(0.,0.,1.));
#5315 = DIRECTION('',(1.,0.,-0.));
#5316 = PLANE('',#5317);
#5317 = AXIS2_PLACEMENT_3D('',#5318,#5319,#5320);
#5318 = CARTESIAN_POINT('',(73.5,54.5,-2.));
#5319 = DIRECTION('',(0.,0.,1.));
#5320 = DIRECTION('',(1.,0.,-0.));
#5321 = ADVANCED_FACE('',(#5322,#5332),#5416,.T.);
#5322 = FACE_BOUND('',#5323,.T.);
#5323 = EDGE_LOOP('',(#5324,#5325,#5326,#5327,#5328,#5329,#5330,#5331));
#5324 = ORIENTED_EDGE('',*,*,#5288,.F.);
#5325 = ORIENTED_EDGE('',*,*,#5126,.T.);
#5326 = ORIENTED_EDGE('',*,*,#5151,.F.);
#5327 = ORIENTED_EDGE('',*,*,#5175,.T.);
#5328 = ORIENTED_EDGE('',*,*,#5190,.T.);
#5329 = ORIENTED_EDGE('',*,*,#5224,.T.);
#5330 = ORIENTED_EDGE('',*,*,#5249,.T.);
#5331 = ORIENTED_EDGE('',*,*,#5273,.T.);
#5332 = FACE_BOUND('',#5333,.T.);
#5333 = EDGE_LOOP('',(#5334,#5343,#5344,#5352,#5360,#5366,#5367,#5376,
    #5384,#5393,#5401,#5410));
#5334 = ORIENTED_EDGE('',*,*,#5335,.F.);
#5335 = EDGE_CURVE('',#4836,#5336,#5338,.T.);
#5336 = VERTEX_POINT('',#5337);
#5337 = CARTESIAN_POINT('',(2.,-4.440892098501E-16,28.));
#5338 = CIRCLE('',#5339,2.);
#5339 = AXIS2_PLACEMENT_3D('',#5340,#5341,#5342);
#5340 = CARTESIAN_POINT('',(2.,2.,28.));
#5341 = DIRECTION('',(0.,0.,1.));
#5342 = DIRECTION('',(-1.,-0.,0.));
#5343 = ORIENTED_EDGE('',*,*,#4835,.T.);
#5344 = ORIENTED_EDGE('',*,*,#5345,.T.);
#5345 = EDGE_CURVE('',#4838,#5346,#5348,.T.);
#5346 = VERTEX_POINT('',#5347);
#5347 = CARTESIAN_POINT('',(1.2,38.5,28.));
#5348 = LINE('',#5349,#5350);
#5349 = CARTESIAN_POINT('',(0.,38.5,28.));
#5350 = VECTOR('',#5351,1.);
#5351 = DIRECTION('',(1.,0.,-0.));
#5352 = ORIENTED_EDGE('',*,*,#5353,.T.);
#5353 = EDGE_CURVE('',#5346,#5354,#5356,.T.);
#5354 = VERTEX_POINT('',#5355);
#5355 = CARTESIAN_POINT('',(1.2,41.5,28.));
#5356 = LINE('',#5357,#5358);
#5357 = CARTESIAN_POINT('',(1.2,38.5,28.));
#5358 = VECTOR('',#5359,1.);
#5359 = DIRECTION('',(-0.,1.,0.));
#5360 = ORIENTED_EDGE('',*,*,#5361,.F.);
#5361 = EDGE_CURVE('',#4886,#5354,#5362,.T.);
#5362 = LINE('',#5363,#5364);
#5363 = CARTESIAN_POINT('',(0.,41.5,28.));
#5364 = VECTOR('',#5365,1.);
#5365 = DIRECTION('',(1.,0.,-0.));
#5366 = ORIENTED_EDGE('',*,*,#4885,.T.);
#5367 = ORIENTED_EDGE('',*,*,#5368,.F.);
#5368 = EDGE_CURVE('',#5369,#4878,#5371,.T.);
#5369 = VERTEX_POINT('',#5370);
#5370 = CARTESIAN_POINT('',(2.,50.,28.));
#5371 = CIRCLE('',#5372,2.);
#5372 = AXIS2_PLACEMENT_3D('',#5373,#5374,#5375);
#5373 = CARTESIAN_POINT('',(2.,48.,28.));
#5374 = DIRECTION('',(0.,0.,1.));
#5375 = DIRECTION('',(-1.,-0.,0.));
#5376 = ORIENTED_EDGE('',*,*,#5377,.F.);
#5377 = EDGE_CURVE('',#5378,#5369,#5380,.T.);
#5378 = VERTEX_POINT('',#5379);
#5379 = CARTESIAN_POINT('',(67.,50.,28.));
#5380 = LINE('',#5381,#5382);
#5381 = CARTESIAN_POINT('',(17.430211817177,50.,28.));
#5382 = VECTOR('',#5383,1.);
#5383 = DIRECTION('',(-1.,-0.,0.));
#5384 = ORIENTED_EDGE('',*,*,#5385,.F.);
#5385 = EDGE_CURVE('',#5386,#5378,#5388,.T.);
#5386 = VERTEX_POINT('',#5387);
#5387 = CARTESIAN_POINT('',(69.,48.,28.));
#5388 = CIRCLE('',#5389,2.);
#5389 = AXIS2_PLACEMENT_3D('',#5390,#5391,#5392);
#5390 = CARTESIAN_POINT('',(67.,48.,28.));
#5391 = DIRECTION('',(0.,0.,1.));
#5392 = DIRECTION('',(1.,0.,-0.));
#5393 = ORIENTED_EDGE('',*,*,#5394,.F.);
#5394 = EDGE_CURVE('',#5395,#5386,#5397,.T.);
#5395 = VERTEX_POINT('',#5396);
#5396 = CARTESIAN_POINT('',(69.,2.,28.));
#5397 = LINE('',#5398,#5399);
#5398 = CARTESIAN_POINT('',(69.,12.5,28.));
#5399 = VECTOR('',#5400,1.);
#5400 = DIRECTION('',(-0.,1.,0.));
#5401 = ORIENTED_EDGE('',*,*,#5402,.F.);
#5402 = EDGE_CURVE('',#5403,#5395,#5405,.T.);
#5403 = VERTEX_POINT('',#5404);
#5404 = CARTESIAN_POINT('',(67.,-4.440892098501E-16,28.));
#5405 = CIRCLE('',#5406,2.);
#5406 = AXIS2_PLACEMENT_3D('',#5407,#5408,#5409);
#5407 = CARTESIAN_POINT('',(67.,2.,28.));
#5408 = DIRECTION('',(0.,0.,1.));
#5409 = DIRECTION('',(1.,0.,-0.));
#5410 = ORIENTED_EDGE('',*,*,#5411,.T.);
#5411 = EDGE_CURVE('',#5403,#5336,#5412,.T.);
#5412 = LINE('',#5413,#5414);
#5413 = CARTESIAN_POINT('',(17.430211817177,0.,28.));
#5414 = VECTOR('',#5415,1.);
#5415 = DIRECTION('',(-1.,-0.,0.));
#5416 = PLANE('',#5417);
#5417 = AXIS2_PLACEMENT_3D('',#5418,#5419,#5420);
#5418 = CARTESIAN_POINT('',(34.860423634355,25.,28.));
#5419 = DIRECTION('',(0.,0.,1.));
#5420 = DIRECTION('',(1.,0.,-0.));
#5421 = ADVANCED_FACE('',(#5422),#5440,.F.);
#5422 = FACE_BOUND('',#5423,.F.);
#5423 = EDGE_LOOP('',(#5424,#5432,#5433,#5434));
#5424 = ORIENTED_EDGE('',*,*,#5425,.F.);
#5425 = EDGE_CURVE('',#4902,#5426,#5428,.T.);
#5426 = VERTEX_POINT('',#5427);
#5427 = CARTESIAN_POINT('',(1.2,38.5,25.5));
#5428 = LINE('',#5429,#5430);
#5429 = CARTESIAN_POINT('',(0.,38.5,25.5));
#5430 = VECTOR('',#5431,1.);
#5431 = DIRECTION('',(1.,0.,-0.));
#5432 = ORIENTED_EDGE('',*,*,#4909,.T.);
#5433 = ORIENTED_EDGE('',*,*,#5345,.T.);
#5434 = ORIENTED_EDGE('',*,*,#5435,.F.);
#5435 = EDGE_CURVE('',#5426,#5346,#5436,.T.);
#5436 = LINE('',#5437,#5438);
#5437 = CARTESIAN_POINT('',(1.2,38.5,25.5));
#5438 = VECTOR('',#5439,1.);
#5439 = DIRECTION('',(0.,0.,1.));
#5440 = PLANE('',#5441);
#5441 = AXIS2_PLACEMENT_3D('',#5442,#5443,#5444);
#5442 = CARTESIAN_POINT('',(0.,38.5,25.5));
#5443 = DIRECTION('',(-0.,1.,0.));
#5444 = DIRECTION('',(0.,0.,1.));
#5445 = ADVANCED_FACE('',(#5446),#5464,.F.);
#5446 = FACE_BOUND('',#5447,.F.);
#5447 = EDGE_LOOP('',(#5448,#5449,#5450,#5458));
#5448 = ORIENTED_EDGE('',*,*,#4901,.F.);
#5449 = ORIENTED_EDGE('',*,*,#5425,.T.);
#5450 = ORIENTED_EDGE('',*,*,#5451,.T.);
#5451 = EDGE_CURVE('',#5426,#5452,#5454,.T.);
#5452 = VERTEX_POINT('',#5453);
#5453 = CARTESIAN_POINT('',(1.2,41.5,25.5));
#5454 = LINE('',#5455,#5456);
#5455 = CARTESIAN_POINT('',(1.2,38.5,25.5));
#5456 = VECTOR('',#5457,1.);
#5457 = DIRECTION('',(-0.,1.,0.));
#5458 = ORIENTED_EDGE('',*,*,#5459,.F.);
#5459 = EDGE_CURVE('',#4894,#5452,#5460,.T.);
#5460 = LINE('',#5461,#5462);
#5461 = CARTESIAN_POINT('',(0.,41.5,25.5));
#5462 = VECTOR('',#5463,1.);
#5463 = DIRECTION('',(1.,0.,-0.));
#5464 = PLANE('',#5465);
#5465 = AXIS2_PLACEMENT_3D('',#5466,#5467,#5468);
#5466 = CARTESIAN_POINT('',(0.,38.5,25.5));
#5467 = DIRECTION('',(0.,0.,1.));
#5468 = DIRECTION('',(1.,0.,-0.));
#5469 = ADVANCED_FACE('',(#5470),#5481,.T.);
#5470 = FACE_BOUND('',#5471,.T.);
#5471 = EDGE_LOOP('',(#5472,#5473,#5474,#5475));
#5472 = ORIENTED_EDGE('',*,*,#5459,.F.);
#5473 = ORIENTED_EDGE('',*,*,#4893,.T.);
#5474 = ORIENTED_EDGE('',*,*,#5361,.T.);
#5475 = ORIENTED_EDGE('',*,*,#5476,.F.);
#5476 = EDGE_CURVE('',#5452,#5354,#5477,.T.);
#5477 = LINE('',#5478,#5479);
#5478 = CARTESIAN_POINT('',(1.2,41.5,25.5));
#5479 = VECTOR('',#5480,1.);
#5480 = DIRECTION('',(0.,0.,1.));
#5481 = PLANE('',#5482);
#5482 = AXIS2_PLACEMENT_3D('',#5483,#5484,#5485);
#5483 = CARTESIAN_POINT('',(0.,41.5,25.5));
#5484 = DIRECTION('',(-0.,1.,0.));
#5485 = DIRECTION('',(0.,0.,1.));
#5486 = ADVANCED_FACE('',(#5487),#5524,.F.);
#5487 = FACE_BOUND('',#5488,.T.);
#5488 = EDGE_LOOP('',(#5489,#5490,#5499,#5508,#5517,#5523));
#5489 = ORIENTED_EDGE('',*,*,#4877,.F.);
#5490 = ORIENTED_EDGE('',*,*,#5491,.F.);
#5491 = EDGE_CURVE('',#5492,#4870,#5494,.T.);
#5492 = VERTEX_POINT('',#5493);
#5493 = CARTESIAN_POINT('',(6.350832689628E-02,48.5,12.));
#5494 = CIRCLE('',#5495,2.);
#5495 = AXIS2_PLACEMENT_3D('',#5496,#5497,#5498);
#5496 = CARTESIAN_POINT('',(2.,48.,12.));
#5497 = DIRECTION('',(0.,0.,1.));
#5498 = DIRECTION('',(-1.,-0.,0.));
#5499 = ORIENTED_EDGE('',*,*,#5500,.F.);
#5500 = EDGE_CURVE('',#5501,#5492,#5503,.T.);
#5501 = VERTEX_POINT('',#5502);
#5502 = CARTESIAN_POINT('',(1.5,49.936491673104,12.));
#5503 = CIRCLE('',#5504,2.);
#5504 = AXIS2_PLACEMENT_3D('',#5505,#5506,#5507);
#5505 = CARTESIAN_POINT('',(2.,48.,12.));
#5506 = DIRECTION('',(0.,0.,1.));
#5507 = DIRECTION('',(-1.,-0.,0.));
#5508 = ORIENTED_EDGE('',*,*,#5509,.F.);
#5509 = EDGE_CURVE('',#5510,#5501,#5512,.T.);
#5510 = VERTEX_POINT('',#5511);
#5511 = CARTESIAN_POINT('',(2.,50.,12.));
#5512 = CIRCLE('',#5513,2.);
#5513 = AXIS2_PLACEMENT_3D('',#5514,#5515,#5516);
#5514 = CARTESIAN_POINT('',(2.,48.,12.));
#5515 = DIRECTION('',(0.,0.,1.));
#5516 = DIRECTION('',(-1.,-0.,0.));
#5517 = ORIENTED_EDGE('',*,*,#5518,.T.);
#5518 = EDGE_CURVE('',#5510,#5369,#5519,.T.);
#5519 = LINE('',#5520,#5521);
#5520 = CARTESIAN_POINT('',(2.,50.,0.));
#5521 = VECTOR('',#5522,1.);
#5522 = DIRECTION('',(0.,0.,1.));
#5523 = ORIENTED_EDGE('',*,*,#5368,.T.);
#5524 = CYLINDRICAL_SURFACE('',#5525,2.);
#5525 = AXIS2_PLACEMENT_3D('',#5526,#5527,#5528);
#5526 = CARTESIAN_POINT('',(2.,48.,0.));
#5527 = DIRECTION('',(0.,0.,1.));
#5528 = DIRECTION('',(-1.,-0.,0.));
#5529 = ADVANCED_FACE('',(#5530),#5719,.T.);
#5530 = FACE_BOUND('',#5531,.T.);
#5531 = EDGE_LOOP('',(#5532,#5533,#5541,#5549,#5557,#5565,#5573,#5581,
    #5589,#5597,#5605,#5613,#5621,#5629,#5637,#5645,#5653,#5661,#5669,
    #5677,#5685,#5693,#5701,#5710,#5716,#5717,#5718));
#5532 = ORIENTED_EDGE('',*,*,#4869,.F.);
#5533 = ORIENTED_EDGE('',*,*,#5534,.T.);
#5534 = EDGE_CURVE('',#4862,#5535,#5537,.T.);
#5535 = VERTEX_POINT('',#5536);
#5536 = CARTESIAN_POINT('',(2.5,11.5,12.));
#5537 = LINE('',#5538,#5539);
#5538 = CARTESIAN_POINT('',(0.,11.5,12.));
#5539 = VECTOR('',#5540,1.);
#5540 = DIRECTION('',(1.,0.,-0.));
#5541 = ORIENTED_EDGE('',*,*,#5542,.T.);
#5542 = EDGE_CURVE('',#5535,#5543,#5545,.T.);
#5543 = VERTEX_POINT('',#5544);
#5544 = CARTESIAN_POINT('',(2.5,13.,12.));
#5545 = LINE('',#5546,#5547);
#5546 = CARTESIAN_POINT('',(2.5,21.004966661111,12.));
#5547 = VECTOR('',#5548,1.);
#5548 = DIRECTION('',(-0.,1.,0.));
#5549 = ORIENTED_EDGE('',*,*,#5550,.F.);
#5550 = EDGE_CURVE('',#5551,#5543,#5553,.T.);
#5551 = VERTEX_POINT('',#5552);
#5552 = CARTESIAN_POINT('',(1.5,13.,12.));
#5553 = LINE('',#5554,#5555);
#5554 = CARTESIAN_POINT('',(0.,13.,12.));
#5555 = VECTOR('',#5556,1.);
#5556 = DIRECTION('',(1.,0.,-0.));
#5557 = ORIENTED_EDGE('',*,*,#5558,.T.);
#5558 = EDGE_CURVE('',#5551,#5559,#5561,.T.);
#5559 = VERTEX_POINT('',#5560);
#5560 = CARTESIAN_POINT('',(1.5,20.7916749175,12.));
#5561 = LINE('',#5562,#5563);
#5562 = CARTESIAN_POINT('',(1.5,11.5,12.));
#5563 = VECTOR('',#5564,1.);
#5564 = DIRECTION('',(-0.,1.,0.));
#5565 = ORIENTED_EDGE('',*,*,#5566,.F.);
#5566 = EDGE_CURVE('',#5567,#5559,#5569,.T.);
#5567 = VERTEX_POINT('',#5568);
#5568 = CARTESIAN_POINT('',(0.3,20.7916749175,12.));
#5569 = LINE('',#5570,#5571);
#5570 = CARTESIAN_POINT('',(0.3,20.7916749175,12.));
#5571 = VECTOR('',#5572,1.);
#5572 = DIRECTION('',(1.,0.,0.));
#5573 = ORIENTED_EDGE('',*,*,#5574,.T.);
#5574 = EDGE_CURVE('',#5567,#5575,#5577,.T.);
#5575 = VERTEX_POINT('',#5576);
#5576 = CARTESIAN_POINT('',(0.3,29.2083250825,12.));
#5577 = LINE('',#5578,#5579);
#5578 = CARTESIAN_POINT('',(0.3,27.804966661111,12.));
#5579 = VECTOR('',#5580,1.);
#5580 = DIRECTION('',(0.,1.,0.));
#5581 = ORIENTED_EDGE('',*,*,#5582,.T.);
#5582 = EDGE_CURVE('',#5575,#5583,#5585,.T.);
#5583 = VERTEX_POINT('',#5584);
#5584 = CARTESIAN_POINT('',(1.5,29.2083250825,12.));
#5585 = LINE('',#5586,#5587);
#5586 = CARTESIAN_POINT('',(0.3,29.2083250825,12.));
#5587 = VECTOR('',#5588,1.);
#5588 = DIRECTION('',(1.,0.,0.));
#5589 = ORIENTED_EDGE('',*,*,#5590,.T.);
#5590 = EDGE_CURVE('',#5583,#5591,#5593,.T.);
#5591 = VERTEX_POINT('',#5592);
#5592 = CARTESIAN_POINT('',(1.5,48.5,12.));
#5593 = LINE('',#5594,#5595);
#5594 = CARTESIAN_POINT('',(1.5,11.5,12.));
#5595 = VECTOR('',#5596,1.);
#5596 = DIRECTION('',(-0.,1.,0.));
#5597 = ORIENTED_EDGE('',*,*,#5598,.T.);
#5598 = EDGE_CURVE('',#5591,#5599,#5601,.T.);
#5599 = VERTEX_POINT('',#5600);
#5600 = CARTESIAN_POINT('',(57.5,48.5,12.));
#5601 = LINE('',#5602,#5603);
#5602 = CARTESIAN_POINT('',(0.,48.5,12.));
#5603 = VECTOR('',#5604,1.);
#5604 = DIRECTION('',(1.,0.,-0.));
#5605 = ORIENTED_EDGE('',*,*,#5606,.F.);
#5606 = EDGE_CURVE('',#5607,#5599,#5609,.T.);
#5607 = VERTEX_POINT('',#5608);
#5608 = CARTESIAN_POINT('',(57.5,13.,12.));
#5609 = LINE('',#5610,#5611);
#5610 = CARTESIAN_POINT('',(57.5,11.5,12.));
#5611 = VECTOR('',#5612,1.);
#5612 = DIRECTION('',(-0.,1.,0.));
#5613 = ORIENTED_EDGE('',*,*,#5614,.F.);
#5614 = EDGE_CURVE('',#5615,#5607,#5617,.T.);
#5615 = VERTEX_POINT('',#5616);
#5616 = CARTESIAN_POINT('',(9.5,13.,12.));
#5617 = LINE('',#5618,#5619);
#5618 = CARTESIAN_POINT('',(0.,13.,12.));
#5619 = VECTOR('',#5620,1.);
#5620 = DIRECTION('',(1.,0.,-0.));
#5621 = ORIENTED_EDGE('',*,*,#5622,.F.);
#5622 = EDGE_CURVE('',#5623,#5615,#5625,.T.);
#5623 = VERTEX_POINT('',#5624);
#5624 = CARTESIAN_POINT('',(9.5,11.5,12.));
#5625 = LINE('',#5626,#5627);
#5626 = CARTESIAN_POINT('',(9.5,21.004966661111,12.));
#5627 = VECTOR('',#5628,1.);
#5628 = DIRECTION('',(-0.,1.,0.));
#5629 = ORIENTED_EDGE('',*,*,#5630,.T.);
#5630 = EDGE_CURVE('',#5623,#5631,#5633,.T.);
#5631 = VERTEX_POINT('',#5632);
#5632 = CARTESIAN_POINT('',(69.,11.5,12.));
#5633 = LINE('',#5634,#5635);
#5634 = CARTESIAN_POINT('',(0.,11.5,12.));
#5635 = VECTOR('',#5636,1.);
#5636 = DIRECTION('',(1.,0.,-0.));
#5637 = ORIENTED_EDGE('',*,*,#5638,.T.);
#5638 = EDGE_CURVE('',#5631,#5639,#5641,.T.);
#5639 = VERTEX_POINT('',#5640);
#5640 = CARTESIAN_POINT('',(69.,13.,12.));
#5641 = LINE('',#5642,#5643);
#5642 = CARTESIAN_POINT('',(69.,11.5,12.));
#5643 = VECTOR('',#5644,1.);
#5644 = DIRECTION('',(-0.,1.,0.));
#5645 = ORIENTED_EDGE('',*,*,#5646,.F.);
#5646 = EDGE_CURVE('',#5647,#5639,#5649,.T.);
#5647 = VERTEX_POINT('',#5648);
#5648 = CARTESIAN_POINT('',(59.,13.,12.));
#5649 = LINE('',#5650,#5651);
#5650 = CARTESIAN_POINT('',(0.,13.,12.));
#5651 = VECTOR('',#5652,1.);
#5652 = DIRECTION('',(1.,0.,-0.));
#5653 = ORIENTED_EDGE('',*,*,#5654,.T.);
#5654 = EDGE_CURVE('',#5647,#5655,#5657,.T.);
#5655 = VERTEX_POINT('',#5656);
#5656 = CARTESIAN_POINT('',(59.,43.,12.));
#5657 = LINE('',#5658,#5659);
#5658 = CARTESIAN_POINT('',(59.,11.5,12.));
#5659 = VECTOR('',#5660,1.);
#5660 = DIRECTION('',(-0.,1.,0.));
#5661 = ORIENTED_EDGE('',*,*,#5662,.T.);
#5662 = EDGE_CURVE('',#5655,#5663,#5665,.T.);
#5663 = VERTEX_POINT('',#5664);
#5664 = CARTESIAN_POINT('',(58.9,43.,12.));
#5665 = LINE('',#5666,#5667);
#5666 = CARTESIAN_POINT('',(58.2,43.,12.));
#5667 = VECTOR('',#5668,1.);
#5668 = DIRECTION('',(-1.,-0.,0.));
#5669 = ORIENTED_EDGE('',*,*,#5670,.T.);
#5670 = EDGE_CURVE('',#5663,#5671,#5673,.T.);
#5671 = VERTEX_POINT('',#5672);
#5672 = CARTESIAN_POINT('',(58.9,47.,12.));
#5673 = LINE('',#5674,#5675);
#5674 = CARTESIAN_POINT('',(58.9,27.25,12.));
#5675 = VECTOR('',#5676,1.);
#5676 = DIRECTION('',(-0.,1.,0.));
#5677 = ORIENTED_EDGE('',*,*,#5678,.F.);
#5678 = EDGE_CURVE('',#5679,#5671,#5681,.T.);
#5679 = VERTEX_POINT('',#5680);
#5680 = CARTESIAN_POINT('',(59.,47.,12.));
#5681 = LINE('',#5682,#5683);
#5682 = CARTESIAN_POINT('',(58.2,47.,12.));
#5683 = VECTOR('',#5684,1.);
#5684 = DIRECTION('',(-1.,-0.,0.));
#5685 = ORIENTED_EDGE('',*,*,#5686,.T.);
#5686 = EDGE_CURVE('',#5679,#5687,#5689,.T.);
#5687 = VERTEX_POINT('',#5688);
#5688 = CARTESIAN_POINT('',(59.,48.5,12.));
#5689 = LINE('',#5690,#5691);
#5690 = CARTESIAN_POINT('',(59.,11.5,12.));
#5691 = VECTOR('',#5692,1.);
#5692 = DIRECTION('',(-0.,1.,0.));
#5693 = ORIENTED_EDGE('',*,*,#5694,.T.);
#5694 = EDGE_CURVE('',#5687,#5695,#5697,.T.);
#5695 = VERTEX_POINT('',#5696);
#5696 = CARTESIAN_POINT('',(68.936491673104,48.5,12.));
#5697 = LINE('',#5698,#5699);
#5698 = CARTESIAN_POINT('',(0.,48.5,12.));
#5699 = VECTOR('',#5700,1.);
#5700 = DIRECTION('',(1.,0.,-0.));
#5701 = ORIENTED_EDGE('',*,*,#5702,.T.);
#5702 = EDGE_CURVE('',#5695,#5703,#5705,.T.);
#5703 = VERTEX_POINT('',#5704);
#5704 = CARTESIAN_POINT('',(67.,50.,12.));
#5705 = CIRCLE('',#5706,2.);
#5706 = AXIS2_PLACEMENT_3D('',#5707,#5708,#5709);
#5707 = CARTESIAN_POINT('',(67.,48.,12.));
#5708 = DIRECTION('',(0.,0.,1.));
#5709 = DIRECTION('',(1.,0.,-0.));
#5710 = ORIENTED_EDGE('',*,*,#5711,.F.);
#5711 = EDGE_CURVE('',#5510,#5703,#5712,.T.);
#5712 = LINE('',#5713,#5714);
#5713 = CARTESIAN_POINT('',(0.,50.,12.));
#5714 = VECTOR('',#5715,1.);
#5715 = DIRECTION('',(1.,0.,-0.));
#5716 = ORIENTED_EDGE('',*,*,#5509,.T.);
#5717 = ORIENTED_EDGE('',*,*,#5500,.T.);
#5718 = ORIENTED_EDGE('',*,*,#5491,.T.);
#5719 = PLANE('',#5720);
#5720 = AXIS2_PLACEMENT_3D('',#5721,#5722,#5723);
#5721 = CARTESIAN_POINT('',(35.514588714957,30.609933322221,12.));
#5722 = DIRECTION('',(0.,0.,1.));
#5723 = DIRECTION('',(1.,0.,-0.));
#5724 = ADVANCED_FACE('',(#5725),#5766,.T.);
#5725 = FACE_BOUND('',#5726,.T.);
#5726 = EDGE_LOOP('',(#5727,#5728,#5736,#5742,#5743,#5751,#5759,#5765));
#5727 = ORIENTED_EDGE('',*,*,#4861,.F.);
#5728 = ORIENTED_EDGE('',*,*,#5729,.T.);
#5729 = EDGE_CURVE('',#4854,#5730,#5732,.T.);
#5730 = VERTEX_POINT('',#5731);
#5731 = CARTESIAN_POINT('',(69.,11.5,0.));
#5732 = LINE('',#5733,#5734);
#5733 = CARTESIAN_POINT('',(0.,11.5,0.));
#5734 = VECTOR('',#5735,1.);
#5735 = DIRECTION('',(1.,0.,-0.));
#5736 = ORIENTED_EDGE('',*,*,#5737,.T.);
#5737 = EDGE_CURVE('',#5730,#5631,#5738,.T.);
#5738 = LINE('',#5739,#5740);
#5739 = CARTESIAN_POINT('',(69.,11.5,0.));
#5740 = VECTOR('',#5741,1.);
#5741 = DIRECTION('',(0.,0.,1.));
#5742 = ORIENTED_EDGE('',*,*,#5630,.F.);
#5743 = ORIENTED_EDGE('',*,*,#5744,.F.);
#5744 = EDGE_CURVE('',#5745,#5623,#5747,.T.);
#5745 = VERTEX_POINT('',#5746);
#5746 = CARTESIAN_POINT('',(9.5,11.5,9.5));
#5747 = LINE('',#5748,#5749);
#5748 = CARTESIAN_POINT('',(9.5,11.5,7.75));
#5749 = VECTOR('',#5750,1.);
#5750 = DIRECTION('',(0.,-0.,1.));
#5751 = ORIENTED_EDGE('',*,*,#5752,.T.);
#5752 = EDGE_CURVE('',#5745,#5753,#5755,.T.);
#5753 = VERTEX_POINT('',#5754);
#5754 = CARTESIAN_POINT('',(2.5,11.5,9.5));
#5755 = LINE('',#5756,#5757);
#5756 = CARTESIAN_POINT('',(18.5,11.5,9.5));
#5757 = VECTOR('',#5758,1.);
#5758 = DIRECTION('',(-1.,0.,0.));
#5759 = ORIENTED_EDGE('',*,*,#5760,.T.);
#5760 = EDGE_CURVE('',#5753,#5535,#5761,.T.);
#5761 = LINE('',#5762,#5763);
#5762 = CARTESIAN_POINT('',(2.5,11.5,7.75));
#5763 = VECTOR('',#5764,1.);
#5764 = DIRECTION('',(0.,-0.,1.));
#5765 = ORIENTED_EDGE('',*,*,#5534,.F.);
#5766 = PLANE('',#5767);
#5767 = AXIS2_PLACEMENT_3D('',#5768,#5769,#5770);
#5768 = CARTESIAN_POINT('',(34.5,11.5,6.));
#5769 = DIRECTION('',(-0.,-1.,-0.));
#5770 = DIRECTION('',(0.,0.,-1.));
#5771 = ADVANCED_FACE('',(#5772,#5872,#5883,#5894,#5928,#5939),#5973,.T.
  );
#5772 = FACE_BOUND('',#5773,.T.);
#5773 = EDGE_LOOP('',(#5774,#5775,#5784,#5792,#5800,#5808,#5816,#5824,
    #5832,#5840,#5848,#5856,#5865,#5871));
#5774 = ORIENTED_EDGE('',*,*,#4853,.F.);
#5775 = ORIENTED_EDGE('',*,*,#5776,.T.);
#5776 = EDGE_CURVE('',#4846,#5777,#5779,.T.);
#5777 = VERTEX_POINT('',#5778);
#5778 = CARTESIAN_POINT('',(2.,-4.440892098501E-16,0.));
#5779 = CIRCLE('',#5780,2.);
#5780 = AXIS2_PLACEMENT_3D('',#5781,#5782,#5783);
#5781 = CARTESIAN_POINT('',(2.,2.,0.));
#5782 = DIRECTION('',(0.,0.,1.));
#5783 = DIRECTION('',(0.,-1.,0.));
#5784 = ORIENTED_EDGE('',*,*,#5785,.T.);
#5785 = EDGE_CURVE('',#5777,#5786,#5788,.T.);
#5786 = VERTEX_POINT('',#5787);
#5787 = CARTESIAN_POINT('',(28.,0.,0.));
#5788 = LINE('',#5789,#5790);
#5789 = CARTESIAN_POINT('',(0.,0.,0.));
#5790 = VECTOR('',#5791,1.);
#5791 = DIRECTION('',(1.,0.,-0.));
#5792 = ORIENTED_EDGE('',*,*,#5793,.T.);
#5793 = EDGE_CURVE('',#5786,#5794,#5796,.T.);
#5794 = VERTEX_POINT('',#5795);
#5795 = CARTESIAN_POINT('',(28.,0.7,0.));
#5796 = LINE('',#5797,#5798);
#5797 = CARTESIAN_POINT('',(28.,0.,0.));
#5798 = VECTOR('',#5799,1.);
#5799 = DIRECTION('',(-0.,1.,0.));
#5800 = ORIENTED_EDGE('',*,*,#5801,.T.);
#5801 = EDGE_CURVE('',#5794,#5802,#5804,.T.);
#5802 = VERTEX_POINT('',#5803);
#5803 = CARTESIAN_POINT('',(36.,0.7,0.));
#5804 = LINE('',#5805,#5806);
#5805 = CARTESIAN_POINT('',(28.,0.7,0.));
#5806 = VECTOR('',#5807,1.);
#5807 = DIRECTION('',(1.,0.,-0.));
#5808 = ORIENTED_EDGE('',*,*,#5809,.F.);
#5809 = EDGE_CURVE('',#5810,#5802,#5812,.T.);
#5810 = VERTEX_POINT('',#5811);
#5811 = CARTESIAN_POINT('',(36.,0.,0.));
#5812 = LINE('',#5813,#5814);
#5813 = CARTESIAN_POINT('',(36.,0.,0.));
#5814 = VECTOR('',#5815,1.);
#5815 = DIRECTION('',(-0.,1.,0.));
#5816 = ORIENTED_EDGE('',*,*,#5817,.T.);
#5817 = EDGE_CURVE('',#5810,#5818,#5820,.T.);
#5818 = VERTEX_POINT('',#5819);
#5819 = CARTESIAN_POINT('',(46.,0.,0.));
#5820 = LINE('',#5821,#5822);
#5821 = CARTESIAN_POINT('',(0.,0.,0.));
#5822 = VECTOR('',#5823,1.);
#5823 = DIRECTION('',(1.,0.,-0.));
#5824 = ORIENTED_EDGE('',*,*,#5825,.T.);
#5825 = EDGE_CURVE('',#5818,#5826,#5828,.T.);
#5826 = VERTEX_POINT('',#5827);
#5827 = CARTESIAN_POINT('',(46.,0.7,0.));
#5828 = LINE('',#5829,#5830);
#5829 = CARTESIAN_POINT('',(46.,0.,0.));
#5830 = VECTOR('',#5831,1.);
#5831 = DIRECTION('',(-0.,1.,0.));
#5832 = ORIENTED_EDGE('',*,*,#5833,.T.);
#5833 = EDGE_CURVE('',#5826,#5834,#5836,.T.);
#5834 = VERTEX_POINT('',#5835);
#5835 = CARTESIAN_POINT('',(54.,0.7,0.));
#5836 = LINE('',#5837,#5838);
#5837 = CARTESIAN_POINT('',(46.,0.7,0.));
#5838 = VECTOR('',#5839,1.);
#5839 = DIRECTION('',(1.,0.,-0.));
#5840 = ORIENTED_EDGE('',*,*,#5841,.F.);
#5841 = EDGE_CURVE('',#5842,#5834,#5844,.T.);
#5842 = VERTEX_POINT('',#5843);
#5843 = CARTESIAN_POINT('',(54.,0.,0.));
#5844 = LINE('',#5845,#5846);
#5845 = CARTESIAN_POINT('',(54.,0.,0.));
#5846 = VECTOR('',#5847,1.);
#5847 = DIRECTION('',(-0.,1.,0.));
#5848 = ORIENTED_EDGE('',*,*,#5849,.T.);
#5849 = EDGE_CURVE('',#5842,#5850,#5852,.T.);
#5850 = VERTEX_POINT('',#5851);
#5851 = CARTESIAN_POINT('',(67.,-4.440892098501E-16,0.));
#5852 = LINE('',#5853,#5854);
#5853 = CARTESIAN_POINT('',(0.,0.,0.));
#5854 = VECTOR('',#5855,1.);
#5855 = DIRECTION('',(1.,0.,-0.));
#5856 = ORIENTED_EDGE('',*,*,#5857,.F.);
#5857 = EDGE_CURVE('',#5858,#5850,#5860,.T.);
#5858 = VERTEX_POINT('',#5859);
#5859 = CARTESIAN_POINT('',(69.,2.,0.));
#5860 = CIRCLE('',#5861,2.);
#5861 = AXIS2_PLACEMENT_3D('',#5862,#5863,#5864);
#5862 = CARTESIAN_POINT('',(67.,2.,0.));
#5863 = DIRECTION('',(-0.,-0.,-1.));
#5864 = DIRECTION('',(0.,-1.,0.));
#5865 = ORIENTED_EDGE('',*,*,#5866,.T.);
#5866 = EDGE_CURVE('',#5858,#5730,#5867,.T.);
#5867 = LINE('',#5868,#5869);
#5868 = CARTESIAN_POINT('',(69.,0.,0.));
#5869 = VECTOR('',#5870,1.);
#5870 = DIRECTION('',(-0.,1.,0.));
#5871 = ORIENTED_EDGE('',*,*,#5729,.F.);
#5872 = FACE_BOUND('',#5873,.T.);
#5873 = EDGE_LOOP('',(#5874));
#5874 = ORIENTED_EDGE('',*,*,#5875,.F.);
#5875 = EDGE_CURVE('',#5876,#5876,#5878,.T.);
#5876 = VERTEX_POINT('',#5877);
#5877 = CARTESIAN_POINT('',(28.8,4.2,0.));
#5878 = CIRCLE('',#5879,1.3);
#5879 = AXIS2_PLACEMENT_3D('',#5880,#5881,#5882);
#5880 = CARTESIAN_POINT('',(27.5,4.2,0.));
#5881 = DIRECTION('',(0.,0.,1.));
#5882 = DIRECTION('',(1.,0.,-0.));
#5883 = FACE_BOUND('',#5884,.T.);
#5884 = EDGE_LOOP('',(#5885));
#5885 = ORIENTED_EDGE('',*,*,#5886,.F.);
#5886 = EDGE_CURVE('',#5887,#5887,#5889,.T.);
#5887 = VERTEX_POINT('',#5888);
#5888 = CARTESIAN_POINT('',(57.8,4.2,0.));
#5889 = CIRCLE('',#5890,1.3);
#5890 = AXIS2_PLACEMENT_3D('',#5891,#5892,#5893);
#5891 = CARTESIAN_POINT('',(56.5,4.2,0.));
#5892 = DIRECTION('',(0.,0.,1.));
#5893 = DIRECTION('',(1.,0.,-0.));
#5894 = FACE_BOUND('',#5895,.T.);
#5895 = EDGE_LOOP('',(#5896,#5906,#5914,#5922));
#5896 = ORIENTED_EDGE('',*,*,#5897,.F.);
#5897 = EDGE_CURVE('',#5898,#5900,#5902,.T.);
#5898 = VERTEX_POINT('',#5899);
#5899 = CARTESIAN_POINT('',(23.9,3.,0.));
#5900 = VERTEX_POINT('',#5901);
#5901 = CARTESIAN_POINT('',(25.1,3.,0.));
#5902 = LINE('',#5903,#5904);
#5903 = CARTESIAN_POINT('',(23.9,3.,0.));
#5904 = VECTOR('',#5905,1.);
#5905 = DIRECTION('',(1.,0.,-0.));
#5906 = ORIENTED_EDGE('',*,*,#5907,.T.);
#5907 = EDGE_CURVE('',#5898,#5908,#5910,.T.);
#5908 = VERTEX_POINT('',#5909);
#5909 = CARTESIAN_POINT('',(23.9,7.,0.));
#5910 = LINE('',#5911,#5912);
#5911 = CARTESIAN_POINT('',(23.9,3.,0.));
#5912 = VECTOR('',#5913,1.);
#5913 = DIRECTION('',(-0.,1.,0.));
#5914 = ORIENTED_EDGE('',*,*,#5915,.T.);
#5915 = EDGE_CURVE('',#5908,#5916,#5918,.T.);
#5916 = VERTEX_POINT('',#5917);
#5917 = CARTESIAN_POINT('',(25.1,7.,0.));
#5918 = LINE('',#5919,#5920);
#5919 = CARTESIAN_POINT('',(23.9,7.,0.));
#5920 = VECTOR('',#5921,1.);
#5921 = DIRECTION('',(1.,0.,-0.));
#5922 = ORIENTED_EDGE('',*,*,#5923,.F.);
#5923 = EDGE_CURVE('',#5900,#5916,#5924,.T.);
#5924 = LINE('',#5925,#5926);
#5925 = CARTESIAN_POINT('',(25.1,3.,0.));
#5926 = VECTOR('',#5927,1.);
#5927 = DIRECTION('',(-0.,1.,0.));
#5928 = FACE_BOUND('',#5929,.T.);
#5929 = EDGE_LOOP('',(#5930));
#5930 = ORIENTED_EDGE('',*,*,#5931,.F.);
#5931 = EDGE_CURVE('',#5932,#5932,#5934,.T.);
#5932 = VERTEX_POINT('',#5933);
#5933 = CARTESIAN_POINT('',(44.9,4.87,0.));
#5934 = CIRCLE('',#5935,2.9);
#5935 = AXIS2_PLACEMENT_3D('',#5936,#5937,#5938);
#5936 = CARTESIAN_POINT('',(42.,4.87,0.));
#5937 = DIRECTION('',(0.,0.,1.));
#5938 = DIRECTION('',(1.,0.,-0.));
#5939 = FACE_BOUND('',#5940,.T.);
#5940 = EDGE_LOOP('',(#5941,#5951,#5959,#5967));
#5941 = ORIENTED_EDGE('',*,*,#5942,.F.);
#5942 = EDGE_CURVE('',#5943,#5945,#5947,.T.);
#5943 = VERTEX_POINT('',#5944);
#5944 = CARTESIAN_POINT('',(58.9,3.,0.));
#5945 = VERTEX_POINT('',#5946);
#5946 = CARTESIAN_POINT('',(60.1,3.,0.));
#5947 = LINE('',#5948,#5949);
#5948 = CARTESIAN_POINT('',(58.9,3.,0.));
#5949 = VECTOR('',#5950,1.);
#5950 = DIRECTION('',(1.,0.,-0.));
#5951 = ORIENTED_EDGE('',*,*,#5952,.T.);
#5952 = EDGE_CURVE('',#5943,#5953,#5955,.T.);
#5953 = VERTEX_POINT('',#5954);
#5954 = CARTESIAN_POINT('',(58.9,7.,0.));
#5955 = LINE('',#5956,#5957);
#5956 = CARTESIAN_POINT('',(58.9,3.,0.));
#5957 = VECTOR('',#5958,1.);
#5958 = DIRECTION('',(-0.,1.,0.));
#5959 = ORIENTED_EDGE('',*,*,#5960,.T.);
#5960 = EDGE_CURVE('',#5953,#5961,#5963,.T.);
#5961 = VERTEX_POINT('',#5962);
#5962 = CARTESIAN_POINT('',(60.1,7.,0.));
#5963 = LINE('',#5964,#5965);
#5964 = CARTESIAN_POINT('',(58.9,7.,0.));
#5965 = VECTOR('',#5966,1.);
#5966 = DIRECTION('',(1.,0.,-0.));
#5967 = ORIENTED_EDGE('',*,*,#5968,.F.);
#5968 = EDGE_CURVE('',#5945,#5961,#5969,.T.);
#5969 = LINE('',#5970,#5971);
#5970 = CARTESIAN_POINT('',(60.1,3.,0.));
#5971 = VECTOR('',#5972,1.);
#5972 = DIRECTION('',(-0.,1.,0.));
#5973 = PLANE('',#5974);
#5974 = AXIS2_PLACEMENT_3D('',#5975,#5976,#5977);
#5975 = CARTESIAN_POINT('',(0.,0.,0.));
#5976 = DIRECTION('',(0.,0.,1.));
#5977 = DIRECTION('',(1.,0.,-0.));
#5978 = ADVANCED_FACE('',(#5979),#5990,.F.);
#5979 = FACE_BOUND('',#5980,.F.);
#5980 = EDGE_LOOP('',(#5981,#5982,#5983,#5989));
#5981 = ORIENTED_EDGE('',*,*,#4845,.F.);
#5982 = ORIENTED_EDGE('',*,*,#5776,.T.);
#5983 = ORIENTED_EDGE('',*,*,#5984,.T.);
#5984 = EDGE_CURVE('',#5777,#5336,#5985,.T.);
#5985 = LINE('',#5986,#5987);
#5986 = CARTESIAN_POINT('',(2.,-4.440892098501E-16,0.));
#5987 = VECTOR('',#5988,1.);
#5988 = DIRECTION('',(0.,0.,1.));
#5989 = ORIENTED_EDGE('',*,*,#5335,.F.);
#5990 = CYLINDRICAL_SURFACE('',#5991,2.);
#5991 = AXIS2_PLACEMENT_3D('',#5992,#5993,#5994);
#5992 = CARTESIAN_POINT('',(2.,2.,0.));
#5993 = DIRECTION('',(0.,0.,1.));
#5994 = DIRECTION('',(-1.,-0.,0.));
#5995 = ADVANCED_FACE('',(#5996),#6015,.F.);
#5996 = FACE_BOUND('',#5997,.F.);
#5997 = EDGE_LOOP('',(#5998,#6007,#6013,#6014));
#5998 = ORIENTED_EDGE('',*,*,#5999,.F.);
#5999 = EDGE_CURVE('',#6000,#6000,#6002,.T.);
#6000 = VERTEX_POINT('',#6001);
#6001 = CARTESIAN_POINT('',(-4.6,7.5,20.5));
#6002 = CIRCLE('',#6003,1.);
#6003 = AXIS2_PLACEMENT_3D('',#6004,#6005,#6006);
#6004 = CARTESIAN_POINT('',(-4.6,7.5,19.5));
#6005 = DIRECTION('',(1.,0.,0.));
#6006 = DIRECTION('',(-0.,0.,1.));
#6007 = ORIENTED_EDGE('',*,*,#6008,.F.);
#6008 = EDGE_CURVE('',#4933,#6000,#6009,.T.);
#6009 = LINE('',#6010,#6011);
#6010 = CARTESIAN_POINT('',(-8.6,7.5,20.5));
#6011 = VECTOR('',#6012,1.);
#6012 = DIRECTION('',(1.,0.,0.));
#6013 = ORIENTED_EDGE('',*,*,#4932,.T.);
#6014 = ORIENTED_EDGE('',*,*,#6008,.T.);
#6015 = CYLINDRICAL_SURFACE('',#6016,1.);
#6016 = AXIS2_PLACEMENT_3D('',#6017,#6018,#6019);
#6017 = CARTESIAN_POINT('',(-8.6,7.5,19.5));
#6018 = DIRECTION('',(1.,0.,0.));
#6019 = DIRECTION('',(-0.,0.,1.));
#6020 = ADVANCED_FACE('',(#6021),#6040,.F.);
#6021 = FACE_BOUND('',#6022,.F.);
#6022 = EDGE_LOOP('',(#6023,#6024,#6032,#6039));
#6023 = ORIENTED_EDGE('',*,*,#4952,.F.);
#6024 = ORIENTED_EDGE('',*,*,#6025,.F.);
#6025 = EDGE_CURVE('',#6026,#4953,#6028,.T.);
#6026 = VERTEX_POINT('',#6027);
#6027 = CARTESIAN_POINT('',(72.2,25.,19.3));
#6028 = LINE('',#6029,#6030);
#6029 = CARTESIAN_POINT('',(72.2,25.,19.3));
#6030 = VECTOR('',#6031,1.);
#6031 = DIRECTION('',(0.707106781187,1.731912112471E-16,0.707106781187)
  );
#6032 = ORIENTED_EDGE('',*,*,#6033,.T.);
#6033 = EDGE_CURVE('',#6026,#6026,#6034,.T.);
#6034 = CIRCLE('',#6035,6.3);
#6035 = AXIS2_PLACEMENT_3D('',#6036,#6037,#6038);
#6036 = CARTESIAN_POINT('',(72.2,25.,13.));
#6037 = DIRECTION('',(1.,0.,0.));
#6038 = DIRECTION('',(-0.,0.,1.));
#6039 = ORIENTED_EDGE('',*,*,#6025,.T.);
#6040 = CONICAL_SURFACE('',#6041,6.3,0.785398163397);
#6041 = AXIS2_PLACEMENT_3D('',#6042,#6043,#6044);
#6042 = CARTESIAN_POINT('',(72.2,25.,13.));
#6043 = DIRECTION('',(1.,0.,0.));
#6044 = DIRECTION('',(-0.,0.,1.));
#6045 = ADVANCED_FACE('',(#6046),#6065,.F.);
#6046 = FACE_BOUND('',#6047,.F.);
#6047 = EDGE_LOOP('',(#6048,#6049,#6057,#6064));
#6048 = ORIENTED_EDGE('',*,*,#4972,.T.);
#6049 = ORIENTED_EDGE('',*,*,#6050,.T.);
#6050 = EDGE_CURVE('',#4973,#6051,#6053,.T.);
#6051 = VERTEX_POINT('',#6052);
#6052 = CARTESIAN_POINT('',(75.3,-4.5,-3.5));
#6053 = LINE('',#6054,#6055);
#6054 = CARTESIAN_POINT('',(75.3,-4.5,-10.));
#6055 = VECTOR('',#6056,1.);
#6056 = DIRECTION('',(0.,0.,1.));
#6057 = ORIENTED_EDGE('',*,*,#6058,.F.);
#6058 = EDGE_CURVE('',#6051,#6051,#6059,.T.);
#6059 = CIRCLE('',#6060,1.8);
#6060 = AXIS2_PLACEMENT_3D('',#6061,#6062,#6063);
#6061 = CARTESIAN_POINT('',(73.5,-4.5,-3.5));
#6062 = DIRECTION('',(0.,0.,1.));
#6063 = DIRECTION('',(1.,0.,-0.));
#6064 = ORIENTED_EDGE('',*,*,#6050,.F.);
#6065 = CYLINDRICAL_SURFACE('',#6066,1.8);
#6066 = AXIS2_PLACEMENT_3D('',#6067,#6068,#6069);
#6067 = CARTESIAN_POINT('',(73.5,-4.5,-10.));
#6068 = DIRECTION('',(0.,0.,1.));
#6069 = DIRECTION('',(1.,0.,-0.));
#6070 = ADVANCED_FACE('',(#6071),#6090,.F.);
#6071 = FACE_BOUND('',#6072,.F.);
#6072 = EDGE_LOOP('',(#6073,#6074,#6082,#6089));
#6073 = ORIENTED_EDGE('',*,*,#4992,.T.);
#6074 = ORIENTED_EDGE('',*,*,#6075,.T.);
#6075 = EDGE_CURVE('',#4993,#6076,#6078,.T.);
#6076 = VERTEX_POINT('',#6077);
#6077 = CARTESIAN_POINT('',(-2.7,-4.5,-3.5));
#6078 = LINE('',#6079,#6080);
#6079 = CARTESIAN_POINT('',(-2.7,-4.5,-10.));
#6080 = VECTOR('',#6081,1.);
#6081 = DIRECTION('',(0.,0.,1.));
#6082 = ORIENTED_EDGE('',*,*,#6083,.F.);
#6083 = EDGE_CURVE('',#6076,#6076,#6084,.T.);
#6084 = CIRCLE('',#6085,1.8);
#6085 = AXIS2_PLACEMENT_3D('',#6086,#6087,#6088);
#6086 = CARTESIAN_POINT('',(-4.5,-4.5,-3.5));
#6087 = DIRECTION('',(0.,0.,1.));
#6088 = DIRECTION('',(1.,0.,-0.));
#6089 = ORIENTED_EDGE('',*,*,#6075,.F.);
#6090 = CYLINDRICAL_SURFACE('',#6091,1.8);
#6091 = AXIS2_PLACEMENT_3D('',#6092,#6093,#6094);
#6092 = CARTESIAN_POINT('',(-4.5,-4.5,-10.));
#6093 = DIRECTION('',(0.,0.,1.));
#6094 = DIRECTION('',(1.,0.,-0.));
#6095 = ADVANCED_FACE('',(#6096),#6115,.F.);
#6096 = FACE_BOUND('',#6097,.F.);
#6097 = EDGE_LOOP('',(#6098,#6099,#6107,#6114));
#6098 = ORIENTED_EDGE('',*,*,#5012,.T.);
#6099 = ORIENTED_EDGE('',*,*,#6100,.T.);
#6100 = EDGE_CURVE('',#5013,#6101,#6103,.T.);
#6101 = VERTEX_POINT('',#6102);
#6102 = CARTESIAN_POINT('',(75.3,54.5,-3.5));
#6103 = LINE('',#6104,#6105);
#6104 = CARTESIAN_POINT('',(75.3,54.5,-10.));
#6105 = VECTOR('',#6106,1.);
#6106 = DIRECTION('',(0.,0.,1.));
#6107 = ORIENTED_EDGE('',*,*,#6108,.F.);
#6108 = EDGE_CURVE('',#6101,#6101,#6109,.T.);
#6109 = CIRCLE('',#6110,1.8);
#6110 = AXIS2_PLACEMENT_3D('',#6111,#6112,#6113);
#6111 = CARTESIAN_POINT('',(73.5,54.5,-3.5));
#6112 = DIRECTION('',(0.,0.,1.));
#6113 = DIRECTION('',(1.,0.,-0.));
#6114 = ORIENTED_EDGE('',*,*,#6100,.F.);
#6115 = CYLINDRICAL_SURFACE('',#6116,1.8);
#6116 = AXIS2_PLACEMENT_3D('',#6117,#6118,#6119);
#6117 = CARTESIAN_POINT('',(73.5,54.5,-10.));
#6118 = DIRECTION('',(0.,0.,1.));
#6119 = DIRECTION('',(1.,0.,-0.));
#6120 = ADVANCED_FACE('',(#6121),#6140,.F.);
#6121 = FACE_BOUND('',#6122,.F.);
#6122 = EDGE_LOOP('',(#6123,#6124,#6132,#6139));
#6123 = ORIENTED_EDGE('',*,*,#5032,.T.);
#6124 = ORIENTED_EDGE('',*,*,#6125,.T.);
#6125 = EDGE_CURVE('',#5033,#6126,#6128,.T.);
#6126 = VERTEX_POINT('',#6127);
#6127 = CARTESIAN_POINT('',(-2.7,54.5,-3.5));
#6128 = LINE('',#6129,#6130);
#6129 = CARTESIAN_POINT('',(-2.7,54.5,-10.));
#6130 = VECTOR('',#6131,1.);
#6131 = DIRECTION('',(0.,0.,1.));
#6132 = ORIENTED_EDGE('',*,*,#6133,.F.);
#6133 = EDGE_CURVE('',#6126,#6126,#6134,.T.);
#6134 = CIRCLE('',#6135,1.8);
#6135 = AXIS2_PLACEMENT_3D('',#6136,#6137,#6138);
#6136 = CARTESIAN_POINT('',(-4.5,54.5,-3.5));
#6137 = DIRECTION('',(0.,0.,1.));
#6138 = DIRECTION('',(1.,0.,-0.));
#6139 = ORIENTED_EDGE('',*,*,#6125,.F.);
#6140 = CYLINDRICAL_SURFACE('',#6141,1.8);
#6141 = AXIS2_PLACEMENT_3D('',#6142,#6143,#6144);
#6142 = CARTESIAN_POINT('',(-4.5,54.5,-10.));
#6143 = DIRECTION('',(0.,0.,1.));
#6144 = DIRECTION('',(1.,0.,-0.));
#6145 = ADVANCED_FACE('',(#6146),#6165,.F.);
#6146 = FACE_BOUND('',#6147,.F.);
#6147 = EDGE_LOOP('',(#6148,#6149,#6157,#6164));
#6148 = ORIENTED_EDGE('',*,*,#5052,.F.);
#6149 = ORIENTED_EDGE('',*,*,#6150,.F.);
#6150 = EDGE_CURVE('',#6151,#5053,#6153,.T.);
#6151 = VERTEX_POINT('',#6152);
#6152 = CARTESIAN_POINT('',(-3.15,-4.5,-3.5));
#6153 = LINE('',#6154,#6155);
#6154 = CARTESIAN_POINT('',(-3.15,-4.5,-3.5));
#6155 = VECTOR('',#6156,1.);
#6156 = DIRECTION('',(0.,0.,1.));
#6157 = ORIENTED_EDGE('',*,*,#6158,.T.);
#6158 = EDGE_CURVE('',#6151,#6151,#6159,.T.);
#6159 = CIRCLE('',#6160,1.35);
#6160 = AXIS2_PLACEMENT_3D('',#6161,#6162,#6163);
#6161 = CARTESIAN_POINT('',(-4.5,-4.5,-3.5));
#6162 = DIRECTION('',(0.,0.,1.));
#6163 = DIRECTION('',(1.,0.,-0.));
#6164 = ORIENTED_EDGE('',*,*,#6150,.T.);
#6165 = CYLINDRICAL_SURFACE('',#6166,1.35);
#6166 = AXIS2_PLACEMENT_3D('',#6167,#6168,#6169);
#6167 = CARTESIAN_POINT('',(-4.5,-4.5,-3.5));
#6168 = DIRECTION('',(0.,0.,1.));
#6169 = DIRECTION('',(1.,0.,-0.));
#6170 = ADVANCED_FACE('',(#6171),#6190,.F.);
#6171 = FACE_BOUND('',#6172,.F.);
#6172 = EDGE_LOOP('',(#6173,#6174,#6182,#6189));
#6173 = ORIENTED_EDGE('',*,*,#5072,.F.);
#6174 = ORIENTED_EDGE('',*,*,#6175,.F.);
#6175 = EDGE_CURVE('',#6176,#5073,#6178,.T.);
#6176 = VERTEX_POINT('',#6177);
#6177 = CARTESIAN_POINT('',(74.85,-4.5,-3.5));
#6178 = LINE('',#6179,#6180);
#6179 = CARTESIAN_POINT('',(74.85,-4.5,-3.5));
#6180 = VECTOR('',#6181,1.);
#6181 = DIRECTION('',(0.,0.,1.));
#6182 = ORIENTED_EDGE('',*,*,#6183,.T.);
#6183 = EDGE_CURVE('',#6176,#6176,#6184,.T.);
#6184 = CIRCLE('',#6185,1.35);
#6185 = AXIS2_PLACEMENT_3D('',#6186,#6187,#6188);
#6186 = CARTESIAN_POINT('',(73.5,-4.5,-3.5));
#6187 = DIRECTION('',(0.,0.,1.));
#6188 = DIRECTION('',(1.,0.,-0.));
#6189 = ORIENTED_EDGE('',*,*,#6175,.T.);
#6190 = CYLINDRICAL_SURFACE('',#6191,1.35);
#6191 = AXIS2_PLACEMENT_3D('',#6192,#6193,#6194);
#6192 = CARTESIAN_POINT('',(73.5,-4.5,-3.5));
#6193 = DIRECTION('',(0.,0.,1.));
#6194 = DIRECTION('',(1.,0.,-0.));
#6195 = ADVANCED_FACE('',(#6196),#6215,.F.);
#6196 = FACE_BOUND('',#6197,.F.);
#6197 = EDGE_LOOP('',(#6198,#6199,#6207,#6214));
#6198 = ORIENTED_EDGE('',*,*,#5092,.F.);
#6199 = ORIENTED_EDGE('',*,*,#6200,.F.);
#6200 = EDGE_CURVE('',#6201,#5093,#6203,.T.);
#6201 = VERTEX_POINT('',#6202);
#6202 = CARTESIAN_POINT('',(-3.15,54.5,-3.5));
#6203 = LINE('',#6204,#6205);
#6204 = CARTESIAN_POINT('',(-3.15,54.5,-3.5));
#6205 = VECTOR('',#6206,1.);
#6206 = DIRECTION('',(0.,0.,1.));
#6207 = ORIENTED_EDGE('',*,*,#6208,.T.);
#6208 = EDGE_CURVE('',#6201,#6201,#6209,.T.);
#6209 = CIRCLE('',#6210,1.35);
#6210 = AXIS2_PLACEMENT_3D('',#6211,#6212,#6213);
#6211 = CARTESIAN_POINT('',(-4.5,54.5,-3.5));
#6212 = DIRECTION('',(0.,0.,1.));
#6213 = DIRECTION('',(1.,0.,-0.));
#6214 = ORIENTED_EDGE('',*,*,#6200,.T.);
#6215 = CYLINDRICAL_SURFACE('',#6216,1.35);
#6216 = AXIS2_PLACEMENT_3D('',#6217,#6218,#6219);
#6217 = CARTESIAN_POINT('',(-4.5,54.5,-3.5));
#6218 = DIRECTION('',(0.,0.,1.));
#6219 = DIRECTION('',(1.,0.,-0.));
#6220 = ADVANCED_FACE('',(#6221),#6240,.F.);
#6221 = FACE_BOUND('',#6222,.F.);
#6222 = EDGE_LOOP('',(#6223,#6224,#6232,#6239));
#6223 = ORIENTED_EDGE('',*,*,#5308,.F.);
#6224 = ORIENTED_EDGE('',*,*,#6225,.F.);
#6225 = EDGE_CURVE('',#6226,#5309,#6228,.T.);
#6226 = VERTEX_POINT('',#6227);
#6227 = CARTESIAN_POINT('',(74.85,54.5,-3.5));
#6228 = LINE('',#6229,#6230);
#6229 = CARTESIAN_POINT('',(74.85,54.5,-3.5));
#6230 = VECTOR('',#6231,1.);
#6231 = DIRECTION('',(0.,0.,1.));
#6232 = ORIENTED_EDGE('',*,*,#6233,.T.);
#6233 = EDGE_CURVE('',#6226,#6226,#6234,.T.);
#6234 = CIRCLE('',#6235,1.35);
#6235 = AXIS2_PLACEMENT_3D('',#6236,#6237,#6238);
#6236 = CARTESIAN_POINT('',(73.5,54.5,-3.5));
#6237 = DIRECTION('',(0.,0.,1.));
#6238 = DIRECTION('',(1.,0.,-0.));
#6239 = ORIENTED_EDGE('',*,*,#6225,.T.);
#6240 = CYLINDRICAL_SURFACE('',#6241,1.35);
#6241 = AXIS2_PLACEMENT_3D('',#6242,#6243,#6244);
#6242 = CARTESIAN_POINT('',(73.5,54.5,-3.5));
#6243 = DIRECTION('',(0.,0.,1.));
#6244 = DIRECTION('',(1.,0.,-0.));
#6245 = ADVANCED_FACE('',(#6246),#6252,.T.);
#6246 = FACE_BOUND('',#6247,.T.);
#6247 = EDGE_LOOP('',(#6248,#6249,#6250,#6251));
#6248 = ORIENTED_EDGE('',*,*,#5435,.F.);
#6249 = ORIENTED_EDGE('',*,*,#5451,.T.);
#6250 = ORIENTED_EDGE('',*,*,#5476,.T.);
#6251 = ORIENTED_EDGE('',*,*,#5353,.F.);
#6252 = PLANE('',#6253);
#6253 = AXIS2_PLACEMENT_3D('',#6254,#6255,#6256);
#6254 = CARTESIAN_POINT('',(1.2,38.5,25.5));
#6255 = DIRECTION('',(1.,0.,-0.));
#6256 = DIRECTION('',(0.,0.,1.));
#6257 = ADVANCED_FACE('',(#6258,#6269),#6303,.F.);
#6258 = FACE_BOUND('',#6259,.F.);
#6259 = EDGE_LOOP('',(#6260,#6261,#6262,#6263));
#6260 = ORIENTED_EDGE('',*,*,#5711,.F.);
#6261 = ORIENTED_EDGE('',*,*,#5518,.T.);
#6262 = ORIENTED_EDGE('',*,*,#5377,.F.);
#6263 = ORIENTED_EDGE('',*,*,#6264,.F.);
#6264 = EDGE_CURVE('',#5703,#5378,#6265,.T.);
#6265 = LINE('',#6266,#6267);
#6266 = CARTESIAN_POINT('',(67.,50.,0.));
#6267 = VECTOR('',#6268,1.);
#6268 = DIRECTION('',(0.,0.,1.));
#6269 = FACE_BOUND('',#6270,.F.);
#6270 = EDGE_LOOP('',(#6271,#6281,#6289,#6297));
#6271 = ORIENTED_EDGE('',*,*,#6272,.F.);
#6272 = EDGE_CURVE('',#6273,#6275,#6277,.T.);
#6273 = VERTEX_POINT('',#6274);
#6274 = CARTESIAN_POINT('',(27.,50.,13.6));
#6275 = VERTEX_POINT('',#6276);
#6276 = CARTESIAN_POINT('',(27.,50.,19.3));
#6277 = LINE('',#6278,#6279);
#6278 = CARTESIAN_POINT('',(27.,50.,13.6));
#6279 = VECTOR('',#6280,1.);
#6280 = DIRECTION('',(0.,0.,1.));
#6281 = ORIENTED_EDGE('',*,*,#6282,.T.);
#6282 = EDGE_CURVE('',#6273,#6283,#6285,.T.);
#6283 = VERTEX_POINT('',#6284);
#6284 = CARTESIAN_POINT('',(57.,50.,13.6));
#6285 = LINE('',#6286,#6287);
#6286 = CARTESIAN_POINT('',(27.,50.,13.6));
#6287 = VECTOR('',#6288,1.);
#6288 = DIRECTION('',(1.,0.,-0.));
#6289 = ORIENTED_EDGE('',*,*,#6290,.T.);
#6290 = EDGE_CURVE('',#6283,#6291,#6293,.T.);
#6291 = VERTEX_POINT('',#6292);
#6292 = CARTESIAN_POINT('',(57.,50.,19.3));
#6293 = LINE('',#6294,#6295);
#6294 = CARTESIAN_POINT('',(57.,50.,13.6));
#6295 = VECTOR('',#6296,1.);
#6296 = DIRECTION('',(0.,0.,1.));
#6297 = ORIENTED_EDGE('',*,*,#6298,.F.);
#6298 = EDGE_CURVE('',#6275,#6291,#6299,.T.);
#6299 = LINE('',#6300,#6301);
#6300 = CARTESIAN_POINT('',(27.,50.,19.3));
#6301 = VECTOR('',#6302,1.);
#6302 = DIRECTION('',(1.,0.,-0.));
#6303 = PLANE('',#6304);
#6304 = AXIS2_PLACEMENT_3D('',#6305,#6306,#6307);
#6305 = CARTESIAN_POINT('',(0.,50.,0.));
#6306 = DIRECTION('',(-0.,1.,0.));
#6307 = DIRECTION('',(0.,0.,1.));
#6308 = ADVANCED_FACE('',(#6309),#6337,.F.);
#6309 = FACE_BOUND('',#6310,.F.);
#6310 = EDGE_LOOP('',(#6311,#6319,#6328,#6334,#6335,#6336));
#6311 = ORIENTED_EDGE('',*,*,#6312,.F.);
#6312 = EDGE_CURVE('',#6313,#5386,#6315,.T.);
#6313 = VERTEX_POINT('',#6314);
#6314 = CARTESIAN_POINT('',(69.,48.,0.));
#6315 = LINE('',#6316,#6317);
#6316 = CARTESIAN_POINT('',(69.,48.,0.));
#6317 = VECTOR('',#6318,1.);
#6318 = DIRECTION('',(0.,0.,1.));
#6319 = ORIENTED_EDGE('',*,*,#6320,.T.);
#6320 = EDGE_CURVE('',#6313,#6321,#6323,.T.);
#6321 = VERTEX_POINT('',#6322);
#6322 = CARTESIAN_POINT('',(68.936491673104,48.5,0.));
#6323 = CIRCLE('',#6324,2.);
#6324 = AXIS2_PLACEMENT_3D('',#6325,#6326,#6327);
#6325 = CARTESIAN_POINT('',(67.,48.,0.));
#6326 = DIRECTION('',(0.,0.,1.));
#6327 = DIRECTION('',(0.,-1.,0.));
#6328 = ORIENTED_EDGE('',*,*,#6329,.T.);
#6329 = EDGE_CURVE('',#6321,#5695,#6330,.T.);
#6330 = LINE('',#6331,#6332);
#6331 = CARTESIAN_POINT('',(68.936491673104,48.5,0.));
#6332 = VECTOR('',#6333,1.);
#6333 = DIRECTION('',(0.,0.,1.));
#6334 = ORIENTED_EDGE('',*,*,#5702,.T.);
#6335 = ORIENTED_EDGE('',*,*,#6264,.T.);
#6336 = ORIENTED_EDGE('',*,*,#5385,.F.);
#6337 = CYLINDRICAL_SURFACE('',#6338,2.);
#6338 = AXIS2_PLACEMENT_3D('',#6339,#6340,#6341);
#6339 = CARTESIAN_POINT('',(67.,48.,0.));
#6340 = DIRECTION('',(0.,0.,1.));
#6341 = DIRECTION('',(1.,0.,-0.));
#6342 = ADVANCED_FACE('',(#6343,#6370),#6381,.F.);
#6343 = FACE_BOUND('',#6344,.F.);
#6344 = EDGE_LOOP('',(#6345,#6346,#6352,#6353,#6354,#6355,#6363,#6369));
#6345 = ORIENTED_EDGE('',*,*,#5394,.F.);
#6346 = ORIENTED_EDGE('',*,*,#6347,.F.);
#6347 = EDGE_CURVE('',#5858,#5395,#6348,.T.);
#6348 = LINE('',#6349,#6350);
#6349 = CARTESIAN_POINT('',(69.,2.,0.));
#6350 = VECTOR('',#6351,1.);
#6351 = DIRECTION('',(0.,0.,1.));
#6352 = ORIENTED_EDGE('',*,*,#5866,.T.);
#6353 = ORIENTED_EDGE('',*,*,#5737,.T.);
#6354 = ORIENTED_EDGE('',*,*,#5638,.T.);
#6355 = ORIENTED_EDGE('',*,*,#6356,.F.);
#6356 = EDGE_CURVE('',#6357,#5639,#6359,.T.);
#6357 = VERTEX_POINT('',#6358);
#6358 = CARTESIAN_POINT('',(69.,13.,0.));
#6359 = LINE('',#6360,#6361);
#6360 = CARTESIAN_POINT('',(69.,13.,0.));
#6361 = VECTOR('',#6362,1.);
#6362 = DIRECTION('',(0.,0.,1.));
#6363 = ORIENTED_EDGE('',*,*,#6364,.T.);
#6364 = EDGE_CURVE('',#6357,#6313,#6365,.T.);
#6365 = LINE('',#6366,#6367);
#6366 = CARTESIAN_POINT('',(69.,0.,0.));
#6367 = VECTOR('',#6368,1.);
#6368 = DIRECTION('',(-0.,1.,0.));
#6369 = ORIENTED_EDGE('',*,*,#6312,.T.);
#6370 = FACE_BOUND('',#6371,.F.);
#6371 = EDGE_LOOP('',(#6372));
#6372 = ORIENTED_EDGE('',*,*,#6373,.T.);
#6373 = EDGE_CURVE('',#6374,#6374,#6376,.T.);
#6374 = VERTEX_POINT('',#6375);
#6375 = CARTESIAN_POINT('',(69.,25.,6.3));
#6376 = CIRCLE('',#6377,6.7);
#6377 = AXIS2_PLACEMENT_3D('',#6378,#6379,#6380);
#6378 = CARTESIAN_POINT('',(69.,25.,13.));
#6379 = DIRECTION('',(-1.,-0.,-0.));
#6380 = DIRECTION('',(0.,0.,-1.));
#6381 = PLANE('',#6382);
#6382 = AXIS2_PLACEMENT_3D('',#6383,#6384,#6385);
#6383 = CARTESIAN_POINT('',(69.,0.,0.));
#6384 = DIRECTION('',(1.,0.,-0.));
#6385 = DIRECTION('',(0.,0.,1.));
#6386 = ADVANCED_FACE('',(#6387),#6398,.F.);
#6387 = FACE_BOUND('',#6388,.T.);
#6388 = EDGE_LOOP('',(#6389,#6390,#6391,#6397));
#6389 = ORIENTED_EDGE('',*,*,#6347,.F.);
#6390 = ORIENTED_EDGE('',*,*,#5857,.T.);
#6391 = ORIENTED_EDGE('',*,*,#6392,.T.);
#6392 = EDGE_CURVE('',#5850,#5403,#6393,.T.);
#6393 = LINE('',#6394,#6395);
#6394 = CARTESIAN_POINT('',(67.,-4.440892098501E-16,0.));
#6395 = VECTOR('',#6396,1.);
#6396 = DIRECTION('',(0.,0.,1.));
#6397 = ORIENTED_EDGE('',*,*,#5402,.T.);
#6398 = CYLINDRICAL_SURFACE('',#6399,2.);
#6399 = AXIS2_PLACEMENT_3D('',#6400,#6401,#6402);
#6400 = CARTESIAN_POINT('',(67.,2.,0.));
#6401 = DIRECTION('',(0.,0.,1.));
#6402 = DIRECTION('',(1.,0.,-0.));
#6403 = ADVANCED_FACE('',(#6404),#6456,.T.);
#6404 = FACE_BOUND('',#6405,.T.);
#6405 = EDGE_LOOP('',(#6406,#6407,#6408,#6409,#6410,#6411,#6419,#6427,
    #6433,#6434,#6442,#6450));
#6406 = ORIENTED_EDGE('',*,*,#5785,.F.);
#6407 = ORIENTED_EDGE('',*,*,#5984,.T.);
#6408 = ORIENTED_EDGE('',*,*,#5411,.F.);
#6409 = ORIENTED_EDGE('',*,*,#6392,.F.);
#6410 = ORIENTED_EDGE('',*,*,#5849,.F.);
#6411 = ORIENTED_EDGE('',*,*,#6412,.T.);
#6412 = EDGE_CURVE('',#5842,#6413,#6415,.T.);
#6413 = VERTEX_POINT('',#6414);
#6414 = CARTESIAN_POINT('',(54.,0.,19.3));
#6415 = LINE('',#6416,#6417);
#6416 = CARTESIAN_POINT('',(54.,0.,0.));
#6417 = VECTOR('',#6418,1.);
#6418 = DIRECTION('',(0.,0.,1.));
#6419 = ORIENTED_EDGE('',*,*,#6420,.F.);
#6420 = EDGE_CURVE('',#6421,#6413,#6423,.T.);
#6421 = VERTEX_POINT('',#6422);
#6422 = CARTESIAN_POINT('',(46.,0.,19.3));
#6423 = LINE('',#6424,#6425);
#6424 = CARTESIAN_POINT('',(46.,0.,19.3));
#6425 = VECTOR('',#6426,1.);
#6426 = DIRECTION('',(1.,0.,-0.));
#6427 = ORIENTED_EDGE('',*,*,#6428,.F.);
#6428 = EDGE_CURVE('',#5818,#6421,#6429,.T.);
#6429 = LINE('',#6430,#6431);
#6430 = CARTESIAN_POINT('',(46.,0.,0.));
#6431 = VECTOR('',#6432,1.);
#6432 = DIRECTION('',(0.,0.,1.));
#6433 = ORIENTED_EDGE('',*,*,#5817,.F.);
#6434 = ORIENTED_EDGE('',*,*,#6435,.T.);
#6435 = EDGE_CURVE('',#5810,#6436,#6438,.T.);
#6436 = VERTEX_POINT('',#6437);
#6437 = CARTESIAN_POINT('',(36.,0.,19.3));
#6438 = LINE('',#6439,#6440);
#6439 = CARTESIAN_POINT('',(36.,0.,0.));
#6440 = VECTOR('',#6441,1.);
#6441 = DIRECTION('',(0.,0.,1.));
#6442 = ORIENTED_EDGE('',*,*,#6443,.F.);
#6443 = EDGE_CURVE('',#6444,#6436,#6446,.T.);
#6444 = VERTEX_POINT('',#6445);
#6445 = CARTESIAN_POINT('',(28.,0.,19.3));
#6446 = LINE('',#6447,#6448);
#6447 = CARTESIAN_POINT('',(28.,0.,19.3));
#6448 = VECTOR('',#6449,1.);
#6449 = DIRECTION('',(1.,0.,-0.));
#6450 = ORIENTED_EDGE('',*,*,#6451,.F.);
#6451 = EDGE_CURVE('',#5786,#6444,#6452,.T.);
#6452 = LINE('',#6453,#6454);
#6453 = CARTESIAN_POINT('',(28.,0.,0.));
#6454 = VECTOR('',#6455,1.);
#6455 = DIRECTION('',(0.,0.,1.));
#6456 = PLANE('',#6457);
#6457 = AXIS2_PLACEMENT_3D('',#6458,#6459,#6460);
#6458 = CARTESIAN_POINT('',(0.,0.,0.));
#6459 = DIRECTION('',(-0.,1.,0.));
#6460 = DIRECTION('',(0.,0.,1.));
#6461 = ADVANCED_FACE('',(#6462),#6480,.F.);
#6462 = FACE_BOUND('',#6463,.F.);
#6463 = EDGE_LOOP('',(#6464,#6472,#6478,#6479));
#6464 = ORIENTED_EDGE('',*,*,#6465,.F.);
#6465 = EDGE_CURVE('',#6466,#6321,#6468,.T.);
#6466 = VERTEX_POINT('',#6467);
#6467 = CARTESIAN_POINT('',(59.,48.5,0.));
#6468 = LINE('',#6469,#6470);
#6469 = CARTESIAN_POINT('',(0.,48.5,0.));
#6470 = VECTOR('',#6471,1.);
#6471 = DIRECTION('',(1.,0.,-0.));
#6472 = ORIENTED_EDGE('',*,*,#6473,.T.);
#6473 = EDGE_CURVE('',#6466,#5687,#6474,.T.);
#6474 = LINE('',#6475,#6476);
#6475 = CARTESIAN_POINT('',(59.,48.5,0.));
#6476 = VECTOR('',#6477,1.);
#6477 = DIRECTION('',(0.,0.,1.));
#6478 = ORIENTED_EDGE('',*,*,#5694,.T.);
#6479 = ORIENTED_EDGE('',*,*,#6329,.F.);
#6480 = PLANE('',#6481);
#6481 = AXIS2_PLACEMENT_3D('',#6482,#6483,#6484);
#6482 = CARTESIAN_POINT('',(0.,48.5,0.));
#6483 = DIRECTION('',(-0.,1.,0.));
#6484 = DIRECTION('',(0.,0.,1.));
#6485 = ADVANCED_FACE('',(#6486),#6504,.T.);
#6486 = FACE_BOUND('',#6487,.T.);
#6487 = EDGE_LOOP('',(#6488,#6496,#6502,#6503));
#6488 = ORIENTED_EDGE('',*,*,#6489,.F.);
#6489 = EDGE_CURVE('',#6490,#5679,#6492,.T.);
#6490 = VERTEX_POINT('',#6491);
#6491 = CARTESIAN_POINT('',(59.,47.,0.));
#6492 = LINE('',#6493,#6494);
#6493 = CARTESIAN_POINT('',(59.,47.,0.));
#6494 = VECTOR('',#6495,1.);
#6495 = DIRECTION('',(0.,0.,1.));
#6496 = ORIENTED_EDGE('',*,*,#6497,.T.);
#6497 = EDGE_CURVE('',#6490,#6466,#6498,.T.);
#6498 = LINE('',#6499,#6500);
#6499 = CARTESIAN_POINT('',(59.,11.5,0.));
#6500 = VECTOR('',#6501,1.);
#6501 = DIRECTION('',(-0.,1.,0.));
#6502 = ORIENTED_EDGE('',*,*,#6473,.T.);
#6503 = ORIENTED_EDGE('',*,*,#5686,.F.);
#6504 = PLANE('',#6505);
#6505 = AXIS2_PLACEMENT_3D('',#6506,#6507,#6508);
#6506 = CARTESIAN_POINT('',(59.,11.5,0.));
#6507 = DIRECTION('',(1.,0.,-0.));
#6508 = DIRECTION('',(0.,0.,1.));
#6509 = ADVANCED_FACE('',(#6510),#6544,.T.);
#6510 = FACE_BOUND('',#6511,.T.);
#6511 = EDGE_LOOP('',(#6512,#6520,#6521,#6522,#6530,#6538));
#6512 = ORIENTED_EDGE('',*,*,#6513,.F.);
#6513 = EDGE_CURVE('',#6490,#6514,#6516,.T.);
#6514 = VERTEX_POINT('',#6515);
#6515 = CARTESIAN_POINT('',(60.1,47.,0.));
#6516 = LINE('',#6517,#6518);
#6517 = CARTESIAN_POINT('',(58.9,47.,0.));
#6518 = VECTOR('',#6519,1.);
#6519 = DIRECTION('',(1.,0.,-0.));
#6520 = ORIENTED_EDGE('',*,*,#6489,.T.);
#6521 = ORIENTED_EDGE('',*,*,#5678,.T.);
#6522 = ORIENTED_EDGE('',*,*,#6523,.T.);
#6523 = EDGE_CURVE('',#5671,#6524,#6526,.T.);
#6524 = VERTEX_POINT('',#6525);
#6525 = CARTESIAN_POINT('',(58.9,47.,19.3));
#6526 = LINE('',#6527,#6528);
#6527 = CARTESIAN_POINT('',(58.9,47.,0.));
#6528 = VECTOR('',#6529,1.);
#6529 = DIRECTION('',(0.,0.,1.));
#6530 = ORIENTED_EDGE('',*,*,#6531,.T.);
#6531 = EDGE_CURVE('',#6524,#6532,#6534,.T.);
#6532 = VERTEX_POINT('',#6533);
#6533 = CARTESIAN_POINT('',(60.1,47.,19.3));
#6534 = LINE('',#6535,#6536);
#6535 = CARTESIAN_POINT('',(58.9,47.,19.3));
#6536 = VECTOR('',#6537,1.);
#6537 = DIRECTION('',(1.,0.,-0.));
#6538 = ORIENTED_EDGE('',*,*,#6539,.F.);
#6539 = EDGE_CURVE('',#6514,#6532,#6540,.T.);
#6540 = LINE('',#6541,#6542);
#6541 = CARTESIAN_POINT('',(60.1,47.,0.));
#6542 = VECTOR('',#6543,1.);
#6543 = DIRECTION('',(0.,0.,1.));
#6544 = PLANE('',#6545);
#6545 = AXIS2_PLACEMENT_3D('',#6546,#6547,#6548);
#6546 = CARTESIAN_POINT('',(58.9,47.,0.));
#6547 = DIRECTION('',(-0.,1.,0.));
#6548 = DIRECTION('',(0.,0.,1.));
#6549 = ADVANCED_FACE('',(#6550),#6568,.F.);
#6550 = FACE_BOUND('',#6551,.F.);
#6551 = EDGE_LOOP('',(#6552,#6560,#6561,#6562));
#6552 = ORIENTED_EDGE('',*,*,#6553,.F.);
#6553 = EDGE_CURVE('',#5663,#6554,#6556,.T.);
#6554 = VERTEX_POINT('',#6555);
#6555 = CARTESIAN_POINT('',(58.9,43.,19.3));
#6556 = LINE('',#6557,#6558);
#6557 = CARTESIAN_POINT('',(58.9,43.,0.));
#6558 = VECTOR('',#6559,1.);
#6559 = DIRECTION('',(0.,0.,1.));
#6560 = ORIENTED_EDGE('',*,*,#5670,.T.);
#6561 = ORIENTED_EDGE('',*,*,#6523,.T.);
#6562 = ORIENTED_EDGE('',*,*,#6563,.F.);
#6563 = EDGE_CURVE('',#6554,#6524,#6564,.T.);
#6564 = LINE('',#6565,#6566);
#6565 = CARTESIAN_POINT('',(58.9,43.,19.3));
#6566 = VECTOR('',#6567,1.);
#6567 = DIRECTION('',(-0.,1.,0.));
#6568 = PLANE('',#6569);
#6569 = AXIS2_PLACEMENT_3D('',#6570,#6571,#6572);
#6570 = CARTESIAN_POINT('',(58.9,43.,0.));
#6571 = DIRECTION('',(1.,0.,-0.));
#6572 = DIRECTION('',(0.,0.,1.));
#6573 = ADVANCED_FACE('',(#6574),#6608,.F.);
#6574 = FACE_BOUND('',#6575,.F.);
#6575 = EDGE_LOOP('',(#6576,#6586,#6592,#6593,#6594,#6602));
#6576 = ORIENTED_EDGE('',*,*,#6577,.F.);
#6577 = EDGE_CURVE('',#6578,#6580,#6582,.T.);
#6578 = VERTEX_POINT('',#6579);
#6579 = CARTESIAN_POINT('',(59.,43.,0.));
#6580 = VERTEX_POINT('',#6581);
#6581 = CARTESIAN_POINT('',(60.1,43.,0.));
#6582 = LINE('',#6583,#6584);
#6583 = CARTESIAN_POINT('',(58.9,43.,0.));
#6584 = VECTOR('',#6585,1.);
#6585 = DIRECTION('',(1.,0.,-0.));
#6586 = ORIENTED_EDGE('',*,*,#6587,.T.);
#6587 = EDGE_CURVE('',#6578,#5655,#6588,.T.);
#6588 = LINE('',#6589,#6590);
#6589 = CARTESIAN_POINT('',(59.,43.,0.));
#6590 = VECTOR('',#6591,1.);
#6591 = DIRECTION('',(0.,0.,1.));
#6592 = ORIENTED_EDGE('',*,*,#5662,.T.);
#6593 = ORIENTED_EDGE('',*,*,#6553,.T.);
#6594 = ORIENTED_EDGE('',*,*,#6595,.T.);
#6595 = EDGE_CURVE('',#6554,#6596,#6598,.T.);
#6596 = VERTEX_POINT('',#6597);
#6597 = CARTESIAN_POINT('',(60.1,43.,19.3));
#6598 = LINE('',#6599,#6600);
#6599 = CARTESIAN_POINT('',(58.9,43.,19.3));
#6600 = VECTOR('',#6601,1.);
#6601 = DIRECTION('',(1.,0.,-0.));
#6602 = ORIENTED_EDGE('',*,*,#6603,.F.);
#6603 = EDGE_CURVE('',#6580,#6596,#6604,.T.);
#6604 = LINE('',#6605,#6606);
#6605 = CARTESIAN_POINT('',(60.1,43.,0.));
#6606 = VECTOR('',#6607,1.);
#6607 = DIRECTION('',(0.,0.,1.));
#6608 = PLANE('',#6609);
#6609 = AXIS2_PLACEMENT_3D('',#6610,#6611,#6612);
#6610 = CARTESIAN_POINT('',(58.9,43.,0.));
#6611 = DIRECTION('',(-0.,1.,0.));
#6612 = DIRECTION('',(0.,0.,1.));
#6613 = ADVANCED_FACE('',(#6614),#6632,.T.);
#6614 = FACE_BOUND('',#6615,.T.);
#6615 = EDGE_LOOP('',(#6616,#6624,#6630,#6631));
#6616 = ORIENTED_EDGE('',*,*,#6617,.F.);
#6617 = EDGE_CURVE('',#6618,#5647,#6620,.T.);
#6618 = VERTEX_POINT('',#6619);
#6619 = CARTESIAN_POINT('',(59.,13.,0.));
#6620 = LINE('',#6621,#6622);
#6621 = CARTESIAN_POINT('',(59.,13.,0.));
#6622 = VECTOR('',#6623,1.);
#6623 = DIRECTION('',(0.,0.,1.));
#6624 = ORIENTED_EDGE('',*,*,#6625,.T.);
#6625 = EDGE_CURVE('',#6618,#6578,#6626,.T.);
#6626 = LINE('',#6627,#6628);
#6627 = CARTESIAN_POINT('',(59.,11.5,0.));
#6628 = VECTOR('',#6629,1.);
#6629 = DIRECTION('',(-0.,1.,0.));
#6630 = ORIENTED_EDGE('',*,*,#6587,.T.);
#6631 = ORIENTED_EDGE('',*,*,#5654,.F.);
#6632 = PLANE('',#6633);
#6633 = AXIS2_PLACEMENT_3D('',#6634,#6635,#6636);
#6634 = CARTESIAN_POINT('',(59.,11.5,0.));
#6635 = DIRECTION('',(1.,0.,-0.));
#6636 = DIRECTION('',(0.,0.,1.));
#6637 = ADVANCED_FACE('',(#6638),#6649,.T.);
#6638 = FACE_BOUND('',#6639,.T.);
#6639 = EDGE_LOOP('',(#6640,#6646,#6647,#6648));
#6640 = ORIENTED_EDGE('',*,*,#6641,.F.);
#6641 = EDGE_CURVE('',#6618,#6357,#6642,.T.);
#6642 = LINE('',#6643,#6644);
#6643 = CARTESIAN_POINT('',(0.,13.,0.));
#6644 = VECTOR('',#6645,1.);
#6645 = DIRECTION('',(1.,0.,-0.));
#6646 = ORIENTED_EDGE('',*,*,#6617,.T.);
#6647 = ORIENTED_EDGE('',*,*,#5646,.T.);
#6648 = ORIENTED_EDGE('',*,*,#6356,.F.);
#6649 = PLANE('',#6650);
#6650 = AXIS2_PLACEMENT_3D('',#6651,#6652,#6653);
#6651 = CARTESIAN_POINT('',(0.,13.,0.));
#6652 = DIRECTION('',(-0.,1.,0.));
#6653 = DIRECTION('',(0.,0.,1.));
#6654 = ADVANCED_FACE('',(#6655),#6673,.F.);
#6655 = FACE_BOUND('',#6656,.F.);
#6656 = EDGE_LOOP('',(#6657,#6658,#6666,#6672));
#6657 = ORIENTED_EDGE('',*,*,#5744,.F.);
#6658 = ORIENTED_EDGE('',*,*,#6659,.T.);
#6659 = EDGE_CURVE('',#5745,#6660,#6662,.T.);
#6660 = VERTEX_POINT('',#6661);
#6661 = CARTESIAN_POINT('',(9.5,13.,9.5));
#6662 = LINE('',#6663,#6664);
#6663 = CARTESIAN_POINT('',(9.5,11.4,9.5));
#6664 = VECTOR('',#6665,1.);
#6665 = DIRECTION('',(-0.,1.,0.));
#6666 = ORIENTED_EDGE('',*,*,#6667,.F.);
#6667 = EDGE_CURVE('',#5615,#6660,#6668,.T.);
#6668 = LINE('',#6669,#6670);
#6669 = CARTESIAN_POINT('',(9.5,13.,4.75));
#6670 = VECTOR('',#6671,1.);
#6671 = DIRECTION('',(-0.,0.,-1.));
#6672 = ORIENTED_EDGE('',*,*,#5622,.F.);
#6673 = PLANE('',#6674);
#6674 = AXIS2_PLACEMENT_3D('',#6675,#6676,#6677);
#6675 = CARTESIAN_POINT('',(9.5,11.4,9.5));
#6676 = DIRECTION('',(1.,0.,-0.));
#6677 = DIRECTION('',(0.,0.,1.));
#6678 = ADVANCED_FACE('',(#6679),#6720,.T.);
#6679 = FACE_BOUND('',#6680,.T.);
#6680 = EDGE_LOOP('',(#6681,#6691,#6697,#6698,#6706,#6712,#6713,#6714));
#6681 = ORIENTED_EDGE('',*,*,#6682,.F.);
#6682 = EDGE_CURVE('',#6683,#6685,#6687,.T.);
#6683 = VERTEX_POINT('',#6684);
#6684 = CARTESIAN_POINT('',(1.5,13.,0.));
#6685 = VERTEX_POINT('',#6686);
#6686 = CARTESIAN_POINT('',(57.5,13.,0.));
#6687 = LINE('',#6688,#6689);
#6688 = CARTESIAN_POINT('',(0.,13.,0.));
#6689 = VECTOR('',#6690,1.);
#6690 = DIRECTION('',(1.,0.,-0.));
#6691 = ORIENTED_EDGE('',*,*,#6692,.T.);
#6692 = EDGE_CURVE('',#6683,#5551,#6693,.T.);
#6693 = LINE('',#6694,#6695);
#6694 = CARTESIAN_POINT('',(1.5,13.,0.));
#6695 = VECTOR('',#6696,1.);
#6696 = DIRECTION('',(0.,0.,1.));
#6697 = ORIENTED_EDGE('',*,*,#5550,.T.);
#6698 = ORIENTED_EDGE('',*,*,#6699,.T.);
#6699 = EDGE_CURVE('',#5543,#6700,#6702,.T.);
#6700 = VERTEX_POINT('',#6701);
#6701 = CARTESIAN_POINT('',(2.5,13.,9.5));
#6702 = LINE('',#6703,#6704);
#6703 = CARTESIAN_POINT('',(2.5,13.,4.75));
#6704 = VECTOR('',#6705,1.);
#6705 = DIRECTION('',(-0.,0.,-1.));
#6706 = ORIENTED_EDGE('',*,*,#6707,.T.);
#6707 = EDGE_CURVE('',#6700,#6660,#6708,.T.);
#6708 = LINE('',#6709,#6710);
#6709 = CARTESIAN_POINT('',(1.25,13.,9.5));
#6710 = VECTOR('',#6711,1.);
#6711 = DIRECTION('',(1.,0.,-0.));
#6712 = ORIENTED_EDGE('',*,*,#6667,.F.);
#6713 = ORIENTED_EDGE('',*,*,#5614,.T.);
#6714 = ORIENTED_EDGE('',*,*,#6715,.F.);
#6715 = EDGE_CURVE('',#6685,#5607,#6716,.T.);
#6716 = LINE('',#6717,#6718);
#6717 = CARTESIAN_POINT('',(57.5,13.,0.));
#6718 = VECTOR('',#6719,1.);
#6719 = DIRECTION('',(0.,0.,1.));
#6720 = PLANE('',#6721);
#6721 = AXIS2_PLACEMENT_3D('',#6722,#6723,#6724);
#6722 = CARTESIAN_POINT('',(0.,13.,0.));
#6723 = DIRECTION('',(-0.,1.,0.));
#6724 = DIRECTION('',(0.,0.,1.));
#6725 = ADVANCED_FACE('',(#6726),#6744,.F.);
#6726 = FACE_BOUND('',#6727,.F.);
#6727 = EDGE_LOOP('',(#6728,#6729,#6737,#6743));
#6728 = ORIENTED_EDGE('',*,*,#6715,.F.);
#6729 = ORIENTED_EDGE('',*,*,#6730,.T.);
#6730 = EDGE_CURVE('',#6685,#6731,#6733,.T.);
#6731 = VERTEX_POINT('',#6732);
#6732 = CARTESIAN_POINT('',(57.5,48.5,0.));
#6733 = LINE('',#6734,#6735);
#6734 = CARTESIAN_POINT('',(57.5,11.5,0.));
#6735 = VECTOR('',#6736,1.);
#6736 = DIRECTION('',(-0.,1.,0.));
#6737 = ORIENTED_EDGE('',*,*,#6738,.T.);
#6738 = EDGE_CURVE('',#6731,#5599,#6739,.T.);
#6739 = LINE('',#6740,#6741);
#6740 = CARTESIAN_POINT('',(57.5,48.5,0.));
#6741 = VECTOR('',#6742,1.);
#6742 = DIRECTION('',(0.,0.,1.));
#6743 = ORIENTED_EDGE('',*,*,#5606,.F.);
#6744 = PLANE('',#6745);
#6745 = AXIS2_PLACEMENT_3D('',#6746,#6747,#6748);
#6746 = CARTESIAN_POINT('',(57.5,11.5,0.));
#6747 = DIRECTION('',(1.,0.,-0.));
#6748 = DIRECTION('',(0.,0.,1.));
#6749 = ADVANCED_FACE('',(#6750),#6768,.F.);
#6750 = FACE_BOUND('',#6751,.F.);
#6751 = EDGE_LOOP('',(#6752,#6760,#6766,#6767));
#6752 = ORIENTED_EDGE('',*,*,#6753,.F.);
#6753 = EDGE_CURVE('',#6754,#6731,#6756,.T.);
#6754 = VERTEX_POINT('',#6755);
#6755 = CARTESIAN_POINT('',(1.5,48.5,0.));
#6756 = LINE('',#6757,#6758);
#6757 = CARTESIAN_POINT('',(0.,48.5,0.));
#6758 = VECTOR('',#6759,1.);
#6759 = DIRECTION('',(1.,0.,-0.));
#6760 = ORIENTED_EDGE('',*,*,#6761,.T.);
#6761 = EDGE_CURVE('',#6754,#5591,#6762,.T.);
#6762 = LINE('',#6763,#6764);
#6763 = CARTESIAN_POINT('',(1.5,48.5,0.));
#6764 = VECTOR('',#6765,1.);
#6765 = DIRECTION('',(0.,0.,1.));
#6766 = ORIENTED_EDGE('',*,*,#5598,.T.);
#6767 = ORIENTED_EDGE('',*,*,#6738,.F.);
#6768 = PLANE('',#6769);
#6769 = AXIS2_PLACEMENT_3D('',#6770,#6771,#6772);
#6770 = CARTESIAN_POINT('',(0.,48.5,0.));
#6771 = DIRECTION('',(-0.,1.,0.));
#6772 = DIRECTION('',(0.,0.,1.));
#6773 = ADVANCED_FACE('',(#6774),#6793,.T.);
#6774 = FACE_BOUND('',#6775,.T.);
#6775 = EDGE_LOOP('',(#6776,#6777,#6783,#6784,#6785,#6792));
#6776 = ORIENTED_EDGE('',*,*,#6692,.F.);
#6777 = ORIENTED_EDGE('',*,*,#6778,.T.);
#6778 = EDGE_CURVE('',#6683,#6754,#6779,.T.);
#6779 = LINE('',#6780,#6781);
#6780 = CARTESIAN_POINT('',(1.5,11.5,0.));
#6781 = VECTOR('',#6782,1.);
#6782 = DIRECTION('',(-0.,1.,0.));
#6783 = ORIENTED_EDGE('',*,*,#6761,.T.);
#6784 = ORIENTED_EDGE('',*,*,#5590,.F.);
#6785 = ORIENTED_EDGE('',*,*,#6786,.F.);
#6786 = EDGE_CURVE('',#5559,#5583,#6787,.T.);
#6787 = CIRCLE('',#6788,8.6);
#6788 = AXIS2_PLACEMENT_3D('',#6789,#6790,#6791);
#6789 = CARTESIAN_POINT('',(1.5,25.,19.5));
#6790 = DIRECTION('',(1.,0.,0.));
#6791 = DIRECTION('',(-0.,0.,1.));
#6792 = ORIENTED_EDGE('',*,*,#5558,.F.);
#6793 = PLANE('',#6794);
#6794 = AXIS2_PLACEMENT_3D('',#6795,#6796,#6797);
#6795 = CARTESIAN_POINT('',(1.5,11.5,0.));
#6796 = DIRECTION('',(1.,0.,-0.));
#6797 = DIRECTION('',(0.,0.,1.));
#6798 = ADVANCED_FACE('',(#6799),#6811,.F.);
#6799 = FACE_BOUND('',#6800,.F.);
#6800 = EDGE_LOOP('',(#6801,#6802,#6809,#6810));
#6801 = ORIENTED_EDGE('',*,*,#5566,.F.);
#6802 = ORIENTED_EDGE('',*,*,#6803,.T.);
#6803 = EDGE_CURVE('',#5567,#5575,#6804,.T.);
#6804 = CIRCLE('',#6805,8.6);
#6805 = AXIS2_PLACEMENT_3D('',#6806,#6807,#6808);
#6806 = CARTESIAN_POINT('',(0.3,25.,19.5));
#6807 = DIRECTION('',(1.,0.,0.));
#6808 = DIRECTION('',(-0.,0.,1.));
#6809 = ORIENTED_EDGE('',*,*,#5582,.T.);
#6810 = ORIENTED_EDGE('',*,*,#6786,.F.);
#6811 = CYLINDRICAL_SURFACE('',#6812,8.6);
#6812 = AXIS2_PLACEMENT_3D('',#6813,#6814,#6815);
#6813 = CARTESIAN_POINT('',(0.3,25.,19.5));
#6814 = DIRECTION('',(1.,0.,0.));
#6815 = DIRECTION('',(-0.,0.,1.));
#6816 = ADVANCED_FACE('',(#6817),#6821,.T.);
#6817 = FACE_BOUND('',#6818,.T.);
#6818 = EDGE_LOOP('',(#6819,#6820));
#6819 = ORIENTED_EDGE('',*,*,#5574,.F.);
#6820 = ORIENTED_EDGE('',*,*,#6803,.T.);
#6821 = PLANE('',#6822);
#6822 = AXIS2_PLACEMENT_3D('',#6823,#6824,#6825);
#6823 = CARTESIAN_POINT('',(0.3,25.,19.5));
#6824 = DIRECTION('',(1.,0.,0.));
#6825 = DIRECTION('',(-0.,0.,1.));
#6826 = ADVANCED_FACE('',(#6827),#6838,.T.);
#6827 = FACE_BOUND('',#6828,.T.);
#6828 = EDGE_LOOP('',(#6829,#6830,#6836,#6837));
#6829 = ORIENTED_EDGE('',*,*,#5760,.F.);
#6830 = ORIENTED_EDGE('',*,*,#6831,.T.);
#6831 = EDGE_CURVE('',#5753,#6700,#6832,.T.);
#6832 = LINE('',#6833,#6834);
#6833 = CARTESIAN_POINT('',(2.5,11.4,9.5));
#6834 = VECTOR('',#6835,1.);
#6835 = DIRECTION('',(-0.,1.,0.));
#6836 = ORIENTED_EDGE('',*,*,#6699,.F.);
#6837 = ORIENTED_EDGE('',*,*,#5542,.F.);
#6838 = PLANE('',#6839);
#6839 = AXIS2_PLACEMENT_3D('',#6840,#6841,#6842);
#6840 = CARTESIAN_POINT('',(2.5,11.4,9.5));
#6841 = DIRECTION('',(1.,0.,-0.));
#6842 = DIRECTION('',(0.,0.,1.));
#6843 = ADVANCED_FACE('',(#6844),#6850,.T.);
#6844 = FACE_BOUND('',#6845,.T.);
#6845 = EDGE_LOOP('',(#6846,#6847,#6848,#6849));
#6846 = ORIENTED_EDGE('',*,*,#6831,.F.);
#6847 = ORIENTED_EDGE('',*,*,#5752,.F.);
#6848 = ORIENTED_EDGE('',*,*,#6659,.T.);
#6849 = ORIENTED_EDGE('',*,*,#6707,.F.);
#6850 = PLANE('',#6851);
#6851 = AXIS2_PLACEMENT_3D('',#6852,#6853,#6854);
#6852 = CARTESIAN_POINT('',(2.5,11.4,9.5));
#6853 = DIRECTION('',(0.,0.,1.));
#6854 = DIRECTION('',(1.,0.,-0.));
#6855 = ADVANCED_FACE('',(#6856),#6874,.F.);
#6856 = FACE_BOUND('',#6857,.F.);
#6857 = EDGE_LOOP('',(#6858,#6859,#6860,#6868));
#6858 = ORIENTED_EDGE('',*,*,#6451,.F.);
#6859 = ORIENTED_EDGE('',*,*,#5793,.T.);
#6860 = ORIENTED_EDGE('',*,*,#6861,.T.);
#6861 = EDGE_CURVE('',#5794,#6862,#6864,.T.);
#6862 = VERTEX_POINT('',#6863);
#6863 = CARTESIAN_POINT('',(28.,0.7,19.3));
#6864 = LINE('',#6865,#6866);
#6865 = CARTESIAN_POINT('',(28.,0.7,0.));
#6866 = VECTOR('',#6867,1.);
#6867 = DIRECTION('',(0.,0.,1.));
#6868 = ORIENTED_EDGE('',*,*,#6869,.F.);
#6869 = EDGE_CURVE('',#6444,#6862,#6870,.T.);
#6870 = LINE('',#6871,#6872);
#6871 = CARTESIAN_POINT('',(28.,0.,19.3));
#6872 = VECTOR('',#6873,1.);
#6873 = DIRECTION('',(-0.,1.,0.));
#6874 = PLANE('',#6875);
#6875 = AXIS2_PLACEMENT_3D('',#6876,#6877,#6878);
#6876 = CARTESIAN_POINT('',(28.,0.,0.));
#6877 = DIRECTION('',(1.,0.,-0.));
#6878 = DIRECTION('',(0.,0.,1.));
#6879 = ADVANCED_FACE('',(#6880),#6898,.T.);
#6880 = FACE_BOUND('',#6881,.T.);
#6881 = EDGE_LOOP('',(#6882,#6883,#6884,#6892));
#6882 = ORIENTED_EDGE('',*,*,#5801,.F.);
#6883 = ORIENTED_EDGE('',*,*,#6861,.T.);
#6884 = ORIENTED_EDGE('',*,*,#6885,.T.);
#6885 = EDGE_CURVE('',#6862,#6886,#6888,.T.);
#6886 = VERTEX_POINT('',#6887);
#6887 = CARTESIAN_POINT('',(36.,0.7,19.3));
#6888 = LINE('',#6889,#6890);
#6889 = CARTESIAN_POINT('',(28.,0.7,19.3));
#6890 = VECTOR('',#6891,1.);
#6891 = DIRECTION('',(1.,0.,-0.));
#6892 = ORIENTED_EDGE('',*,*,#6893,.F.);
#6893 = EDGE_CURVE('',#5802,#6886,#6894,.T.);
#6894 = LINE('',#6895,#6896);
#6895 = CARTESIAN_POINT('',(36.,0.7,0.));
#6896 = VECTOR('',#6897,1.);
#6897 = DIRECTION('',(0.,0.,1.));
#6898 = PLANE('',#6899);
#6899 = AXIS2_PLACEMENT_3D('',#6900,#6901,#6902);
#6900 = CARTESIAN_POINT('',(28.,0.7,0.));
#6901 = DIRECTION('',(-0.,1.,0.));
#6902 = DIRECTION('',(0.,0.,1.));
#6903 = ADVANCED_FACE('',(#6904),#6915,.T.);
#6904 = FACE_BOUND('',#6905,.T.);
#6905 = EDGE_LOOP('',(#6906,#6907,#6908,#6909));
#6906 = ORIENTED_EDGE('',*,*,#6435,.F.);
#6907 = ORIENTED_EDGE('',*,*,#5809,.T.);
#6908 = ORIENTED_EDGE('',*,*,#6893,.T.);
#6909 = ORIENTED_EDGE('',*,*,#6910,.F.);
#6910 = EDGE_CURVE('',#6436,#6886,#6911,.T.);
#6911 = LINE('',#6912,#6913);
#6912 = CARTESIAN_POINT('',(36.,0.,19.3));
#6913 = VECTOR('',#6914,1.);
#6914 = DIRECTION('',(-0.,1.,0.));
#6915 = PLANE('',#6916);
#6916 = AXIS2_PLACEMENT_3D('',#6917,#6918,#6919);
#6917 = CARTESIAN_POINT('',(36.,0.,0.));
#6918 = DIRECTION('',(1.,0.,-0.));
#6919 = DIRECTION('',(0.,0.,1.));
#6920 = ADVANCED_FACE('',(#6921),#6939,.F.);
#6921 = FACE_BOUND('',#6922,.F.);
#6922 = EDGE_LOOP('',(#6923,#6924,#6925,#6933));
#6923 = ORIENTED_EDGE('',*,*,#6428,.F.);
#6924 = ORIENTED_EDGE('',*,*,#5825,.T.);
#6925 = ORIENTED_EDGE('',*,*,#6926,.T.);
#6926 = EDGE_CURVE('',#5826,#6927,#6929,.T.);
#6927 = VERTEX_POINT('',#6928);
#6928 = CARTESIAN_POINT('',(46.,0.7,19.3));
#6929 = LINE('',#6930,#6931);
#6930 = CARTESIAN_POINT('',(46.,0.7,0.));
#6931 = VECTOR('',#6932,1.);
#6932 = DIRECTION('',(0.,0.,1.));
#6933 = ORIENTED_EDGE('',*,*,#6934,.F.);
#6934 = EDGE_CURVE('',#6421,#6927,#6935,.T.);
#6935 = LINE('',#6936,#6937);
#6936 = CARTESIAN_POINT('',(46.,0.,19.3));
#6937 = VECTOR('',#6938,1.);
#6938 = DIRECTION('',(-0.,1.,0.));
#6939 = PLANE('',#6940);
#6940 = AXIS2_PLACEMENT_3D('',#6941,#6942,#6943);
#6941 = CARTESIAN_POINT('',(46.,0.,0.));
#6942 = DIRECTION('',(1.,0.,-0.));
#6943 = DIRECTION('',(0.,0.,1.));
#6944 = ADVANCED_FACE('',(#6945),#6963,.T.);
#6945 = FACE_BOUND('',#6946,.T.);
#6946 = EDGE_LOOP('',(#6947,#6948,#6949,#6957));
#6947 = ORIENTED_EDGE('',*,*,#5833,.F.);
#6948 = ORIENTED_EDGE('',*,*,#6926,.T.);
#6949 = ORIENTED_EDGE('',*,*,#6950,.T.);
#6950 = EDGE_CURVE('',#6927,#6951,#6953,.T.);
#6951 = VERTEX_POINT('',#6952);
#6952 = CARTESIAN_POINT('',(54.,0.7,19.3));
#6953 = LINE('',#6954,#6955);
#6954 = CARTESIAN_POINT('',(46.,0.7,19.3));
#6955 = VECTOR('',#6956,1.);
#6956 = DIRECTION('',(1.,0.,-0.));
#6957 = ORIENTED_EDGE('',*,*,#6958,.F.);
#6958 = EDGE_CURVE('',#5834,#6951,#6959,.T.);
#6959 = LINE('',#6960,#6961);
#6960 = CARTESIAN_POINT('',(54.,0.7,0.));
#6961 = VECTOR('',#6962,1.);
#6962 = DIRECTION('',(0.,0.,1.));
#6963 = PLANE('',#6964);
#6964 = AXIS2_PLACEMENT_3D('',#6965,#6966,#6967);
#6965 = CARTESIAN_POINT('',(46.,0.7,0.));
#6966 = DIRECTION('',(-0.,1.,0.));
#6967 = DIRECTION('',(0.,0.,1.));
#6968 = ADVANCED_FACE('',(#6969),#6980,.T.);
#6969 = FACE_BOUND('',#6970,.T.);
#6970 = EDGE_LOOP('',(#6971,#6972,#6973,#6974));
#6971 = ORIENTED_EDGE('',*,*,#6412,.F.);
#6972 = ORIENTED_EDGE('',*,*,#5841,.T.);
#6973 = ORIENTED_EDGE('',*,*,#6958,.T.);
#6974 = ORIENTED_EDGE('',*,*,#6975,.F.);
#6975 = EDGE_CURVE('',#6413,#6951,#6976,.T.);
#6976 = LINE('',#6977,#6978);
#6977 = CARTESIAN_POINT('',(54.,0.,19.3));
#6978 = VECTOR('',#6979,1.);
#6979 = DIRECTION('',(-0.,1.,0.));
#6980 = PLANE('',#6981);
#6981 = AXIS2_PLACEMENT_3D('',#6982,#6983,#6984);
#6982 = CARTESIAN_POINT('',(54.,0.,0.));
#6983 = DIRECTION('',(1.,0.,-0.));
#6984 = DIRECTION('',(0.,0.,1.));
#6985 = ADVANCED_FACE('',(#6986),#7005,.T.);
#6986 = FACE_BOUND('',#6987,.T.);
#6987 = EDGE_LOOP('',(#6988,#6997,#7003,#7004));
#6988 = ORIENTED_EDGE('',*,*,#6989,.F.);
#6989 = EDGE_CURVE('',#6990,#6990,#6992,.T.);
#6990 = VERTEX_POINT('',#6991);
#6991 = CARTESIAN_POINT('',(28.8,4.2,16.2));
#6992 = CIRCLE('',#6993,1.3);
#6993 = AXIS2_PLACEMENT_3D('',#6994,#6995,#6996);
#6994 = CARTESIAN_POINT('',(27.5,4.2,16.2));
#6995 = DIRECTION('',(0.,0.,1.));
#6996 = DIRECTION('',(1.,0.,-0.));
#6997 = ORIENTED_EDGE('',*,*,#6998,.F.);
#6998 = EDGE_CURVE('',#5876,#6990,#6999,.T.);
#6999 = LINE('',#7000,#7001);
#7000 = CARTESIAN_POINT('',(28.8,4.2,0.));
#7001 = VECTOR('',#7002,1.);
#7002 = DIRECTION('',(0.,0.,1.));
#7003 = ORIENTED_EDGE('',*,*,#5875,.T.);
#7004 = ORIENTED_EDGE('',*,*,#6998,.T.);
#7005 = CYLINDRICAL_SURFACE('',#7006,1.3);
#7006 = AXIS2_PLACEMENT_3D('',#7007,#7008,#7009);
#7007 = CARTESIAN_POINT('',(27.5,4.2,0.));
#7008 = DIRECTION('',(0.,0.,1.));
#7009 = DIRECTION('',(1.,0.,-0.));
#7010 = ADVANCED_FACE('',(#7011),#7030,.T.);
#7011 = FACE_BOUND('',#7012,.T.);
#7012 = EDGE_LOOP('',(#7013,#7022,#7028,#7029));
#7013 = ORIENTED_EDGE('',*,*,#7014,.F.);
#7014 = EDGE_CURVE('',#7015,#7015,#7017,.T.);
#7015 = VERTEX_POINT('',#7016);
#7016 = CARTESIAN_POINT('',(57.8,4.2,16.2));
#7017 = CIRCLE('',#7018,1.3);
#7018 = AXIS2_PLACEMENT_3D('',#7019,#7020,#7021);
#7019 = CARTESIAN_POINT('',(56.5,4.2,16.2));
#7020 = DIRECTION('',(0.,0.,1.));
#7021 = DIRECTION('',(1.,0.,-0.));
#7022 = ORIENTED_EDGE('',*,*,#7023,.F.);
#7023 = EDGE_CURVE('',#5887,#7015,#7024,.T.);
#7024 = LINE('',#7025,#7026);
#7025 = CARTESIAN_POINT('',(57.8,4.2,0.));
#7026 = VECTOR('',#7027,1.);
#7027 = DIRECTION('',(0.,0.,1.));
#7028 = ORIENTED_EDGE('',*,*,#5886,.T.);
#7029 = ORIENTED_EDGE('',*,*,#7023,.T.);
#7030 = CYLINDRICAL_SURFACE('',#7031,1.3);
#7031 = AXIS2_PLACEMENT_3D('',#7032,#7033,#7034);
#7032 = CARTESIAN_POINT('',(56.5,4.2,0.));
#7033 = DIRECTION('',(0.,0.,1.));
#7034 = DIRECTION('',(1.,0.,-0.));
#7035 = ADVANCED_FACE('',(#7036),#7061,.F.);
#7036 = FACE_BOUND('',#7037,.F.);
#7037 = EDGE_LOOP('',(#7038,#7039,#7047,#7055));
#7038 = ORIENTED_EDGE('',*,*,#5897,.F.);
#7039 = ORIENTED_EDGE('',*,*,#7040,.T.);
#7040 = EDGE_CURVE('',#5898,#7041,#7043,.T.);
#7041 = VERTEX_POINT('',#7042);
#7042 = CARTESIAN_POINT('',(23.9,3.,19.3));
#7043 = LINE('',#7044,#7045);
#7044 = CARTESIAN_POINT('',(23.9,3.,0.));
#7045 = VECTOR('',#7046,1.);
#7046 = DIRECTION('',(0.,0.,1.));
#7047 = ORIENTED_EDGE('',*,*,#7048,.T.);
#7048 = EDGE_CURVE('',#7041,#7049,#7051,.T.);
#7049 = VERTEX_POINT('',#7050);
#7050 = CARTESIAN_POINT('',(25.1,3.,19.3));
#7051 = LINE('',#7052,#7053);
#7052 = CARTESIAN_POINT('',(23.9,3.,19.3));
#7053 = VECTOR('',#7054,1.);
#7054 = DIRECTION('',(1.,0.,-0.));
#7055 = ORIENTED_EDGE('',*,*,#7056,.F.);
#7056 = EDGE_CURVE('',#5900,#7049,#7057,.T.);
#7057 = LINE('',#7058,#7059);
#7058 = CARTESIAN_POINT('',(25.1,3.,0.));
#7059 = VECTOR('',#7060,1.);
#7060 = DIRECTION('',(0.,0.,1.));
#7061 = PLANE('',#7062);
#7062 = AXIS2_PLACEMENT_3D('',#7063,#7064,#7065);
#7063 = CARTESIAN_POINT('',(23.9,3.,0.));
#7064 = DIRECTION('',(-0.,1.,0.));
#7065 = DIRECTION('',(0.,0.,1.));
#7066 = ADVANCED_FACE('',(#7067),#7085,.F.);
#7067 = FACE_BOUND('',#7068,.F.);
#7068 = EDGE_LOOP('',(#7069,#7070,#7071,#7079));
#7069 = ORIENTED_EDGE('',*,*,#7040,.F.);
#7070 = ORIENTED_EDGE('',*,*,#5907,.T.);
#7071 = ORIENTED_EDGE('',*,*,#7072,.T.);
#7072 = EDGE_CURVE('',#5908,#7073,#7075,.T.);
#7073 = VERTEX_POINT('',#7074);
#7074 = CARTESIAN_POINT('',(23.9,7.,19.3));
#7075 = LINE('',#7076,#7077);
#7076 = CARTESIAN_POINT('',(23.9,7.,0.));
#7077 = VECTOR('',#7078,1.);
#7078 = DIRECTION('',(0.,0.,1.));
#7079 = ORIENTED_EDGE('',*,*,#7080,.F.);
#7080 = EDGE_CURVE('',#7041,#7073,#7081,.T.);
#7081 = LINE('',#7082,#7083);
#7082 = CARTESIAN_POINT('',(23.9,3.,19.3));
#7083 = VECTOR('',#7084,1.);
#7084 = DIRECTION('',(-0.,1.,0.));
#7085 = PLANE('',#7086);
#7086 = AXIS2_PLACEMENT_3D('',#7087,#7088,#7089);
#7087 = CARTESIAN_POINT('',(23.9,3.,0.));
#7088 = DIRECTION('',(1.,0.,-0.));
#7089 = DIRECTION('',(0.,0.,1.));
#7090 = ADVANCED_FACE('',(#7091),#7109,.T.);
#7091 = FACE_BOUND('',#7092,.T.);
#7092 = EDGE_LOOP('',(#7093,#7094,#7095,#7103));
#7093 = ORIENTED_EDGE('',*,*,#7056,.F.);
#7094 = ORIENTED_EDGE('',*,*,#5923,.T.);
#7095 = ORIENTED_EDGE('',*,*,#7096,.T.);
#7096 = EDGE_CURVE('',#5916,#7097,#7099,.T.);
#7097 = VERTEX_POINT('',#7098);
#7098 = CARTESIAN_POINT('',(25.1,7.,19.3));
#7099 = LINE('',#7100,#7101);
#7100 = CARTESIAN_POINT('',(25.1,7.,0.));
#7101 = VECTOR('',#7102,1.);
#7102 = DIRECTION('',(0.,0.,1.));
#7103 = ORIENTED_EDGE('',*,*,#7104,.F.);
#7104 = EDGE_CURVE('',#7049,#7097,#7105,.T.);
#7105 = LINE('',#7106,#7107);
#7106 = CARTESIAN_POINT('',(25.1,3.,19.3));
#7107 = VECTOR('',#7108,1.);
#7108 = DIRECTION('',(-0.,1.,0.));
#7109 = PLANE('',#7110);
#7110 = AXIS2_PLACEMENT_3D('',#7111,#7112,#7113);
#7111 = CARTESIAN_POINT('',(25.1,3.,0.));
#7112 = DIRECTION('',(1.,0.,-0.));
#7113 = DIRECTION('',(0.,0.,1.));
#7114 = ADVANCED_FACE('',(#7115),#7126,.T.);
#7115 = FACE_BOUND('',#7116,.T.);
#7116 = EDGE_LOOP('',(#7117,#7118,#7119,#7125));
#7117 = ORIENTED_EDGE('',*,*,#5915,.F.);
#7118 = ORIENTED_EDGE('',*,*,#7072,.T.);
#7119 = ORIENTED_EDGE('',*,*,#7120,.T.);
#7120 = EDGE_CURVE('',#7073,#7097,#7121,.T.);
#7121 = LINE('',#7122,#7123);
#7122 = CARTESIAN_POINT('',(23.9,7.,19.3));
#7123 = VECTOR('',#7124,1.);
#7124 = DIRECTION('',(1.,0.,-0.));
#7125 = ORIENTED_EDGE('',*,*,#7096,.F.);
#7126 = PLANE('',#7127);
#7127 = AXIS2_PLACEMENT_3D('',#7128,#7129,#7130);
#7128 = CARTESIAN_POINT('',(23.9,7.,0.));
#7129 = DIRECTION('',(-0.,1.,0.));
#7130 = DIRECTION('',(0.,0.,1.));
#7131 = ADVANCED_FACE('',(#7132),#7151,.T.);
#7132 = FACE_BOUND('',#7133,.T.);
#7133 = EDGE_LOOP('',(#7134,#7143,#7149,#7150));
#7134 = ORIENTED_EDGE('',*,*,#7135,.F.);
#7135 = EDGE_CURVE('',#7136,#7136,#7138,.T.);
#7136 = VERTEX_POINT('',#7137);
#7137 = CARTESIAN_POINT('',(44.9,4.87,16.2));
#7138 = CIRCLE('',#7139,2.9);
#7139 = AXIS2_PLACEMENT_3D('',#7140,#7141,#7142);
#7140 = CARTESIAN_POINT('',(42.,4.87,16.2));
#7141 = DIRECTION('',(0.,0.,1.));
#7142 = DIRECTION('',(1.,0.,-0.));
#7143 = ORIENTED_EDGE('',*,*,#7144,.F.);
#7144 = EDGE_CURVE('',#5932,#7136,#7145,.T.);
#7145 = LINE('',#7146,#7147);
#7146 = CARTESIAN_POINT('',(44.9,4.87,0.));
#7147 = VECTOR('',#7148,1.);
#7148 = DIRECTION('',(0.,0.,1.));
#7149 = ORIENTED_EDGE('',*,*,#5931,.T.);
#7150 = ORIENTED_EDGE('',*,*,#7144,.T.);
#7151 = CYLINDRICAL_SURFACE('',#7152,2.9);
#7152 = AXIS2_PLACEMENT_3D('',#7153,#7154,#7155);
#7153 = CARTESIAN_POINT('',(42.,4.87,0.));
#7154 = DIRECTION('',(0.,0.,1.));
#7155 = DIRECTION('',(1.,0.,-0.));
#7156 = ADVANCED_FACE('',(#7157),#7182,.F.);
#7157 = FACE_BOUND('',#7158,.F.);
#7158 = EDGE_LOOP('',(#7159,#7160,#7168,#7176));
#7159 = ORIENTED_EDGE('',*,*,#5942,.F.);
#7160 = ORIENTED_EDGE('',*,*,#7161,.T.);
#7161 = EDGE_CURVE('',#5943,#7162,#7164,.T.);
#7162 = VERTEX_POINT('',#7163);
#7163 = CARTESIAN_POINT('',(58.9,3.,19.3));
#7164 = LINE('',#7165,#7166);
#7165 = CARTESIAN_POINT('',(58.9,3.,0.));
#7166 = VECTOR('',#7167,1.);
#7167 = DIRECTION('',(0.,0.,1.));
#7168 = ORIENTED_EDGE('',*,*,#7169,.T.);
#7169 = EDGE_CURVE('',#7162,#7170,#7172,.T.);
#7170 = VERTEX_POINT('',#7171);
#7171 = CARTESIAN_POINT('',(60.1,3.,19.3));
#7172 = LINE('',#7173,#7174);
#7173 = CARTESIAN_POINT('',(58.9,3.,19.3));
#7174 = VECTOR('',#7175,1.);
#7175 = DIRECTION('',(1.,0.,-0.));
#7176 = ORIENTED_EDGE('',*,*,#7177,.F.);
#7177 = EDGE_CURVE('',#5945,#7170,#7178,.T.);
#7178 = LINE('',#7179,#7180);
#7179 = CARTESIAN_POINT('',(60.1,3.,0.));
#7180 = VECTOR('',#7181,1.);
#7181 = DIRECTION('',(0.,0.,1.));
#7182 = PLANE('',#7183);
#7183 = AXIS2_PLACEMENT_3D('',#7184,#7185,#7186);
#7184 = CARTESIAN_POINT('',(58.9,3.,0.));
#7185 = DIRECTION('',(-0.,1.,0.));
#7186 = DIRECTION('',(0.,0.,1.));
#7187 = ADVANCED_FACE('',(#7188),#7206,.T.);
#7188 = FACE_BOUND('',#7189,.T.);
#7189 = EDGE_LOOP('',(#7190,#7191,#7192,#7200));
#7190 = ORIENTED_EDGE('',*,*,#7177,.F.);
#7191 = ORIENTED_EDGE('',*,*,#5968,.T.);
#7192 = ORIENTED_EDGE('',*,*,#7193,.T.);
#7193 = EDGE_CURVE('',#5961,#7194,#7196,.T.);
#7194 = VERTEX_POINT('',#7195);
#7195 = CARTESIAN_POINT('',(60.1,7.,19.3));
#7196 = LINE('',#7197,#7198);
#7197 = CARTESIAN_POINT('',(60.1,7.,0.));
#7198 = VECTOR('',#7199,1.);
#7199 = DIRECTION('',(0.,0.,1.));
#7200 = ORIENTED_EDGE('',*,*,#7201,.F.);
#7201 = EDGE_CURVE('',#7170,#7194,#7202,.T.);
#7202 = LINE('',#7203,#7204);
#7203 = CARTESIAN_POINT('',(60.1,3.,19.3));
#7204 = VECTOR('',#7205,1.);
#7205 = DIRECTION('',(-0.,1.,0.));
#7206 = PLANE('',#7207);
#7207 = AXIS2_PLACEMENT_3D('',#7208,#7209,#7210);
#7208 = CARTESIAN_POINT('',(60.1,3.,0.));
#7209 = DIRECTION('',(1.,0.,-0.));
#7210 = DIRECTION('',(0.,0.,1.));
#7211 = ADVANCED_FACE('',(#7212),#7230,.T.);
#7212 = FACE_BOUND('',#7213,.T.);
#7213 = EDGE_LOOP('',(#7214,#7215,#7223,#7229));
#7214 = ORIENTED_EDGE('',*,*,#5960,.F.);
#7215 = ORIENTED_EDGE('',*,*,#7216,.T.);
#7216 = EDGE_CURVE('',#5953,#7217,#7219,.T.);
#7217 = VERTEX_POINT('',#7218);
#7218 = CARTESIAN_POINT('',(58.9,7.,19.3));
#7219 = LINE('',#7220,#7221);
#7220 = CARTESIAN_POINT('',(58.9,7.,0.));
#7221 = VECTOR('',#7222,1.);
#7222 = DIRECTION('',(0.,0.,1.));
#7223 = ORIENTED_EDGE('',*,*,#7224,.T.);
#7224 = EDGE_CURVE('',#7217,#7194,#7225,.T.);
#7225 = LINE('',#7226,#7227);
#7226 = CARTESIAN_POINT('',(58.9,7.,19.3));
#7227 = VECTOR('',#7228,1.);
#7228 = DIRECTION('',(1.,0.,-0.));
#7229 = ORIENTED_EDGE('',*,*,#7193,.F.);
#7230 = PLANE('',#7231);
#7231 = AXIS2_PLACEMENT_3D('',#7232,#7233,#7234);
#7232 = CARTESIAN_POINT('',(58.9,7.,0.));
#7233 = DIRECTION('',(-0.,1.,0.));
#7234 = DIRECTION('',(0.,0.,1.));
#7235 = ADVANCED_FACE('',(#7236),#7247,.F.);
#7236 = FACE_BOUND('',#7237,.F.);
#7237 = EDGE_LOOP('',(#7238,#7239,#7240,#7241));
#7238 = ORIENTED_EDGE('',*,*,#7161,.F.);
#7239 = ORIENTED_EDGE('',*,*,#5952,.T.);
#7240 = ORIENTED_EDGE('',*,*,#7216,.T.);
#7241 = ORIENTED_EDGE('',*,*,#7242,.F.);
#7242 = EDGE_CURVE('',#7162,#7217,#7243,.T.);
#7243 = LINE('',#7244,#7245);
#7244 = CARTESIAN_POINT('',(58.9,3.,19.3));
#7245 = VECTOR('',#7246,1.);
#7246 = DIRECTION('',(-0.,1.,0.));
#7247 = PLANE('',#7248);
#7248 = AXIS2_PLACEMENT_3D('',#7249,#7250,#7251);
#7249 = CARTESIAN_POINT('',(58.9,3.,0.));
#7250 = DIRECTION('',(1.,0.,-0.));
#7251 = DIRECTION('',(0.,0.,1.));
#7252 = ADVANCED_FACE('',(#7253),#7256,.F.);
#7253 = FACE_BOUND('',#7254,.F.);
#7254 = EDGE_LOOP('',(#7255));
#7255 = ORIENTED_EDGE('',*,*,#5999,.T.);
#7256 = PLANE('',#7257);
#7257 = AXIS2_PLACEMENT_3D('',#7258,#7259,#7260);
#7258 = CARTESIAN_POINT('',(-4.6,-4.6,-9.));
#7259 = DIRECTION('',(1.,0.,-0.));
#7260 = DIRECTION('',(0.,0.,1.));
#7261 = ADVANCED_FACE('',(#7262),#7290,.F.);
#7262 = FACE_BOUND('',#7263,.F.);
#7263 = EDGE_LOOP('',(#7264,#7272,#7273,#7274,#7283));
#7264 = ORIENTED_EDGE('',*,*,#7265,.T.);
#7265 = EDGE_CURVE('',#7266,#6026,#7268,.T.);
#7266 = VERTEX_POINT('',#7267);
#7267 = CARTESIAN_POINT('',(69.4,25.,19.3));
#7268 = LINE('',#7269,#7270);
#7269 = CARTESIAN_POINT('',(68.,25.,19.3));
#7270 = VECTOR('',#7271,1.);
#7271 = DIRECTION('',(1.,0.,0.));
#7272 = ORIENTED_EDGE('',*,*,#6033,.F.);
#7273 = ORIENTED_EDGE('',*,*,#7265,.F.);
#7274 = ORIENTED_EDGE('',*,*,#7275,.F.);
#7275 = EDGE_CURVE('',#7276,#7266,#7278,.T.);
#7276 = VERTEX_POINT('',#7277);
#7277 = CARTESIAN_POINT('',(69.4,25.,6.7));
#7278 = CIRCLE('',#7279,6.3);
#7279 = AXIS2_PLACEMENT_3D('',#7280,#7281,#7282);
#7280 = CARTESIAN_POINT('',(69.4,25.,13.));
#7281 = DIRECTION('',(-1.,-0.,-0.));
#7282 = DIRECTION('',(0.,0.,-1.));
#7283 = ORIENTED_EDGE('',*,*,#7284,.F.);
#7284 = EDGE_CURVE('',#7266,#7276,#7285,.T.);
#7285 = CIRCLE('',#7286,6.3);
#7286 = AXIS2_PLACEMENT_3D('',#7287,#7288,#7289);
#7287 = CARTESIAN_POINT('',(69.4,25.,13.));
#7288 = DIRECTION('',(-1.,-0.,-0.));
#7289 = DIRECTION('',(0.,0.,-1.));
#7290 = CYLINDRICAL_SURFACE('',#7291,6.3);
#7291 = AXIS2_PLACEMENT_3D('',#7292,#7293,#7294);
#7292 = CARTESIAN_POINT('',(68.,25.,13.));
#7293 = DIRECTION('',(1.,0.,0.));
#7294 = DIRECTION('',(-0.,0.,1.));
#7295 = ADVANCED_FACE('',(#7296,#7299),#7302,.F.);
#7296 = FACE_BOUND('',#7297,.F.);
#7297 = EDGE_LOOP('',(#7298));
#7298 = ORIENTED_EDGE('',*,*,#6058,.T.);
#7299 = FACE_BOUND('',#7300,.F.);
#7300 = EDGE_LOOP('',(#7301));
#7301 = ORIENTED_EDGE('',*,*,#6183,.F.);
#7302 = PLANE('',#7303);
#7303 = AXIS2_PLACEMENT_3D('',#7304,#7305,#7306);
#7304 = CARTESIAN_POINT('',(73.5,-4.5,-3.5));
#7305 = DIRECTION('',(0.,0.,1.));
#7306 = DIRECTION('',(1.,0.,-0.));
#7307 = ADVANCED_FACE('',(#7308,#7311),#7314,.F.);
#7308 = FACE_BOUND('',#7309,.F.);
#7309 = EDGE_LOOP('',(#7310));
#7310 = ORIENTED_EDGE('',*,*,#6083,.T.);
#7311 = FACE_BOUND('',#7312,.F.);
#7312 = EDGE_LOOP('',(#7313));
#7313 = ORIENTED_EDGE('',*,*,#6158,.F.);
#7314 = PLANE('',#7315);
#7315 = AXIS2_PLACEMENT_3D('',#7316,#7317,#7318);
#7316 = CARTESIAN_POINT('',(-4.5,-4.5,-3.5));
#7317 = DIRECTION('',(0.,0.,1.));
#7318 = DIRECTION('',(1.,0.,-0.));
#7319 = ADVANCED_FACE('',(#7320,#7323),#7326,.F.);
#7320 = FACE_BOUND('',#7321,.F.);
#7321 = EDGE_LOOP('',(#7322));
#7322 = ORIENTED_EDGE('',*,*,#6108,.T.);
#7323 = FACE_BOUND('',#7324,.F.);
#7324 = EDGE_LOOP('',(#7325));
#7325 = ORIENTED_EDGE('',*,*,#6233,.F.);
#7326 = PLANE('',#7327);
#7327 = AXIS2_PLACEMENT_3D('',#7328,#7329,#7330);
#7328 = CARTESIAN_POINT('',(73.5,54.5,-3.5));
#7329 = DIRECTION('',(0.,0.,1.));
#7330 = DIRECTION('',(1.,0.,-0.));
#7331 = ADVANCED_FACE('',(#7332,#7335),#7338,.F.);
#7332 = FACE_BOUND('',#7333,.F.);
#7333 = EDGE_LOOP('',(#7334));
#7334 = ORIENTED_EDGE('',*,*,#6133,.T.);
#7335 = FACE_BOUND('',#7336,.F.);
#7336 = EDGE_LOOP('',(#7337));
#7337 = ORIENTED_EDGE('',*,*,#6208,.F.);
#7338 = PLANE('',#7339);
#7339 = AXIS2_PLACEMENT_3D('',#7340,#7341,#7342);
#7340 = CARTESIAN_POINT('',(-4.5,54.5,-3.5));
#7341 = DIRECTION('',(0.,0.,1.));
#7342 = DIRECTION('',(1.,0.,-0.));
#7343 = ADVANCED_FACE('',(#7344),#7369,.F.);
#7344 = FACE_BOUND('',#7345,.F.);
#7345 = EDGE_LOOP('',(#7346,#7356,#7362,#7363));
#7346 = ORIENTED_EDGE('',*,*,#7347,.F.);
#7347 = EDGE_CURVE('',#7348,#7350,#7352,.T.);
#7348 = VERTEX_POINT('',#7349);
#7349 = CARTESIAN_POINT('',(27.,49.1,13.6));
#7350 = VERTEX_POINT('',#7351);
#7351 = CARTESIAN_POINT('',(27.,49.1,19.3));
#7352 = LINE('',#7353,#7354);
#7353 = CARTESIAN_POINT('',(27.,49.1,13.6));
#7354 = VECTOR('',#7355,1.);
#7355 = DIRECTION('',(0.,0.,1.));
#7356 = ORIENTED_EDGE('',*,*,#7357,.T.);
#7357 = EDGE_CURVE('',#7348,#6273,#7358,.T.);
#7358 = LINE('',#7359,#7360);
#7359 = CARTESIAN_POINT('',(27.,49.1,13.6));
#7360 = VECTOR('',#7361,1.);
#7361 = DIRECTION('',(-0.,1.,0.));
#7362 = ORIENTED_EDGE('',*,*,#6272,.T.);
#7363 = ORIENTED_EDGE('',*,*,#7364,.F.);
#7364 = EDGE_CURVE('',#7350,#6275,#7365,.T.);
#7365 = LINE('',#7366,#7367);
#7366 = CARTESIAN_POINT('',(27.,49.1,19.3));
#7367 = VECTOR('',#7368,1.);
#7368 = DIRECTION('',(-0.,1.,0.));
#7369 = PLANE('',#7370);
#7370 = AXIS2_PLACEMENT_3D('',#7371,#7372,#7373);
#7371 = CARTESIAN_POINT('',(27.,49.1,13.6));
#7372 = DIRECTION('',(1.,0.,-0.));
#7373 = DIRECTION('',(0.,0.,1.));
#7374 = ADVANCED_FACE('',(#7375),#7457,.T.);
#7375 = FACE_BOUND('',#7376,.T.);
#7376 = EDGE_LOOP('',(#7377,#7378,#7386,#7394,#7402,#7410,#7418,#7426,
    #7434,#7442,#7450,#7456));
#7377 = ORIENTED_EDGE('',*,*,#7364,.F.);
#7378 = ORIENTED_EDGE('',*,*,#7379,.T.);
#7379 = EDGE_CURVE('',#7350,#7380,#7382,.T.);
#7380 = VERTEX_POINT('',#7381);
#7381 = CARTESIAN_POINT('',(28.,49.1,19.3));
#7382 = LINE('',#7383,#7384);
#7383 = CARTESIAN_POINT('',(27.,49.1,19.3));
#7384 = VECTOR('',#7385,1.);
#7385 = DIRECTION('',(1.,0.,-0.));
#7386 = ORIENTED_EDGE('',*,*,#7387,.F.);
#7387 = EDGE_CURVE('',#7388,#7380,#7390,.T.);
#7388 = VERTEX_POINT('',#7389);
#7389 = CARTESIAN_POINT('',(28.,48.3,19.3));
#7390 = LINE('',#7391,#7392);
#7391 = CARTESIAN_POINT('',(28.,48.3,19.3));
#7392 = VECTOR('',#7393,1.);
#7393 = DIRECTION('',(-0.,1.,0.));
#7394 = ORIENTED_EDGE('',*,*,#7395,.T.);
#7395 = EDGE_CURVE('',#7388,#7396,#7398,.T.);
#7396 = VERTEX_POINT('',#7397);
#7397 = CARTESIAN_POINT('',(32.,48.3,19.3));
#7398 = LINE('',#7399,#7400);
#7399 = CARTESIAN_POINT('',(28.,48.3,19.3));
#7400 = VECTOR('',#7401,1.);
#7401 = DIRECTION('',(1.,0.,-0.));
#7402 = ORIENTED_EDGE('',*,*,#7403,.T.);
#7403 = EDGE_CURVE('',#7396,#7404,#7406,.T.);
#7404 = VERTEX_POINT('',#7405);
#7405 = CARTESIAN_POINT('',(32.,49.1,19.3));
#7406 = LINE('',#7407,#7408);
#7407 = CARTESIAN_POINT('',(32.,48.3,19.3));
#7408 = VECTOR('',#7409,1.);
#7409 = DIRECTION('',(-0.,1.,0.));
#7410 = ORIENTED_EDGE('',*,*,#7411,.T.);
#7411 = EDGE_CURVE('',#7404,#7412,#7414,.T.);
#7412 = VERTEX_POINT('',#7413);
#7413 = CARTESIAN_POINT('',(43.,49.1,19.3));
#7414 = LINE('',#7415,#7416);
#7415 = CARTESIAN_POINT('',(27.,49.1,19.3));
#7416 = VECTOR('',#7417,1.);
#7417 = DIRECTION('',(1.,0.,-0.));
#7418 = ORIENTED_EDGE('',*,*,#7419,.F.);
#7419 = EDGE_CURVE('',#7420,#7412,#7422,.T.);
#7420 = VERTEX_POINT('',#7421);
#7421 = CARTESIAN_POINT('',(43.,48.3,19.3));
#7422 = LINE('',#7423,#7424);
#7423 = CARTESIAN_POINT('',(43.,48.3,19.3));
#7424 = VECTOR('',#7425,1.);
#7425 = DIRECTION('',(-0.,1.,0.));
#7426 = ORIENTED_EDGE('',*,*,#7427,.T.);
#7427 = EDGE_CURVE('',#7420,#7428,#7430,.T.);
#7428 = VERTEX_POINT('',#7429);
#7429 = CARTESIAN_POINT('',(47.,48.3,19.3));
#7430 = LINE('',#7431,#7432);
#7431 = CARTESIAN_POINT('',(43.,48.3,19.3));
#7432 = VECTOR('',#7433,1.);
#7433 = DIRECTION('',(1.,0.,-0.));
#7434 = ORIENTED_EDGE('',*,*,#7435,.T.);
#7435 = EDGE_CURVE('',#7428,#7436,#7438,.T.);
#7436 = VERTEX_POINT('',#7437);
#7437 = CARTESIAN_POINT('',(47.,49.1,19.3));
#7438 = LINE('',#7439,#7440);
#7439 = CARTESIAN_POINT('',(47.,48.3,19.3));
#7440 = VECTOR('',#7441,1.);
#7441 = DIRECTION('',(-0.,1.,0.));
#7442 = ORIENTED_EDGE('',*,*,#7443,.T.);
#7443 = EDGE_CURVE('',#7436,#7444,#7446,.T.);
#7444 = VERTEX_POINT('',#7445);
#7445 = CARTESIAN_POINT('',(57.,49.1,19.3));
#7446 = LINE('',#7447,#7448);
#7447 = CARTESIAN_POINT('',(27.,49.1,19.3));
#7448 = VECTOR('',#7449,1.);
#7449 = DIRECTION('',(1.,0.,-0.));
#7450 = ORIENTED_EDGE('',*,*,#7451,.T.);
#7451 = EDGE_CURVE('',#7444,#6291,#7452,.T.);
#7452 = LINE('',#7453,#7454);
#7453 = CARTESIAN_POINT('',(57.,49.1,19.3));
#7454 = VECTOR('',#7455,1.);
#7455 = DIRECTION('',(-0.,1.,0.));
#7456 = ORIENTED_EDGE('',*,*,#6298,.F.);
#7457 = PLANE('',#7458);
#7458 = AXIS2_PLACEMENT_3D('',#7459,#7460,#7461);
#7459 = CARTESIAN_POINT('',(41.778461538462,49.409692307692,19.3));
#7460 = DIRECTION('',(0.,0.,1.));
#7461 = DIRECTION('',(1.,0.,-0.));
#7462 = ADVANCED_FACE('',(#7463),#7481,.T.);
#7463 = FACE_BOUND('',#7464,.T.);
#7464 = EDGE_LOOP('',(#7465,#7473,#7479,#7480));
#7465 = ORIENTED_EDGE('',*,*,#7466,.F.);
#7466 = EDGE_CURVE('',#7467,#7444,#7469,.T.);
#7467 = VERTEX_POINT('',#7468);
#7468 = CARTESIAN_POINT('',(57.,49.1,13.6));
#7469 = LINE('',#7470,#7471);
#7470 = CARTESIAN_POINT('',(57.,49.1,13.6));
#7471 = VECTOR('',#7472,1.);
#7472 = DIRECTION('',(0.,0.,1.));
#7473 = ORIENTED_EDGE('',*,*,#7474,.T.);
#7474 = EDGE_CURVE('',#7467,#6283,#7475,.T.);
#7475 = LINE('',#7476,#7477);
#7476 = CARTESIAN_POINT('',(57.,49.1,13.6));
#7477 = VECTOR('',#7478,1.);
#7478 = DIRECTION('',(-0.,1.,0.));
#7479 = ORIENTED_EDGE('',*,*,#6290,.T.);
#7480 = ORIENTED_EDGE('',*,*,#7451,.F.);
#7481 = PLANE('',#7482);
#7482 = AXIS2_PLACEMENT_3D('',#7483,#7484,#7485);
#7483 = CARTESIAN_POINT('',(57.,49.1,13.6));
#7484 = DIRECTION('',(1.,0.,-0.));
#7485 = DIRECTION('',(0.,0.,1.));
#7486 = ADVANCED_FACE('',(#7487),#7498,.F.);
#7487 = FACE_BOUND('',#7488,.F.);
#7488 = EDGE_LOOP('',(#7489,#7490,#7496,#7497));
#7489 = ORIENTED_EDGE('',*,*,#7357,.F.);
#7490 = ORIENTED_EDGE('',*,*,#7491,.T.);
#7491 = EDGE_CURVE('',#7348,#7467,#7492,.T.);
#7492 = LINE('',#7493,#7494);
#7493 = CARTESIAN_POINT('',(27.,49.1,13.6));
#7494 = VECTOR('',#7495,1.);
#7495 = DIRECTION('',(1.,0.,-0.));
#7496 = ORIENTED_EDGE('',*,*,#7474,.T.);
#7497 = ORIENTED_EDGE('',*,*,#6282,.F.);
#7498 = PLANE('',#7499);
#7499 = AXIS2_PLACEMENT_3D('',#7500,#7501,#7502);
#7500 = CARTESIAN_POINT('',(27.,49.1,13.6));
#7501 = DIRECTION('',(0.,0.,1.));
#7502 = DIRECTION('',(1.,0.,-0.));
#7503 = ADVANCED_FACE('',(#7504),#7520,.T.);
#7504 = FACE_BOUND('',#7505,.T.);
#7505 = EDGE_LOOP('',(#7506,#7507,#7508,#7509,#7510,#7511,#7512,#7513,
    #7519));
#7506 = ORIENTED_EDGE('',*,*,#6625,.F.);
#7507 = ORIENTED_EDGE('',*,*,#6641,.T.);
#7508 = ORIENTED_EDGE('',*,*,#6364,.T.);
#7509 = ORIENTED_EDGE('',*,*,#6320,.T.);
#7510 = ORIENTED_EDGE('',*,*,#6465,.F.);
#7511 = ORIENTED_EDGE('',*,*,#6497,.F.);
#7512 = ORIENTED_EDGE('',*,*,#6513,.T.);
#7513 = ORIENTED_EDGE('',*,*,#7514,.F.);
#7514 = EDGE_CURVE('',#6580,#6514,#7515,.T.);
#7515 = LINE('',#7516,#7517);
#7516 = CARTESIAN_POINT('',(60.1,43.,0.));
#7517 = VECTOR('',#7518,1.);
#7518 = DIRECTION('',(-0.,1.,0.));
#7519 = ORIENTED_EDGE('',*,*,#6577,.F.);
#7520 = PLANE('',#7521);
#7521 = AXIS2_PLACEMENT_3D('',#7522,#7523,#7524);
#7522 = CARTESIAN_POINT('',(0.,0.,0.));
#7523 = DIRECTION('',(0.,0.,1.));
#7524 = DIRECTION('',(1.,0.,-0.));
#7525 = ADVANCED_FACE('',(#7526),#7538,.F.);
#7526 = FACE_BOUND('',#7527,.F.);
#7527 = EDGE_LOOP('',(#7528,#7534,#7535,#7536,#7537));
#7528 = ORIENTED_EDGE('',*,*,#7529,.T.);
#7529 = EDGE_CURVE('',#7276,#6374,#7530,.T.);
#7530 = LINE('',#7531,#7532);
#7531 = CARTESIAN_POINT('',(69.4,25.,6.7));
#7532 = VECTOR('',#7533,1.);
#7533 = DIRECTION('',(-0.707106781187,1.731912112471E-16,-0.707106781187
    ));
#7534 = ORIENTED_EDGE('',*,*,#6373,.F.);
#7535 = ORIENTED_EDGE('',*,*,#7529,.F.);
#7536 = ORIENTED_EDGE('',*,*,#7275,.T.);
#7537 = ORIENTED_EDGE('',*,*,#7284,.T.);
#7538 = CONICAL_SURFACE('',#7539,6.3,0.785398163397);
#7539 = AXIS2_PLACEMENT_3D('',#7540,#7541,#7542);
#7540 = CARTESIAN_POINT('',(69.4,25.,13.));
#7541 = DIRECTION('',(-1.,-0.,-0.));
#7542 = DIRECTION('',(0.,0.,-1.));
#7543 = ADVANCED_FACE('',(#7544),#7550,.T.);
#7544 = FACE_BOUND('',#7545,.T.);
#7545 = EDGE_LOOP('',(#7546,#7547,#7548,#7549));
#7546 = ORIENTED_EDGE('',*,*,#6869,.F.);
#7547 = ORIENTED_EDGE('',*,*,#6443,.T.);
#7548 = ORIENTED_EDGE('',*,*,#6910,.T.);
#7549 = ORIENTED_EDGE('',*,*,#6885,.F.);
#7550 = PLANE('',#7551);
#7551 = AXIS2_PLACEMENT_3D('',#7552,#7553,#7554);
#7552 = CARTESIAN_POINT('',(28.,0.,19.3));
#7553 = DIRECTION('',(0.,0.,1.));
#7554 = DIRECTION('',(1.,0.,-0.));
#7555 = ADVANCED_FACE('',(#7556),#7562,.T.);
#7556 = FACE_BOUND('',#7557,.T.);
#7557 = EDGE_LOOP('',(#7558,#7559,#7560,#7561));
#7558 = ORIENTED_EDGE('',*,*,#6934,.F.);
#7559 = ORIENTED_EDGE('',*,*,#6420,.T.);
#7560 = ORIENTED_EDGE('',*,*,#6975,.T.);
#7561 = ORIENTED_EDGE('',*,*,#6950,.F.);
#7562 = PLANE('',#7563);
#7563 = AXIS2_PLACEMENT_3D('',#7564,#7565,#7566);
#7564 = CARTESIAN_POINT('',(46.,0.,19.3));
#7565 = DIRECTION('',(0.,0.,1.));
#7566 = DIRECTION('',(1.,0.,-0.));
#7567 = ADVANCED_FACE('',(#7568),#7579,.T.);
#7568 = FACE_BOUND('',#7569,.T.);
#7569 = EDGE_LOOP('',(#7570,#7571,#7572,#7573));
#7570 = ORIENTED_EDGE('',*,*,#6603,.F.);
#7571 = ORIENTED_EDGE('',*,*,#7514,.T.);
#7572 = ORIENTED_EDGE('',*,*,#6539,.T.);
#7573 = ORIENTED_EDGE('',*,*,#7574,.F.);
#7574 = EDGE_CURVE('',#6596,#6532,#7575,.T.);
#7575 = LINE('',#7576,#7577);
#7576 = CARTESIAN_POINT('',(60.1,43.,19.3));
#7577 = VECTOR('',#7578,1.);
#7578 = DIRECTION('',(-0.,1.,0.));
#7579 = PLANE('',#7580);
#7580 = AXIS2_PLACEMENT_3D('',#7581,#7582,#7583);
#7581 = CARTESIAN_POINT('',(60.1,43.,0.));
#7582 = DIRECTION('',(1.,0.,-0.));
#7583 = DIRECTION('',(0.,0.,1.));
#7584 = ADVANCED_FACE('',(#7585),#7591,.T.);
#7585 = FACE_BOUND('',#7586,.T.);
#7586 = EDGE_LOOP('',(#7587,#7588,#7589,#7590));
#7587 = ORIENTED_EDGE('',*,*,#6563,.F.);
#7588 = ORIENTED_EDGE('',*,*,#6595,.T.);
#7589 = ORIENTED_EDGE('',*,*,#7574,.T.);
#7590 = ORIENTED_EDGE('',*,*,#6531,.F.);
#7591 = PLANE('',#7592);
#7592 = AXIS2_PLACEMENT_3D('',#7593,#7594,#7595);
#7593 = CARTESIAN_POINT('',(58.9,43.,19.3));
#7594 = DIRECTION('',(0.,0.,1.));
#7595 = DIRECTION('',(1.,0.,-0.));
#7596 = ADVANCED_FACE('',(#7597),#7603,.T.);
#7597 = FACE_BOUND('',#7598,.T.);
#7598 = EDGE_LOOP('',(#7599,#7600,#7601,#7602));
#7599 = ORIENTED_EDGE('',*,*,#6778,.F.);
#7600 = ORIENTED_EDGE('',*,*,#6682,.T.);
#7601 = ORIENTED_EDGE('',*,*,#6730,.T.);
#7602 = ORIENTED_EDGE('',*,*,#6753,.F.);
#7603 = PLANE('',#7604);
#7604 = AXIS2_PLACEMENT_3D('',#7605,#7606,#7607);
#7605 = CARTESIAN_POINT('',(0.,0.,0.));
#7606 = DIRECTION('',(0.,0.,1.));
#7607 = DIRECTION('',(1.,0.,-0.));
#7608 = ADVANCED_FACE('',(#7609),#7612,.T.);
#7609 = FACE_BOUND('',#7610,.T.);
#7610 = EDGE_LOOP('',(#7611));
#7611 = ORIENTED_EDGE('',*,*,#6989,.T.);
#7612 = PLANE('',#7613);
#7613 = AXIS2_PLACEMENT_3D('',#7614,#7615,#7616);
#7614 = CARTESIAN_POINT('',(27.5,4.2,16.2));
#7615 = DIRECTION('',(0.,0.,1.));
#7616 = DIRECTION('',(1.,0.,-0.));
#7617 = ADVANCED_FACE('',(#7618),#7621,.T.);
#7618 = FACE_BOUND('',#7619,.T.);
#7619 = EDGE_LOOP('',(#7620));
#7620 = ORIENTED_EDGE('',*,*,#7014,.T.);
#7621 = PLANE('',#7622);
#7622 = AXIS2_PLACEMENT_3D('',#7623,#7624,#7625);
#7623 = CARTESIAN_POINT('',(56.5,4.2,16.2));
#7624 = DIRECTION('',(0.,0.,1.));
#7625 = DIRECTION('',(1.,0.,-0.));
#7626 = ADVANCED_FACE('',(#7627),#7633,.T.);
#7627 = FACE_BOUND('',#7628,.T.);
#7628 = EDGE_LOOP('',(#7629,#7630,#7631,#7632));
#7629 = ORIENTED_EDGE('',*,*,#7080,.F.);
#7630 = ORIENTED_EDGE('',*,*,#7048,.T.);
#7631 = ORIENTED_EDGE('',*,*,#7104,.T.);
#7632 = ORIENTED_EDGE('',*,*,#7120,.F.);
#7633 = PLANE('',#7634);
#7634 = AXIS2_PLACEMENT_3D('',#7635,#7636,#7637);
#7635 = CARTESIAN_POINT('',(23.9,3.,19.3));
#7636 = DIRECTION('',(0.,0.,1.));
#7637 = DIRECTION('',(1.,0.,-0.));
#7638 = ADVANCED_FACE('',(#7639,#7642),#7653,.T.);
#7639 = FACE_BOUND('',#7640,.T.);
#7640 = EDGE_LOOP('',(#7641));
#7641 = ORIENTED_EDGE('',*,*,#7135,.T.);
#7642 = FACE_BOUND('',#7643,.T.);
#7643 = EDGE_LOOP('',(#7644));
#7644 = ORIENTED_EDGE('',*,*,#7645,.F.);
#7645 = EDGE_CURVE('',#7646,#7646,#7648,.T.);
#7646 = VERTEX_POINT('',#7647);
#7647 = CARTESIAN_POINT('',(43.05,4.87,16.2));
#7648 = CIRCLE('',#7649,1.05);
#7649 = AXIS2_PLACEMENT_3D('',#7650,#7651,#7652);
#7650 = CARTESIAN_POINT('',(42.,4.87,16.2));
#7651 = DIRECTION('',(0.,0.,1.));
#7652 = DIRECTION('',(1.,0.,-0.));
#7653 = PLANE('',#7654);
#7654 = AXIS2_PLACEMENT_3D('',#7655,#7656,#7657);
#7655 = CARTESIAN_POINT('',(42.,4.87,16.2));
#7656 = DIRECTION('',(0.,0.,1.));
#7657 = DIRECTION('',(1.,0.,-0.));
#7658 = ADVANCED_FACE('',(#7659),#7665,.T.);
#7659 = FACE_BOUND('',#7660,.T.);
#7660 = EDGE_LOOP('',(#7661,#7662,#7663,#7664));
#7661 = ORIENTED_EDGE('',*,*,#7242,.F.);
#7662 = ORIENTED_EDGE('',*,*,#7169,.T.);
#7663 = ORIENTED_EDGE('',*,*,#7201,.T.);
#7664 = ORIENTED_EDGE('',*,*,#7224,.F.);
#7665 = PLANE('',#7666);
#7666 = AXIS2_PLACEMENT_3D('',#7667,#7668,#7669);
#7667 = CARTESIAN_POINT('',(58.9,3.,19.3));
#7668 = DIRECTION('',(0.,0.,1.));
#7669 = DIRECTION('',(1.,0.,-0.));
#7670 = ADVANCED_FACE('',(#7671),#7723,.F.);
#7671 = FACE_BOUND('',#7672,.F.);
#7672 = EDGE_LOOP('',(#7673,#7674,#7675,#7676,#7677,#7678,#7686,#7694,
    #7700,#7701,#7709,#7717));
#7673 = ORIENTED_EDGE('',*,*,#7443,.T.);
#7674 = ORIENTED_EDGE('',*,*,#7466,.F.);
#7675 = ORIENTED_EDGE('',*,*,#7491,.F.);
#7676 = ORIENTED_EDGE('',*,*,#7347,.T.);
#7677 = ORIENTED_EDGE('',*,*,#7379,.T.);
#7678 = ORIENTED_EDGE('',*,*,#7679,.T.);
#7679 = EDGE_CURVE('',#7380,#7680,#7682,.T.);
#7680 = VERTEX_POINT('',#7681);
#7681 = CARTESIAN_POINT('',(28.,49.1,18.3));
#7682 = LINE('',#7683,#7684);
#7683 = CARTESIAN_POINT('',(28.,49.1,15.95));
#7684 = VECTOR('',#7685,1.);
#7685 = DIRECTION('',(-0.,0.,-1.));
#7686 = ORIENTED_EDGE('',*,*,#7687,.T.);
#7687 = EDGE_CURVE('',#7680,#7688,#7690,.T.);
#7688 = VERTEX_POINT('',#7689);
#7689 = CARTESIAN_POINT('',(32.,49.1,18.3));
#7690 = LINE('',#7691,#7692);
#7691 = CARTESIAN_POINT('',(27.5,49.1,18.3));
#7692 = VECTOR('',#7693,1.);
#7693 = DIRECTION('',(1.,0.,-0.));
#7694 = ORIENTED_EDGE('',*,*,#7695,.F.);
#7695 = EDGE_CURVE('',#7404,#7688,#7696,.T.);
#7696 = LINE('',#7697,#7698);
#7697 = CARTESIAN_POINT('',(32.,49.1,15.95));
#7698 = VECTOR('',#7699,1.);
#7699 = DIRECTION('',(-0.,0.,-1.));
#7700 = ORIENTED_EDGE('',*,*,#7411,.T.);
#7701 = ORIENTED_EDGE('',*,*,#7702,.T.);
#7702 = EDGE_CURVE('',#7412,#7703,#7705,.T.);
#7703 = VERTEX_POINT('',#7704);
#7704 = CARTESIAN_POINT('',(43.,49.1,18.3));
#7705 = LINE('',#7706,#7707);
#7706 = CARTESIAN_POINT('',(43.,49.1,15.95));
#7707 = VECTOR('',#7708,1.);
#7708 = DIRECTION('',(-0.,0.,-1.));
#7709 = ORIENTED_EDGE('',*,*,#7710,.T.);
#7710 = EDGE_CURVE('',#7703,#7711,#7713,.T.);
#7711 = VERTEX_POINT('',#7712);
#7712 = CARTESIAN_POINT('',(47.,49.1,18.3));
#7713 = LINE('',#7714,#7715);
#7714 = CARTESIAN_POINT('',(35.,49.1,18.3));
#7715 = VECTOR('',#7716,1.);
#7716 = DIRECTION('',(1.,0.,-0.));
#7717 = ORIENTED_EDGE('',*,*,#7718,.F.);
#7718 = EDGE_CURVE('',#7436,#7711,#7719,.T.);
#7719 = LINE('',#7720,#7721);
#7720 = CARTESIAN_POINT('',(47.,49.1,15.95));
#7721 = VECTOR('',#7722,1.);
#7722 = DIRECTION('',(-0.,0.,-1.));
#7723 = PLANE('',#7724);
#7724 = AXIS2_PLACEMENT_3D('',#7725,#7726,#7727);
#7725 = CARTESIAN_POINT('',(27.,49.1,13.6));
#7726 = DIRECTION('',(-0.,1.,0.));
#7727 = DIRECTION('',(0.,0.,1.));
#7728 = ADVANCED_FACE('',(#7729),#7747,.F.);
#7729 = FACE_BOUND('',#7730,.F.);
#7730 = EDGE_LOOP('',(#7731,#7732,#7740,#7746));
#7731 = ORIENTED_EDGE('',*,*,#7387,.F.);
#7732 = ORIENTED_EDGE('',*,*,#7733,.F.);
#7733 = EDGE_CURVE('',#7734,#7388,#7736,.T.);
#7734 = VERTEX_POINT('',#7735);
#7735 = CARTESIAN_POINT('',(28.,48.3,18.3));
#7736 = LINE('',#7737,#7738);
#7737 = CARTESIAN_POINT('',(28.,48.3,18.3));
#7738 = VECTOR('',#7739,1.);
#7739 = DIRECTION('',(0.,0.,1.));
#7740 = ORIENTED_EDGE('',*,*,#7741,.T.);
#7741 = EDGE_CURVE('',#7734,#7680,#7742,.T.);
#7742 = LINE('',#7743,#7744);
#7743 = CARTESIAN_POINT('',(28.,48.3,18.3));
#7744 = VECTOR('',#7745,1.);
#7745 = DIRECTION('',(-0.,1.,0.));
#7746 = ORIENTED_EDGE('',*,*,#7679,.F.);
#7747 = PLANE('',#7748);
#7748 = AXIS2_PLACEMENT_3D('',#7749,#7750,#7751);
#7749 = CARTESIAN_POINT('',(28.,48.3,18.3));
#7750 = DIRECTION('',(1.,0.,-0.));
#7751 = DIRECTION('',(0.,0.,1.));
#7752 = ADVANCED_FACE('',(#7753),#7771,.F.);
#7753 = FACE_BOUND('',#7754,.F.);
#7754 = EDGE_LOOP('',(#7755,#7763,#7764,#7765));
#7755 = ORIENTED_EDGE('',*,*,#7756,.F.);
#7756 = EDGE_CURVE('',#7734,#7757,#7759,.T.);
#7757 = VERTEX_POINT('',#7758);
#7758 = CARTESIAN_POINT('',(32.,48.3,18.3));
#7759 = LINE('',#7760,#7761);
#7760 = CARTESIAN_POINT('',(28.,48.3,18.3));
#7761 = VECTOR('',#7762,1.);
#7762 = DIRECTION('',(1.,0.,-0.));
#7763 = ORIENTED_EDGE('',*,*,#7733,.T.);
#7764 = ORIENTED_EDGE('',*,*,#7395,.T.);
#7765 = ORIENTED_EDGE('',*,*,#7766,.F.);
#7766 = EDGE_CURVE('',#7757,#7396,#7767,.T.);
#7767 = LINE('',#7768,#7769);
#7768 = CARTESIAN_POINT('',(32.,48.3,18.3));
#7769 = VECTOR('',#7770,1.);
#7770 = DIRECTION('',(0.,0.,1.));
#7771 = PLANE('',#7772);
#7772 = AXIS2_PLACEMENT_3D('',#7773,#7774,#7775);
#7773 = CARTESIAN_POINT('',(28.,48.3,18.3));
#7774 = DIRECTION('',(-0.,1.,0.));
#7775 = DIRECTION('',(0.,0.,1.));
#7776 = ADVANCED_FACE('',(#7777),#7788,.T.);
#7777 = FACE_BOUND('',#7778,.T.);
#7778 = EDGE_LOOP('',(#7779,#7780,#7781,#7787));
#7779 = ORIENTED_EDGE('',*,*,#7403,.F.);
#7780 = ORIENTED_EDGE('',*,*,#7766,.F.);
#7781 = ORIENTED_EDGE('',*,*,#7782,.T.);
#7782 = EDGE_CURVE('',#7757,#7688,#7783,.T.);
#7783 = LINE('',#7784,#7785);
#7784 = CARTESIAN_POINT('',(32.,48.3,18.3));
#7785 = VECTOR('',#7786,1.);
#7786 = DIRECTION('',(-0.,1.,0.));
#7787 = ORIENTED_EDGE('',*,*,#7695,.F.);
#7788 = PLANE('',#7789);
#7789 = AXIS2_PLACEMENT_3D('',#7790,#7791,#7792);
#7790 = CARTESIAN_POINT('',(32.,48.3,18.3));
#7791 = DIRECTION('',(1.,0.,-0.));
#7792 = DIRECTION('',(0.,0.,1.));
#7793 = ADVANCED_FACE('',(#7794),#7812,.F.);
#7794 = FACE_BOUND('',#7795,.F.);
#7795 = EDGE_LOOP('',(#7796,#7797,#7805,#7811));
#7796 = ORIENTED_EDGE('',*,*,#7419,.F.);
#7797 = ORIENTED_EDGE('',*,*,#7798,.F.);
#7798 = EDGE_CURVE('',#7799,#7420,#7801,.T.);
#7799 = VERTEX_POINT('',#7800);
#7800 = CARTESIAN_POINT('',(43.,48.3,18.3));
#7801 = LINE('',#7802,#7803);
#7802 = CARTESIAN_POINT('',(43.,48.3,18.3));
#7803 = VECTOR('',#7804,1.);
#7804 = DIRECTION('',(0.,0.,1.));
#7805 = ORIENTED_EDGE('',*,*,#7806,.T.);
#7806 = EDGE_CURVE('',#7799,#7703,#7807,.T.);
#7807 = LINE('',#7808,#7809);
#7808 = CARTESIAN_POINT('',(43.,48.3,18.3));
#7809 = VECTOR('',#7810,1.);
#7810 = DIRECTION('',(-0.,1.,0.));
#7811 = ORIENTED_EDGE('',*,*,#7702,.F.);
#7812 = PLANE('',#7813);
#7813 = AXIS2_PLACEMENT_3D('',#7814,#7815,#7816);
#7814 = CARTESIAN_POINT('',(43.,48.3,18.3));
#7815 = DIRECTION('',(1.,0.,-0.));
#7816 = DIRECTION('',(0.,0.,1.));
#7817 = ADVANCED_FACE('',(#7818),#7836,.F.);
#7818 = FACE_BOUND('',#7819,.F.);
#7819 = EDGE_LOOP('',(#7820,#7828,#7829,#7830));
#7820 = ORIENTED_EDGE('',*,*,#7821,.F.);
#7821 = EDGE_CURVE('',#7799,#7822,#7824,.T.);
#7822 = VERTEX_POINT('',#7823);
#7823 = CARTESIAN_POINT('',(47.,48.3,18.3));
#7824 = LINE('',#7825,#7826);
#7825 = CARTESIAN_POINT('',(43.,48.3,18.3));
#7826 = VECTOR('',#7827,1.);
#7827 = DIRECTION('',(1.,0.,-0.));
#7828 = ORIENTED_EDGE('',*,*,#7798,.T.);
#7829 = ORIENTED_EDGE('',*,*,#7427,.T.);
#7830 = ORIENTED_EDGE('',*,*,#7831,.F.);
#7831 = EDGE_CURVE('',#7822,#7428,#7832,.T.);
#7832 = LINE('',#7833,#7834);
#7833 = CARTESIAN_POINT('',(47.,48.3,18.3));
#7834 = VECTOR('',#7835,1.);
#7835 = DIRECTION('',(0.,0.,1.));
#7836 = PLANE('',#7837);
#7837 = AXIS2_PLACEMENT_3D('',#7838,#7839,#7840);
#7838 = CARTESIAN_POINT('',(43.,48.3,18.3));
#7839 = DIRECTION('',(-0.,1.,0.));
#7840 = DIRECTION('',(0.,0.,1.));
#7841 = ADVANCED_FACE('',(#7842),#7853,.T.);
#7842 = FACE_BOUND('',#7843,.T.);
#7843 = EDGE_LOOP('',(#7844,#7845,#7846,#7852));
#7844 = ORIENTED_EDGE('',*,*,#7435,.F.);
#7845 = ORIENTED_EDGE('',*,*,#7831,.F.);
#7846 = ORIENTED_EDGE('',*,*,#7847,.T.);
#7847 = EDGE_CURVE('',#7822,#7711,#7848,.T.);
#7848 = LINE('',#7849,#7850);
#7849 = CARTESIAN_POINT('',(47.,48.3,18.3));
#7850 = VECTOR('',#7851,1.);
#7851 = DIRECTION('',(-0.,1.,0.));
#7852 = ORIENTED_EDGE('',*,*,#7718,.F.);
#7853 = PLANE('',#7854);
#7854 = AXIS2_PLACEMENT_3D('',#7855,#7856,#7857);
#7855 = CARTESIAN_POINT('',(47.,48.3,18.3));
#7856 = DIRECTION('',(1.,0.,-0.));
#7857 = DIRECTION('',(0.,0.,1.));
#7858 = ADVANCED_FACE('',(#7859),#7878,.F.);
#7859 = FACE_BOUND('',#7860,.F.);
#7860 = EDGE_LOOP('',(#7861,#7862,#7870,#7877));
#7861 = ORIENTED_EDGE('',*,*,#7645,.F.);
#7862 = ORIENTED_EDGE('',*,*,#7863,.F.);
#7863 = EDGE_CURVE('',#7864,#7646,#7866,.T.);
#7864 = VERTEX_POINT('',#7865);
#7865 = CARTESIAN_POINT('',(43.05,4.87,10.2));
#7866 = LINE('',#7867,#7868);
#7867 = CARTESIAN_POINT('',(43.05,4.87,10.2));
#7868 = VECTOR('',#7869,1.);
#7869 = DIRECTION('',(0.,0.,1.));
#7870 = ORIENTED_EDGE('',*,*,#7871,.T.);
#7871 = EDGE_CURVE('',#7864,#7864,#7872,.T.);
#7872 = CIRCLE('',#7873,1.05);
#7873 = AXIS2_PLACEMENT_3D('',#7874,#7875,#7876);
#7874 = CARTESIAN_POINT('',(42.,4.87,10.2));
#7875 = DIRECTION('',(0.,0.,1.));
#7876 = DIRECTION('',(1.,0.,-0.));
#7877 = ORIENTED_EDGE('',*,*,#7863,.T.);
#7878 = CYLINDRICAL_SURFACE('',#7879,1.05);
#7879 = AXIS2_PLACEMENT_3D('',#7880,#7881,#7882);
#7880 = CARTESIAN_POINT('',(42.,4.87,10.2));
#7881 = DIRECTION('',(0.,0.,1.));
#7882 = DIRECTION('',(1.,0.,-0.));
#7883 = ADVANCED_FACE('',(#7884),#7890,.F.);
#7884 = FACE_BOUND('',#7885,.F.);
#7885 = EDGE_LOOP('',(#7886,#7887,#7888,#7889));
#7886 = ORIENTED_EDGE('',*,*,#7806,.F.);
#7887 = ORIENTED_EDGE('',*,*,#7821,.T.);
#7888 = ORIENTED_EDGE('',*,*,#7847,.T.);
#7889 = ORIENTED_EDGE('',*,*,#7710,.F.);
#7890 = PLANE('',#7891);
#7891 = AXIS2_PLACEMENT_3D('',#7892,#7893,#7894);
#7892 = CARTESIAN_POINT('',(43.,48.3,18.3));
#7893 = DIRECTION('',(0.,0.,1.));
#7894 = DIRECTION('',(1.,0.,-0.));
#7895 = ADVANCED_FACE('',(#7896),#7902,.F.);
#7896 = FACE_BOUND('',#7897,.F.);
#7897 = EDGE_LOOP('',(#7898,#7899,#7900,#7901));
#7898 = ORIENTED_EDGE('',*,*,#7741,.F.);
#7899 = ORIENTED_EDGE('',*,*,#7756,.T.);
#7900 = ORIENTED_EDGE('',*,*,#7782,.T.);
#7901 = ORIENTED_EDGE('',*,*,#7687,.F.);
#7902 = PLANE('',#7903);
#7903 = AXIS2_PLACEMENT_3D('',#7904,#7905,#7906);
#7904 = CARTESIAN_POINT('',(28.,48.3,18.3));
#7905 = DIRECTION('',(0.,0.,1.));
#7906 = DIRECTION('',(1.,0.,-0.));
#7907 = ADVANCED_FACE('',(#7908),#7911,.T.);
#7908 = FACE_BOUND('',#7909,.F.);
#7909 = EDGE_LOOP('',(#7910));
#7910 = ORIENTED_EDGE('',*,*,#7871,.F.);
#7911 = PLANE('',#7912);
#7912 = AXIS2_PLACEMENT_3D('',#7913,#7914,#7915);
#7913 = CARTESIAN_POINT('',(42.,4.87,10.2));
#7914 = DIRECTION('',(0.,0.,1.));
#7915 = DIRECTION('',(1.,0.,-0.));
#7916 = ( GEOMETRIC_REPRESENTATION_CONTEXT(3) 
GLOBAL_UNCERTAINTY_ASSIGNED_CONTEXT((#7920)) 
GLOBAL_UNIT_ASSIGNED_CONTEXT((#7917,#7918,#7919)) REPRESENTATION_CONTEXT
('Context #1','3D Context with UNIT and UNCERTAINTY') );
#7917 = ( LENGTH_UNIT() NAMED_UNIT(*) SI_UNIT(.MILLI.,.METRE.) );
#7918 = ( NAMED_UNIT(*) PLANE_ANGLE_UNIT() SI_UNIT($,.RADIAN.) );
#7919 = ( NAMED_UNIT(*) SI_UNIT($,.STERADIAN.) SOLID_ANGLE_UNIT() );
#7920 = UNCERTAINTY_MEASURE_WITH_UNIT(LENGTH_MEASURE(1.E-07),#7917,
  'distance_accuracy_value','confusion accuracy');
#7921 = PRODUCT_RELATED_PRODUCT_CATEGORY('part',$,(#7));
ENDSEC;
END-ISO-10303-21;
