ISO-10303-21;
HEADER;
FILE_DESCRIPTION(('FreeCAD Model'),'2;1');
FILE_NAME('Open CASCADE Shape Model','2026-09-27T15:22:53',('FreeCAD'),(
    'FreeCAD'),'Open CASCADE STEP processor 7.8','FreeCAD','Unknown');
FILE_SCHEMA(('AUTOMOTIVE_DESIGN { 1 0 10303 214 1 1 1 1 }'));
ENDSEC;
DATA;
#1 = APPLICATION_PROTOCOL_DEFINITION('international standard',
  'automotive_design',2000,#2);
#2 = APPLICATION_CONTEXT(
  'core data for automotive mechanical design processes');
#3 = SHAPE_DEFINITION_REPRESENTATION(#4,#10);
#4 = PRODUCT_DEFINITION_SHAPE('','',#5);
#5 = PRODUCT_DEFINITION('design','',#6,#9);
#6 = PRODUCT_DEFINITION_FORMATION('','',#7);
#7 = PRODUCT('Open CASCADE STEP translator 7.8 2',
  'Open CASCADE STEP translator 7.8 2','',(#8));
#8 = PRODUCT_CONTEXT('',#2,'mechanical');
#9 = PRODUCT_DEFINITION_CONTEXT('part definition',#2,'design');
#10 = ADVANCED_BREP_SHAPE_REPRESENTATION('',(#11,#15),#2712);
#11 = AXIS2_PLACEMENT_3D('',#12,#13,#14);
#12 = CARTESIAN_POINT('',(0.,0.,0.));
#13 = DIRECTION('',(0.,0.,1.));
#14 = DIRECTION('',(1.,0.,-0.));
#15 = MANIFOLD_SOLID_BREP('',#16);
#16 = CLOSED_SHELL('',(#17,#65,#378,#403,#805,#822,#839,#871,#888,#905,
    #923,#940,#957,#990,#1007,#1024,#1042,#1059,#1076,#1109,#1126,#1143,
    #1161,#1178,#1195,#1227,#1239,#1265,#1291,#1316,#1341,#1366,#1392,
    #1426,#1451,#1485,#1519,#1550,#1575,#1607,#1631,#1655,#1680,#1704,
    #1728,#1752,#1777,#1801,#1825,#1849,#1874,#1906,#1923,#1957,#1966,
    #1975,#1984,#1993,#2002,#2011,#2031,#2040,#2049,#2058,#2084,#2104,
    #2130,#2156,#2180,#2205,#2279,#2296,#2313,#2330,#2347,#2364,#2381,
    #2393,#2419,#2444,#2464,#2498,#2518,#2538,#2558,#2576,#2601,#2626,
    #2651,#2676,#2685,#2694,#2703));
#17 = ADVANCED_FACE('',(#18),#60,.F.);
#18 = FACE_BOUND('',#19,.F.);
#19 = EDGE_LOOP('',(#20,#30,#38,#46,#54));
#20 = ORIENTED_EDGE('',*,*,#21,.F.);
#21 = EDGE_CURVE('',#22,#24,#26,.T.);
#22 = VERTEX_POINT('',#23);
#23 = CARTESIAN_POINT('',(-4.6,2.,31.5));
#24 = VERTEX_POINT('',#25);
#25 = CARTESIAN_POINT('',(-4.6,25.,31.5));
#26 = LINE('',#27,#28);
#27 = CARTESIAN_POINT('',(-4.6,-4.6,31.5));
#28 = VECTOR('',#29,1.);
#29 = DIRECTION('',(-0.,1.,0.));
#30 = ORIENTED_EDGE('',*,*,#31,.F.);
#31 = EDGE_CURVE('',#32,#22,#34,.T.);
#32 = VERTEX_POINT('',#33);
#33 = CARTESIAN_POINT('',(-4.6,2.,28.));
#34 = LINE('',#35,#36);
#35 = CARTESIAN_POINT('',(-4.6,2.,28.));
#36 = VECTOR('',#37,1.);
#37 = DIRECTION('',(0.,0.,1.));
#38 = ORIENTED_EDGE('',*,*,#39,.T.);
#39 = EDGE_CURVE('',#32,#40,#42,.T.);
#40 = VERTEX_POINT('',#41);
#41 = CARTESIAN_POINT('',(-4.6,48.,28.));
#42 = LINE('',#43,#44);
#43 = CARTESIAN_POINT('',(-4.6,-4.6,28.));
#44 = VECTOR('',#45,1.);
#45 = DIRECTION('',(-0.,1.,0.));
#46 = ORIENTED_EDGE('',*,*,#47,.T.);
#47 = EDGE_CURVE('',#40,#48,#50,.T.);
#48 = VERTEX_POINT('',#49);
#49 = CARTESIAN_POINT('',(-4.6,48.,31.5));
#50 = LINE('',#51,#52);
#51 = CARTESIAN_POINT('',(-4.6,48.,28.));
#52 = VECTOR('',#53,1.);
#53 = DIRECTION('',(0.,0.,1.));
#54 = ORIENTED_EDGE('',*,*,#55,.F.);
#55 = EDGE_CURVE('',#24,#48,#56,.T.);
#56 = LINE('',#57,#58);
#57 = CARTESIAN_POINT('',(-4.6,-4.6,31.5));
#58 = VECTOR('',#59,1.);
#59 = DIRECTION('',(-0.,1.,0.));
#60 = PLANE('',#61);
#61 = AXIS2_PLACEMENT_3D('',#62,#63,#64);
#62 = CARTESIAN_POINT('',(-4.6,-4.6,28.));
#63 = DIRECTION('',(1.,0.,-0.));
#64 = DIRECTION('',(0.,0.,1.));
#65 = ADVANCED_FACE('',(#66,#288,#306,#324,#335,#346,#355),#373,.T.);
#66 = FACE_BOUND('',#67,.T.);
#67 = EDGE_LOOP('',(#68,#69,#78,#86,#95,#103,#112,#120,#128,#137,#145,
    #154,#162,#171,#179,#187,#196,#204,#213,#221,#230,#238,#246,#255,
    #263,#272,#280,#287));
#68 = ORIENTED_EDGE('',*,*,#21,.F.);
#69 = ORIENTED_EDGE('',*,*,#70,.T.);
#70 = EDGE_CURVE('',#22,#71,#73,.T.);
#71 = VERTEX_POINT('',#72);
#72 = CARTESIAN_POINT('',(-4.5,0.855447685775,31.5));
#73 = CIRCLE('',#74,6.6);
#74 = AXIS2_PLACEMENT_3D('',#75,#76,#77);
#75 = CARTESIAN_POINT('',(2.,2.,31.5));
#76 = DIRECTION('',(0.,0.,1.));
#77 = DIRECTION('',(0.,-1.,0.));
#78 = ORIENTED_EDGE('',*,*,#79,.F.);
#79 = EDGE_CURVE('',#80,#71,#82,.T.);
#80 = VERTEX_POINT('',#81);
#81 = CARTESIAN_POINT('',(-4.5,-0.2,31.5));
#82 = LINE('',#83,#84);
#83 = CARTESIAN_POINT('',(-4.5,-4.5,31.5));
#84 = VECTOR('',#85,1.);
#85 = DIRECTION('',(-0.,1.,0.));
#86 = ORIENTED_EDGE('',*,*,#87,.F.);
#87 = EDGE_CURVE('',#88,#80,#90,.T.);
#88 = VERTEX_POINT('',#89);
#89 = CARTESIAN_POINT('',(-0.2,-4.5,31.5));
#90 = CIRCLE('',#91,4.3);
#91 = AXIS2_PLACEMENT_3D('',#92,#93,#94);
#92 = CARTESIAN_POINT('',(-4.5,-4.5,31.5));
#93 = DIRECTION('',(0.,0.,1.));
#94 = DIRECTION('',(1.,0.,-0.));
#95 = ORIENTED_EDGE('',*,*,#96,.T.);
#96 = EDGE_CURVE('',#88,#97,#99,.T.);
#97 = VERTEX_POINT('',#98);
#98 = CARTESIAN_POINT('',(0.855447685774,-4.5,31.5));
#99 = LINE('',#100,#101);
#100 = CARTESIAN_POINT('',(-4.5,-4.5,31.5));
#101 = VECTOR('',#102,1.);
#102 = DIRECTION('',(1.,0.,-0.));
#103 = ORIENTED_EDGE('',*,*,#104,.T.);
#104 = EDGE_CURVE('',#97,#105,#107,.T.);
#105 = VERTEX_POINT('',#106);
#106 = CARTESIAN_POINT('',(2.,-4.6,31.5));
#107 = CIRCLE('',#108,6.6);
#108 = AXIS2_PLACEMENT_3D('',#109,#110,#111);
#109 = CARTESIAN_POINT('',(2.,2.,31.5));
#110 = DIRECTION('',(0.,0.,1.));
#111 = DIRECTION('',(0.,-1.,0.));
#112 = ORIENTED_EDGE('',*,*,#113,.T.);
#113 = EDGE_CURVE('',#105,#114,#116,.T.);
#114 = VERTEX_POINT('',#115);
#115 = CARTESIAN_POINT('',(34.5,-4.6,31.5));
#116 = LINE('',#117,#118);
#117 = CARTESIAN_POINT('',(-4.6,-4.6,31.5));
#118 = VECTOR('',#119,1.);
#119 = DIRECTION('',(1.,0.,-0.));
#120 = ORIENTED_EDGE('',*,*,#121,.T.);
#121 = EDGE_CURVE('',#114,#122,#124,.T.);
#122 = VERTEX_POINT('',#123);
#123 = CARTESIAN_POINT('',(67.,-4.6,31.5));
#124 = LINE('',#125,#126);
#125 = CARTESIAN_POINT('',(-4.6,-4.6,31.5));
#126 = VECTOR('',#127,1.);
#127 = DIRECTION('',(1.,0.,-0.));
#128 = ORIENTED_EDGE('',*,*,#129,.F.);
#129 = EDGE_CURVE('',#130,#122,#132,.T.);
#130 = VERTEX_POINT('',#131);
#131 = CARTESIAN_POINT('',(68.144552314225,-4.5,31.5));
#132 = CIRCLE('',#133,6.6);
#133 = AXIS2_PLACEMENT_3D('',#134,#135,#136);
#134 = CARTESIAN_POINT('',(67.,2.,31.5));
#135 = DIRECTION('',(-0.,-0.,-1.));
#136 = DIRECTION('',(0.,-1.,0.));
#137 = ORIENTED_EDGE('',*,*,#138,.T.);
#138 = EDGE_CURVE('',#130,#139,#141,.T.);
#139 = VERTEX_POINT('',#140);
#140 = CARTESIAN_POINT('',(69.2,-4.5,31.5));
#141 = LINE('',#142,#143);
#142 = CARTESIAN_POINT('',(68.,-4.5,31.5));
#143 = VECTOR('',#144,1.);
#144 = DIRECTION('',(1.,0.,-0.));
#145 = ORIENTED_EDGE('',*,*,#146,.F.);
#146 = EDGE_CURVE('',#147,#139,#149,.T.);
#147 = VERTEX_POINT('',#148);
#148 = CARTESIAN_POINT('',(73.5,-0.2,31.5));
#149 = CIRCLE('',#150,4.3);
#150 = AXIS2_PLACEMENT_3D('',#151,#152,#153);
#151 = CARTESIAN_POINT('',(73.5,-4.5,31.5));
#152 = DIRECTION('',(0.,0.,1.));
#153 = DIRECTION('',(1.,0.,-0.));
#154 = ORIENTED_EDGE('',*,*,#155,.T.);
#155 = EDGE_CURVE('',#147,#156,#158,.T.);
#156 = VERTEX_POINT('',#157);
#157 = CARTESIAN_POINT('',(73.5,0.855447685775,31.5));
#158 = LINE('',#159,#160);
#159 = CARTESIAN_POINT('',(73.5,-4.5,31.5));
#160 = VECTOR('',#161,1.);
#161 = DIRECTION('',(-0.,1.,0.));
#162 = ORIENTED_EDGE('',*,*,#163,.F.);
#163 = EDGE_CURVE('',#164,#156,#166,.T.);
#164 = VERTEX_POINT('',#165);
#165 = CARTESIAN_POINT('',(73.6,2.,31.5));
#166 = CIRCLE('',#167,6.6);
#167 = AXIS2_PLACEMENT_3D('',#168,#169,#170);
#168 = CARTESIAN_POINT('',(67.,2.,31.5));
#169 = DIRECTION('',(-0.,-0.,-1.));
#170 = DIRECTION('',(0.,-1.,0.));
#171 = ORIENTED_EDGE('',*,*,#172,.T.);
#172 = EDGE_CURVE('',#164,#173,#175,.T.);
#173 = VERTEX_POINT('',#174);
#174 = CARTESIAN_POINT('',(73.6,25.,31.5));
#175 = LINE('',#176,#177);
#176 = CARTESIAN_POINT('',(73.6,-4.6,31.5));
#177 = VECTOR('',#178,1.);
#178 = DIRECTION('',(-0.,1.,0.));
#179 = ORIENTED_EDGE('',*,*,#180,.T.);
#180 = EDGE_CURVE('',#173,#181,#183,.T.);
#181 = VERTEX_POINT('',#182);
#182 = CARTESIAN_POINT('',(73.6,48.,31.5));
#183 = LINE('',#184,#185);
#184 = CARTESIAN_POINT('',(73.6,-4.6,31.5));
#185 = VECTOR('',#186,1.);
#186 = DIRECTION('',(-0.,1.,0.));
#187 = ORIENTED_EDGE('',*,*,#188,.T.);
#188 = EDGE_CURVE('',#181,#189,#191,.T.);
#189 = VERTEX_POINT('',#190);
#190 = CARTESIAN_POINT('',(73.5,49.144552314225,31.5));
#191 = CIRCLE('',#192,6.6);
#192 = AXIS2_PLACEMENT_3D('',#193,#194,#195);
#193 = CARTESIAN_POINT('',(67.,48.,31.5));
#194 = DIRECTION('',(0.,0.,1.));
#195 = DIRECTION('',(0.,-1.,0.));
#196 = ORIENTED_EDGE('',*,*,#197,.T.);
#197 = EDGE_CURVE('',#189,#198,#200,.T.);
#198 = VERTEX_POINT('',#199);
#199 = CARTESIAN_POINT('',(73.5,50.2,31.5));
#200 = LINE('',#201,#202);
#201 = CARTESIAN_POINT('',(73.5,49.,31.5));
#202 = VECTOR('',#203,1.);
#203 = DIRECTION('',(-0.,1.,0.));
#204 = ORIENTED_EDGE('',*,*,#205,.F.);
#205 = EDGE_CURVE('',#206,#198,#208,.T.);
#206 = VERTEX_POINT('',#207);
#207 = CARTESIAN_POINT('',(69.2,54.5,31.5));
#208 = CIRCLE('',#209,4.3);
#209 = AXIS2_PLACEMENT_3D('',#210,#211,#212);
#210 = CARTESIAN_POINT('',(73.5,54.5,31.5));
#211 = DIRECTION('',(0.,0.,1.));
#212 = DIRECTION('',(1.,0.,-0.));
#213 = ORIENTED_EDGE('',*,*,#214,.F.);
#214 = EDGE_CURVE('',#215,#206,#217,.T.);
#215 = VERTEX_POINT('',#216);
#216 = CARTESIAN_POINT('',(68.144552314225,54.5,31.5));
#217 = LINE('',#218,#219);
#218 = CARTESIAN_POINT('',(68.,54.5,31.5));
#219 = VECTOR('',#220,1.);
#220 = DIRECTION('',(1.,0.,-0.));
#221 = ORIENTED_EDGE('',*,*,#222,.T.);
#222 = EDGE_CURVE('',#215,#223,#225,.T.);
#223 = VERTEX_POINT('',#224);
#224 = CARTESIAN_POINT('',(67.,54.6,31.5));
#225 = CIRCLE('',#226,6.6);
#226 = AXIS2_PLACEMENT_3D('',#227,#228,#229);
#227 = CARTESIAN_POINT('',(67.,48.,31.5));
#228 = DIRECTION('',(0.,0.,1.));
#229 = DIRECTION('',(0.,-1.,0.));
#230 = ORIENTED_EDGE('',*,*,#231,.F.);
#231 = EDGE_CURVE('',#232,#223,#234,.T.);
#232 = VERTEX_POINT('',#233);
#233 = CARTESIAN_POINT('',(34.5,54.6,31.5));
#234 = LINE('',#235,#236);
#235 = CARTESIAN_POINT('',(-4.6,54.6,31.5));
#236 = VECTOR('',#237,1.);
#237 = DIRECTION('',(1.,0.,-0.));
#238 = ORIENTED_EDGE('',*,*,#239,.F.);
#239 = EDGE_CURVE('',#240,#232,#242,.T.);
#240 = VERTEX_POINT('',#241);
#241 = CARTESIAN_POINT('',(2.,54.6,31.5));
#242 = LINE('',#243,#244);
#243 = CARTESIAN_POINT('',(-4.6,54.6,31.5));
#244 = VECTOR('',#245,1.);
#245 = DIRECTION('',(1.,0.,-0.));
#246 = ORIENTED_EDGE('',*,*,#247,.F.);
#247 = EDGE_CURVE('',#248,#240,#250,.T.);
#248 = VERTEX_POINT('',#249);
#249 = CARTESIAN_POINT('',(0.855447685774,54.5,31.5));
#250 = CIRCLE('',#251,6.6);
#251 = AXIS2_PLACEMENT_3D('',#252,#253,#254);
#252 = CARTESIAN_POINT('',(2.,48.,31.5));
#253 = DIRECTION('',(-0.,-0.,-1.));
#254 = DIRECTION('',(0.,-1.,0.));
#255 = ORIENTED_EDGE('',*,*,#256,.F.);
#256 = EDGE_CURVE('',#257,#248,#259,.T.);
#257 = VERTEX_POINT('',#258);
#258 = CARTESIAN_POINT('',(-0.2,54.5,31.5));
#259 = LINE('',#260,#261);
#260 = CARTESIAN_POINT('',(-4.5,54.5,31.5));
#261 = VECTOR('',#262,1.);
#262 = DIRECTION('',(1.,0.,-0.));
#263 = ORIENTED_EDGE('',*,*,#264,.F.);
#264 = EDGE_CURVE('',#265,#257,#267,.T.);
#265 = VERTEX_POINT('',#266);
#266 = CARTESIAN_POINT('',(-4.5,50.2,31.5));
#267 = CIRCLE('',#268,4.3);
#268 = AXIS2_PLACEMENT_3D('',#269,#270,#271);
#269 = CARTESIAN_POINT('',(-4.5,54.5,31.5));
#270 = DIRECTION('',(0.,0.,1.));
#271 = DIRECTION('',(1.,0.,-0.));
#272 = ORIENTED_EDGE('',*,*,#273,.F.);
#273 = EDGE_CURVE('',#274,#265,#276,.T.);
#274 = VERTEX_POINT('',#275);
#275 = CARTESIAN_POINT('',(-4.5,49.144552314225,31.5));
#276 = LINE('',#277,#278);
#277 = CARTESIAN_POINT('',(-4.5,49.,31.5));
#278 = VECTOR('',#279,1.);
#279 = DIRECTION('',(-0.,1.,0.));
#280 = ORIENTED_EDGE('',*,*,#281,.F.);
#281 = EDGE_CURVE('',#48,#274,#282,.T.);
#282 = CIRCLE('',#283,6.6);
#283 = AXIS2_PLACEMENT_3D('',#284,#285,#286);
#284 = CARTESIAN_POINT('',(2.,48.,31.5));
#285 = DIRECTION('',(-0.,-0.,-1.));
#286 = DIRECTION('',(0.,-1.,0.));
#287 = ORIENTED_EDGE('',*,*,#55,.F.);
#288 = FACE_BOUND('',#289,.T.);
#289 = EDGE_LOOP('',(#290,#299));
#290 = ORIENTED_EDGE('',*,*,#291,.F.);
#291 = EDGE_CURVE('',#24,#292,#294,.T.);
#292 = VERTEX_POINT('',#293);
#293 = CARTESIAN_POINT('',(3.4,25.,31.5));
#294 = CIRCLE('',#295,4.);
#295 = AXIS2_PLACEMENT_3D('',#296,#297,#298);
#296 = CARTESIAN_POINT('',(-0.6,25.,31.5));
#297 = DIRECTION('',(0.,0.,1.));
#298 = DIRECTION('',(1.,0.,-0.));
#299 = ORIENTED_EDGE('',*,*,#300,.F.);
#300 = EDGE_CURVE('',#292,#24,#301,.T.);
#301 = CIRCLE('',#302,4.);
#302 = AXIS2_PLACEMENT_3D('',#303,#304,#305);
#303 = CARTESIAN_POINT('',(-0.6,25.,31.5));
#304 = DIRECTION('',(0.,0.,1.));
#305 = DIRECTION('',(1.,0.,-0.));
#306 = FACE_BOUND('',#307,.T.);
#307 = EDGE_LOOP('',(#308,#317));
#308 = ORIENTED_EDGE('',*,*,#309,.F.);
#309 = EDGE_CURVE('',#114,#310,#312,.T.);
#310 = VERTEX_POINT('',#311);
#311 = CARTESIAN_POINT('',(38.5,-0.6,31.5));
#312 = CIRCLE('',#313,4.);
#313 = AXIS2_PLACEMENT_3D('',#314,#315,#316);
#314 = CARTESIAN_POINT('',(34.5,-0.6,31.5));
#315 = DIRECTION('',(0.,0.,1.));
#316 = DIRECTION('',(1.,0.,-0.));
#317 = ORIENTED_EDGE('',*,*,#318,.F.);
#318 = EDGE_CURVE('',#310,#114,#319,.T.);
#319 = CIRCLE('',#320,4.);
#320 = AXIS2_PLACEMENT_3D('',#321,#322,#323);
#321 = CARTESIAN_POINT('',(34.5,-0.6,31.5));
#322 = DIRECTION('',(0.,0.,1.));
#323 = DIRECTION('',(1.,0.,-0.));
#324 = FACE_BOUND('',#325,.T.);
#325 = EDGE_LOOP('',(#326));
#326 = ORIENTED_EDGE('',*,*,#327,.F.);
#327 = EDGE_CURVE('',#328,#328,#330,.T.);
#328 = VERTEX_POINT('',#329);
#329 = CARTESIAN_POINT('',(50.,12.,31.5));
#330 = CIRCLE('',#331,3.);
#331 = AXIS2_PLACEMENT_3D('',#332,#333,#334);
#332 = CARTESIAN_POINT('',(47.,12.,31.5));
#333 = DIRECTION('',(0.,0.,1.));
#334 = DIRECTION('',(1.,0.,-0.));
#335 = FACE_BOUND('',#336,.T.);
#336 = EDGE_LOOP('',(#337));
#337 = ORIENTED_EDGE('',*,*,#338,.F.);
#338 = EDGE_CURVE('',#339,#339,#341,.T.);
#339 = VERTEX_POINT('',#340);
#340 = CARTESIAN_POINT('',(38.5,25.,31.5));
#341 = CIRCLE('',#342,4.);
#342 = AXIS2_PLACEMENT_3D('',#343,#344,#345);
#343 = CARTESIAN_POINT('',(34.5,25.,31.5));
#344 = DIRECTION('',(0.,0.,1.));
#345 = DIRECTION('',(1.,0.,-0.));
#346 = FACE_BOUND('',#347,.T.);
#347 = EDGE_LOOP('',(#348));
#348 = ORIENTED_EDGE('',*,*,#349,.F.);
#349 = EDGE_CURVE('',#173,#173,#350,.T.);
#350 = CIRCLE('',#351,4.);
#351 = AXIS2_PLACEMENT_3D('',#352,#353,#354);
#352 = CARTESIAN_POINT('',(69.6,25.,31.5));
#353 = DIRECTION('',(0.,0.,1.));
#354 = DIRECTION('',(1.,0.,-0.));
#355 = FACE_BOUND('',#356,.T.);
#356 = EDGE_LOOP('',(#357,#366));
#357 = ORIENTED_EDGE('',*,*,#358,.F.);
#358 = EDGE_CURVE('',#232,#359,#361,.T.);
#359 = VERTEX_POINT('',#360);
#360 = CARTESIAN_POINT('',(38.5,50.6,31.5));
#361 = CIRCLE('',#362,4.);
#362 = AXIS2_PLACEMENT_3D('',#363,#364,#365);
#363 = CARTESIAN_POINT('',(34.5,50.6,31.5));
#364 = DIRECTION('',(0.,0.,1.));
#365 = DIRECTION('',(1.,0.,-0.));
#366 = ORIENTED_EDGE('',*,*,#367,.F.);
#367 = EDGE_CURVE('',#359,#232,#368,.T.);
#368 = CIRCLE('',#369,4.);
#369 = AXIS2_PLACEMENT_3D('',#370,#371,#372);
#370 = CARTESIAN_POINT('',(34.5,50.6,31.5));
#371 = DIRECTION('',(0.,0.,1.));
#372 = DIRECTION('',(1.,0.,-0.));
#373 = PLANE('',#374);
#374 = AXIS2_PLACEMENT_3D('',#375,#376,#377);
#375 = CARTESIAN_POINT('',(34.860423634355,25.,31.5));
#376 = DIRECTION('',(0.,0.,1.));
#377 = DIRECTION('',(1.,0.,-0.));
#378 = ADVANCED_FACE('',(#379),#398,.T.);
#379 = FACE_BOUND('',#380,.T.);
#380 = EDGE_LOOP('',(#381,#382,#391,#397));
#381 = ORIENTED_EDGE('',*,*,#31,.F.);
#382 = ORIENTED_EDGE('',*,*,#383,.T.);
#383 = EDGE_CURVE('',#32,#384,#386,.T.);
#384 = VERTEX_POINT('',#385);
#385 = CARTESIAN_POINT('',(-4.5,0.855447685775,28.));
#386 = CIRCLE('',#387,6.6);
#387 = AXIS2_PLACEMENT_3D('',#388,#389,#390);
#388 = CARTESIAN_POINT('',(2.,2.,28.));
#389 = DIRECTION('',(0.,0.,1.));
#390 = DIRECTION('',(0.,-1.,0.));
#391 = ORIENTED_EDGE('',*,*,#392,.T.);
#392 = EDGE_CURVE('',#384,#71,#393,.T.);
#393 = LINE('',#394,#395);
#394 = CARTESIAN_POINT('',(-4.5,0.855447685774,28.));
#395 = VECTOR('',#396,1.);
#396 = DIRECTION('',(0.,0.,1.));
#397 = ORIENTED_EDGE('',*,*,#70,.F.);
#398 = CYLINDRICAL_SURFACE('',#399,6.6);
#399 = AXIS2_PLACEMENT_3D('',#400,#401,#402);
#400 = CARTESIAN_POINT('',(2.,2.,28.));
#401 = DIRECTION('',(0.,0.,1.));
#402 = DIRECTION('',(-1.,-0.,0.));
#403 = ADVANCED_FACE('',(#404,#611,#622,#633,#644,#655,#789),#800,.T.);
#404 = FACE_BOUND('',#405,.T.);
#405 = EDGE_LOOP('',(#406,#407,#416,#424,#433,#441,#450,#458,#467,#475,
    #484,#493,#501,#510,#518,#527,#535,#544,#553,#561,#570,#578,#587,
    #595,#604,#610));
#406 = ORIENTED_EDGE('',*,*,#39,.T.);
#407 = ORIENTED_EDGE('',*,*,#408,.T.);
#408 = EDGE_CURVE('',#40,#409,#411,.T.);
#409 = VERTEX_POINT('',#410);
#410 = CARTESIAN_POINT('',(-4.5,49.144552314225,28.));
#411 = CIRCLE('',#412,6.6);
#412 = AXIS2_PLACEMENT_3D('',#413,#414,#415);
#413 = CARTESIAN_POINT('',(2.,48.,28.));
#414 = DIRECTION('',(-0.,-0.,-1.));
#415 = DIRECTION('',(0.,-1.,0.));
#416 = ORIENTED_EDGE('',*,*,#417,.T.);
#417 = EDGE_CURVE('',#409,#418,#420,.T.);
#418 = VERTEX_POINT('',#419);
#419 = CARTESIAN_POINT('',(-4.5,50.2,28.));
#420 = LINE('',#421,#422);
#421 = CARTESIAN_POINT('',(-4.5,49.,28.));
#422 = VECTOR('',#423,1.);
#423 = DIRECTION('',(-0.,1.,0.));
#424 = ORIENTED_EDGE('',*,*,#425,.F.);
#425 = EDGE_CURVE('',#426,#418,#428,.T.);
#426 = VERTEX_POINT('',#427);
#427 = CARTESIAN_POINT('',(-0.2,54.5,28.));
#428 = CIRCLE('',#429,4.3);
#429 = AXIS2_PLACEMENT_3D('',#430,#431,#432);
#430 = CARTESIAN_POINT('',(-4.5,54.5,28.));
#431 = DIRECTION('',(0.,0.,1.));
#432 = DIRECTION('',(1.,0.,-0.));
#433 = ORIENTED_EDGE('',*,*,#434,.T.);
#434 = EDGE_CURVE('',#426,#435,#437,.T.);
#435 = VERTEX_POINT('',#436);
#436 = CARTESIAN_POINT('',(0.855447685774,54.5,28.));
#437 = LINE('',#438,#439);
#438 = CARTESIAN_POINT('',(-4.5,54.5,28.));
#439 = VECTOR('',#440,1.);
#440 = DIRECTION('',(1.,0.,-0.));
#441 = ORIENTED_EDGE('',*,*,#442,.T.);
#442 = EDGE_CURVE('',#435,#443,#445,.T.);
#443 = VERTEX_POINT('',#444);
#444 = CARTESIAN_POINT('',(2.,54.6,28.));
#445 = CIRCLE('',#446,6.6);
#446 = AXIS2_PLACEMENT_3D('',#447,#448,#449);
#447 = CARTESIAN_POINT('',(2.,48.,28.));
#448 = DIRECTION('',(-0.,-0.,-1.));
#449 = DIRECTION('',(0.,-1.,0.));
#450 = ORIENTED_EDGE('',*,*,#451,.T.);
#451 = EDGE_CURVE('',#443,#452,#454,.T.);
#452 = VERTEX_POINT('',#453);
#453 = CARTESIAN_POINT('',(67.,54.6,28.));
#454 = LINE('',#455,#456);
#455 = CARTESIAN_POINT('',(-4.6,54.6,28.));
#456 = VECTOR('',#457,1.);
#457 = DIRECTION('',(1.,0.,-0.));
#458 = ORIENTED_EDGE('',*,*,#459,.F.);
#459 = EDGE_CURVE('',#460,#452,#462,.T.);
#460 = VERTEX_POINT('',#461);
#461 = CARTESIAN_POINT('',(68.144552314225,54.5,28.));
#462 = CIRCLE('',#463,6.6);
#463 = AXIS2_PLACEMENT_3D('',#464,#465,#466);
#464 = CARTESIAN_POINT('',(67.,48.,28.));
#465 = DIRECTION('',(0.,0.,1.));
#466 = DIRECTION('',(0.,-1.,0.));
#467 = ORIENTED_EDGE('',*,*,#468,.T.);
#468 = EDGE_CURVE('',#460,#469,#471,.T.);
#469 = VERTEX_POINT('',#470);
#470 = CARTESIAN_POINT('',(69.2,54.5,28.));
#471 = LINE('',#472,#473);
#472 = CARTESIAN_POINT('',(68.,54.5,28.));
#473 = VECTOR('',#474,1.);
#474 = DIRECTION('',(1.,0.,-0.));
#475 = ORIENTED_EDGE('',*,*,#476,.F.);
#476 = EDGE_CURVE('',#477,#469,#479,.T.);
#477 = VERTEX_POINT('',#478);
#478 = CARTESIAN_POINT('',(77.8,54.5,28.));
#479 = CIRCLE('',#480,4.3);
#480 = AXIS2_PLACEMENT_3D('',#481,#482,#483);
#481 = CARTESIAN_POINT('',(73.5,54.5,28.));
#482 = DIRECTION('',(0.,0.,1.));
#483 = DIRECTION('',(1.,0.,-0.));
#484 = ORIENTED_EDGE('',*,*,#485,.F.);
#485 = EDGE_CURVE('',#486,#477,#488,.T.);
#486 = VERTEX_POINT('',#487);
#487 = CARTESIAN_POINT('',(73.5,50.2,28.));
#488 = CIRCLE('',#489,4.3);
#489 = AXIS2_PLACEMENT_3D('',#490,#491,#492);
#490 = CARTESIAN_POINT('',(73.5,54.5,28.));
#491 = DIRECTION('',(0.,0.,1.));
#492 = DIRECTION('',(1.,0.,-0.));
#493 = ORIENTED_EDGE('',*,*,#494,.F.);
#494 = EDGE_CURVE('',#495,#486,#497,.T.);
#495 = VERTEX_POINT('',#496);
#496 = CARTESIAN_POINT('',(73.5,49.144552314225,28.));
#497 = LINE('',#498,#499);
#498 = CARTESIAN_POINT('',(73.5,49.,28.));
#499 = VECTOR('',#500,1.);
#500 = DIRECTION('',(-0.,1.,0.));
#501 = ORIENTED_EDGE('',*,*,#502,.F.);
#502 = EDGE_CURVE('',#503,#495,#505,.T.);
#503 = VERTEX_POINT('',#504);
#504 = CARTESIAN_POINT('',(73.6,48.,28.));
#505 = CIRCLE('',#506,6.6);
#506 = AXIS2_PLACEMENT_3D('',#507,#508,#509);
#507 = CARTESIAN_POINT('',(67.,48.,28.));
#508 = DIRECTION('',(0.,0.,1.));
#509 = DIRECTION('',(0.,-1.,0.));
#510 = ORIENTED_EDGE('',*,*,#511,.F.);
#511 = EDGE_CURVE('',#512,#503,#514,.T.);
#512 = VERTEX_POINT('',#513);
#513 = CARTESIAN_POINT('',(73.6,2.,28.));
#514 = LINE('',#515,#516);
#515 = CARTESIAN_POINT('',(73.6,-4.6,28.));
#516 = VECTOR('',#517,1.);
#517 = DIRECTION('',(-0.,1.,0.));
#518 = ORIENTED_EDGE('',*,*,#519,.T.);
#519 = EDGE_CURVE('',#512,#520,#522,.T.);
#520 = VERTEX_POINT('',#521);
#521 = CARTESIAN_POINT('',(73.5,0.855447685775,28.));
#522 = CIRCLE('',#523,6.6);
#523 = AXIS2_PLACEMENT_3D('',#524,#525,#526);
#524 = CARTESIAN_POINT('',(67.,2.,28.));
#525 = DIRECTION('',(-0.,-0.,-1.));
#526 = DIRECTION('',(0.,-1.,0.));
#527 = ORIENTED_EDGE('',*,*,#528,.F.);
#528 = EDGE_CURVE('',#529,#520,#531,.T.);
#529 = VERTEX_POINT('',#530);
#530 = CARTESIAN_POINT('',(73.5,-0.2,28.));
#531 = LINE('',#532,#533);
#532 = CARTESIAN_POINT('',(73.5,-4.5,28.));
#533 = VECTOR('',#534,1.);
#534 = DIRECTION('',(-0.,1.,0.));
#535 = ORIENTED_EDGE('',*,*,#536,.F.);
#536 = EDGE_CURVE('',#537,#529,#539,.T.);
#537 = VERTEX_POINT('',#538);
#538 = CARTESIAN_POINT('',(77.8,-4.5,28.));
#539 = CIRCLE('',#540,4.3);
#540 = AXIS2_PLACEMENT_3D('',#541,#542,#543);
#541 = CARTESIAN_POINT('',(73.5,-4.5,28.));
#542 = DIRECTION('',(0.,0.,1.));
#543 = DIRECTION('',(1.,0.,-0.));
#544 = ORIENTED_EDGE('',*,*,#545,.F.);
#545 = EDGE_CURVE('',#546,#537,#548,.T.);
#546 = VERTEX_POINT('',#547);
#547 = CARTESIAN_POINT('',(69.2,-4.5,28.));
#548 = CIRCLE('',#549,4.3);
#549 = AXIS2_PLACEMENT_3D('',#550,#551,#552);
#550 = CARTESIAN_POINT('',(73.5,-4.5,28.));
#551 = DIRECTION('',(0.,0.,1.));
#552 = DIRECTION('',(1.,0.,-0.));
#553 = ORIENTED_EDGE('',*,*,#554,.F.);
#554 = EDGE_CURVE('',#555,#546,#557,.T.);
#555 = VERTEX_POINT('',#556);
#556 = CARTESIAN_POINT('',(68.144552314225,-4.5,28.));
#557 = LINE('',#558,#559);
#558 = CARTESIAN_POINT('',(68.,-4.5,28.));
#559 = VECTOR('',#560,1.);
#560 = DIRECTION('',(1.,0.,-0.));
#561 = ORIENTED_EDGE('',*,*,#562,.T.);
#562 = EDGE_CURVE('',#555,#563,#565,.T.);
#563 = VERTEX_POINT('',#564);
#564 = CARTESIAN_POINT('',(67.,-4.6,28.));
#565 = CIRCLE('',#566,6.6);
#566 = AXIS2_PLACEMENT_3D('',#567,#568,#569);
#567 = CARTESIAN_POINT('',(67.,2.,28.));
#568 = DIRECTION('',(-0.,-0.,-1.));
#569 = DIRECTION('',(0.,-1.,0.));
#570 = ORIENTED_EDGE('',*,*,#571,.F.);
#571 = EDGE_CURVE('',#572,#563,#574,.T.);
#572 = VERTEX_POINT('',#573);
#573 = CARTESIAN_POINT('',(2.,-4.6,28.));
#574 = LINE('',#575,#576);
#575 = CARTESIAN_POINT('',(-4.6,-4.6,28.));
#576 = VECTOR('',#577,1.);
#577 = DIRECTION('',(1.,0.,-0.));
#578 = ORIENTED_EDGE('',*,*,#579,.F.);
#579 = EDGE_CURVE('',#580,#572,#582,.T.);
#580 = VERTEX_POINT('',#581);
#581 = CARTESIAN_POINT('',(0.855447685774,-4.5,28.));
#582 = CIRCLE('',#583,6.6);
#583 = AXIS2_PLACEMENT_3D('',#584,#585,#586);
#584 = CARTESIAN_POINT('',(2.,2.,28.));
#585 = DIRECTION('',(0.,0.,1.));
#586 = DIRECTION('',(0.,-1.,0.));
#587 = ORIENTED_EDGE('',*,*,#588,.F.);
#588 = EDGE_CURVE('',#589,#580,#591,.T.);
#589 = VERTEX_POINT('',#590);
#590 = CARTESIAN_POINT('',(-0.2,-4.5,28.));
#591 = LINE('',#592,#593);
#592 = CARTESIAN_POINT('',(-4.5,-4.5,28.));
#593 = VECTOR('',#594,1.);
#594 = DIRECTION('',(1.,0.,-0.));
#595 = ORIENTED_EDGE('',*,*,#596,.F.);
#596 = EDGE_CURVE('',#597,#589,#599,.T.);
#597 = VERTEX_POINT('',#598);
#598 = CARTESIAN_POINT('',(-4.5,-0.2,28.));
#599 = CIRCLE('',#600,4.3);
#600 = AXIS2_PLACEMENT_3D('',#601,#602,#603);
#601 = CARTESIAN_POINT('',(-4.5,-4.5,28.));
#602 = DIRECTION('',(0.,0.,1.));
#603 = DIRECTION('',(1.,0.,-0.));
#604 = ORIENTED_EDGE('',*,*,#605,.T.);
#605 = EDGE_CURVE('',#597,#384,#606,.T.);
#606 = LINE('',#607,#608);
#607 = CARTESIAN_POINT('',(-4.5,-4.5,28.));
#608 = VECTOR('',#609,1.);
#609 = DIRECTION('',(-0.,1.,0.));
#610 = ORIENTED_EDGE('',*,*,#383,.F.);
#611 = FACE_BOUND('',#612,.T.);
#612 = EDGE_LOOP('',(#613));
#613 = ORIENTED_EDGE('',*,*,#614,.F.);
#614 = EDGE_CURVE('',#615,#615,#617,.T.);
#615 = VERTEX_POINT('',#616);
#616 = CARTESIAN_POINT('',(70.6,-4.5,28.));
#617 = CIRCLE('',#618,2.9);
#618 = AXIS2_PLACEMENT_3D('',#619,#620,#621);
#619 = CARTESIAN_POINT('',(73.5,-4.5,28.));
#620 = DIRECTION('',(-0.,0.,-1.));
#621 = DIRECTION('',(-1.,0.,0.));
#622 = FACE_BOUND('',#623,.T.);
#623 = EDGE_LOOP('',(#624));
#624 = ORIENTED_EDGE('',*,*,#625,.T.);
#625 = EDGE_CURVE('',#626,#626,#628,.T.);
#626 = VERTEX_POINT('',#627);
#627 = CARTESIAN_POINT('',(50.5,12.,28.));
#628 = CIRCLE('',#629,3.5);
#629 = AXIS2_PLACEMENT_3D('',#630,#631,#632);
#630 = CARTESIAN_POINT('',(47.,12.,28.));
#631 = DIRECTION('',(0.,0.,1.));
#632 = DIRECTION('',(1.,0.,-0.));
#633 = FACE_BOUND('',#634,.T.);
#634 = EDGE_LOOP('',(#635));
#635 = ORIENTED_EDGE('',*,*,#636,.F.);
#636 = EDGE_CURVE('',#637,#637,#639,.T.);
#637 = VERTEX_POINT('',#638);
#638 = CARTESIAN_POINT('',(-7.4,-4.5,28.));
#639 = CIRCLE('',#640,2.9);
#640 = AXIS2_PLACEMENT_3D('',#641,#642,#643);
#641 = CARTESIAN_POINT('',(-4.5,-4.5,28.));
#642 = DIRECTION('',(-0.,0.,-1.));
#643 = DIRECTION('',(-1.,0.,0.));
#644 = FACE_BOUND('',#645,.T.);
#645 = EDGE_LOOP('',(#646));
#646 = ORIENTED_EDGE('',*,*,#647,.F.);
#647 = EDGE_CURVE('',#648,#648,#650,.T.);
#648 = VERTEX_POINT('',#649);
#649 = CARTESIAN_POINT('',(70.6,54.5,28.));
#650 = CIRCLE('',#651,2.9);
#651 = AXIS2_PLACEMENT_3D('',#652,#653,#654);
#652 = CARTESIAN_POINT('',(73.5,54.5,28.));
#653 = DIRECTION('',(-0.,0.,-1.));
#654 = DIRECTION('',(-1.,0.,0.));
#655 = FACE_BOUND('',#656,.T.);
#656 = EDGE_LOOP('',(#657,#667,#676,#684,#693,#701,#710,#718,#727,#735,
    #743,#751,#759,#767,#775,#783));
#657 = ORIENTED_EDGE('',*,*,#658,.F.);
#658 = EDGE_CURVE('',#659,#661,#663,.T.);
#659 = VERTEX_POINT('',#660);
#660 = CARTESIAN_POINT('',(0.7,2.7,28.));
#661 = VERTEX_POINT('',#662);
#662 = CARTESIAN_POINT('',(0.7,38.,28.));
#663 = LINE('',#664,#665);
#664 = CARTESIAN_POINT('',(0.7,0.7,28.));
#665 = VECTOR('',#666,1.);
#666 = DIRECTION('',(-0.,1.,0.));
#667 = ORIENTED_EDGE('',*,*,#668,.T.);
#668 = EDGE_CURVE('',#659,#669,#671,.T.);
#669 = VERTEX_POINT('',#670);
#670 = CARTESIAN_POINT('',(2.7,0.7,28.));
#671 = CIRCLE('',#672,2.);
#672 = AXIS2_PLACEMENT_3D('',#673,#674,#675);
#673 = CARTESIAN_POINT('',(2.7,2.7,28.));
#674 = DIRECTION('',(0.,0.,1.));
#675 = DIRECTION('',(0.,-1.,0.));
#676 = ORIENTED_EDGE('',*,*,#677,.T.);
#677 = EDGE_CURVE('',#669,#678,#680,.T.);
#678 = VERTEX_POINT('',#679);
#679 = CARTESIAN_POINT('',(66.3,0.7,28.));
#680 = LINE('',#681,#682);
#681 = CARTESIAN_POINT('',(0.7,0.7,28.));
#682 = VECTOR('',#683,1.);
#683 = DIRECTION('',(1.,0.,-0.));
#684 = ORIENTED_EDGE('',*,*,#685,.F.);
#685 = EDGE_CURVE('',#686,#678,#688,.T.);
#686 = VERTEX_POINT('',#687);
#687 = CARTESIAN_POINT('',(68.3,2.7,28.));
#688 = CIRCLE('',#689,2.);
#689 = AXIS2_PLACEMENT_3D('',#690,#691,#692);
#690 = CARTESIAN_POINT('',(66.3,2.7,28.));
#691 = DIRECTION('',(-0.,-0.,-1.));
#692 = DIRECTION('',(0.,-1.,0.));
#693 = ORIENTED_EDGE('',*,*,#694,.T.);
#694 = EDGE_CURVE('',#686,#695,#697,.T.);
#695 = VERTEX_POINT('',#696);
#696 = CARTESIAN_POINT('',(68.3,47.3,28.));
#697 = LINE('',#698,#699);
#698 = CARTESIAN_POINT('',(68.3,0.7,28.));
#699 = VECTOR('',#700,1.);
#700 = DIRECTION('',(-0.,1.,0.));
#701 = ORIENTED_EDGE('',*,*,#702,.T.);
#702 = EDGE_CURVE('',#695,#703,#705,.T.);
#703 = VERTEX_POINT('',#704);
#704 = CARTESIAN_POINT('',(66.3,49.3,28.));
#705 = CIRCLE('',#706,2.);
#706 = AXIS2_PLACEMENT_3D('',#707,#708,#709);
#707 = CARTESIAN_POINT('',(66.3,47.3,28.));
#708 = DIRECTION('',(0.,0.,1.));
#709 = DIRECTION('',(0.,-1.,0.));
#710 = ORIENTED_EDGE('',*,*,#711,.F.);
#711 = EDGE_CURVE('',#712,#703,#714,.T.);
#712 = VERTEX_POINT('',#713);
#713 = CARTESIAN_POINT('',(2.7,49.3,28.));
#714 = LINE('',#715,#716);
#715 = CARTESIAN_POINT('',(0.7,49.3,28.));
#716 = VECTOR('',#717,1.);
#717 = DIRECTION('',(1.,0.,-0.));
#718 = ORIENTED_EDGE('',*,*,#719,.F.);
#719 = EDGE_CURVE('',#720,#712,#722,.T.);
#720 = VERTEX_POINT('',#721);
#721 = CARTESIAN_POINT('',(0.7,47.3,28.));
#722 = CIRCLE('',#723,2.);
#723 = AXIS2_PLACEMENT_3D('',#724,#725,#726);
#724 = CARTESIAN_POINT('',(2.7,47.3,28.));
#725 = DIRECTION('',(-0.,-0.,-1.));
#726 = DIRECTION('',(0.,-1.,0.));
#727 = ORIENTED_EDGE('',*,*,#728,.F.);
#728 = EDGE_CURVE('',#729,#720,#731,.T.);
#729 = VERTEX_POINT('',#730);
#730 = CARTESIAN_POINT('',(0.7,42.,28.));
#731 = LINE('',#732,#733);
#732 = CARTESIAN_POINT('',(0.7,0.7,28.));
#733 = VECTOR('',#734,1.);
#734 = DIRECTION('',(-0.,1.,0.));
#735 = ORIENTED_EDGE('',*,*,#736,.T.);
#736 = EDGE_CURVE('',#729,#737,#739,.T.);
#737 = VERTEX_POINT('',#738);
#738 = CARTESIAN_POINT('',(2.3,42.,28.));
#739 = LINE('',#740,#741);
#740 = CARTESIAN_POINT('',(-1.,42.,28.));
#741 = VECTOR('',#742,1.);
#742 = DIRECTION('',(1.,0.,-0.));
#743 = ORIENTED_EDGE('',*,*,#744,.T.);
#744 = EDGE_CURVE('',#737,#745,#747,.T.);
#745 = VERTEX_POINT('',#746);
#746 = CARTESIAN_POINT('',(2.3,47.7,28.));
#747 = LINE('',#748,#749);
#748 = CARTESIAN_POINT('',(2.3,1.5,28.));
#749 = VECTOR('',#750,1.);
#750 = DIRECTION('',(-0.,1.,0.));
#751 = ORIENTED_EDGE('',*,*,#752,.F.);
#752 = EDGE_CURVE('',#753,#745,#755,.T.);
#753 = VERTEX_POINT('',#754);
#754 = CARTESIAN_POINT('',(66.7,47.7,28.));
#755 = LINE('',#756,#757);
#756 = CARTESIAN_POINT('',(1.5,47.7,28.));
#757 = VECTOR('',#758,1.);
#758 = DIRECTION('',(-1.,-0.,0.));
#759 = ORIENTED_EDGE('',*,*,#760,.F.);
#760 = EDGE_CURVE('',#761,#753,#763,.T.);
#761 = VERTEX_POINT('',#762);
#762 = CARTESIAN_POINT('',(66.7,2.3,28.));
#763 = LINE('',#764,#765);
#764 = CARTESIAN_POINT('',(66.7,1.5,28.));
#765 = VECTOR('',#766,1.);
#766 = DIRECTION('',(-0.,1.,0.));
#767 = ORIENTED_EDGE('',*,*,#768,.T.);
#768 = EDGE_CURVE('',#761,#769,#771,.T.);
#769 = VERTEX_POINT('',#770);
#770 = CARTESIAN_POINT('',(2.3,2.3,28.));
#771 = LINE('',#772,#773);
#772 = CARTESIAN_POINT('',(1.5,2.3,28.));
#773 = VECTOR('',#774,1.);
#774 = DIRECTION('',(-1.,-0.,0.));
#775 = ORIENTED_EDGE('',*,*,#776,.T.);
#776 = EDGE_CURVE('',#769,#777,#779,.T.);
#777 = VERTEX_POINT('',#778);
#778 = CARTESIAN_POINT('',(2.3,38.,28.));
#779 = LINE('',#780,#781);
#780 = CARTESIAN_POINT('',(2.3,1.5,28.));
#781 = VECTOR('',#782,1.);
#782 = DIRECTION('',(-0.,1.,0.));
#783 = ORIENTED_EDGE('',*,*,#784,.F.);
#784 = EDGE_CURVE('',#661,#777,#785,.T.);
#785 = LINE('',#786,#787);
#786 = CARTESIAN_POINT('',(-1.,38.,28.));
#787 = VECTOR('',#788,1.);
#788 = DIRECTION('',(1.,0.,-0.));
#789 = FACE_BOUND('',#790,.T.);
#790 = EDGE_LOOP('',(#791));
#791 = ORIENTED_EDGE('',*,*,#792,.F.);
#792 = EDGE_CURVE('',#793,#793,#795,.T.);
#793 = VERTEX_POINT('',#794);
#794 = CARTESIAN_POINT('',(-7.4,54.5,28.));
#795 = CIRCLE('',#796,2.9);
#796 = AXIS2_PLACEMENT_3D('',#797,#798,#799);
#797 = CARTESIAN_POINT('',(-4.5,54.5,28.));
#798 = DIRECTION('',(-0.,0.,-1.));
#799 = DIRECTION('',(-1.,0.,0.));
#800 = PLANE('',#801);
#801 = AXIS2_PLACEMENT_3D('',#802,#803,#804);
#802 = CARTESIAN_POINT('',(34.860423634355,25.,28.));
#803 = DIRECTION('',(-0.,-0.,-1.));
#804 = DIRECTION('',(-1.,0.,0.));
#805 = ADVANCED_FACE('',(#806),#817,.T.);
#806 = FACE_BOUND('',#807,.F.);
#807 = EDGE_LOOP('',(#808,#809,#810,#816));
#808 = ORIENTED_EDGE('',*,*,#47,.F.);
#809 = ORIENTED_EDGE('',*,*,#408,.T.);
#810 = ORIENTED_EDGE('',*,*,#811,.T.);
#811 = EDGE_CURVE('',#409,#274,#812,.T.);
#812 = LINE('',#813,#814);
#813 = CARTESIAN_POINT('',(-4.5,49.144552314226,28.));
#814 = VECTOR('',#815,1.);
#815 = DIRECTION('',(0.,0.,1.));
#816 = ORIENTED_EDGE('',*,*,#281,.F.);
#817 = CYLINDRICAL_SURFACE('',#818,6.6);
#818 = AXIS2_PLACEMENT_3D('',#819,#820,#821);
#819 = CARTESIAN_POINT('',(2.,48.,28.));
#820 = DIRECTION('',(0.,0.,1.));
#821 = DIRECTION('',(-1.,-0.,0.));
#822 = ADVANCED_FACE('',(#823),#834,.F.);
#823 = FACE_BOUND('',#824,.F.);
#824 = EDGE_LOOP('',(#825,#826,#827,#833));
#825 = ORIENTED_EDGE('',*,*,#811,.F.);
#826 = ORIENTED_EDGE('',*,*,#417,.T.);
#827 = ORIENTED_EDGE('',*,*,#828,.T.);
#828 = EDGE_CURVE('',#418,#265,#829,.T.);
#829 = LINE('',#830,#831);
#830 = CARTESIAN_POINT('',(-4.5,50.2,28.));
#831 = VECTOR('',#832,1.);
#832 = DIRECTION('',(0.,0.,1.));
#833 = ORIENTED_EDGE('',*,*,#273,.F.);
#834 = PLANE('',#835);
#835 = AXIS2_PLACEMENT_3D('',#836,#837,#838);
#836 = CARTESIAN_POINT('',(-4.5,49.,28.));
#837 = DIRECTION('',(1.,0.,-0.));
#838 = DIRECTION('',(0.,0.,1.));
#839 = ADVANCED_FACE('',(#840),#866,.T.);
#840 = FACE_BOUND('',#841,.T.);
#841 = EDGE_LOOP('',(#842,#848,#849,#850,#851,#858,#865));
#842 = ORIENTED_EDGE('',*,*,#843,.F.);
#843 = EDGE_CURVE('',#426,#257,#844,.T.);
#844 = LINE('',#845,#846);
#845 = CARTESIAN_POINT('',(-0.2,54.5,28.));
#846 = VECTOR('',#847,1.);
#847 = DIRECTION('',(0.,0.,1.));
#848 = ORIENTED_EDGE('',*,*,#425,.T.);
#849 = ORIENTED_EDGE('',*,*,#828,.T.);
#850 = ORIENTED_EDGE('',*,*,#264,.T.);
#851 = ORIENTED_EDGE('',*,*,#852,.T.);
#852 = EDGE_CURVE('',#257,#853,#855,.T.);
#853 = VERTEX_POINT('',#854);
#854 = CARTESIAN_POINT('',(-0.2,54.5,39.5));
#855 = B_SPLINE_CURVE_WITH_KNOTS('',1,(#856,#857),.UNSPECIFIED.,.F.,.F.,
  (2,2),(1.000000000001E-02,8.01),.PIECEWISE_BEZIER_KNOTS.);
#856 = CARTESIAN_POINT('',(-0.2,54.5,31.5));
#857 = CARTESIAN_POINT('',(-0.2,54.5,39.5));
#858 = ORIENTED_EDGE('',*,*,#859,.F.);
#859 = EDGE_CURVE('',#853,#853,#860,.T.);
#860 = CIRCLE('',#861,4.3);
#861 = AXIS2_PLACEMENT_3D('',#862,#863,#864);
#862 = CARTESIAN_POINT('',(-4.5,54.5,39.5));
#863 = DIRECTION('',(0.,0.,1.));
#864 = DIRECTION('',(1.,0.,-0.));
#865 = ORIENTED_EDGE('',*,*,#852,.F.);
#866 = CYLINDRICAL_SURFACE('',#867,4.3);
#867 = AXIS2_PLACEMENT_3D('',#868,#869,#870);
#868 = CARTESIAN_POINT('',(-4.5,54.5,31.49));
#869 = DIRECTION('',(0.,0.,1.));
#870 = DIRECTION('',(1.,0.,-0.));
#871 = ADVANCED_FACE('',(#872),#883,.T.);
#872 = FACE_BOUND('',#873,.T.);
#873 = EDGE_LOOP('',(#874,#875,#876,#877));
#874 = ORIENTED_EDGE('',*,*,#434,.F.);
#875 = ORIENTED_EDGE('',*,*,#843,.T.);
#876 = ORIENTED_EDGE('',*,*,#256,.T.);
#877 = ORIENTED_EDGE('',*,*,#878,.F.);
#878 = EDGE_CURVE('',#435,#248,#879,.T.);
#879 = LINE('',#880,#881);
#880 = CARTESIAN_POINT('',(0.855447685774,54.5,28.));
#881 = VECTOR('',#882,1.);
#882 = DIRECTION('',(0.,0.,1.));
#883 = PLANE('',#884);
#884 = AXIS2_PLACEMENT_3D('',#885,#886,#887);
#885 = CARTESIAN_POINT('',(-4.5,54.5,28.));
#886 = DIRECTION('',(-0.,1.,0.));
#887 = DIRECTION('',(0.,0.,1.));
#888 = ADVANCED_FACE('',(#889),#900,.T.);
#889 = FACE_BOUND('',#890,.F.);
#890 = EDGE_LOOP('',(#891,#892,#893,#899));
#891 = ORIENTED_EDGE('',*,*,#878,.F.);
#892 = ORIENTED_EDGE('',*,*,#442,.T.);
#893 = ORIENTED_EDGE('',*,*,#894,.T.);
#894 = EDGE_CURVE('',#443,#240,#895,.T.);
#895 = LINE('',#896,#897);
#896 = CARTESIAN_POINT('',(2.,54.6,28.));
#897 = VECTOR('',#898,1.);
#898 = DIRECTION('',(0.,0.,1.));
#899 = ORIENTED_EDGE('',*,*,#247,.F.);
#900 = CYLINDRICAL_SURFACE('',#901,6.6);
#901 = AXIS2_PLACEMENT_3D('',#902,#903,#904);
#902 = CARTESIAN_POINT('',(2.,48.,28.));
#903 = DIRECTION('',(0.,0.,1.));
#904 = DIRECTION('',(-1.,-0.,0.));
#905 = ADVANCED_FACE('',(#906),#918,.T.);
#906 = FACE_BOUND('',#907,.T.);
#907 = EDGE_LOOP('',(#908,#909,#910,#911,#912));
#908 = ORIENTED_EDGE('',*,*,#451,.F.);
#909 = ORIENTED_EDGE('',*,*,#894,.T.);
#910 = ORIENTED_EDGE('',*,*,#239,.T.);
#911 = ORIENTED_EDGE('',*,*,#231,.T.);
#912 = ORIENTED_EDGE('',*,*,#913,.F.);
#913 = EDGE_CURVE('',#452,#223,#914,.T.);
#914 = LINE('',#915,#916);
#915 = CARTESIAN_POINT('',(67.,54.6,28.));
#916 = VECTOR('',#917,1.);
#917 = DIRECTION('',(0.,0.,1.));
#918 = PLANE('',#919);
#919 = AXIS2_PLACEMENT_3D('',#920,#921,#922);
#920 = CARTESIAN_POINT('',(-4.6,54.6,28.));
#921 = DIRECTION('',(-0.,1.,0.));
#922 = DIRECTION('',(0.,0.,1.));
#923 = ADVANCED_FACE('',(#924),#935,.T.);
#924 = FACE_BOUND('',#925,.T.);
#925 = EDGE_LOOP('',(#926,#932,#933,#934));
#926 = ORIENTED_EDGE('',*,*,#927,.F.);
#927 = EDGE_CURVE('',#460,#215,#928,.T.);
#928 = LINE('',#929,#930);
#929 = CARTESIAN_POINT('',(68.144552314226,54.5,28.));
#930 = VECTOR('',#931,1.);
#931 = DIRECTION('',(0.,0.,1.));
#932 = ORIENTED_EDGE('',*,*,#459,.T.);
#933 = ORIENTED_EDGE('',*,*,#913,.T.);
#934 = ORIENTED_EDGE('',*,*,#222,.F.);
#935 = CYLINDRICAL_SURFACE('',#936,6.6);
#936 = AXIS2_PLACEMENT_3D('',#937,#938,#939);
#937 = CARTESIAN_POINT('',(67.,48.,28.));
#938 = DIRECTION('',(0.,0.,1.));
#939 = DIRECTION('',(1.,0.,-0.));
#940 = ADVANCED_FACE('',(#941),#952,.T.);
#941 = FACE_BOUND('',#942,.T.);
#942 = EDGE_LOOP('',(#943,#944,#945,#946));
#943 = ORIENTED_EDGE('',*,*,#468,.F.);
#944 = ORIENTED_EDGE('',*,*,#927,.T.);
#945 = ORIENTED_EDGE('',*,*,#214,.T.);
#946 = ORIENTED_EDGE('',*,*,#947,.F.);
#947 = EDGE_CURVE('',#469,#206,#948,.T.);
#948 = LINE('',#949,#950);
#949 = CARTESIAN_POINT('',(69.2,54.5,28.));
#950 = VECTOR('',#951,1.);
#951 = DIRECTION('',(0.,0.,1.));
#952 = PLANE('',#953);
#953 = AXIS2_PLACEMENT_3D('',#954,#955,#956);
#954 = CARTESIAN_POINT('',(68.,54.5,28.));
#955 = DIRECTION('',(-0.,1.,0.));
#956 = DIRECTION('',(0.,0.,1.));
#957 = ADVANCED_FACE('',(#958),#985,.T.);
#958 = FACE_BOUND('',#959,.T.);
#959 = EDGE_LOOP('',(#960,#966,#967,#974,#981,#982,#983,#984));
#960 = ORIENTED_EDGE('',*,*,#961,.F.);
#961 = EDGE_CURVE('',#486,#198,#962,.T.);
#962 = LINE('',#963,#964);
#963 = CARTESIAN_POINT('',(73.5,50.2,28.));
#964 = VECTOR('',#965,1.);
#965 = DIRECTION('',(0.,0.,1.));
#966 = ORIENTED_EDGE('',*,*,#485,.T.);
#967 = ORIENTED_EDGE('',*,*,#968,.T.);
#968 = EDGE_CURVE('',#477,#969,#971,.T.);
#969 = VERTEX_POINT('',#970);
#970 = CARTESIAN_POINT('',(77.8,54.5,39.5));
#971 = B_SPLINE_CURVE_WITH_KNOTS('',1,(#972,#973),.UNSPECIFIED.,.F.,.F.,
  (2,2),(-3.49,8.01),.PIECEWISE_BEZIER_KNOTS.);
#972 = CARTESIAN_POINT('',(77.8,54.5,28.));
#973 = CARTESIAN_POINT('',(77.8,54.5,39.5));
#974 = ORIENTED_EDGE('',*,*,#975,.F.);
#975 = EDGE_CURVE('',#969,#969,#976,.T.);
#976 = CIRCLE('',#977,4.3);
#977 = AXIS2_PLACEMENT_3D('',#978,#979,#980);
#978 = CARTESIAN_POINT('',(73.5,54.5,39.5));
#979 = DIRECTION('',(0.,0.,1.));
#980 = DIRECTION('',(1.,0.,-0.));
#981 = ORIENTED_EDGE('',*,*,#968,.F.);
#982 = ORIENTED_EDGE('',*,*,#476,.T.);
#983 = ORIENTED_EDGE('',*,*,#947,.T.);
#984 = ORIENTED_EDGE('',*,*,#205,.T.);
#985 = CYLINDRICAL_SURFACE('',#986,4.3);
#986 = AXIS2_PLACEMENT_3D('',#987,#988,#989);
#987 = CARTESIAN_POINT('',(73.5,54.5,31.49));
#988 = DIRECTION('',(0.,0.,1.));
#989 = DIRECTION('',(1.,0.,-0.));
#990 = ADVANCED_FACE('',(#991),#1002,.T.);
#991 = FACE_BOUND('',#992,.T.);
#992 = EDGE_LOOP('',(#993,#999,#1000,#1001));
#993 = ORIENTED_EDGE('',*,*,#994,.F.);
#994 = EDGE_CURVE('',#495,#189,#995,.T.);
#995 = LINE('',#996,#997);
#996 = CARTESIAN_POINT('',(73.5,49.144552314226,28.));
#997 = VECTOR('',#998,1.);
#998 = DIRECTION('',(0.,0.,1.));
#999 = ORIENTED_EDGE('',*,*,#494,.T.);
#1000 = ORIENTED_EDGE('',*,*,#961,.T.);
#1001 = ORIENTED_EDGE('',*,*,#197,.F.);
#1002 = PLANE('',#1003);
#1003 = AXIS2_PLACEMENT_3D('',#1004,#1005,#1006);
#1004 = CARTESIAN_POINT('',(73.5,49.,28.));
#1005 = DIRECTION('',(1.,0.,-0.));
#1006 = DIRECTION('',(0.,0.,1.));
#1007 = ADVANCED_FACE('',(#1008),#1019,.T.);
#1008 = FACE_BOUND('',#1009,.T.);
#1009 = EDGE_LOOP('',(#1010,#1016,#1017,#1018));
#1010 = ORIENTED_EDGE('',*,*,#1011,.F.);
#1011 = EDGE_CURVE('',#503,#181,#1012,.T.);
#1012 = LINE('',#1013,#1014);
#1013 = CARTESIAN_POINT('',(73.6,48.,28.));
#1014 = VECTOR('',#1015,1.);
#1015 = DIRECTION('',(0.,0.,1.));
#1016 = ORIENTED_EDGE('',*,*,#502,.T.);
#1017 = ORIENTED_EDGE('',*,*,#994,.T.);
#1018 = ORIENTED_EDGE('',*,*,#188,.F.);
#1019 = CYLINDRICAL_SURFACE('',#1020,6.6);
#1020 = AXIS2_PLACEMENT_3D('',#1021,#1022,#1023);
#1021 = CARTESIAN_POINT('',(67.,48.,28.));
#1022 = DIRECTION('',(0.,0.,1.));
#1023 = DIRECTION('',(1.,0.,-0.));
#1024 = ADVANCED_FACE('',(#1025),#1037,.T.);
#1025 = FACE_BOUND('',#1026,.T.);
#1026 = EDGE_LOOP('',(#1027,#1028,#1034,#1035,#1036));
#1027 = ORIENTED_EDGE('',*,*,#172,.F.);
#1028 = ORIENTED_EDGE('',*,*,#1029,.F.);
#1029 = EDGE_CURVE('',#512,#164,#1030,.T.);
#1030 = LINE('',#1031,#1032);
#1031 = CARTESIAN_POINT('',(73.6,2.,28.));
#1032 = VECTOR('',#1033,1.);
#1033 = DIRECTION('',(0.,0.,1.));
#1034 = ORIENTED_EDGE('',*,*,#511,.T.);
#1035 = ORIENTED_EDGE('',*,*,#1011,.T.);
#1036 = ORIENTED_EDGE('',*,*,#180,.F.);
#1037 = PLANE('',#1038);
#1038 = AXIS2_PLACEMENT_3D('',#1039,#1040,#1041);
#1039 = CARTESIAN_POINT('',(73.6,-4.6,28.));
#1040 = DIRECTION('',(1.,0.,-0.));
#1041 = DIRECTION('',(0.,0.,1.));
#1042 = ADVANCED_FACE('',(#1043),#1054,.T.);
#1043 = FACE_BOUND('',#1044,.F.);
#1044 = EDGE_LOOP('',(#1045,#1046,#1047,#1053));
#1045 = ORIENTED_EDGE('',*,*,#1029,.F.);
#1046 = ORIENTED_EDGE('',*,*,#519,.T.);
#1047 = ORIENTED_EDGE('',*,*,#1048,.T.);
#1048 = EDGE_CURVE('',#520,#156,#1049,.T.);
#1049 = LINE('',#1050,#1051);
#1050 = CARTESIAN_POINT('',(73.5,0.855447685774,28.));
#1051 = VECTOR('',#1052,1.);
#1052 = DIRECTION('',(0.,0.,1.));
#1053 = ORIENTED_EDGE('',*,*,#163,.F.);
#1054 = CYLINDRICAL_SURFACE('',#1055,6.6);
#1055 = AXIS2_PLACEMENT_3D('',#1056,#1057,#1058);
#1056 = CARTESIAN_POINT('',(67.,2.,28.));
#1057 = DIRECTION('',(0.,0.,1.));
#1058 = DIRECTION('',(1.,0.,-0.));
#1059 = ADVANCED_FACE('',(#1060),#1071,.T.);
#1060 = FACE_BOUND('',#1061,.T.);
#1061 = EDGE_LOOP('',(#1062,#1068,#1069,#1070));
#1062 = ORIENTED_EDGE('',*,*,#1063,.F.);
#1063 = EDGE_CURVE('',#529,#147,#1064,.T.);
#1064 = LINE('',#1065,#1066);
#1065 = CARTESIAN_POINT('',(73.5,-0.2,28.));
#1066 = VECTOR('',#1067,1.);
#1067 = DIRECTION('',(0.,0.,1.));
#1068 = ORIENTED_EDGE('',*,*,#528,.T.);
#1069 = ORIENTED_EDGE('',*,*,#1048,.T.);
#1070 = ORIENTED_EDGE('',*,*,#155,.F.);
#1071 = PLANE('',#1072);
#1072 = AXIS2_PLACEMENT_3D('',#1073,#1074,#1075);
#1073 = CARTESIAN_POINT('',(73.5,-4.5,28.));
#1074 = DIRECTION('',(1.,0.,-0.));
#1075 = DIRECTION('',(0.,0.,1.));
#1076 = ADVANCED_FACE('',(#1077),#1104,.T.);
#1077 = FACE_BOUND('',#1078,.T.);
#1078 = EDGE_LOOP('',(#1079,#1085,#1086,#1093,#1100,#1101,#1102,#1103));
#1079 = ORIENTED_EDGE('',*,*,#1080,.F.);
#1080 = EDGE_CURVE('',#546,#139,#1081,.T.);
#1081 = LINE('',#1082,#1083);
#1082 = CARTESIAN_POINT('',(69.2,-4.5,28.));
#1083 = VECTOR('',#1084,1.);
#1084 = DIRECTION('',(0.,0.,1.));
#1085 = ORIENTED_EDGE('',*,*,#545,.T.);
#1086 = ORIENTED_EDGE('',*,*,#1087,.T.);
#1087 = EDGE_CURVE('',#537,#1088,#1090,.T.);
#1088 = VERTEX_POINT('',#1089);
#1089 = CARTESIAN_POINT('',(77.8,-4.5,39.5));
#1090 = B_SPLINE_CURVE_WITH_KNOTS('',1,(#1091,#1092),.UNSPECIFIED.,.F.,
  .F.,(2,2),(-3.49,8.01),.PIECEWISE_BEZIER_KNOTS.);
#1091 = CARTESIAN_POINT('',(77.8,-4.5,28.));
#1092 = CARTESIAN_POINT('',(77.8,-4.5,39.5));
#1093 = ORIENTED_EDGE('',*,*,#1094,.F.);
#1094 = EDGE_CURVE('',#1088,#1088,#1095,.T.);
#1095 = CIRCLE('',#1096,4.3);
#1096 = AXIS2_PLACEMENT_3D('',#1097,#1098,#1099);
#1097 = CARTESIAN_POINT('',(73.5,-4.5,39.5));
#1098 = DIRECTION('',(0.,0.,1.));
#1099 = DIRECTION('',(1.,0.,-0.));
#1100 = ORIENTED_EDGE('',*,*,#1087,.F.);
#1101 = ORIENTED_EDGE('',*,*,#536,.T.);
#1102 = ORIENTED_EDGE('',*,*,#1063,.T.);
#1103 = ORIENTED_EDGE('',*,*,#146,.T.);
#1104 = CYLINDRICAL_SURFACE('',#1105,4.3);
#1105 = AXIS2_PLACEMENT_3D('',#1106,#1107,#1108);
#1106 = CARTESIAN_POINT('',(73.5,-4.5,31.49));
#1107 = DIRECTION('',(0.,0.,1.));
#1108 = DIRECTION('',(1.,0.,-0.));
#1109 = ADVANCED_FACE('',(#1110),#1121,.F.);
#1110 = FACE_BOUND('',#1111,.F.);
#1111 = EDGE_LOOP('',(#1112,#1113,#1119,#1120));
#1112 = ORIENTED_EDGE('',*,*,#554,.F.);
#1113 = ORIENTED_EDGE('',*,*,#1114,.T.);
#1114 = EDGE_CURVE('',#555,#130,#1115,.T.);
#1115 = LINE('',#1116,#1117);
#1116 = CARTESIAN_POINT('',(68.144552314226,-4.5,28.));
#1117 = VECTOR('',#1118,1.);
#1118 = DIRECTION('',(0.,0.,1.));
#1119 = ORIENTED_EDGE('',*,*,#138,.T.);
#1120 = ORIENTED_EDGE('',*,*,#1080,.F.);
#1121 = PLANE('',#1122);
#1122 = AXIS2_PLACEMENT_3D('',#1123,#1124,#1125);
#1123 = CARTESIAN_POINT('',(68.,-4.5,28.));
#1124 = DIRECTION('',(-0.,1.,0.));
#1125 = DIRECTION('',(0.,0.,1.));
#1126 = ADVANCED_FACE('',(#1127),#1138,.T.);
#1127 = FACE_BOUND('',#1128,.F.);
#1128 = EDGE_LOOP('',(#1129,#1130,#1131,#1137));
#1129 = ORIENTED_EDGE('',*,*,#1114,.F.);
#1130 = ORIENTED_EDGE('',*,*,#562,.T.);
#1131 = ORIENTED_EDGE('',*,*,#1132,.T.);
#1132 = EDGE_CURVE('',#563,#122,#1133,.T.);
#1133 = LINE('',#1134,#1135);
#1134 = CARTESIAN_POINT('',(67.,-4.6,28.));
#1135 = VECTOR('',#1136,1.);
#1136 = DIRECTION('',(0.,0.,1.));
#1137 = ORIENTED_EDGE('',*,*,#129,.F.);
#1138 = CYLINDRICAL_SURFACE('',#1139,6.6);
#1139 = AXIS2_PLACEMENT_3D('',#1140,#1141,#1142);
#1140 = CARTESIAN_POINT('',(67.,2.,28.));
#1141 = DIRECTION('',(0.,0.,1.));
#1142 = DIRECTION('',(1.,0.,-0.));
#1143 = ADVANCED_FACE('',(#1144),#1156,.F.);
#1144 = FACE_BOUND('',#1145,.F.);
#1145 = EDGE_LOOP('',(#1146,#1147,#1153,#1154,#1155));
#1146 = ORIENTED_EDGE('',*,*,#571,.F.);
#1147 = ORIENTED_EDGE('',*,*,#1148,.T.);
#1148 = EDGE_CURVE('',#572,#105,#1149,.T.);
#1149 = LINE('',#1150,#1151);
#1150 = CARTESIAN_POINT('',(2.,-4.6,28.));
#1151 = VECTOR('',#1152,1.);
#1152 = DIRECTION('',(0.,0.,1.));
#1153 = ORIENTED_EDGE('',*,*,#113,.T.);
#1154 = ORIENTED_EDGE('',*,*,#121,.T.);
#1155 = ORIENTED_EDGE('',*,*,#1132,.F.);
#1156 = PLANE('',#1157);
#1157 = AXIS2_PLACEMENT_3D('',#1158,#1159,#1160);
#1158 = CARTESIAN_POINT('',(-4.6,-4.6,28.));
#1159 = DIRECTION('',(-0.,1.,0.));
#1160 = DIRECTION('',(0.,0.,1.));
#1161 = ADVANCED_FACE('',(#1162),#1173,.T.);
#1162 = FACE_BOUND('',#1163,.T.);
#1163 = EDGE_LOOP('',(#1164,#1170,#1171,#1172));
#1164 = ORIENTED_EDGE('',*,*,#1165,.F.);
#1165 = EDGE_CURVE('',#580,#97,#1166,.T.);
#1166 = LINE('',#1167,#1168);
#1167 = CARTESIAN_POINT('',(0.855447685774,-4.5,28.));
#1168 = VECTOR('',#1169,1.);
#1169 = DIRECTION('',(0.,0.,1.));
#1170 = ORIENTED_EDGE('',*,*,#579,.T.);
#1171 = ORIENTED_EDGE('',*,*,#1148,.T.);
#1172 = ORIENTED_EDGE('',*,*,#104,.F.);
#1173 = CYLINDRICAL_SURFACE('',#1174,6.6);
#1174 = AXIS2_PLACEMENT_3D('',#1175,#1176,#1177);
#1175 = CARTESIAN_POINT('',(2.,2.,28.));
#1176 = DIRECTION('',(0.,0.,1.));
#1177 = DIRECTION('',(-1.,-0.,0.));
#1178 = ADVANCED_FACE('',(#1179),#1190,.F.);
#1179 = FACE_BOUND('',#1180,.F.);
#1180 = EDGE_LOOP('',(#1181,#1182,#1188,#1189));
#1181 = ORIENTED_EDGE('',*,*,#588,.F.);
#1182 = ORIENTED_EDGE('',*,*,#1183,.T.);
#1183 = EDGE_CURVE('',#589,#88,#1184,.T.);
#1184 = LINE('',#1185,#1186);
#1185 = CARTESIAN_POINT('',(-0.2,-4.5,28.));
#1186 = VECTOR('',#1187,1.);
#1187 = DIRECTION('',(0.,0.,1.));
#1188 = ORIENTED_EDGE('',*,*,#96,.T.);
#1189 = ORIENTED_EDGE('',*,*,#1165,.F.);
#1190 = PLANE('',#1191);
#1191 = AXIS2_PLACEMENT_3D('',#1192,#1193,#1194);
#1192 = CARTESIAN_POINT('',(-4.5,-4.5,28.));
#1193 = DIRECTION('',(-0.,1.,0.));
#1194 = DIRECTION('',(0.,0.,1.));
#1195 = ADVANCED_FACE('',(#1196),#1222,.T.);
#1196 = FACE_BOUND('',#1197,.T.);
#1197 = EDGE_LOOP('',(#1198,#1199,#1200,#1207,#1214,#1215,#1216));
#1198 = ORIENTED_EDGE('',*,*,#596,.T.);
#1199 = ORIENTED_EDGE('',*,*,#1183,.T.);
#1200 = ORIENTED_EDGE('',*,*,#1201,.T.);
#1201 = EDGE_CURVE('',#88,#1202,#1204,.T.);
#1202 = VERTEX_POINT('',#1203);
#1203 = CARTESIAN_POINT('',(-0.2,-4.5,39.5));
#1204 = B_SPLINE_CURVE_WITH_KNOTS('',1,(#1205,#1206),.UNSPECIFIED.,.F.,
  .F.,(2,2),(1.E-02,8.01),.PIECEWISE_BEZIER_KNOTS.);
#1205 = CARTESIAN_POINT('',(-0.2,-4.5,31.5));
#1206 = CARTESIAN_POINT('',(-0.2,-4.5,39.5));
#1207 = ORIENTED_EDGE('',*,*,#1208,.F.);
#1208 = EDGE_CURVE('',#1202,#1202,#1209,.T.);
#1209 = CIRCLE('',#1210,4.3);
#1210 = AXIS2_PLACEMENT_3D('',#1211,#1212,#1213);
#1211 = CARTESIAN_POINT('',(-4.5,-4.5,39.5));
#1212 = DIRECTION('',(0.,0.,1.));
#1213 = DIRECTION('',(1.,0.,-0.));
#1214 = ORIENTED_EDGE('',*,*,#1201,.F.);
#1215 = ORIENTED_EDGE('',*,*,#87,.T.);
#1216 = ORIENTED_EDGE('',*,*,#1217,.F.);
#1217 = EDGE_CURVE('',#597,#80,#1218,.T.);
#1218 = LINE('',#1219,#1220);
#1219 = CARTESIAN_POINT('',(-4.5,-0.2,28.));
#1220 = VECTOR('',#1221,1.);
#1221 = DIRECTION('',(0.,0.,1.));
#1222 = CYLINDRICAL_SURFACE('',#1223,4.3);
#1223 = AXIS2_PLACEMENT_3D('',#1224,#1225,#1226);
#1224 = CARTESIAN_POINT('',(-4.5,-4.5,31.49));
#1225 = DIRECTION('',(0.,0.,1.));
#1226 = DIRECTION('',(1.,0.,-0.));
#1227 = ADVANCED_FACE('',(#1228),#1234,.F.);
#1228 = FACE_BOUND('',#1229,.F.);
#1229 = EDGE_LOOP('',(#1230,#1231,#1232,#1233));
#1230 = ORIENTED_EDGE('',*,*,#1217,.F.);
#1231 = ORIENTED_EDGE('',*,*,#605,.T.);
#1232 = ORIENTED_EDGE('',*,*,#392,.T.);
#1233 = ORIENTED_EDGE('',*,*,#79,.F.);
#1234 = PLANE('',#1235);
#1235 = AXIS2_PLACEMENT_3D('',#1236,#1237,#1238);
#1236 = CARTESIAN_POINT('',(-4.5,-4.5,28.));
#1237 = DIRECTION('',(1.,0.,-0.));
#1238 = DIRECTION('',(0.,0.,1.));
#1239 = ADVANCED_FACE('',(#1240),#1260,.T.);
#1240 = FACE_BOUND('',#1241,.T.);
#1241 = EDGE_LOOP('',(#1242,#1250,#1257,#1258,#1259));
#1242 = ORIENTED_EDGE('',*,*,#1243,.T.);
#1243 = EDGE_CURVE('',#292,#1244,#1246,.T.);
#1244 = VERTEX_POINT('',#1245);
#1245 = CARTESIAN_POINT('',(3.4,25.,39.5));
#1246 = LINE('',#1247,#1248);
#1247 = CARTESIAN_POINT('',(3.4,25.,31.49));
#1248 = VECTOR('',#1249,1.);
#1249 = DIRECTION('',(0.,0.,1.));
#1250 = ORIENTED_EDGE('',*,*,#1251,.F.);
#1251 = EDGE_CURVE('',#1244,#1244,#1252,.T.);
#1252 = CIRCLE('',#1253,4.);
#1253 = AXIS2_PLACEMENT_3D('',#1254,#1255,#1256);
#1254 = CARTESIAN_POINT('',(-0.6,25.,39.5));
#1255 = DIRECTION('',(0.,0.,1.));
#1256 = DIRECTION('',(1.,0.,-0.));
#1257 = ORIENTED_EDGE('',*,*,#1243,.F.);
#1258 = ORIENTED_EDGE('',*,*,#300,.T.);
#1259 = ORIENTED_EDGE('',*,*,#291,.T.);
#1260 = CYLINDRICAL_SURFACE('',#1261,4.);
#1261 = AXIS2_PLACEMENT_3D('',#1262,#1263,#1264);
#1262 = CARTESIAN_POINT('',(-0.6,25.,31.49));
#1263 = DIRECTION('',(0.,0.,1.));
#1264 = DIRECTION('',(1.,0.,-0.));
#1265 = ADVANCED_FACE('',(#1266),#1286,.T.);
#1266 = FACE_BOUND('',#1267,.T.);
#1267 = EDGE_LOOP('',(#1268,#1276,#1283,#1284,#1285));
#1268 = ORIENTED_EDGE('',*,*,#1269,.T.);
#1269 = EDGE_CURVE('',#310,#1270,#1272,.T.);
#1270 = VERTEX_POINT('',#1271);
#1271 = CARTESIAN_POINT('',(38.5,-0.6,39.5));
#1272 = LINE('',#1273,#1274);
#1273 = CARTESIAN_POINT('',(38.5,-0.6,31.49));
#1274 = VECTOR('',#1275,1.);
#1275 = DIRECTION('',(0.,0.,1.));
#1276 = ORIENTED_EDGE('',*,*,#1277,.F.);
#1277 = EDGE_CURVE('',#1270,#1270,#1278,.T.);
#1278 = CIRCLE('',#1279,4.);
#1279 = AXIS2_PLACEMENT_3D('',#1280,#1281,#1282);
#1280 = CARTESIAN_POINT('',(34.5,-0.6,39.5));
#1281 = DIRECTION('',(0.,0.,1.));
#1282 = DIRECTION('',(1.,0.,-0.));
#1283 = ORIENTED_EDGE('',*,*,#1269,.F.);
#1284 = ORIENTED_EDGE('',*,*,#318,.T.);
#1285 = ORIENTED_EDGE('',*,*,#309,.T.);
#1286 = CYLINDRICAL_SURFACE('',#1287,4.);
#1287 = AXIS2_PLACEMENT_3D('',#1288,#1289,#1290);
#1288 = CARTESIAN_POINT('',(34.5,-0.6,31.49));
#1289 = DIRECTION('',(0.,0.,1.));
#1290 = DIRECTION('',(1.,0.,-0.));
#1291 = ADVANCED_FACE('',(#1292),#1311,.F.);
#1292 = FACE_BOUND('',#1293,.F.);
#1293 = EDGE_LOOP('',(#1294,#1295,#1303,#1310));
#1294 = ORIENTED_EDGE('',*,*,#327,.F.);
#1295 = ORIENTED_EDGE('',*,*,#1296,.F.);
#1296 = EDGE_CURVE('',#1297,#328,#1299,.T.);
#1297 = VERTEX_POINT('',#1298);
#1298 = CARTESIAN_POINT('',(50.,12.,30.3));
#1299 = LINE('',#1300,#1301);
#1300 = CARTESIAN_POINT('',(50.,12.,30.3));
#1301 = VECTOR('',#1302,1.);
#1302 = DIRECTION('',(0.,0.,1.));
#1303 = ORIENTED_EDGE('',*,*,#1304,.T.);
#1304 = EDGE_CURVE('',#1297,#1297,#1305,.T.);
#1305 = CIRCLE('',#1306,3.);
#1306 = AXIS2_PLACEMENT_3D('',#1307,#1308,#1309);
#1307 = CARTESIAN_POINT('',(47.,12.,30.3));
#1308 = DIRECTION('',(0.,0.,1.));
#1309 = DIRECTION('',(1.,0.,-0.));
#1310 = ORIENTED_EDGE('',*,*,#1296,.T.);
#1311 = CYLINDRICAL_SURFACE('',#1312,3.);
#1312 = AXIS2_PLACEMENT_3D('',#1313,#1314,#1315);
#1313 = CARTESIAN_POINT('',(47.,12.,30.3));
#1314 = DIRECTION('',(0.,0.,1.));
#1315 = DIRECTION('',(1.,0.,-0.));
#1316 = ADVANCED_FACE('',(#1317),#1336,.T.);
#1317 = FACE_BOUND('',#1318,.T.);
#1318 = EDGE_LOOP('',(#1319,#1327,#1334,#1335));
#1319 = ORIENTED_EDGE('',*,*,#1320,.T.);
#1320 = EDGE_CURVE('',#339,#1321,#1323,.T.);
#1321 = VERTEX_POINT('',#1322);
#1322 = CARTESIAN_POINT('',(38.5,25.,39.5));
#1323 = LINE('',#1324,#1325);
#1324 = CARTESIAN_POINT('',(38.5,25.,31.49));
#1325 = VECTOR('',#1326,1.);
#1326 = DIRECTION('',(0.,0.,1.));
#1327 = ORIENTED_EDGE('',*,*,#1328,.F.);
#1328 = EDGE_CURVE('',#1321,#1321,#1329,.T.);
#1329 = CIRCLE('',#1330,4.);
#1330 = AXIS2_PLACEMENT_3D('',#1331,#1332,#1333);
#1331 = CARTESIAN_POINT('',(34.5,25.,39.5));
#1332 = DIRECTION('',(0.,0.,1.));
#1333 = DIRECTION('',(1.,0.,-0.));
#1334 = ORIENTED_EDGE('',*,*,#1320,.F.);
#1335 = ORIENTED_EDGE('',*,*,#338,.T.);
#1336 = CYLINDRICAL_SURFACE('',#1337,4.);
#1337 = AXIS2_PLACEMENT_3D('',#1338,#1339,#1340);
#1338 = CARTESIAN_POINT('',(34.5,25.,31.49));
#1339 = DIRECTION('',(0.,0.,1.));
#1340 = DIRECTION('',(1.,0.,-0.));
#1341 = ADVANCED_FACE('',(#1342),#1361,.T.);
#1342 = FACE_BOUND('',#1343,.T.);
#1343 = EDGE_LOOP('',(#1344,#1352,#1359,#1360));
#1344 = ORIENTED_EDGE('',*,*,#1345,.T.);
#1345 = EDGE_CURVE('',#173,#1346,#1348,.T.);
#1346 = VERTEX_POINT('',#1347);
#1347 = CARTESIAN_POINT('',(73.6,25.,39.5));
#1348 = LINE('',#1349,#1350);
#1349 = CARTESIAN_POINT('',(73.6,25.,31.49));
#1350 = VECTOR('',#1351,1.);
#1351 = DIRECTION('',(0.,0.,1.));
#1352 = ORIENTED_EDGE('',*,*,#1353,.F.);
#1353 = EDGE_CURVE('',#1346,#1346,#1354,.T.);
#1354 = CIRCLE('',#1355,4.);
#1355 = AXIS2_PLACEMENT_3D('',#1356,#1357,#1358);
#1356 = CARTESIAN_POINT('',(69.6,25.,39.5));
#1357 = DIRECTION('',(0.,0.,1.));
#1358 = DIRECTION('',(1.,0.,-0.));
#1359 = ORIENTED_EDGE('',*,*,#1345,.F.);
#1360 = ORIENTED_EDGE('',*,*,#349,.T.);
#1361 = CYLINDRICAL_SURFACE('',#1362,4.);
#1362 = AXIS2_PLACEMENT_3D('',#1363,#1364,#1365);
#1363 = CARTESIAN_POINT('',(69.6,25.,31.49));
#1364 = DIRECTION('',(0.,0.,1.));
#1365 = DIRECTION('',(1.,0.,-0.));
#1366 = ADVANCED_FACE('',(#1367),#1387,.T.);
#1367 = FACE_BOUND('',#1368,.T.);
#1368 = EDGE_LOOP('',(#1369,#1377,#1384,#1385,#1386));
#1369 = ORIENTED_EDGE('',*,*,#1370,.T.);
#1370 = EDGE_CURVE('',#359,#1371,#1373,.T.);
#1371 = VERTEX_POINT('',#1372);
#1372 = CARTESIAN_POINT('',(38.5,50.6,39.5));
#1373 = LINE('',#1374,#1375);
#1374 = CARTESIAN_POINT('',(38.5,50.6,31.49));
#1375 = VECTOR('',#1376,1.);
#1376 = DIRECTION('',(0.,0.,1.));
#1377 = ORIENTED_EDGE('',*,*,#1378,.F.);
#1378 = EDGE_CURVE('',#1371,#1371,#1379,.T.);
#1379 = CIRCLE('',#1380,4.);
#1380 = AXIS2_PLACEMENT_3D('',#1381,#1382,#1383);
#1381 = CARTESIAN_POINT('',(34.5,50.6,39.5));
#1382 = DIRECTION('',(0.,0.,1.));
#1383 = DIRECTION('',(1.,0.,-0.));
#1384 = ORIENTED_EDGE('',*,*,#1370,.F.);
#1385 = ORIENTED_EDGE('',*,*,#367,.T.);
#1386 = ORIENTED_EDGE('',*,*,#358,.T.);
#1387 = CYLINDRICAL_SURFACE('',#1388,4.);
#1388 = AXIS2_PLACEMENT_3D('',#1389,#1390,#1391);
#1389 = CARTESIAN_POINT('',(34.5,50.6,31.49));
#1390 = DIRECTION('',(0.,0.,1.));
#1391 = DIRECTION('',(1.,0.,-0.));
#1392 = ADVANCED_FACE('',(#1393),#1421,.F.);
#1393 = FACE_BOUND('',#1394,.F.);
#1394 = EDGE_LOOP('',(#1395,#1403,#1404,#1405,#1414));
#1395 = ORIENTED_EDGE('',*,*,#1396,.T.);
#1396 = EDGE_CURVE('',#1397,#615,#1399,.T.);
#1397 = VERTEX_POINT('',#1398);
#1398 = CARTESIAN_POINT('',(71.1,-4.5,28.5));
#1399 = LINE('',#1400,#1401);
#1400 = CARTESIAN_POINT('',(71.1,-4.5,28.5));
#1401 = VECTOR('',#1402,1.);
#1402 = DIRECTION('',(-0.707106781187,-1.731912112471E-16,
    -0.707106781187));
#1403 = ORIENTED_EDGE('',*,*,#614,.F.);
#1404 = ORIENTED_EDGE('',*,*,#1396,.F.);
#1405 = ORIENTED_EDGE('',*,*,#1406,.T.);
#1406 = EDGE_CURVE('',#1397,#1407,#1409,.T.);
#1407 = VERTEX_POINT('',#1408);
#1408 = CARTESIAN_POINT('',(75.9,-4.5,28.5));
#1409 = CIRCLE('',#1410,2.4);
#1410 = AXIS2_PLACEMENT_3D('',#1411,#1412,#1413);
#1411 = CARTESIAN_POINT('',(73.5,-4.5,28.5));
#1412 = DIRECTION('',(-0.,0.,-1.));
#1413 = DIRECTION('',(-1.,0.,0.));
#1414 = ORIENTED_EDGE('',*,*,#1415,.T.);
#1415 = EDGE_CURVE('',#1407,#1397,#1416,.T.);
#1416 = CIRCLE('',#1417,2.4);
#1417 = AXIS2_PLACEMENT_3D('',#1418,#1419,#1420);
#1418 = CARTESIAN_POINT('',(73.5,-4.5,28.5));
#1419 = DIRECTION('',(-0.,0.,-1.));
#1420 = DIRECTION('',(-1.,0.,0.));
#1421 = CONICAL_SURFACE('',#1422,2.4,0.785398163397);
#1422 = AXIS2_PLACEMENT_3D('',#1423,#1424,#1425);
#1423 = CARTESIAN_POINT('',(73.5,-4.5,28.5));
#1424 = DIRECTION('',(-0.,-0.,-1.));
#1425 = DIRECTION('',(-1.,0.,0.));
#1426 = ADVANCED_FACE('',(#1427),#1446,.T.);
#1427 = FACE_BOUND('',#1428,.T.);
#1428 = EDGE_LOOP('',(#1429,#1430,#1438,#1445));
#1429 = ORIENTED_EDGE('',*,*,#625,.F.);
#1430 = ORIENTED_EDGE('',*,*,#1431,.F.);
#1431 = EDGE_CURVE('',#1432,#626,#1434,.T.);
#1432 = VERTEX_POINT('',#1433);
#1433 = CARTESIAN_POINT('',(50.5,12.,23.));
#1434 = LINE('',#1435,#1436);
#1435 = CARTESIAN_POINT('',(50.5,12.,23.));
#1436 = VECTOR('',#1437,1.);
#1437 = DIRECTION('',(0.,0.,1.));
#1438 = ORIENTED_EDGE('',*,*,#1439,.T.);
#1439 = EDGE_CURVE('',#1432,#1432,#1440,.T.);
#1440 = CIRCLE('',#1441,3.5);
#1441 = AXIS2_PLACEMENT_3D('',#1442,#1443,#1444);
#1442 = CARTESIAN_POINT('',(47.,12.,23.));
#1443 = DIRECTION('',(0.,0.,1.));
#1444 = DIRECTION('',(1.,0.,-0.));
#1445 = ORIENTED_EDGE('',*,*,#1431,.T.);
#1446 = CYLINDRICAL_SURFACE('',#1447,3.5);
#1447 = AXIS2_PLACEMENT_3D('',#1448,#1449,#1450);
#1448 = CARTESIAN_POINT('',(47.,12.,23.));
#1449 = DIRECTION('',(0.,0.,1.));
#1450 = DIRECTION('',(1.,0.,-0.));
#1451 = ADVANCED_FACE('',(#1452),#1480,.F.);
#1452 = FACE_BOUND('',#1453,.F.);
#1453 = EDGE_LOOP('',(#1454,#1462,#1463,#1464,#1473));
#1454 = ORIENTED_EDGE('',*,*,#1455,.T.);
#1455 = EDGE_CURVE('',#1456,#637,#1458,.T.);
#1456 = VERTEX_POINT('',#1457);
#1457 = CARTESIAN_POINT('',(-6.9,-4.5,28.5));
#1458 = LINE('',#1459,#1460);
#1459 = CARTESIAN_POINT('',(-6.9,-4.5,28.5));
#1460 = VECTOR('',#1461,1.);
#1461 = DIRECTION('',(-0.707106781187,-1.731912112471E-16,
    -0.707106781187));
#1462 = ORIENTED_EDGE('',*,*,#636,.F.);
#1463 = ORIENTED_EDGE('',*,*,#1455,.F.);
#1464 = ORIENTED_EDGE('',*,*,#1465,.T.);
#1465 = EDGE_CURVE('',#1456,#1466,#1468,.T.);
#1466 = VERTEX_POINT('',#1467);
#1467 = CARTESIAN_POINT('',(-2.1,-4.5,28.5));
#1468 = CIRCLE('',#1469,2.4);
#1469 = AXIS2_PLACEMENT_3D('',#1470,#1471,#1472);
#1470 = CARTESIAN_POINT('',(-4.5,-4.5,28.5));
#1471 = DIRECTION('',(-0.,0.,-1.));
#1472 = DIRECTION('',(-1.,0.,0.));
#1473 = ORIENTED_EDGE('',*,*,#1474,.T.);
#1474 = EDGE_CURVE('',#1466,#1456,#1475,.T.);
#1475 = CIRCLE('',#1476,2.4);
#1476 = AXIS2_PLACEMENT_3D('',#1477,#1478,#1479);
#1477 = CARTESIAN_POINT('',(-4.5,-4.5,28.5));
#1478 = DIRECTION('',(-0.,0.,-1.));
#1479 = DIRECTION('',(-1.,0.,0.));
#1480 = CONICAL_SURFACE('',#1481,2.4,0.785398163397);
#1481 = AXIS2_PLACEMENT_3D('',#1482,#1483,#1484);
#1482 = CARTESIAN_POINT('',(-4.5,-4.5,28.5));
#1483 = DIRECTION('',(-0.,-0.,-1.));
#1484 = DIRECTION('',(-1.,0.,0.));
#1485 = ADVANCED_FACE('',(#1486),#1514,.F.);
#1486 = FACE_BOUND('',#1487,.F.);
#1487 = EDGE_LOOP('',(#1488,#1496,#1497,#1498,#1507));
#1488 = ORIENTED_EDGE('',*,*,#1489,.T.);
#1489 = EDGE_CURVE('',#1490,#648,#1492,.T.);
#1490 = VERTEX_POINT('',#1491);
#1491 = CARTESIAN_POINT('',(71.1,54.5,28.5));
#1492 = LINE('',#1493,#1494);
#1493 = CARTESIAN_POINT('',(71.1,54.5,28.5));
#1494 = VECTOR('',#1495,1.);
#1495 = DIRECTION('',(-0.707106781187,-1.731912112471E-16,
    -0.707106781187));
#1496 = ORIENTED_EDGE('',*,*,#647,.F.);
#1497 = ORIENTED_EDGE('',*,*,#1489,.F.);
#1498 = ORIENTED_EDGE('',*,*,#1499,.T.);
#1499 = EDGE_CURVE('',#1490,#1500,#1502,.T.);
#1500 = VERTEX_POINT('',#1501);
#1501 = CARTESIAN_POINT('',(75.9,54.5,28.5));
#1502 = CIRCLE('',#1503,2.4);
#1503 = AXIS2_PLACEMENT_3D('',#1504,#1505,#1506);
#1504 = CARTESIAN_POINT('',(73.5,54.5,28.5));
#1505 = DIRECTION('',(-0.,0.,-1.));
#1506 = DIRECTION('',(-1.,0.,0.));
#1507 = ORIENTED_EDGE('',*,*,#1508,.T.);
#1508 = EDGE_CURVE('',#1500,#1490,#1509,.T.);
#1509 = CIRCLE('',#1510,2.4);
#1510 = AXIS2_PLACEMENT_3D('',#1511,#1512,#1513);
#1511 = CARTESIAN_POINT('',(73.5,54.5,28.5));
#1512 = DIRECTION('',(-0.,0.,-1.));
#1513 = DIRECTION('',(-1.,0.,0.));
#1514 = CONICAL_SURFACE('',#1515,2.4,0.785398163397);
#1515 = AXIS2_PLACEMENT_3D('',#1516,#1517,#1518);
#1516 = CARTESIAN_POINT('',(73.5,54.5,28.5));
#1517 = DIRECTION('',(-0.,-0.,-1.));
#1518 = DIRECTION('',(-1.,0.,0.));
#1519 = ADVANCED_FACE('',(#1520),#1545,.F.);
#1520 = FACE_BOUND('',#1521,.F.);
#1521 = EDGE_LOOP('',(#1522,#1530,#1538,#1544));
#1522 = ORIENTED_EDGE('',*,*,#1523,.F.);
#1523 = EDGE_CURVE('',#1524,#659,#1526,.T.);
#1524 = VERTEX_POINT('',#1525);
#1525 = CARTESIAN_POINT('',(0.7,2.7,26.5));
#1526 = LINE('',#1527,#1528);
#1527 = CARTESIAN_POINT('',(0.7,2.7,26.));
#1528 = VECTOR('',#1529,1.);
#1529 = DIRECTION('',(0.,0.,1.));
#1530 = ORIENTED_EDGE('',*,*,#1531,.T.);
#1531 = EDGE_CURVE('',#1524,#1532,#1534,.T.);
#1532 = VERTEX_POINT('',#1533);
#1533 = CARTESIAN_POINT('',(0.7,38.,26.5));
#1534 = LINE('',#1535,#1536);
#1535 = CARTESIAN_POINT('',(0.7,2.7,26.5));
#1536 = VECTOR('',#1537,1.);
#1537 = DIRECTION('',(-0.,1.,0.));
#1538 = ORIENTED_EDGE('',*,*,#1539,.T.);
#1539 = EDGE_CURVE('',#1532,#661,#1540,.T.);
#1540 = LINE('',#1541,#1542);
#1541 = CARTESIAN_POINT('',(0.7,38.,25.5));
#1542 = VECTOR('',#1543,1.);
#1543 = DIRECTION('',(0.,0.,1.));
#1544 = ORIENTED_EDGE('',*,*,#658,.F.);
#1545 = PLANE('',#1546);
#1546 = AXIS2_PLACEMENT_3D('',#1547,#1548,#1549);
#1547 = CARTESIAN_POINT('',(0.7,0.7,26.));
#1548 = DIRECTION('',(1.,0.,-0.));
#1549 = DIRECTION('',(0.,0.,1.));
#1550 = ADVANCED_FACE('',(#1551),#1570,.T.);
#1551 = FACE_BOUND('',#1552,.T.);
#1552 = EDGE_LOOP('',(#1553,#1554,#1563,#1569));
#1553 = ORIENTED_EDGE('',*,*,#1523,.F.);
#1554 = ORIENTED_EDGE('',*,*,#1555,.F.);
#1555 = EDGE_CURVE('',#1556,#1524,#1558,.T.);
#1556 = VERTEX_POINT('',#1557);
#1557 = CARTESIAN_POINT('',(2.7,0.7,26.5));
#1558 = CIRCLE('',#1559,2.);
#1559 = AXIS2_PLACEMENT_3D('',#1560,#1561,#1562);
#1560 = CARTESIAN_POINT('',(2.7,2.7,26.5));
#1561 = DIRECTION('',(-0.,0.,-1.));
#1562 = DIRECTION('',(-2.22044604925E-16,-1.,0.));
#1563 = ORIENTED_EDGE('',*,*,#1564,.T.);
#1564 = EDGE_CURVE('',#1556,#669,#1565,.T.);
#1565 = LINE('',#1566,#1567);
#1566 = CARTESIAN_POINT('',(2.7,0.7,26.));
#1567 = VECTOR('',#1568,1.);
#1568 = DIRECTION('',(0.,0.,1.));
#1569 = ORIENTED_EDGE('',*,*,#668,.F.);
#1570 = CYLINDRICAL_SURFACE('',#1571,2.);
#1571 = AXIS2_PLACEMENT_3D('',#1572,#1573,#1574);
#1572 = CARTESIAN_POINT('',(2.7,2.7,26.));
#1573 = DIRECTION('',(0.,0.,1.));
#1574 = DIRECTION('',(-1.,-0.,0.));
#1575 = ADVANCED_FACE('',(#1576),#1602,.T.);
#1576 = FACE_BOUND('',#1577,.T.);
#1577 = EDGE_LOOP('',(#1578,#1579,#1587,#1595,#1601));
#1578 = ORIENTED_EDGE('',*,*,#784,.T.);
#1579 = ORIENTED_EDGE('',*,*,#1580,.F.);
#1580 = EDGE_CURVE('',#1581,#777,#1583,.T.);
#1581 = VERTEX_POINT('',#1582);
#1582 = CARTESIAN_POINT('',(2.3,38.,26.));
#1583 = LINE('',#1584,#1585);
#1584 = CARTESIAN_POINT('',(2.3,38.,25.));
#1585 = VECTOR('',#1586,1.);
#1586 = DIRECTION('',(0.,0.,1.));
#1587 = ORIENTED_EDGE('',*,*,#1588,.T.);
#1588 = EDGE_CURVE('',#1581,#1589,#1591,.T.);
#1589 = VERTEX_POINT('',#1590);
#1590 = CARTESIAN_POINT('',(1.2,38.,26.));
#1591 = LINE('',#1592,#1593);
#1592 = CARTESIAN_POINT('',(-0.15,38.,26.));
#1593 = VECTOR('',#1594,1.);
#1594 = DIRECTION('',(-1.,-0.,0.));
#1595 = ORIENTED_EDGE('',*,*,#1596,.F.);
#1596 = EDGE_CURVE('',#1532,#1589,#1597,.T.);
#1597 = LINE('',#1598,#1599);
#1598 = CARTESIAN_POINT('',(0.775,38.,26.425));
#1599 = VECTOR('',#1600,1.);
#1600 = DIRECTION('',(0.707106781187,0.,-0.707106781187));
#1601 = ORIENTED_EDGE('',*,*,#1539,.T.);
#1602 = PLANE('',#1603);
#1603 = AXIS2_PLACEMENT_3D('',#1604,#1605,#1606);
#1604 = CARTESIAN_POINT('',(-1.,38.,25.));
#1605 = DIRECTION('',(-0.,1.,0.));
#1606 = DIRECTION('',(0.,0.,1.));
#1607 = ADVANCED_FACE('',(#1608),#1626,.F.);
#1608 = FACE_BOUND('',#1609,.F.);
#1609 = EDGE_LOOP('',(#1610,#1611,#1612,#1620));
#1610 = ORIENTED_EDGE('',*,*,#1564,.T.);
#1611 = ORIENTED_EDGE('',*,*,#677,.T.);
#1612 = ORIENTED_EDGE('',*,*,#1613,.F.);
#1613 = EDGE_CURVE('',#1614,#678,#1616,.T.);
#1614 = VERTEX_POINT('',#1615);
#1615 = CARTESIAN_POINT('',(66.3,0.7,26.5));
#1616 = LINE('',#1617,#1618);
#1617 = CARTESIAN_POINT('',(66.3,0.7,26.));
#1618 = VECTOR('',#1619,1.);
#1619 = DIRECTION('',(0.,0.,1.));
#1620 = ORIENTED_EDGE('',*,*,#1621,.T.);
#1621 = EDGE_CURVE('',#1614,#1556,#1622,.T.);
#1622 = LINE('',#1623,#1624);
#1623 = CARTESIAN_POINT('',(66.3,0.7,26.5));
#1624 = VECTOR('',#1625,1.);
#1625 = DIRECTION('',(-1.,-0.,0.));
#1626 = PLANE('',#1627);
#1627 = AXIS2_PLACEMENT_3D('',#1628,#1629,#1630);
#1628 = CARTESIAN_POINT('',(0.7,0.7,26.));
#1629 = DIRECTION('',(-0.,1.,0.));
#1630 = DIRECTION('',(0.,0.,1.));
#1631 = ADVANCED_FACE('',(#1632),#1650,.T.);
#1632 = FACE_BOUND('',#1633,.T.);
#1633 = EDGE_LOOP('',(#1634,#1642,#1648,#1649));
#1634 = ORIENTED_EDGE('',*,*,#1635,.F.);
#1635 = EDGE_CURVE('',#1636,#769,#1638,.T.);
#1636 = VERTEX_POINT('',#1637);
#1637 = CARTESIAN_POINT('',(2.3,2.3,26.));
#1638 = LINE('',#1639,#1640);
#1639 = CARTESIAN_POINT('',(2.3,2.3,25.));
#1640 = VECTOR('',#1641,1.);
#1641 = DIRECTION('',(0.,0.,1.));
#1642 = ORIENTED_EDGE('',*,*,#1643,.T.);
#1643 = EDGE_CURVE('',#1636,#1581,#1644,.T.);
#1644 = LINE('',#1645,#1646);
#1645 = CARTESIAN_POINT('',(2.3,1.5,26.));
#1646 = VECTOR('',#1647,1.);
#1647 = DIRECTION('',(-0.,1.,0.));
#1648 = ORIENTED_EDGE('',*,*,#1580,.T.);
#1649 = ORIENTED_EDGE('',*,*,#776,.F.);
#1650 = PLANE('',#1651);
#1651 = AXIS2_PLACEMENT_3D('',#1652,#1653,#1654);
#1652 = CARTESIAN_POINT('',(2.3,2.3,25.));
#1653 = DIRECTION('',(1.,0.,-0.));
#1654 = DIRECTION('',(0.,0.,1.));
#1655 = ADVANCED_FACE('',(#1656),#1675,.T.);
#1656 = FACE_BOUND('',#1657,.F.);
#1657 = EDGE_LOOP('',(#1658,#1666,#1673,#1674));
#1658 = ORIENTED_EDGE('',*,*,#1659,.F.);
#1659 = EDGE_CURVE('',#1660,#686,#1662,.T.);
#1660 = VERTEX_POINT('',#1661);
#1661 = CARTESIAN_POINT('',(68.3,2.7,26.5));
#1662 = LINE('',#1663,#1664);
#1663 = CARTESIAN_POINT('',(68.3,2.7,26.));
#1664 = VECTOR('',#1665,1.);
#1665 = DIRECTION('',(0.,0.,1.));
#1666 = ORIENTED_EDGE('',*,*,#1667,.T.);
#1667 = EDGE_CURVE('',#1660,#1614,#1668,.T.);
#1668 = CIRCLE('',#1669,2.);
#1669 = AXIS2_PLACEMENT_3D('',#1670,#1671,#1672);
#1670 = CARTESIAN_POINT('',(66.3,2.7,26.5));
#1671 = DIRECTION('',(0.,-0.,-1.));
#1672 = DIRECTION('',(1.,2.22044604925E-16,-0.));
#1673 = ORIENTED_EDGE('',*,*,#1613,.T.);
#1674 = ORIENTED_EDGE('',*,*,#685,.F.);
#1675 = CYLINDRICAL_SURFACE('',#1676,2.);
#1676 = AXIS2_PLACEMENT_3D('',#1677,#1678,#1679);
#1677 = CARTESIAN_POINT('',(66.3,2.7,26.));
#1678 = DIRECTION('',(0.,0.,1.));
#1679 = DIRECTION('',(1.,0.,-0.));
#1680 = ADVANCED_FACE('',(#1681),#1699,.T.);
#1681 = FACE_BOUND('',#1682,.T.);
#1682 = EDGE_LOOP('',(#1683,#1691,#1697,#1698));
#1683 = ORIENTED_EDGE('',*,*,#1684,.F.);
#1684 = EDGE_CURVE('',#1685,#761,#1687,.T.);
#1685 = VERTEX_POINT('',#1686);
#1686 = CARTESIAN_POINT('',(66.7,2.3,26.));
#1687 = LINE('',#1688,#1689);
#1688 = CARTESIAN_POINT('',(66.7,2.3,25.));
#1689 = VECTOR('',#1690,1.);
#1690 = DIRECTION('',(0.,0.,1.));
#1691 = ORIENTED_EDGE('',*,*,#1692,.T.);
#1692 = EDGE_CURVE('',#1685,#1636,#1693,.T.);
#1693 = LINE('',#1694,#1695);
#1694 = CARTESIAN_POINT('',(1.5,2.3,26.));
#1695 = VECTOR('',#1696,1.);
#1696 = DIRECTION('',(-1.,-0.,0.));
#1697 = ORIENTED_EDGE('',*,*,#1635,.T.);
#1698 = ORIENTED_EDGE('',*,*,#768,.F.);
#1699 = PLANE('',#1700);
#1700 = AXIS2_PLACEMENT_3D('',#1701,#1702,#1703);
#1701 = CARTESIAN_POINT('',(2.3,2.3,25.));
#1702 = DIRECTION('',(-0.,1.,0.));
#1703 = DIRECTION('',(0.,0.,1.));
#1704 = ADVANCED_FACE('',(#1705),#1723,.T.);
#1705 = FACE_BOUND('',#1706,.T.);
#1706 = EDGE_LOOP('',(#1707,#1708,#1716,#1722));
#1707 = ORIENTED_EDGE('',*,*,#1659,.F.);
#1708 = ORIENTED_EDGE('',*,*,#1709,.F.);
#1709 = EDGE_CURVE('',#1710,#1660,#1712,.T.);
#1710 = VERTEX_POINT('',#1711);
#1711 = CARTESIAN_POINT('',(68.3,47.3,26.5));
#1712 = LINE('',#1713,#1714);
#1713 = CARTESIAN_POINT('',(68.3,47.3,26.5));
#1714 = VECTOR('',#1715,1.);
#1715 = DIRECTION('',(0.,-1.,-0.));
#1716 = ORIENTED_EDGE('',*,*,#1717,.T.);
#1717 = EDGE_CURVE('',#1710,#695,#1718,.T.);
#1718 = LINE('',#1719,#1720);
#1719 = CARTESIAN_POINT('',(68.3,47.3,26.));
#1720 = VECTOR('',#1721,1.);
#1721 = DIRECTION('',(0.,0.,1.));
#1722 = ORIENTED_EDGE('',*,*,#694,.F.);
#1723 = PLANE('',#1724);
#1724 = AXIS2_PLACEMENT_3D('',#1725,#1726,#1727);
#1725 = CARTESIAN_POINT('',(68.3,0.7,26.));
#1726 = DIRECTION('',(1.,0.,-0.));
#1727 = DIRECTION('',(0.,0.,1.));
#1728 = ADVANCED_FACE('',(#1729),#1747,.F.);
#1729 = FACE_BOUND('',#1730,.F.);
#1730 = EDGE_LOOP('',(#1731,#1732,#1740,#1746));
#1731 = ORIENTED_EDGE('',*,*,#1684,.F.);
#1732 = ORIENTED_EDGE('',*,*,#1733,.T.);
#1733 = EDGE_CURVE('',#1685,#1734,#1736,.T.);
#1734 = VERTEX_POINT('',#1735);
#1735 = CARTESIAN_POINT('',(66.7,47.7,26.));
#1736 = LINE('',#1737,#1738);
#1737 = CARTESIAN_POINT('',(66.7,1.5,26.));
#1738 = VECTOR('',#1739,1.);
#1739 = DIRECTION('',(-0.,1.,0.));
#1740 = ORIENTED_EDGE('',*,*,#1741,.T.);
#1741 = EDGE_CURVE('',#1734,#753,#1742,.T.);
#1742 = LINE('',#1743,#1744);
#1743 = CARTESIAN_POINT('',(66.7,47.7,25.));
#1744 = VECTOR('',#1745,1.);
#1745 = DIRECTION('',(0.,0.,1.));
#1746 = ORIENTED_EDGE('',*,*,#760,.F.);
#1747 = PLANE('',#1748);
#1748 = AXIS2_PLACEMENT_3D('',#1749,#1750,#1751);
#1749 = CARTESIAN_POINT('',(66.7,2.3,25.));
#1750 = DIRECTION('',(1.,0.,-0.));
#1751 = DIRECTION('',(0.,0.,1.));
#1752 = ADVANCED_FACE('',(#1753),#1772,.T.);
#1753 = FACE_BOUND('',#1754,.T.);
#1754 = EDGE_LOOP('',(#1755,#1756,#1765,#1771));
#1755 = ORIENTED_EDGE('',*,*,#1717,.F.);
#1756 = ORIENTED_EDGE('',*,*,#1757,.F.);
#1757 = EDGE_CURVE('',#1758,#1710,#1760,.T.);
#1758 = VERTEX_POINT('',#1759);
#1759 = CARTESIAN_POINT('',(66.3,49.3,26.5));
#1760 = CIRCLE('',#1761,2.);
#1761 = AXIS2_PLACEMENT_3D('',#1762,#1763,#1764);
#1762 = CARTESIAN_POINT('',(66.3,47.3,26.5));
#1763 = DIRECTION('',(0.,-0.,-1.));
#1764 = DIRECTION('',(0.,1.,-0.));
#1765 = ORIENTED_EDGE('',*,*,#1766,.T.);
#1766 = EDGE_CURVE('',#1758,#703,#1767,.T.);
#1767 = LINE('',#1768,#1769);
#1768 = CARTESIAN_POINT('',(66.3,49.3,26.));
#1769 = VECTOR('',#1770,1.);
#1770 = DIRECTION('',(0.,0.,1.));
#1771 = ORIENTED_EDGE('',*,*,#702,.F.);
#1772 = CYLINDRICAL_SURFACE('',#1773,2.);
#1773 = AXIS2_PLACEMENT_3D('',#1774,#1775,#1776);
#1774 = CARTESIAN_POINT('',(66.3,47.3,26.));
#1775 = DIRECTION('',(0.,0.,1.));
#1776 = DIRECTION('',(1.,0.,-0.));
#1777 = ADVANCED_FACE('',(#1778),#1796,.F.);
#1778 = FACE_BOUND('',#1779,.F.);
#1779 = EDGE_LOOP('',(#1780,#1781,#1789,#1795));
#1780 = ORIENTED_EDGE('',*,*,#1741,.F.);
#1781 = ORIENTED_EDGE('',*,*,#1782,.T.);
#1782 = EDGE_CURVE('',#1734,#1783,#1785,.T.);
#1783 = VERTEX_POINT('',#1784);
#1784 = CARTESIAN_POINT('',(2.3,47.7,26.));
#1785 = LINE('',#1786,#1787);
#1786 = CARTESIAN_POINT('',(1.5,47.7,26.));
#1787 = VECTOR('',#1788,1.);
#1788 = DIRECTION('',(-1.,-0.,0.));
#1789 = ORIENTED_EDGE('',*,*,#1790,.T.);
#1790 = EDGE_CURVE('',#1783,#745,#1791,.T.);
#1791 = LINE('',#1792,#1793);
#1792 = CARTESIAN_POINT('',(2.3,47.7,25.));
#1793 = VECTOR('',#1794,1.);
#1794 = DIRECTION('',(0.,0.,1.));
#1795 = ORIENTED_EDGE('',*,*,#752,.F.);
#1796 = PLANE('',#1797);
#1797 = AXIS2_PLACEMENT_3D('',#1798,#1799,#1800);
#1798 = CARTESIAN_POINT('',(2.3,47.7,25.));
#1799 = DIRECTION('',(-0.,1.,0.));
#1800 = DIRECTION('',(0.,0.,1.));
#1801 = ADVANCED_FACE('',(#1802),#1820,.T.);
#1802 = FACE_BOUND('',#1803,.T.);
#1803 = EDGE_LOOP('',(#1804,#1812,#1813,#1814));
#1804 = ORIENTED_EDGE('',*,*,#1805,.T.);
#1805 = EDGE_CURVE('',#1806,#712,#1808,.T.);
#1806 = VERTEX_POINT('',#1807);
#1807 = CARTESIAN_POINT('',(2.7,49.3,26.5));
#1808 = LINE('',#1809,#1810);
#1809 = CARTESIAN_POINT('',(2.7,49.3,26.));
#1810 = VECTOR('',#1811,1.);
#1811 = DIRECTION('',(0.,0.,1.));
#1812 = ORIENTED_EDGE('',*,*,#711,.T.);
#1813 = ORIENTED_EDGE('',*,*,#1766,.F.);
#1814 = ORIENTED_EDGE('',*,*,#1815,.F.);
#1815 = EDGE_CURVE('',#1806,#1758,#1816,.T.);
#1816 = LINE('',#1817,#1818);
#1817 = CARTESIAN_POINT('',(2.7,49.3,26.5));
#1818 = VECTOR('',#1819,1.);
#1819 = DIRECTION('',(1.,0.,-0.));
#1820 = PLANE('',#1821);
#1821 = AXIS2_PLACEMENT_3D('',#1822,#1823,#1824);
#1822 = CARTESIAN_POINT('',(0.7,49.3,26.));
#1823 = DIRECTION('',(-0.,1.,0.));
#1824 = DIRECTION('',(0.,0.,1.));
#1825 = ADVANCED_FACE('',(#1826),#1844,.T.);
#1826 = FACE_BOUND('',#1827,.T.);
#1827 = EDGE_LOOP('',(#1828,#1836,#1842,#1843));
#1828 = ORIENTED_EDGE('',*,*,#1829,.F.);
#1829 = EDGE_CURVE('',#1830,#737,#1832,.T.);
#1830 = VERTEX_POINT('',#1831);
#1831 = CARTESIAN_POINT('',(2.3,42.,26.));
#1832 = LINE('',#1833,#1834);
#1833 = CARTESIAN_POINT('',(2.3,42.,25.));
#1834 = VECTOR('',#1835,1.);
#1835 = DIRECTION('',(0.,0.,1.));
#1836 = ORIENTED_EDGE('',*,*,#1837,.T.);
#1837 = EDGE_CURVE('',#1830,#1783,#1838,.T.);
#1838 = LINE('',#1839,#1840);
#1839 = CARTESIAN_POINT('',(2.3,1.5,26.));
#1840 = VECTOR('',#1841,1.);
#1841 = DIRECTION('',(-0.,1.,0.));
#1842 = ORIENTED_EDGE('',*,*,#1790,.T.);
#1843 = ORIENTED_EDGE('',*,*,#744,.F.);
#1844 = PLANE('',#1845);
#1845 = AXIS2_PLACEMENT_3D('',#1846,#1847,#1848);
#1846 = CARTESIAN_POINT('',(2.3,2.3,25.));
#1847 = DIRECTION('',(1.,0.,-0.));
#1848 = DIRECTION('',(0.,0.,1.));
#1849 = ADVANCED_FACE('',(#1850),#1869,.T.);
#1850 = FACE_BOUND('',#1851,.F.);
#1851 = EDGE_LOOP('',(#1852,#1860,#1867,#1868));
#1852 = ORIENTED_EDGE('',*,*,#1853,.F.);
#1853 = EDGE_CURVE('',#1854,#720,#1856,.T.);
#1854 = VERTEX_POINT('',#1855);
#1855 = CARTESIAN_POINT('',(0.7,47.3,26.5));
#1856 = LINE('',#1857,#1858);
#1857 = CARTESIAN_POINT('',(0.7,47.3,26.));
#1858 = VECTOR('',#1859,1.);
#1859 = DIRECTION('',(0.,0.,1.));
#1860 = ORIENTED_EDGE('',*,*,#1861,.T.);
#1861 = EDGE_CURVE('',#1854,#1806,#1862,.T.);
#1862 = CIRCLE('',#1863,2.);
#1863 = AXIS2_PLACEMENT_3D('',#1864,#1865,#1866);
#1864 = CARTESIAN_POINT('',(2.7,47.3,26.5));
#1865 = DIRECTION('',(-0.,0.,-1.));
#1866 = DIRECTION('',(-1.,0.,0.));
#1867 = ORIENTED_EDGE('',*,*,#1805,.T.);
#1868 = ORIENTED_EDGE('',*,*,#719,.F.);
#1869 = CYLINDRICAL_SURFACE('',#1870,2.);
#1870 = AXIS2_PLACEMENT_3D('',#1871,#1872,#1873);
#1871 = CARTESIAN_POINT('',(2.7,47.3,26.));
#1872 = DIRECTION('',(0.,0.,1.));
#1873 = DIRECTION('',(-1.,-0.,0.));
#1874 = ADVANCED_FACE('',(#1875),#1901,.F.);
#1875 = FACE_BOUND('',#1876,.F.);
#1876 = EDGE_LOOP('',(#1877,#1878,#1879,#1887,#1895));
#1877 = ORIENTED_EDGE('',*,*,#736,.T.);
#1878 = ORIENTED_EDGE('',*,*,#1829,.F.);
#1879 = ORIENTED_EDGE('',*,*,#1880,.T.);
#1880 = EDGE_CURVE('',#1830,#1881,#1883,.T.);
#1881 = VERTEX_POINT('',#1882);
#1882 = CARTESIAN_POINT('',(1.2,42.,26.));
#1883 = LINE('',#1884,#1885);
#1884 = CARTESIAN_POINT('',(-0.15,42.,26.));
#1885 = VECTOR('',#1886,1.);
#1886 = DIRECTION('',(-1.,-0.,0.));
#1887 = ORIENTED_EDGE('',*,*,#1888,.F.);
#1888 = EDGE_CURVE('',#1889,#1881,#1891,.T.);
#1889 = VERTEX_POINT('',#1890);
#1890 = CARTESIAN_POINT('',(0.7,42.,26.5));
#1891 = LINE('',#1892,#1893);
#1892 = CARTESIAN_POINT('',(0.775,42.,26.425));
#1893 = VECTOR('',#1894,1.);
#1894 = DIRECTION('',(0.707106781187,0.,-0.707106781187));
#1895 = ORIENTED_EDGE('',*,*,#1896,.T.);
#1896 = EDGE_CURVE('',#1889,#729,#1897,.T.);
#1897 = LINE('',#1898,#1899);
#1898 = CARTESIAN_POINT('',(0.7,42.,25.5));
#1899 = VECTOR('',#1900,1.);
#1900 = DIRECTION('',(0.,0.,1.));
#1901 = PLANE('',#1902);
#1902 = AXIS2_PLACEMENT_3D('',#1903,#1904,#1905);
#1903 = CARTESIAN_POINT('',(-1.,42.,25.));
#1904 = DIRECTION('',(-0.,1.,0.));
#1905 = DIRECTION('',(0.,0.,1.));
#1906 = ADVANCED_FACE('',(#1907),#1918,.F.);
#1907 = FACE_BOUND('',#1908,.F.);
#1908 = EDGE_LOOP('',(#1909,#1910,#1916,#1917));
#1909 = ORIENTED_EDGE('',*,*,#1896,.F.);
#1910 = ORIENTED_EDGE('',*,*,#1911,.T.);
#1911 = EDGE_CURVE('',#1889,#1854,#1912,.T.);
#1912 = LINE('',#1913,#1914);
#1913 = CARTESIAN_POINT('',(0.7,2.7,26.5));
#1914 = VECTOR('',#1915,1.);
#1915 = DIRECTION('',(-0.,1.,0.));
#1916 = ORIENTED_EDGE('',*,*,#1853,.T.);
#1917 = ORIENTED_EDGE('',*,*,#728,.F.);
#1918 = PLANE('',#1919);
#1919 = AXIS2_PLACEMENT_3D('',#1920,#1921,#1922);
#1920 = CARTESIAN_POINT('',(0.7,0.7,26.));
#1921 = DIRECTION('',(1.,0.,-0.));
#1922 = DIRECTION('',(0.,0.,1.));
#1923 = ADVANCED_FACE('',(#1924),#1952,.F.);
#1924 = FACE_BOUND('',#1925,.F.);
#1925 = EDGE_LOOP('',(#1926,#1934,#1935,#1936,#1945));
#1926 = ORIENTED_EDGE('',*,*,#1927,.T.);
#1927 = EDGE_CURVE('',#1928,#793,#1930,.T.);
#1928 = VERTEX_POINT('',#1929);
#1929 = CARTESIAN_POINT('',(-6.9,54.5,28.5));
#1930 = LINE('',#1931,#1932);
#1931 = CARTESIAN_POINT('',(-6.9,54.5,28.5));
#1932 = VECTOR('',#1933,1.);
#1933 = DIRECTION('',(-0.707106781187,-1.731912112471E-16,
    -0.707106781187));
#1934 = ORIENTED_EDGE('',*,*,#792,.F.);
#1935 = ORIENTED_EDGE('',*,*,#1927,.F.);
#1936 = ORIENTED_EDGE('',*,*,#1937,.T.);
#1937 = EDGE_CURVE('',#1928,#1938,#1940,.T.);
#1938 = VERTEX_POINT('',#1939);
#1939 = CARTESIAN_POINT('',(-2.1,54.5,28.5));
#1940 = CIRCLE('',#1941,2.4);
#1941 = AXIS2_PLACEMENT_3D('',#1942,#1943,#1944);
#1942 = CARTESIAN_POINT('',(-4.5,54.5,28.5));
#1943 = DIRECTION('',(-0.,0.,-1.));
#1944 = DIRECTION('',(-1.,0.,0.));
#1945 = ORIENTED_EDGE('',*,*,#1946,.T.);
#1946 = EDGE_CURVE('',#1938,#1928,#1947,.T.);
#1947 = CIRCLE('',#1948,2.4);
#1948 = AXIS2_PLACEMENT_3D('',#1949,#1950,#1951);
#1949 = CARTESIAN_POINT('',(-4.5,54.5,28.5));
#1950 = DIRECTION('',(-0.,0.,-1.));
#1951 = DIRECTION('',(-1.,0.,0.));
#1952 = CONICAL_SURFACE('',#1953,2.4,0.785398163397);
#1953 = AXIS2_PLACEMENT_3D('',#1954,#1955,#1956);
#1954 = CARTESIAN_POINT('',(-4.5,54.5,28.5));
#1955 = DIRECTION('',(-0.,-0.,-1.));
#1956 = DIRECTION('',(-1.,0.,0.));
#1957 = ADVANCED_FACE('',(#1958),#1961,.T.);
#1958 = FACE_BOUND('',#1959,.T.);
#1959 = EDGE_LOOP('',(#1960));
#1960 = ORIENTED_EDGE('',*,*,#859,.T.);
#1961 = PLANE('',#1962);
#1962 = AXIS2_PLACEMENT_3D('',#1963,#1964,#1965);
#1963 = CARTESIAN_POINT('',(-4.5,54.5,39.5));
#1964 = DIRECTION('',(0.,0.,1.));
#1965 = DIRECTION('',(1.,0.,-0.));
#1966 = ADVANCED_FACE('',(#1967),#1970,.T.);
#1967 = FACE_BOUND('',#1968,.T.);
#1968 = EDGE_LOOP('',(#1969));
#1969 = ORIENTED_EDGE('',*,*,#975,.T.);
#1970 = PLANE('',#1971);
#1971 = AXIS2_PLACEMENT_3D('',#1972,#1973,#1974);
#1972 = CARTESIAN_POINT('',(73.5,54.5,39.5));
#1973 = DIRECTION('',(0.,0.,1.));
#1974 = DIRECTION('',(1.,0.,-0.));
#1975 = ADVANCED_FACE('',(#1976),#1979,.T.);
#1976 = FACE_BOUND('',#1977,.T.);
#1977 = EDGE_LOOP('',(#1978));
#1978 = ORIENTED_EDGE('',*,*,#1094,.T.);
#1979 = PLANE('',#1980);
#1980 = AXIS2_PLACEMENT_3D('',#1981,#1982,#1983);
#1981 = CARTESIAN_POINT('',(73.5,-4.5,39.5));
#1982 = DIRECTION('',(0.,0.,1.));
#1983 = DIRECTION('',(1.,0.,-0.));
#1984 = ADVANCED_FACE('',(#1985),#1988,.T.);
#1985 = FACE_BOUND('',#1986,.T.);
#1986 = EDGE_LOOP('',(#1987));
#1987 = ORIENTED_EDGE('',*,*,#1208,.T.);
#1988 = PLANE('',#1989);
#1989 = AXIS2_PLACEMENT_3D('',#1990,#1991,#1992);
#1990 = CARTESIAN_POINT('',(-4.5,-4.5,39.5));
#1991 = DIRECTION('',(0.,0.,1.));
#1992 = DIRECTION('',(1.,0.,-0.));
#1993 = ADVANCED_FACE('',(#1994),#1997,.T.);
#1994 = FACE_BOUND('',#1995,.T.);
#1995 = EDGE_LOOP('',(#1996));
#1996 = ORIENTED_EDGE('',*,*,#1251,.T.);
#1997 = PLANE('',#1998);
#1998 = AXIS2_PLACEMENT_3D('',#1999,#2000,#2001);
#1999 = CARTESIAN_POINT('',(-0.6,25.,39.5));
#2000 = DIRECTION('',(0.,0.,1.));
#2001 = DIRECTION('',(1.,0.,-0.));
#2002 = ADVANCED_FACE('',(#2003),#2006,.T.);
#2003 = FACE_BOUND('',#2004,.T.);
#2004 = EDGE_LOOP('',(#2005));
#2005 = ORIENTED_EDGE('',*,*,#1277,.T.);
#2006 = PLANE('',#2007);
#2007 = AXIS2_PLACEMENT_3D('',#2008,#2009,#2010);
#2008 = CARTESIAN_POINT('',(34.5,-0.6,39.5));
#2009 = DIRECTION('',(0.,0.,1.));
#2010 = DIRECTION('',(1.,0.,-0.));
#2011 = ADVANCED_FACE('',(#2012,#2015),#2026,.T.);
#2012 = FACE_BOUND('',#2013,.T.);
#2013 = EDGE_LOOP('',(#2014));
#2014 = ORIENTED_EDGE('',*,*,#1304,.T.);
#2015 = FACE_BOUND('',#2016,.T.);
#2016 = EDGE_LOOP('',(#2017));
#2017 = ORIENTED_EDGE('',*,*,#2018,.F.);
#2018 = EDGE_CURVE('',#2019,#2019,#2021,.T.);
#2019 = VERTEX_POINT('',#2020);
#2020 = CARTESIAN_POINT('',(49.,12.,30.3));
#2021 = CIRCLE('',#2022,2.);
#2022 = AXIS2_PLACEMENT_3D('',#2023,#2024,#2025);
#2023 = CARTESIAN_POINT('',(47.,12.,30.3));
#2024 = DIRECTION('',(0.,0.,1.));
#2025 = DIRECTION('',(1.,0.,-0.));
#2026 = PLANE('',#2027);
#2027 = AXIS2_PLACEMENT_3D('',#2028,#2029,#2030);
#2028 = CARTESIAN_POINT('',(47.,12.,30.3));
#2029 = DIRECTION('',(0.,0.,1.));
#2030 = DIRECTION('',(1.,0.,-0.));
#2031 = ADVANCED_FACE('',(#2032),#2035,.T.);
#2032 = FACE_BOUND('',#2033,.T.);
#2033 = EDGE_LOOP('',(#2034));
#2034 = ORIENTED_EDGE('',*,*,#1328,.T.);
#2035 = PLANE('',#2036);
#2036 = AXIS2_PLACEMENT_3D('',#2037,#2038,#2039);
#2037 = CARTESIAN_POINT('',(34.5,25.,39.5));
#2038 = DIRECTION('',(0.,0.,1.));
#2039 = DIRECTION('',(1.,0.,-0.));
#2040 = ADVANCED_FACE('',(#2041),#2044,.T.);
#2041 = FACE_BOUND('',#2042,.T.);
#2042 = EDGE_LOOP('',(#2043));
#2043 = ORIENTED_EDGE('',*,*,#1353,.T.);
#2044 = PLANE('',#2045);
#2045 = AXIS2_PLACEMENT_3D('',#2046,#2047,#2048);
#2046 = CARTESIAN_POINT('',(69.6,25.,39.5));
#2047 = DIRECTION('',(0.,0.,1.));
#2048 = DIRECTION('',(1.,0.,-0.));
#2049 = ADVANCED_FACE('',(#2050),#2053,.T.);
#2050 = FACE_BOUND('',#2051,.T.);
#2051 = EDGE_LOOP('',(#2052));
#2052 = ORIENTED_EDGE('',*,*,#1378,.T.);
#2053 = PLANE('',#2054);
#2054 = AXIS2_PLACEMENT_3D('',#2055,#2056,#2057);
#2055 = CARTESIAN_POINT('',(34.5,50.6,39.5));
#2056 = DIRECTION('',(0.,0.,1.));
#2057 = DIRECTION('',(1.,0.,-0.));
#2058 = ADVANCED_FACE('',(#2059),#2079,.F.);
#2059 = FACE_BOUND('',#2060,.F.);
#2060 = EDGE_LOOP('',(#2061,#2062,#2070,#2077,#2078));
#2061 = ORIENTED_EDGE('',*,*,#1415,.F.);
#2062 = ORIENTED_EDGE('',*,*,#2063,.T.);
#2063 = EDGE_CURVE('',#1407,#2064,#2066,.T.);
#2064 = VERTEX_POINT('',#2065);
#2065 = CARTESIAN_POINT('',(75.9,-4.5,29.));
#2066 = LINE('',#2067,#2068);
#2067 = CARTESIAN_POINT('',(75.9,-4.5,27.99));
#2068 = VECTOR('',#2069,1.);
#2069 = DIRECTION('',(0.,0.,1.));
#2070 = ORIENTED_EDGE('',*,*,#2071,.F.);
#2071 = EDGE_CURVE('',#2064,#2064,#2072,.T.);
#2072 = CIRCLE('',#2073,2.4);
#2073 = AXIS2_PLACEMENT_3D('',#2074,#2075,#2076);
#2074 = CARTESIAN_POINT('',(73.5,-4.5,29.));
#2075 = DIRECTION('',(0.,0.,1.));
#2076 = DIRECTION('',(1.,0.,-0.));
#2077 = ORIENTED_EDGE('',*,*,#2063,.F.);
#2078 = ORIENTED_EDGE('',*,*,#1406,.F.);
#2079 = CYLINDRICAL_SURFACE('',#2080,2.4);
#2080 = AXIS2_PLACEMENT_3D('',#2081,#2082,#2083);
#2081 = CARTESIAN_POINT('',(73.5,-4.5,27.99));
#2082 = DIRECTION('',(0.,0.,1.));
#2083 = DIRECTION('',(1.,0.,-0.));
#2084 = ADVANCED_FACE('',(#2085,#2088),#2099,.F.);
#2085 = FACE_BOUND('',#2086,.F.);
#2086 = EDGE_LOOP('',(#2087));
#2087 = ORIENTED_EDGE('',*,*,#1439,.T.);
#2088 = FACE_BOUND('',#2089,.F.);
#2089 = EDGE_LOOP('',(#2090));
#2090 = ORIENTED_EDGE('',*,*,#2091,.T.);
#2091 = EDGE_CURVE('',#2092,#2092,#2094,.T.);
#2092 = VERTEX_POINT('',#2093);
#2093 = CARTESIAN_POINT('',(45.,12.,23.));
#2094 = CIRCLE('',#2095,2.);
#2095 = AXIS2_PLACEMENT_3D('',#2096,#2097,#2098);
#2096 = CARTESIAN_POINT('',(47.,12.,23.));
#2097 = DIRECTION('',(-0.,0.,-1.));
#2098 = DIRECTION('',(-1.,0.,0.));
#2099 = PLANE('',#2100);
#2100 = AXIS2_PLACEMENT_3D('',#2101,#2102,#2103);
#2101 = CARTESIAN_POINT('',(47.,12.,23.));
#2102 = DIRECTION('',(0.,0.,1.));
#2103 = DIRECTION('',(1.,0.,-0.));
#2104 = ADVANCED_FACE('',(#2105),#2125,.F.);
#2105 = FACE_BOUND('',#2106,.F.);
#2106 = EDGE_LOOP('',(#2107,#2108,#2116,#2123,#2124));
#2107 = ORIENTED_EDGE('',*,*,#1474,.F.);
#2108 = ORIENTED_EDGE('',*,*,#2109,.T.);
#2109 = EDGE_CURVE('',#1466,#2110,#2112,.T.);
#2110 = VERTEX_POINT('',#2111);
#2111 = CARTESIAN_POINT('',(-2.1,-4.5,29.));
#2112 = LINE('',#2113,#2114);
#2113 = CARTESIAN_POINT('',(-2.1,-4.5,27.99));
#2114 = VECTOR('',#2115,1.);
#2115 = DIRECTION('',(0.,0.,1.));
#2116 = ORIENTED_EDGE('',*,*,#2117,.F.);
#2117 = EDGE_CURVE('',#2110,#2110,#2118,.T.);
#2118 = CIRCLE('',#2119,2.4);
#2119 = AXIS2_PLACEMENT_3D('',#2120,#2121,#2122);
#2120 = CARTESIAN_POINT('',(-4.5,-4.5,29.));
#2121 = DIRECTION('',(0.,0.,1.));
#2122 = DIRECTION('',(1.,0.,-0.));
#2123 = ORIENTED_EDGE('',*,*,#2109,.F.);
#2124 = ORIENTED_EDGE('',*,*,#1465,.F.);
#2125 = CYLINDRICAL_SURFACE('',#2126,2.4);
#2126 = AXIS2_PLACEMENT_3D('',#2127,#2128,#2129);
#2127 = CARTESIAN_POINT('',(-4.5,-4.5,27.99));
#2128 = DIRECTION('',(0.,0.,1.));
#2129 = DIRECTION('',(1.,0.,-0.));
#2130 = ADVANCED_FACE('',(#2131),#2151,.F.);
#2131 = FACE_BOUND('',#2132,.F.);
#2132 = EDGE_LOOP('',(#2133,#2134,#2142,#2149,#2150));
#2133 = ORIENTED_EDGE('',*,*,#1508,.F.);
#2134 = ORIENTED_EDGE('',*,*,#2135,.T.);
#2135 = EDGE_CURVE('',#1500,#2136,#2138,.T.);
#2136 = VERTEX_POINT('',#2137);
#2137 = CARTESIAN_POINT('',(75.9,54.5,29.));
#2138 = LINE('',#2139,#2140);
#2139 = CARTESIAN_POINT('',(75.9,54.5,27.99));
#2140 = VECTOR('',#2141,1.);
#2141 = DIRECTION('',(0.,0.,1.));
#2142 = ORIENTED_EDGE('',*,*,#2143,.F.);
#2143 = EDGE_CURVE('',#2136,#2136,#2144,.T.);
#2144 = CIRCLE('',#2145,2.4);
#2145 = AXIS2_PLACEMENT_3D('',#2146,#2147,#2148);
#2146 = CARTESIAN_POINT('',(73.5,54.5,29.));
#2147 = DIRECTION('',(0.,0.,1.));
#2148 = DIRECTION('',(1.,0.,-0.));
#2149 = ORIENTED_EDGE('',*,*,#2135,.F.);
#2150 = ORIENTED_EDGE('',*,*,#1499,.F.);
#2151 = CYLINDRICAL_SURFACE('',#2152,2.4);
#2152 = AXIS2_PLACEMENT_3D('',#2153,#2154,#2155);
#2153 = CARTESIAN_POINT('',(73.5,54.5,27.99));
#2154 = DIRECTION('',(0.,0.,1.));
#2155 = DIRECTION('',(1.,0.,-0.));
#2156 = ADVANCED_FACE('',(#2157),#2175,.T.);
#2157 = FACE_BOUND('',#2158,.T.);
#2158 = EDGE_LOOP('',(#2159,#2167,#2168,#2169));
#2159 = ORIENTED_EDGE('',*,*,#2160,.F.);
#2160 = EDGE_CURVE('',#1524,#2161,#2163,.T.);
#2161 = VERTEX_POINT('',#2162);
#2162 = CARTESIAN_POINT('',(1.2,2.7,26.));
#2163 = LINE('',#2164,#2165);
#2164 = CARTESIAN_POINT('',(0.95,2.7,26.25));
#2165 = VECTOR('',#2166,1.);
#2166 = DIRECTION('',(0.707106781187,0.,-0.707106781187));
#2167 = ORIENTED_EDGE('',*,*,#1531,.T.);
#2168 = ORIENTED_EDGE('',*,*,#1596,.T.);
#2169 = ORIENTED_EDGE('',*,*,#2170,.F.);
#2170 = EDGE_CURVE('',#2161,#1589,#2171,.T.);
#2171 = LINE('',#2172,#2173);
#2172 = CARTESIAN_POINT('',(1.2,2.7,26.));
#2173 = VECTOR('',#2174,1.);
#2174 = DIRECTION('',(-0.,1.,0.));
#2175 = PLANE('',#2176);
#2176 = AXIS2_PLACEMENT_3D('',#2177,#2178,#2179);
#2177 = CARTESIAN_POINT('',(0.95,2.7,26.25));
#2178 = DIRECTION('',(-0.707106781187,0.,-0.707106781187));
#2179 = DIRECTION('',(0.,1.,0.));
#2180 = ADVANCED_FACE('',(#2181),#2200,.T.);
#2181 = FACE_BOUND('',#2182,.T.);
#2182 = EDGE_LOOP('',(#2183,#2191,#2192,#2193));
#2183 = ORIENTED_EDGE('',*,*,#2184,.F.);
#2184 = EDGE_CURVE('',#1556,#2185,#2187,.T.);
#2185 = VERTEX_POINT('',#2186);
#2186 = CARTESIAN_POINT('',(2.7,1.2,26.));
#2187 = LINE('',#2188,#2189);
#2188 = CARTESIAN_POINT('',(2.7,0.95,26.25));
#2189 = VECTOR('',#2190,1.);
#2190 = DIRECTION('',(-0.,0.707106781187,-0.707106781187));
#2191 = ORIENTED_EDGE('',*,*,#1555,.T.);
#2192 = ORIENTED_EDGE('',*,*,#2160,.T.);
#2193 = ORIENTED_EDGE('',*,*,#2194,.F.);
#2194 = EDGE_CURVE('',#2185,#2161,#2195,.T.);
#2195 = CIRCLE('',#2196,1.5);
#2196 = AXIS2_PLACEMENT_3D('',#2197,#2198,#2199);
#2197 = CARTESIAN_POINT('',(2.7,2.7,26.));
#2198 = DIRECTION('',(-0.,0.,-1.));
#2199 = DIRECTION('',(-2.22044604925E-16,-1.,0.));
#2200 = CONICAL_SURFACE('',#2201,2.,0.785398163397);
#2201 = AXIS2_PLACEMENT_3D('',#2202,#2203,#2204);
#2202 = CARTESIAN_POINT('',(2.7,2.7,26.5));
#2203 = DIRECTION('',(0.,0.,1.));
#2204 = DIRECTION('',(-2.22044604925E-16,-1.,0.));
#2205 = ADVANCED_FACE('',(#2206),#2274,.F.);
#2206 = FACE_BOUND('',#2207,.F.);
#2207 = EDGE_LOOP('',(#2208,#2209,#2210,#2218,#2227,#2235,#2244,#2252,
    #2261,#2267,#2268,#2269,#2270,#2271,#2272,#2273));
#2208 = ORIENTED_EDGE('',*,*,#2170,.F.);
#2209 = ORIENTED_EDGE('',*,*,#2194,.F.);
#2210 = ORIENTED_EDGE('',*,*,#2211,.F.);
#2211 = EDGE_CURVE('',#2212,#2185,#2214,.T.);
#2212 = VERTEX_POINT('',#2213);
#2213 = CARTESIAN_POINT('',(66.3,1.2,26.));
#2214 = LINE('',#2215,#2216);
#2215 = CARTESIAN_POINT('',(66.3,1.2,26.));
#2216 = VECTOR('',#2217,1.);
#2217 = DIRECTION('',(-1.,-0.,0.));
#2218 = ORIENTED_EDGE('',*,*,#2219,.F.);
#2219 = EDGE_CURVE('',#2220,#2212,#2222,.T.);
#2220 = VERTEX_POINT('',#2221);
#2221 = CARTESIAN_POINT('',(67.8,2.7,26.));
#2222 = CIRCLE('',#2223,1.5);
#2223 = AXIS2_PLACEMENT_3D('',#2224,#2225,#2226);
#2224 = CARTESIAN_POINT('',(66.3,2.7,26.));
#2225 = DIRECTION('',(0.,-0.,-1.));
#2226 = DIRECTION('',(1.,2.22044604925E-16,-0.));
#2227 = ORIENTED_EDGE('',*,*,#2228,.F.);
#2228 = EDGE_CURVE('',#2229,#2220,#2231,.T.);
#2229 = VERTEX_POINT('',#2230);
#2230 = CARTESIAN_POINT('',(67.8,47.3,26.));
#2231 = LINE('',#2232,#2233);
#2232 = CARTESIAN_POINT('',(67.8,47.3,26.));
#2233 = VECTOR('',#2234,1.);
#2234 = DIRECTION('',(0.,-1.,-0.));
#2235 = ORIENTED_EDGE('',*,*,#2236,.F.);
#2236 = EDGE_CURVE('',#2237,#2229,#2239,.T.);
#2237 = VERTEX_POINT('',#2238);
#2238 = CARTESIAN_POINT('',(66.3,48.8,26.));
#2239 = CIRCLE('',#2240,1.5);
#2240 = AXIS2_PLACEMENT_3D('',#2241,#2242,#2243);
#2241 = CARTESIAN_POINT('',(66.3,47.3,26.));
#2242 = DIRECTION('',(0.,-0.,-1.));
#2243 = DIRECTION('',(0.,1.,-0.));
#2244 = ORIENTED_EDGE('',*,*,#2245,.F.);
#2245 = EDGE_CURVE('',#2246,#2237,#2248,.T.);
#2246 = VERTEX_POINT('',#2247);
#2247 = CARTESIAN_POINT('',(2.7,48.8,26.));
#2248 = LINE('',#2249,#2250);
#2249 = CARTESIAN_POINT('',(2.7,48.8,26.));
#2250 = VECTOR('',#2251,1.);
#2251 = DIRECTION('',(1.,0.,-0.));
#2252 = ORIENTED_EDGE('',*,*,#2253,.F.);
#2253 = EDGE_CURVE('',#2254,#2246,#2256,.T.);
#2254 = VERTEX_POINT('',#2255);
#2255 = CARTESIAN_POINT('',(1.2,47.3,26.));
#2256 = CIRCLE('',#2257,1.5);
#2257 = AXIS2_PLACEMENT_3D('',#2258,#2259,#2260);
#2258 = CARTESIAN_POINT('',(2.7,47.3,26.));
#2259 = DIRECTION('',(-0.,0.,-1.));
#2260 = DIRECTION('',(-1.,0.,0.));
#2261 = ORIENTED_EDGE('',*,*,#2262,.F.);
#2262 = EDGE_CURVE('',#1881,#2254,#2263,.T.);
#2263 = LINE('',#2264,#2265);
#2264 = CARTESIAN_POINT('',(1.2,2.7,26.));
#2265 = VECTOR('',#2266,1.);
#2266 = DIRECTION('',(-0.,1.,0.));
#2267 = ORIENTED_EDGE('',*,*,#1880,.F.);
#2268 = ORIENTED_EDGE('',*,*,#1837,.T.);
#2269 = ORIENTED_EDGE('',*,*,#1782,.F.);
#2270 = ORIENTED_EDGE('',*,*,#1733,.F.);
#2271 = ORIENTED_EDGE('',*,*,#1692,.T.);
#2272 = ORIENTED_EDGE('',*,*,#1643,.T.);
#2273 = ORIENTED_EDGE('',*,*,#1588,.T.);
#2274 = PLANE('',#2275);
#2275 = AXIS2_PLACEMENT_3D('',#2276,#2277,#2278);
#2276 = CARTESIAN_POINT('',(0.7,0.7,26.));
#2277 = DIRECTION('',(0.,0.,1.));
#2278 = DIRECTION('',(1.,0.,-0.));
#2279 = ADVANCED_FACE('',(#2280),#2291,.T.);
#2280 = FACE_BOUND('',#2281,.T.);
#2281 = EDGE_LOOP('',(#2282,#2288,#2289,#2290));
#2282 = ORIENTED_EDGE('',*,*,#2283,.F.);
#2283 = EDGE_CURVE('',#1614,#2212,#2284,.T.);
#2284 = LINE('',#2285,#2286);
#2285 = CARTESIAN_POINT('',(66.3,0.7,26.5));
#2286 = VECTOR('',#2287,1.);
#2287 = DIRECTION('',(-2.003070486802E-16,0.707106781187,-0.707106781187
    ));
#2288 = ORIENTED_EDGE('',*,*,#1621,.T.);
#2289 = ORIENTED_EDGE('',*,*,#2184,.T.);
#2290 = ORIENTED_EDGE('',*,*,#2211,.F.);
#2291 = PLANE('',#2292);
#2292 = AXIS2_PLACEMENT_3D('',#2293,#2294,#2295);
#2293 = CARTESIAN_POINT('',(66.3,0.95,26.25));
#2294 = DIRECTION('',(0.,-0.707106781187,-0.707106781187));
#2295 = DIRECTION('',(-1.,-0.,0.));
#2296 = ADVANCED_FACE('',(#2297),#2308,.T.);
#2297 = FACE_BOUND('',#2298,.T.);
#2298 = EDGE_LOOP('',(#2299,#2305,#2306,#2307));
#2299 = ORIENTED_EDGE('',*,*,#2300,.F.);
#2300 = EDGE_CURVE('',#1660,#2220,#2301,.T.);
#2301 = LINE('',#2302,#2303);
#2302 = CARTESIAN_POINT('',(68.05,2.7,26.25));
#2303 = VECTOR('',#2304,1.);
#2304 = DIRECTION('',(-0.707106781187,-0.,-0.707106781187));
#2305 = ORIENTED_EDGE('',*,*,#1667,.T.);
#2306 = ORIENTED_EDGE('',*,*,#2283,.T.);
#2307 = ORIENTED_EDGE('',*,*,#2219,.F.);
#2308 = CONICAL_SURFACE('',#2309,2.,0.785398163397);
#2309 = AXIS2_PLACEMENT_3D('',#2310,#2311,#2312);
#2310 = CARTESIAN_POINT('',(66.3,2.7,26.5));
#2311 = DIRECTION('',(0.,0.,1.));
#2312 = DIRECTION('',(1.,2.22044604925E-16,-0.));
#2313 = ADVANCED_FACE('',(#2314),#2325,.F.);
#2314 = FACE_BOUND('',#2315,.T.);
#2315 = EDGE_LOOP('',(#2316,#2322,#2323,#2324));
#2316 = ORIENTED_EDGE('',*,*,#2317,.F.);
#2317 = EDGE_CURVE('',#1710,#2229,#2318,.T.);
#2318 = LINE('',#2319,#2320);
#2319 = CARTESIAN_POINT('',(68.3,47.3,26.5));
#2320 = VECTOR('',#2321,1.);
#2321 = DIRECTION('',(-0.707106781187,-4.329780281177E-17,
    -0.707106781187));
#2322 = ORIENTED_EDGE('',*,*,#1709,.T.);
#2323 = ORIENTED_EDGE('',*,*,#2300,.T.);
#2324 = ORIENTED_EDGE('',*,*,#2228,.F.);
#2325 = PLANE('',#2326);
#2326 = AXIS2_PLACEMENT_3D('',#2327,#2328,#2329);
#2327 = CARTESIAN_POINT('',(68.05,47.3,26.25));
#2328 = DIRECTION('',(-0.707106781187,0.,0.707106781187));
#2329 = DIRECTION('',(0.,1.,-0.));
#2330 = ADVANCED_FACE('',(#2331),#2342,.T.);
#2331 = FACE_BOUND('',#2332,.T.);
#2332 = EDGE_LOOP('',(#2333,#2339,#2340,#2341));
#2333 = ORIENTED_EDGE('',*,*,#2334,.F.);
#2334 = EDGE_CURVE('',#1758,#2237,#2335,.T.);
#2335 = LINE('',#2336,#2337);
#2336 = CARTESIAN_POINT('',(66.3,49.05,26.25));
#2337 = VECTOR('',#2338,1.);
#2338 = DIRECTION('',(0.,-0.707106781187,-0.707106781187));
#2339 = ORIENTED_EDGE('',*,*,#1757,.T.);
#2340 = ORIENTED_EDGE('',*,*,#2317,.T.);
#2341 = ORIENTED_EDGE('',*,*,#2236,.F.);
#2342 = CONICAL_SURFACE('',#2343,2.,0.785398163397);
#2343 = AXIS2_PLACEMENT_3D('',#2344,#2345,#2346);
#2344 = CARTESIAN_POINT('',(66.3,47.3,26.5));
#2345 = DIRECTION('',(0.,0.,1.));
#2346 = DIRECTION('',(0.,1.,0.));
#2347 = ADVANCED_FACE('',(#2348),#2359,.F.);
#2348 = FACE_BOUND('',#2349,.T.);
#2349 = EDGE_LOOP('',(#2350,#2356,#2357,#2358));
#2350 = ORIENTED_EDGE('',*,*,#2351,.F.);
#2351 = EDGE_CURVE('',#1806,#2246,#2352,.T.);
#2352 = LINE('',#2353,#2354);
#2353 = CARTESIAN_POINT('',(2.7,49.3,26.5));
#2354 = VECTOR('',#2355,1.);
#2355 = DIRECTION('',(4.329780281177E-17,-0.707106781187,-0.707106781187
    ));
#2356 = ORIENTED_EDGE('',*,*,#1815,.T.);
#2357 = ORIENTED_EDGE('',*,*,#2334,.T.);
#2358 = ORIENTED_EDGE('',*,*,#2245,.F.);
#2359 = PLANE('',#2360);
#2360 = AXIS2_PLACEMENT_3D('',#2361,#2362,#2363);
#2361 = CARTESIAN_POINT('',(2.7,49.05,26.25));
#2362 = DIRECTION('',(0.,-0.707106781187,0.707106781187));
#2363 = DIRECTION('',(-1.,-0.,-0.));
#2364 = ADVANCED_FACE('',(#2365),#2376,.T.);
#2365 = FACE_BOUND('',#2366,.T.);
#2366 = EDGE_LOOP('',(#2367,#2373,#2374,#2375));
#2367 = ORIENTED_EDGE('',*,*,#2368,.F.);
#2368 = EDGE_CURVE('',#1854,#2254,#2369,.T.);
#2369 = LINE('',#2370,#2371);
#2370 = CARTESIAN_POINT('',(0.95,47.3,26.25));
#2371 = VECTOR('',#2372,1.);
#2372 = DIRECTION('',(0.707106781187,0.,-0.707106781187));
#2373 = ORIENTED_EDGE('',*,*,#1861,.T.);
#2374 = ORIENTED_EDGE('',*,*,#2351,.T.);
#2375 = ORIENTED_EDGE('',*,*,#2253,.F.);
#2376 = CONICAL_SURFACE('',#2377,2.,0.785398163397);
#2377 = AXIS2_PLACEMENT_3D('',#2378,#2379,#2380);
#2378 = CARTESIAN_POINT('',(2.7,47.3,26.5));
#2379 = DIRECTION('',(0.,0.,1.));
#2380 = DIRECTION('',(-1.,0.,0.));
#2381 = ADVANCED_FACE('',(#2382),#2388,.T.);
#2382 = FACE_BOUND('',#2383,.T.);
#2383 = EDGE_LOOP('',(#2384,#2385,#2386,#2387));
#2384 = ORIENTED_EDGE('',*,*,#1888,.F.);
#2385 = ORIENTED_EDGE('',*,*,#1911,.T.);
#2386 = ORIENTED_EDGE('',*,*,#2368,.T.);
#2387 = ORIENTED_EDGE('',*,*,#2262,.F.);
#2388 = PLANE('',#2389);
#2389 = AXIS2_PLACEMENT_3D('',#2390,#2391,#2392);
#2390 = CARTESIAN_POINT('',(0.95,2.7,26.25));
#2391 = DIRECTION('',(-0.707106781187,0.,-0.707106781187));
#2392 = DIRECTION('',(0.,1.,0.));
#2393 = ADVANCED_FACE('',(#2394),#2414,.F.);
#2394 = FACE_BOUND('',#2395,.F.);
#2395 = EDGE_LOOP('',(#2396,#2397,#2405,#2412,#2413));
#2396 = ORIENTED_EDGE('',*,*,#1946,.F.);
#2397 = ORIENTED_EDGE('',*,*,#2398,.T.);
#2398 = EDGE_CURVE('',#1938,#2399,#2401,.T.);
#2399 = VERTEX_POINT('',#2400);
#2400 = CARTESIAN_POINT('',(-2.1,54.5,29.));
#2401 = LINE('',#2402,#2403);
#2402 = CARTESIAN_POINT('',(-2.1,54.5,27.99));
#2403 = VECTOR('',#2404,1.);
#2404 = DIRECTION('',(0.,0.,1.));
#2405 = ORIENTED_EDGE('',*,*,#2406,.F.);
#2406 = EDGE_CURVE('',#2399,#2399,#2407,.T.);
#2407 = CIRCLE('',#2408,2.4);
#2408 = AXIS2_PLACEMENT_3D('',#2409,#2410,#2411);
#2409 = CARTESIAN_POINT('',(-4.5,54.5,29.));
#2410 = DIRECTION('',(0.,0.,1.));
#2411 = DIRECTION('',(1.,0.,-0.));
#2412 = ORIENTED_EDGE('',*,*,#2398,.F.);
#2413 = ORIENTED_EDGE('',*,*,#1937,.F.);
#2414 = CYLINDRICAL_SURFACE('',#2415,2.4);
#2415 = AXIS2_PLACEMENT_3D('',#2416,#2417,#2418);
#2416 = CARTESIAN_POINT('',(-4.5,54.5,27.99));
#2417 = DIRECTION('',(0.,0.,1.));
#2418 = DIRECTION('',(1.,0.,-0.));
#2419 = ADVANCED_FACE('',(#2420),#2439,.F.);
#2420 = FACE_BOUND('',#2421,.F.);
#2421 = EDGE_LOOP('',(#2422,#2423,#2431,#2438));
#2422 = ORIENTED_EDGE('',*,*,#2018,.F.);
#2423 = ORIENTED_EDGE('',*,*,#2424,.F.);
#2424 = EDGE_CURVE('',#2425,#2019,#2427,.T.);
#2425 = VERTEX_POINT('',#2426);
#2426 = CARTESIAN_POINT('',(48.6,12.,29.9));
#2427 = LINE('',#2428,#2429);
#2428 = CARTESIAN_POINT('',(48.6,12.,29.9));
#2429 = VECTOR('',#2430,1.);
#2430 = DIRECTION('',(0.707106781187,-1.731912112471E-16,0.707106781187)
  );
#2431 = ORIENTED_EDGE('',*,*,#2432,.T.);
#2432 = EDGE_CURVE('',#2425,#2425,#2433,.T.);
#2433 = CIRCLE('',#2434,1.6);
#2434 = AXIS2_PLACEMENT_3D('',#2435,#2436,#2437);
#2435 = CARTESIAN_POINT('',(47.,12.,29.9));
#2436 = DIRECTION('',(0.,0.,1.));
#2437 = DIRECTION('',(1.,0.,-0.));
#2438 = ORIENTED_EDGE('',*,*,#2424,.T.);
#2439 = CONICAL_SURFACE('',#2440,1.6,0.785398163397);
#2440 = AXIS2_PLACEMENT_3D('',#2441,#2442,#2443);
#2441 = CARTESIAN_POINT('',(47.,12.,29.9));
#2442 = DIRECTION('',(0.,0.,1.));
#2443 = DIRECTION('',(1.,0.,-0.));
#2444 = ADVANCED_FACE('',(#2445,#2448),#2459,.F.);
#2445 = FACE_BOUND('',#2446,.F.);
#2446 = EDGE_LOOP('',(#2447));
#2447 = ORIENTED_EDGE('',*,*,#2071,.T.);
#2448 = FACE_BOUND('',#2449,.F.);
#2449 = EDGE_LOOP('',(#2450));
#2450 = ORIENTED_EDGE('',*,*,#2451,.F.);
#2451 = EDGE_CURVE('',#2452,#2452,#2454,.T.);
#2452 = VERTEX_POINT('',#2453);
#2453 = CARTESIAN_POINT('',(75.5,-4.5,29.));
#2454 = CIRCLE('',#2455,2.);
#2455 = AXIS2_PLACEMENT_3D('',#2456,#2457,#2458);
#2456 = CARTESIAN_POINT('',(73.5,-4.5,29.));
#2457 = DIRECTION('',(0.,0.,1.));
#2458 = DIRECTION('',(1.,0.,-0.));
#2459 = PLANE('',#2460);
#2460 = AXIS2_PLACEMENT_3D('',#2461,#2462,#2463);
#2461 = CARTESIAN_POINT('',(73.5,-4.5,29.));
#2462 = DIRECTION('',(0.,0.,1.));
#2463 = DIRECTION('',(1.,0.,-0.));
#2464 = ADVANCED_FACE('',(#2465),#2493,.F.);
#2465 = FACE_BOUND('',#2466,.F.);
#2466 = EDGE_LOOP('',(#2467,#2475,#2476,#2477,#2486));
#2467 = ORIENTED_EDGE('',*,*,#2468,.T.);
#2468 = EDGE_CURVE('',#2469,#2092,#2471,.T.);
#2469 = VERTEX_POINT('',#2470);
#2470 = CARTESIAN_POINT('',(45.4,12.,23.4));
#2471 = LINE('',#2472,#2473);
#2472 = CARTESIAN_POINT('',(45.4,12.,23.4));
#2473 = VECTOR('',#2474,1.);
#2474 = DIRECTION('',(-0.707106781187,-1.731912112471E-16,
    -0.707106781187));
#2475 = ORIENTED_EDGE('',*,*,#2091,.F.);
#2476 = ORIENTED_EDGE('',*,*,#2468,.F.);
#2477 = ORIENTED_EDGE('',*,*,#2478,.T.);
#2478 = EDGE_CURVE('',#2469,#2479,#2481,.T.);
#2479 = VERTEX_POINT('',#2480);
#2480 = CARTESIAN_POINT('',(48.6,12.,23.4));
#2481 = CIRCLE('',#2482,1.6);
#2482 = AXIS2_PLACEMENT_3D('',#2483,#2484,#2485);
#2483 = CARTESIAN_POINT('',(47.,12.,23.4));
#2484 = DIRECTION('',(-0.,0.,-1.));
#2485 = DIRECTION('',(-1.,0.,0.));
#2486 = ORIENTED_EDGE('',*,*,#2487,.T.);
#2487 = EDGE_CURVE('',#2479,#2469,#2488,.T.);
#2488 = CIRCLE('',#2489,1.6);
#2489 = AXIS2_PLACEMENT_3D('',#2490,#2491,#2492);
#2490 = CARTESIAN_POINT('',(47.,12.,23.4));
#2491 = DIRECTION('',(-0.,0.,-1.));
#2492 = DIRECTION('',(-1.,0.,0.));
#2493 = CONICAL_SURFACE('',#2494,1.6,0.785398163397);
#2494 = AXIS2_PLACEMENT_3D('',#2495,#2496,#2497);
#2495 = CARTESIAN_POINT('',(47.,12.,23.4));
#2496 = DIRECTION('',(-0.,-0.,-1.));
#2497 = DIRECTION('',(-1.,0.,0.));
#2498 = ADVANCED_FACE('',(#2499,#2502),#2513,.F.);
#2499 = FACE_BOUND('',#2500,.F.);
#2500 = EDGE_LOOP('',(#2501));
#2501 = ORIENTED_EDGE('',*,*,#2117,.T.);
#2502 = FACE_BOUND('',#2503,.F.);
#2503 = EDGE_LOOP('',(#2504));
#2504 = ORIENTED_EDGE('',*,*,#2505,.F.);
#2505 = EDGE_CURVE('',#2506,#2506,#2508,.T.);
#2506 = VERTEX_POINT('',#2507);
#2507 = CARTESIAN_POINT('',(-2.5,-4.5,29.));
#2508 = CIRCLE('',#2509,2.);
#2509 = AXIS2_PLACEMENT_3D('',#2510,#2511,#2512);
#2510 = CARTESIAN_POINT('',(-4.5,-4.5,29.));
#2511 = DIRECTION('',(0.,0.,1.));
#2512 = DIRECTION('',(1.,0.,-0.));
#2513 = PLANE('',#2514);
#2514 = AXIS2_PLACEMENT_3D('',#2515,#2516,#2517);
#2515 = CARTESIAN_POINT('',(-4.5,-4.5,29.));
#2516 = DIRECTION('',(0.,0.,1.));
#2517 = DIRECTION('',(1.,0.,-0.));
#2518 = ADVANCED_FACE('',(#2519,#2522),#2533,.F.);
#2519 = FACE_BOUND('',#2520,.F.);
#2520 = EDGE_LOOP('',(#2521));
#2521 = ORIENTED_EDGE('',*,*,#2143,.T.);
#2522 = FACE_BOUND('',#2523,.F.);
#2523 = EDGE_LOOP('',(#2524));
#2524 = ORIENTED_EDGE('',*,*,#2525,.F.);
#2525 = EDGE_CURVE('',#2526,#2526,#2528,.T.);
#2526 = VERTEX_POINT('',#2527);
#2527 = CARTESIAN_POINT('',(75.5,54.5,29.));
#2528 = CIRCLE('',#2529,2.);
#2529 = AXIS2_PLACEMENT_3D('',#2530,#2531,#2532);
#2530 = CARTESIAN_POINT('',(73.5,54.5,29.));
#2531 = DIRECTION('',(0.,0.,1.));
#2532 = DIRECTION('',(1.,0.,-0.));
#2533 = PLANE('',#2534);
#2534 = AXIS2_PLACEMENT_3D('',#2535,#2536,#2537);
#2535 = CARTESIAN_POINT('',(73.5,54.5,29.));
#2536 = DIRECTION('',(0.,0.,1.));
#2537 = DIRECTION('',(1.,0.,-0.));
#2538 = ADVANCED_FACE('',(#2539,#2542),#2553,.F.);
#2539 = FACE_BOUND('',#2540,.F.);
#2540 = EDGE_LOOP('',(#2541));
#2541 = ORIENTED_EDGE('',*,*,#2406,.T.);
#2542 = FACE_BOUND('',#2543,.F.);
#2543 = EDGE_LOOP('',(#2544));
#2544 = ORIENTED_EDGE('',*,*,#2545,.F.);
#2545 = EDGE_CURVE('',#2546,#2546,#2548,.T.);
#2546 = VERTEX_POINT('',#2547);
#2547 = CARTESIAN_POINT('',(-2.5,54.5,29.));
#2548 = CIRCLE('',#2549,2.);
#2549 = AXIS2_PLACEMENT_3D('',#2550,#2551,#2552);
#2550 = CARTESIAN_POINT('',(-4.5,54.5,29.));
#2551 = DIRECTION('',(0.,0.,1.));
#2552 = DIRECTION('',(1.,0.,-0.));
#2553 = PLANE('',#2554);
#2554 = AXIS2_PLACEMENT_3D('',#2555,#2556,#2557);
#2555 = CARTESIAN_POINT('',(-4.5,54.5,29.));
#2556 = DIRECTION('',(0.,0.,1.));
#2557 = DIRECTION('',(1.,0.,-0.));
#2558 = ADVANCED_FACE('',(#2559),#2571,.F.);
#2559 = FACE_BOUND('',#2560,.F.);
#2560 = EDGE_LOOP('',(#2561,#2567,#2568,#2569,#2570));
#2561 = ORIENTED_EDGE('',*,*,#2562,.T.);
#2562 = EDGE_CURVE('',#2479,#2425,#2563,.T.);
#2563 = LINE('',#2564,#2565);
#2564 = CARTESIAN_POINT('',(48.6,12.,22.));
#2565 = VECTOR('',#2566,1.);
#2566 = DIRECTION('',(0.,0.,1.));
#2567 = ORIENTED_EDGE('',*,*,#2432,.F.);
#2568 = ORIENTED_EDGE('',*,*,#2562,.F.);
#2569 = ORIENTED_EDGE('',*,*,#2478,.F.);
#2570 = ORIENTED_EDGE('',*,*,#2487,.F.);
#2571 = CYLINDRICAL_SURFACE('',#2572,1.6);
#2572 = AXIS2_PLACEMENT_3D('',#2573,#2574,#2575);
#2573 = CARTESIAN_POINT('',(47.,12.,22.));
#2574 = DIRECTION('',(0.,0.,1.));
#2575 = DIRECTION('',(1.,0.,-0.));
#2576 = ADVANCED_FACE('',(#2577),#2596,.F.);
#2577 = FACE_BOUND('',#2578,.F.);
#2578 = EDGE_LOOP('',(#2579,#2580,#2588,#2595));
#2579 = ORIENTED_EDGE('',*,*,#2451,.T.);
#2580 = ORIENTED_EDGE('',*,*,#2581,.T.);
#2581 = EDGE_CURVE('',#2452,#2582,#2584,.T.);
#2582 = VERTEX_POINT('',#2583);
#2583 = CARTESIAN_POINT('',(75.5,-4.5,35.));
#2584 = LINE('',#2585,#2586);
#2585 = CARTESIAN_POINT('',(75.5,-4.5,27.99));
#2586 = VECTOR('',#2587,1.);
#2587 = DIRECTION('',(0.,0.,1.));
#2588 = ORIENTED_EDGE('',*,*,#2589,.F.);
#2589 = EDGE_CURVE('',#2582,#2582,#2590,.T.);
#2590 = CIRCLE('',#2591,2.);
#2591 = AXIS2_PLACEMENT_3D('',#2592,#2593,#2594);
#2592 = CARTESIAN_POINT('',(73.5,-4.5,35.));
#2593 = DIRECTION('',(0.,0.,1.));
#2594 = DIRECTION('',(1.,0.,-0.));
#2595 = ORIENTED_EDGE('',*,*,#2581,.F.);
#2596 = CYLINDRICAL_SURFACE('',#2597,2.);
#2597 = AXIS2_PLACEMENT_3D('',#2598,#2599,#2600);
#2598 = CARTESIAN_POINT('',(73.5,-4.5,27.99));
#2599 = DIRECTION('',(0.,0.,1.));
#2600 = DIRECTION('',(1.,0.,-0.));
#2601 = ADVANCED_FACE('',(#2602),#2621,.F.);
#2602 = FACE_BOUND('',#2603,.F.);
#2603 = EDGE_LOOP('',(#2604,#2605,#2613,#2620));
#2604 = ORIENTED_EDGE('',*,*,#2505,.T.);
#2605 = ORIENTED_EDGE('',*,*,#2606,.T.);
#2606 = EDGE_CURVE('',#2506,#2607,#2609,.T.);
#2607 = VERTEX_POINT('',#2608);
#2608 = CARTESIAN_POINT('',(-2.5,-4.5,35.));
#2609 = LINE('',#2610,#2611);
#2610 = CARTESIAN_POINT('',(-2.5,-4.5,27.99));
#2611 = VECTOR('',#2612,1.);
#2612 = DIRECTION('',(0.,0.,1.));
#2613 = ORIENTED_EDGE('',*,*,#2614,.F.);
#2614 = EDGE_CURVE('',#2607,#2607,#2615,.T.);
#2615 = CIRCLE('',#2616,2.);
#2616 = AXIS2_PLACEMENT_3D('',#2617,#2618,#2619);
#2617 = CARTESIAN_POINT('',(-4.5,-4.5,35.));
#2618 = DIRECTION('',(0.,0.,1.));
#2619 = DIRECTION('',(1.,0.,-0.));
#2620 = ORIENTED_EDGE('',*,*,#2606,.F.);
#2621 = CYLINDRICAL_SURFACE('',#2622,2.);
#2622 = AXIS2_PLACEMENT_3D('',#2623,#2624,#2625);
#2623 = CARTESIAN_POINT('',(-4.5,-4.5,27.99));
#2624 = DIRECTION('',(0.,0.,1.));
#2625 = DIRECTION('',(1.,0.,-0.));
#2626 = ADVANCED_FACE('',(#2627),#2646,.F.);
#2627 = FACE_BOUND('',#2628,.F.);
#2628 = EDGE_LOOP('',(#2629,#2630,#2638,#2645));
#2629 = ORIENTED_EDGE('',*,*,#2525,.T.);
#2630 = ORIENTED_EDGE('',*,*,#2631,.T.);
#2631 = EDGE_CURVE('',#2526,#2632,#2634,.T.);
#2632 = VERTEX_POINT('',#2633);
#2633 = CARTESIAN_POINT('',(75.5,54.5,35.));
#2634 = LINE('',#2635,#2636);
#2635 = CARTESIAN_POINT('',(75.5,54.5,27.99));
#2636 = VECTOR('',#2637,1.);
#2637 = DIRECTION('',(0.,0.,1.));
#2638 = ORIENTED_EDGE('',*,*,#2639,.F.);
#2639 = EDGE_CURVE('',#2632,#2632,#2640,.T.);
#2640 = CIRCLE('',#2641,2.);
#2641 = AXIS2_PLACEMENT_3D('',#2642,#2643,#2644);
#2642 = CARTESIAN_POINT('',(73.5,54.5,35.));
#2643 = DIRECTION('',(0.,0.,1.));
#2644 = DIRECTION('',(1.,0.,-0.));
#2645 = ORIENTED_EDGE('',*,*,#2631,.F.);
#2646 = CYLINDRICAL_SURFACE('',#2647,2.);
#2647 = AXIS2_PLACEMENT_3D('',#2648,#2649,#2650);
#2648 = CARTESIAN_POINT('',(73.5,54.5,27.99));
#2649 = DIRECTION('',(0.,0.,1.));
#2650 = DIRECTION('',(1.,0.,-0.));
#2651 = ADVANCED_FACE('',(#2652),#2671,.F.);
#2652 = FACE_BOUND('',#2653,.F.);
#2653 = EDGE_LOOP('',(#2654,#2655,#2663,#2670));
#2654 = ORIENTED_EDGE('',*,*,#2545,.T.);
#2655 = ORIENTED_EDGE('',*,*,#2656,.T.);
#2656 = EDGE_CURVE('',#2546,#2657,#2659,.T.);
#2657 = VERTEX_POINT('',#2658);
#2658 = CARTESIAN_POINT('',(-2.5,54.5,35.));
#2659 = LINE('',#2660,#2661);
#2660 = CARTESIAN_POINT('',(-2.5,54.5,27.99));
#2661 = VECTOR('',#2662,1.);
#2662 = DIRECTION('',(0.,0.,1.));
#2663 = ORIENTED_EDGE('',*,*,#2664,.F.);
#2664 = EDGE_CURVE('',#2657,#2657,#2665,.T.);
#2665 = CIRCLE('',#2666,2.);
#2666 = AXIS2_PLACEMENT_3D('',#2667,#2668,#2669);
#2667 = CARTESIAN_POINT('',(-4.5,54.5,35.));
#2668 = DIRECTION('',(0.,0.,1.));
#2669 = DIRECTION('',(1.,0.,-0.));
#2670 = ORIENTED_EDGE('',*,*,#2656,.F.);
#2671 = CYLINDRICAL_SURFACE('',#2672,2.);
#2672 = AXIS2_PLACEMENT_3D('',#2673,#2674,#2675);
#2673 = CARTESIAN_POINT('',(-4.5,54.5,27.99));
#2674 = DIRECTION('',(0.,0.,1.));
#2675 = DIRECTION('',(1.,0.,-0.));
#2676 = ADVANCED_FACE('',(#2677),#2680,.F.);
#2677 = FACE_BOUND('',#2678,.F.);
#2678 = EDGE_LOOP('',(#2679));
#2679 = ORIENTED_EDGE('',*,*,#2589,.T.);
#2680 = PLANE('',#2681);
#2681 = AXIS2_PLACEMENT_3D('',#2682,#2683,#2684);
#2682 = CARTESIAN_POINT('',(73.5,-4.5,35.));
#2683 = DIRECTION('',(0.,0.,1.));
#2684 = DIRECTION('',(1.,0.,-0.));
#2685 = ADVANCED_FACE('',(#2686),#2689,.F.);
#2686 = FACE_BOUND('',#2687,.F.);
#2687 = EDGE_LOOP('',(#2688));
#2688 = ORIENTED_EDGE('',*,*,#2614,.T.);
#2689 = PLANE('',#2690);
#2690 = AXIS2_PLACEMENT_3D('',#2691,#2692,#2693);
#2691 = CARTESIAN_POINT('',(-4.5,-4.5,35.));
#2692 = DIRECTION('',(0.,0.,1.));
#2693 = DIRECTION('',(1.,0.,-0.));
#2694 = ADVANCED_FACE('',(#2695),#2698,.F.);
#2695 = FACE_BOUND('',#2696,.F.);
#2696 = EDGE_LOOP('',(#2697));
#2697 = ORIENTED_EDGE('',*,*,#2639,.T.);
#2698 = PLANE('',#2699);
#2699 = AXIS2_PLACEMENT_3D('',#2700,#2701,#2702);
#2700 = CARTESIAN_POINT('',(73.5,54.5,35.));
#2701 = DIRECTION('',(0.,0.,1.));
#2702 = DIRECTION('',(1.,0.,-0.));
#2703 = ADVANCED_FACE('',(#2704),#2707,.F.);
#2704 = FACE_BOUND('',#2705,.F.);
#2705 = EDGE_LOOP('',(#2706));
#2706 = ORIENTED_EDGE('',*,*,#2664,.T.);
#2707 = PLANE('',#2708);
#2708 = AXIS2_PLACEMENT_3D('',#2709,#2710,#2711);
#2709 = CARTESIAN_POINT('',(-4.5,54.5,35.));
#2710 = DIRECTION('',(0.,0.,1.));
#2711 = DIRECTION('',(1.,0.,-0.));
#2712 = ( GEOMETRIC_REPRESENTATION_CONTEXT(3) 
GLOBAL_UNCERTAINTY_ASSIGNED_CONTEXT((#2716)) 
GLOBAL_UNIT_ASSIGNED_CONTEXT((#2713,#2714,#2715)) REPRESENTATION_CONTEXT
('Context #1','3D Context with UNIT and UNCERTAINTY') );
#2713 = ( LENGTH_UNIT() NAMED_UNIT(*) SI_UNIT(.MILLI.,.METRE.) );
#2714 = ( NAMED_UNIT(*) PLANE_ANGLE_UNIT() SI_UNIT($,.RADIAN.) );
#2715 = ( NAMED_UNIT(*) SI_UNIT($,.STERADIAN.) SOLID_ANGLE_UNIT() );
#2716 = UNCERTAINTY_MEASURE_WITH_UNIT(LENGTH_MEASURE(5.E-07),#2713,
  'distance_accuracy_value','confusion accuracy');
#2717 = PRODUCT_RELATED_PRODUCT_CATEGORY('part',$,(#7));
ENDSEC;
END-ISO-10303-21;
