ISO-10303-21;
HEADER;
FILE_DESCRIPTION(('FreeCAD Model'),'2;1');
FILE_NAME('Open CASCADE Shape Model','2026-09-27T15:22:53',('FreeCAD'),(
    'FreeCAD'),'Open CASCADE STEP processor 7.8','FreeCAD','Unknown');
FILE_SCHEMA(('AUTOMOTIVE_DESIGN { 1 0 10303 214 1 1 1 1 }'));
ENDSEC;
DATA;
#1 = APPLICATION_PROTOCOL_DEFINITION('international standard',
  'automotive_design',2000,#2);
#2 = APPLICATION_CONTEXT(
  'core data for automotive mechanical design processes');
#3 = SHAPE_DEFINITION_REPRESENTATION(#4,#10);
#4 = PRODUCT_DEFINITION_SHAPE('','',#5);
#5 = PRODUCT_DEFINITION('design','',#6,#9);
#6 = PRODUCT_DEFINITION_FORMATION('','',#7);
#7 = PRODUCT('Open CASCADE STEP translator 7.8 7',
  'Open CASCADE STEP translator 7.8 7','',(#8));
#8 = PRODUCT_CONTEXT('',#2,'mechanical');
#9 = PRODUCT_DEFINITION_CONTEXT('part definition',#2,'design');
#10 = SHAPE_REPRESENTATION('',(#11,#15,#7916,#10613,#11732,#13217,#14121
    ,#15606),#16510);
#11 = AXIS2_PLACEMENT_3D('',#12,#13,#14);
#12 = CARTESIAN_POINT('',(0.,0.,0.));
#13 = DIRECTION('',(0.,0.,1.));
#14 = DIRECTION('',(1.,0.,-0.));
#15 = MANIFOLD_SOLID_BREP('',#16);
#16 = CLOSED_SHELL('',(#17,#189,#338,#363,#504,#521,#1128,#1153,#1178,
    #1497,#1646,#1671,#1812,#1829,#1846,#1863,#1920,#1937,#2080,#2104,
    #2128,#2152,#2176,#2193,#2210,#2227,#2244,#2261,#2278,#2290,#2302,
    #2381,#2398,#2415,#2432,#2449,#2466,#2483,#2495,#2512,#2524,#2541,
    #2558,#2575,#2594,#2613,#2630,#2647,#2664,#2681,#2754,#2788,#2819,
    #2843,#2867,#2892,#2909,#2940,#2964,#2988,#3005,#3039,#3070,#3094,
    #3118,#3142,#3160,#3191,#3215,#3239,#3256,#3287,#3312,#3336,#3360,
    #3377,#3411,#3442,#3466,#3490,#3507,#3538,#3562,#3586,#3603,#3634,
    #3658,#3682,#3699,#3730,#3755,#3779,#3803,#3820,#3854,#3879,#3904,
    #3929,#3961,#3985,#4009,#4034,#4059,#4083,#4107,#4125,#4150,#4167,
    #4179,#4191,#4208,#4225,#4242,#4259,#4271,#4283,#4308,#4339,#4363,
    #4387,#4404,#4429,#4455,#4468,#4480,#4506,#4519,#4531,#4544,#4570,
    #4582,#4594,#4606,#4619,#4645,#4670,#4695,#4720,#4806,#4831,#4922,
    #4945,#4965,#4985,#5005,#5025,#5045,#5065,#5085,#5105,#5137,#5161,
    #5186,#5210,#5235,#5259,#5284,#5301,#5321,#5421,#5445,#5469,#5486,
    #5529,#5724,#5771,#5978,#5995,#6020,#6045,#6070,#6095,#6120,#6145,
    #6170,#6195,#6220,#6245,#6257,#6308,#6342,#6386,#6403,#6461,#6485,
    #6509,#6549,#6573,#6613,#6637,#6654,#6678,#6725,#6749,#6773,#6798,
    #6816,#6826,#6843,#6855,#6879,#6903,#6920,#6944,#6968,#6985,#7010,
    #7035,#7066,#7090,#7114,#7131,#7156,#7187,#7211,#7235,#7252,#7261,
    #7295,#7307,#7319,#7331,#7343,#7374,#7462,#7486,#7503,#7525,#7543,
    #7555,#7567,#7584,#7596,#7608,#7617,#7626,#7638,#7658,#7670,#7728,
    #7752,#7776,#7793,#7817,#7841,#7858,#7883,#7895,#7907));
#17 = ADVANCED_FACE('',(#18,#84,#118),#184,.F.);
#18 = FACE_BOUND('',#19,.F.);
#19 = EDGE_LOOP('',(#20,#30,#38,#46,#54,#62,#70,#78));
#20 = ORIENTED_EDGE('',*,*,#21,.F.);
#21 = EDGE_CURVE('',#22,#24,#26,.T.);
#22 = VERTEX_POINT('',#23);
#23 = CARTESIAN_POINT('',(6.5,-4.6,-2.));
#24 = VERTEX_POINT('',#25);
#25 = CARTESIAN_POINT('',(6.5,-4.6,-1.));
#26 = LINE('',#27,#28);
#27 = CARTESIAN_POINT('',(6.5,-4.6,-7.5));
#28 = VECTOR('',#29,1.);
#29 = DIRECTION('',(0.,-0.,1.));
#30 = ORIENTED_EDGE('',*,*,#31,.T.);
#31 = EDGE_CURVE('',#22,#32,#34,.T.);
#32 = VERTEX_POINT('',#33);
#33 = CARTESIAN_POINT('',(6.5,-4.6,-6.));
#34 = LINE('',#35,#36);
#35 = CARTESIAN_POINT('',(6.5,-4.6,-7.5));
#36 = VECTOR('',#37,1.);
#37 = DIRECTION('',(-0.,0.,-1.));
#38 = ORIENTED_EDGE('',*,*,#39,.T.);
#39 = EDGE_CURVE('',#32,#40,#42,.T.);
#40 = VERTEX_POINT('',#41);
#41 = CARTESIAN_POINT('',(6.5,-4.6,-8.4));
#42 = LINE('',#43,#44);
#43 = CARTESIAN_POINT('',(6.5,-4.6,-7.5));
#44 = VECTOR('',#45,1.);
#45 = DIRECTION('',(-0.,0.,-1.));
#46 = ORIENTED_EDGE('',*,*,#47,.T.);
#47 = EDGE_CURVE('',#40,#48,#50,.T.);
#48 = VERTEX_POINT('',#49);
#49 = CARTESIAN_POINT('',(12.5,-4.6,-8.4));
#50 = LINE('',#51,#52);
#51 = CARTESIAN_POINT('',(6.5,-4.6,-8.4));
#52 = VECTOR('',#53,1.);
#53 = DIRECTION('',(1.,0.,-0.));
#54 = ORIENTED_EDGE('',*,*,#55,.F.);
#55 = EDGE_CURVE('',#56,#48,#58,.T.);
#56 = VERTEX_POINT('',#57);
#57 = CARTESIAN_POINT('',(12.5,-4.6,-6.));
#58 = LINE('',#59,#60);
#59 = CARTESIAN_POINT('',(12.5,-4.6,-7.5));
#60 = VECTOR('',#61,1.);
#61 = DIRECTION('',(-0.,0.,-1.));
#62 = ORIENTED_EDGE('',*,*,#63,.F.);
#63 = EDGE_CURVE('',#64,#56,#66,.T.);
#64 = VERTEX_POINT('',#65);
#65 = CARTESIAN_POINT('',(12.5,-4.6,-2.));
#66 = LINE('',#67,#68);
#67 = CARTESIAN_POINT('',(12.5,-4.6,-7.5));
#68 = VECTOR('',#69,1.);
#69 = DIRECTION('',(-0.,0.,-1.));
#70 = ORIENTED_EDGE('',*,*,#71,.T.);
#71 = EDGE_CURVE('',#64,#72,#74,.T.);
#72 = VERTEX_POINT('',#73);
#73 = CARTESIAN_POINT('',(12.5,-4.6,-1.));
#74 = LINE('',#75,#76);
#75 = CARTESIAN_POINT('',(12.5,-4.6,-7.5));
#76 = VECTOR('',#77,1.);
#77 = DIRECTION('',(0.,-0.,1.));
#78 = ORIENTED_EDGE('',*,*,#79,.F.);
#79 = EDGE_CURVE('',#24,#72,#80,.T.);
#80 = LINE('',#81,#82);
#81 = CARTESIAN_POINT('',(6.5,-4.6,-1.));
#82 = VECTOR('',#83,1.);
#83 = DIRECTION('',(1.,0.,-0.));
#84 = FACE_BOUND('',#85,.F.);
#85 = EDGE_LOOP('',(#86,#96,#104,#112));
#86 = ORIENTED_EDGE('',*,*,#87,.F.);
#87 = EDGE_CURVE('',#88,#90,#92,.T.);
#88 = VERTEX_POINT('',#89);
#89 = CARTESIAN_POINT('',(2.,-4.6,-9.));
#90 = VERTEX_POINT('',#91);
#91 = CARTESIAN_POINT('',(67.,-4.6,-9.));
#92 = LINE('',#93,#94);
#93 = CARTESIAN_POINT('',(-4.6,-4.6,-9.));
#94 = VECTOR('',#95,1.);
#95 = DIRECTION('',(1.,0.,-0.));
#96 = ORIENTED_EDGE('',*,*,#97,.T.);
#97 = EDGE_CURVE('',#88,#98,#100,.T.);
#98 = VERTEX_POINT('',#99);
#99 = CARTESIAN_POINT('',(2.,-4.6,28.));
#100 = LINE('',#101,#102);
#101 = CARTESIAN_POINT('',(2.,-4.6,-9.));
#102 = VECTOR('',#103,1.);
#103 = DIRECTION('',(0.,0.,1.));
#104 = ORIENTED_EDGE('',*,*,#105,.T.);
#105 = EDGE_CURVE('',#98,#106,#108,.T.);
#106 = VERTEX_POINT('',#107);
#107 = CARTESIAN_POINT('',(67.,-4.6,28.));
#108 = LINE('',#109,#110);
#109 = CARTESIAN_POINT('',(-4.6,-4.6,28.));
#110 = VECTOR('',#111,1.);
#111 = DIRECTION('',(1.,0.,-0.));
#112 = ORIENTED_EDGE('',*,*,#113,.F.);
#113 = EDGE_CURVE('',#90,#106,#114,.T.);
#114 = LINE('',#115,#116);
#115 = CARTESIAN_POINT('',(67.,-4.6,-9.));
#116 = VECTOR('',#117,1.);
#117 = DIRECTION('',(0.,0.,1.));
#118 = FACE_BOUND('',#119,.F.);
#119 = EDGE_LOOP('',(#120,#130,#138,#146,#154,#162,#170,#178));
#120 = ORIENTED_EDGE('',*,*,#121,.F.);
#121 = EDGE_CURVE('',#122,#124,#126,.T.);
#122 = VERTEX_POINT('',#123);
#123 = CARTESIAN_POINT('',(56.5,-4.6,-2.));
#124 = VERTEX_POINT('',#125);
#125 = CARTESIAN_POINT('',(56.5,-4.6,-1.));
#126 = LINE('',#127,#128);
#127 = CARTESIAN_POINT('',(56.5,-4.6,-7.5));
#128 = VECTOR('',#129,1.);
#129 = DIRECTION('',(0.,-0.,1.));
#130 = ORIENTED_EDGE('',*,*,#131,.T.);
#131 = EDGE_CURVE('',#122,#132,#134,.T.);
#132 = VERTEX_POINT('',#133);
#133 = CARTESIAN_POINT('',(56.5,-4.6,-6.));
#134 = LINE('',#135,#136);
#135 = CARTESIAN_POINT('',(56.5,-4.6,-7.5));
#136 = VECTOR('',#137,1.);
#137 = DIRECTION('',(-0.,0.,-1.));
#138 = ORIENTED_EDGE('',*,*,#139,.T.);
#139 = EDGE_CURVE('',#132,#140,#142,.T.);
#140 = VERTEX_POINT('',#141);
#141 = CARTESIAN_POINT('',(56.5,-4.6,-8.4));
#142 = LINE('',#143,#144);
#143 = CARTESIAN_POINT('',(56.5,-4.6,-7.5));
#144 = VECTOR('',#145,1.);
#145 = DIRECTION('',(-0.,0.,-1.));
#146 = ORIENTED_EDGE('',*,*,#147,.T.);
#147 = EDGE_CURVE('',#140,#148,#150,.T.);
#148 = VERTEX_POINT('',#149);
#149 = CARTESIAN_POINT('',(62.5,-4.6,-8.4));
#150 = LINE('',#151,#152);
#151 = CARTESIAN_POINT('',(56.5,-4.6,-8.4));
#152 = VECTOR('',#153,1.);
#153 = DIRECTION('',(1.,0.,-0.));
#154 = ORIENTED_EDGE('',*,*,#155,.F.);
#155 = EDGE_CURVE('',#156,#148,#158,.T.);
#156 = VERTEX_POINT('',#157);
#157 = CARTESIAN_POINT('',(62.5,-4.6,-6.));
#158 = LINE('',#159,#160);
#159 = CARTESIAN_POINT('',(62.5,-4.6,-7.5));
#160 = VECTOR('',#161,1.);
#161 = DIRECTION('',(-0.,0.,-1.));
#162 = ORIENTED_EDGE('',*,*,#163,.F.);
#163 = EDGE_CURVE('',#164,#156,#166,.T.);
#164 = VERTEX_POINT('',#165);
#165 = CARTESIAN_POINT('',(62.5,-4.6,-2.));
#166 = LINE('',#167,#168);
#167 = CARTESIAN_POINT('',(62.5,-4.6,-7.5));
#168 = VECTOR('',#169,1.);
#169 = DIRECTION('',(-0.,0.,-1.));
#170 = ORIENTED_EDGE('',*,*,#171,.T.);
#171 = EDGE_CURVE('',#164,#172,#174,.T.);
#172 = VERTEX_POINT('',#173);
#173 = CARTESIAN_POINT('',(62.5,-4.6,-1.));
#174 = LINE('',#175,#176);
#175 = CARTESIAN_POINT('',(62.5,-4.6,-7.5));
#176 = VECTOR('',#177,1.);
#177 = DIRECTION('',(0.,-0.,1.));
#178 = ORIENTED_EDGE('',*,*,#179,.F.);
#179 = EDGE_CURVE('',#124,#172,#180,.T.);
#180 = LINE('',#181,#182);
#181 = CARTESIAN_POINT('',(56.5,-4.6,-1.));
#182 = VECTOR('',#183,1.);
#183 = DIRECTION('',(1.,0.,-0.));
#184 = PLANE('',#185);
#185 = AXIS2_PLACEMENT_3D('',#186,#187,#188);
#186 = CARTESIAN_POINT('',(-4.6,-4.6,-9.));
#187 = DIRECTION('',(-0.,1.,0.));
#188 = DIRECTION('',(0.,0.,1.));
#189 = ADVANCED_FACE('',(#190),#333,.T.);
#190 = FACE_BOUND('',#191,.T.);
#191 = EDGE_LOOP('',(#192,#202,#209,#210,#211,#212,#221,#229,#237,#245,
    #253,#261,#269,#277,#285,#293,#302,#310,#318,#326));
#192 = ORIENTED_EDGE('',*,*,#193,.F.);
#193 = EDGE_CURVE('',#194,#196,#198,.T.);
#194 = VERTEX_POINT('',#195);
#195 = CARTESIAN_POINT('',(6.5,-3.6,-2.));
#196 = VERTEX_POINT('',#197);
#197 = CARTESIAN_POINT('',(6.5,53.6,-2.));
#198 = LINE('',#199,#200);
#199 = CARTESIAN_POINT('',(6.5,-24.6,-2.));
#200 = VECTOR('',#201,1.);
#201 = DIRECTION('',(-0.,1.,0.));
#202 = ORIENTED_EDGE('',*,*,#203,.F.);
#203 = EDGE_CURVE('',#24,#194,#204,.T.);
#204 = CIRCLE('',#205,1.);
#205 = AXIS2_PLACEMENT_3D('',#206,#207,#208);
#206 = CARTESIAN_POINT('',(6.5,-3.6,-1.));
#207 = DIRECTION('',(1.,0.,-0.));
#208 = DIRECTION('',(0.,0.,1.));
#209 = ORIENTED_EDGE('',*,*,#21,.F.);
#210 = ORIENTED_EDGE('',*,*,#31,.T.);
#211 = ORIENTED_EDGE('',*,*,#39,.T.);
#212 = ORIENTED_EDGE('',*,*,#213,.T.);
#213 = EDGE_CURVE('',#40,#214,#216,.T.);
#214 = VERTEX_POINT('',#215);
#215 = CARTESIAN_POINT('',(6.5,-2.2,-6.));
#216 = CIRCLE('',#217,2.4);
#217 = AXIS2_PLACEMENT_3D('',#218,#219,#220);
#218 = CARTESIAN_POINT('',(6.5,-2.2,-8.4));
#219 = DIRECTION('',(-1.,-0.,0.));
#220 = DIRECTION('',(0.,0.,1.));
#221 = ORIENTED_EDGE('',*,*,#222,.T.);
#222 = EDGE_CURVE('',#214,#223,#225,.T.);
#223 = VERTEX_POINT('',#224);
#224 = CARTESIAN_POINT('',(6.5,5.,-6.));
#225 = LINE('',#226,#227);
#226 = CARTESIAN_POINT('',(6.5,-24.6,-6.));
#227 = VECTOR('',#228,1.);
#228 = DIRECTION('',(-0.,1.,0.));
#229 = ORIENTED_EDGE('',*,*,#230,.T.);
#230 = EDGE_CURVE('',#223,#231,#233,.T.);
#231 = VERTEX_POINT('',#232);
#232 = CARTESIAN_POINT('',(6.5,5.,-2.5));
#233 = LINE('',#234,#235);
#234 = CARTESIAN_POINT('',(6.5,5.,-6.));
#235 = VECTOR('',#236,1.);
#236 = DIRECTION('',(0.,0.,1.));
#237 = ORIENTED_EDGE('',*,*,#238,.F.);
#238 = EDGE_CURVE('',#239,#231,#241,.T.);
#239 = VERTEX_POINT('',#240);
#240 = CARTESIAN_POINT('',(6.5,13.,-2.5));
#241 = LINE('',#242,#243);
#242 = CARTESIAN_POINT('',(6.5,-9.8,-2.5));
#243 = VECTOR('',#244,1.);
#244 = DIRECTION('',(0.,-1.,0.));
#245 = ORIENTED_EDGE('',*,*,#246,.F.);
#246 = EDGE_CURVE('',#247,#239,#249,.T.);
#247 = VERTEX_POINT('',#248);
#248 = CARTESIAN_POINT('',(6.5,13.,-6.));
#249 = LINE('',#250,#251);
#250 = CARTESIAN_POINT('',(6.5,13.,-6.));
#251 = VECTOR('',#252,1.);
#252 = DIRECTION('',(0.,0.,1.));
#253 = ORIENTED_EDGE('',*,*,#254,.T.);
#254 = EDGE_CURVE('',#247,#255,#257,.T.);
#255 = VERTEX_POINT('',#256);
#256 = CARTESIAN_POINT('',(6.5,37.,-6.));
#257 = LINE('',#258,#259);
#258 = CARTESIAN_POINT('',(6.5,-24.6,-6.));
#259 = VECTOR('',#260,1.);
#260 = DIRECTION('',(-0.,1.,0.));
#261 = ORIENTED_EDGE('',*,*,#262,.T.);
#262 = EDGE_CURVE('',#255,#263,#265,.T.);
#263 = VERTEX_POINT('',#264);
#264 = CARTESIAN_POINT('',(6.5,37.,-2.5));
#265 = LINE('',#266,#267);
#266 = CARTESIAN_POINT('',(6.5,37.,-6.));
#267 = VECTOR('',#268,1.);
#268 = DIRECTION('',(0.,0.,1.));
#269 = ORIENTED_EDGE('',*,*,#270,.F.);
#270 = EDGE_CURVE('',#271,#263,#273,.T.);
#271 = VERTEX_POINT('',#272);
#272 = CARTESIAN_POINT('',(6.5,45.,-2.5));
#273 = LINE('',#274,#275);
#274 = CARTESIAN_POINT('',(6.5,6.2,-2.5));
#275 = VECTOR('',#276,1.);
#276 = DIRECTION('',(0.,-1.,0.));
#277 = ORIENTED_EDGE('',*,*,#278,.F.);
#278 = EDGE_CURVE('',#279,#271,#281,.T.);
#279 = VERTEX_POINT('',#280);
#280 = CARTESIAN_POINT('',(6.5,45.,-6.));
#281 = LINE('',#282,#283);
#282 = CARTESIAN_POINT('',(6.5,45.,-6.));
#283 = VECTOR('',#284,1.);
#284 = DIRECTION('',(0.,0.,1.));
#285 = ORIENTED_EDGE('',*,*,#286,.T.);
#286 = EDGE_CURVE('',#279,#287,#289,.T.);
#287 = VERTEX_POINT('',#288);
#288 = CARTESIAN_POINT('',(6.5,52.2,-6.));
#289 = LINE('',#290,#291);
#290 = CARTESIAN_POINT('',(6.5,-24.6,-6.));
#291 = VECTOR('',#292,1.);
#292 = DIRECTION('',(-0.,1.,0.));
#293 = ORIENTED_EDGE('',*,*,#294,.F.);
#294 = EDGE_CURVE('',#295,#287,#297,.T.);
#295 = VERTEX_POINT('',#296);
#296 = CARTESIAN_POINT('',(6.5,54.6,-8.4));
#297 = CIRCLE('',#298,2.4);
#298 = AXIS2_PLACEMENT_3D('',#299,#300,#301);
#299 = CARTESIAN_POINT('',(6.5,52.2,-8.4));
#300 = DIRECTION('',(1.,0.,-0.));
#301 = DIRECTION('',(0.,0.,1.));
#302 = ORIENTED_EDGE('',*,*,#303,.F.);
#303 = EDGE_CURVE('',#304,#295,#306,.T.);
#304 = VERTEX_POINT('',#305);
#305 = CARTESIAN_POINT('',(6.5,54.6,-6.));
#306 = LINE('',#307,#308);
#307 = CARTESIAN_POINT('',(6.5,54.6,-7.5));
#308 = VECTOR('',#309,1.);
#309 = DIRECTION('',(-0.,0.,-1.));
#310 = ORIENTED_EDGE('',*,*,#311,.F.);
#311 = EDGE_CURVE('',#312,#304,#314,.T.);
#312 = VERTEX_POINT('',#313);
#313 = CARTESIAN_POINT('',(6.5,54.6,-2.));
#314 = LINE('',#315,#316);
#315 = CARTESIAN_POINT('',(6.5,54.6,-7.5));
#316 = VECTOR('',#317,1.);
#317 = DIRECTION('',(-0.,0.,-1.));
#318 = ORIENTED_EDGE('',*,*,#319,.T.);
#319 = EDGE_CURVE('',#312,#320,#322,.T.);
#320 = VERTEX_POINT('',#321);
#321 = CARTESIAN_POINT('',(6.5,54.6,-1.));
#322 = LINE('',#323,#324);
#323 = CARTESIAN_POINT('',(6.5,54.6,-7.5));
#324 = VECTOR('',#325,1.);
#325 = DIRECTION('',(0.,-0.,1.));
#326 = ORIENTED_EDGE('',*,*,#327,.F.);
#327 = EDGE_CURVE('',#196,#320,#328,.T.);
#328 = CIRCLE('',#329,1.);
#329 = AXIS2_PLACEMENT_3D('',#330,#331,#332);
#330 = CARTESIAN_POINT('',(6.5,53.6,-1.));
#331 = DIRECTION('',(1.,0.,-0.));
#332 = DIRECTION('',(0.,0.,1.));
#333 = PLANE('',#334);
#334 = AXIS2_PLACEMENT_3D('',#335,#336,#337);
#335 = CARTESIAN_POINT('',(6.5,-24.6,-6.));
#336 = DIRECTION('',(1.,0.,-0.));
#337 = DIRECTION('',(0.,0.,1.));
#338 = ADVANCED_FACE('',(#339),#358,.T.);
#339 = FACE_BOUND('',#340,.T.);
#340 = EDGE_LOOP('',(#341,#342,#350,#357));
#341 = ORIENTED_EDGE('',*,*,#203,.T.);
#342 = ORIENTED_EDGE('',*,*,#343,.T.);
#343 = EDGE_CURVE('',#194,#344,#346,.T.);
#344 = VERTEX_POINT('',#345);
#345 = CARTESIAN_POINT('',(12.5,-3.6,-2.));
#346 = LINE('',#347,#348);
#347 = CARTESIAN_POINT('',(6.5,-3.6,-2.));
#348 = VECTOR('',#349,1.);
#349 = DIRECTION('',(1.,0.,-0.));
#350 = ORIENTED_EDGE('',*,*,#351,.F.);
#351 = EDGE_CURVE('',#72,#344,#352,.T.);
#352 = CIRCLE('',#353,1.);
#353 = AXIS2_PLACEMENT_3D('',#354,#355,#356);
#354 = CARTESIAN_POINT('',(12.5,-3.6,-1.));
#355 = DIRECTION('',(1.,0.,-0.));
#356 = DIRECTION('',(0.,0.,1.));
#357 = ORIENTED_EDGE('',*,*,#79,.F.);
#358 = CYLINDRICAL_SURFACE('',#359,1.);
#359 = AXIS2_PLACEMENT_3D('',#360,#361,#362);
#360 = CARTESIAN_POINT('',(6.5,-3.6,-1.));
#361 = DIRECTION('',(1.,0.,-0.));
#362 = DIRECTION('',(0.,-1.,0.));
#363 = ADVANCED_FACE('',(#364),#499,.F.);
#364 = FACE_BOUND('',#365,.F.);
#365 = EDGE_LOOP('',(#366,#374,#375,#376,#377,#378,#387,#395,#403,#411,
    #419,#427,#435,#443,#451,#459,#468,#476,#484,#492));
#366 = ORIENTED_EDGE('',*,*,#367,.F.);
#367 = EDGE_CURVE('',#344,#368,#370,.T.);
#368 = VERTEX_POINT('',#369);
#369 = CARTESIAN_POINT('',(12.5,53.6,-2.));
#370 = LINE('',#371,#372);
#371 = CARTESIAN_POINT('',(12.5,-24.6,-2.));
#372 = VECTOR('',#373,1.);
#373 = DIRECTION('',(-0.,1.,0.));
#374 = ORIENTED_EDGE('',*,*,#351,.F.);
#375 = ORIENTED_EDGE('',*,*,#71,.F.);
#376 = ORIENTED_EDGE('',*,*,#63,.T.);
#377 = ORIENTED_EDGE('',*,*,#55,.T.);
#378 = ORIENTED_EDGE('',*,*,#379,.T.);
#379 = EDGE_CURVE('',#48,#380,#382,.T.);
#380 = VERTEX_POINT('',#381);
#381 = CARTESIAN_POINT('',(12.5,-2.2,-6.));
#382 = CIRCLE('',#383,2.4);
#383 = AXIS2_PLACEMENT_3D('',#384,#385,#386);
#384 = CARTESIAN_POINT('',(12.5,-2.2,-8.4));
#385 = DIRECTION('',(-1.,-0.,0.));
#386 = DIRECTION('',(0.,0.,1.));
#387 = ORIENTED_EDGE('',*,*,#388,.T.);
#388 = EDGE_CURVE('',#380,#389,#391,.T.);
#389 = VERTEX_POINT('',#390);
#390 = CARTESIAN_POINT('',(12.5,5.,-6.));
#391 = LINE('',#392,#393);
#392 = CARTESIAN_POINT('',(12.5,-24.6,-6.));
#393 = VECTOR('',#394,1.);
#394 = DIRECTION('',(-0.,1.,0.));
#395 = ORIENTED_EDGE('',*,*,#396,.T.);
#396 = EDGE_CURVE('',#389,#397,#399,.T.);
#397 = VERTEX_POINT('',#398);
#398 = CARTESIAN_POINT('',(12.5,5.,-2.5));
#399 = LINE('',#400,#401);
#400 = CARTESIAN_POINT('',(12.5,5.,-6.));
#401 = VECTOR('',#402,1.);
#402 = DIRECTION('',(0.,0.,1.));
#403 = ORIENTED_EDGE('',*,*,#404,.F.);
#404 = EDGE_CURVE('',#405,#397,#407,.T.);
#405 = VERTEX_POINT('',#406);
#406 = CARTESIAN_POINT('',(12.5,13.,-2.5));
#407 = LINE('',#408,#409);
#408 = CARTESIAN_POINT('',(12.5,-9.8,-2.5));
#409 = VECTOR('',#410,1.);
#410 = DIRECTION('',(0.,-1.,0.));
#411 = ORIENTED_EDGE('',*,*,#412,.F.);
#412 = EDGE_CURVE('',#413,#405,#415,.T.);
#413 = VERTEX_POINT('',#414);
#414 = CARTESIAN_POINT('',(12.5,13.,-6.));
#415 = LINE('',#416,#417);
#416 = CARTESIAN_POINT('',(12.5,13.,-6.));
#417 = VECTOR('',#418,1.);
#418 = DIRECTION('',(0.,0.,1.));
#419 = ORIENTED_EDGE('',*,*,#420,.T.);
#420 = EDGE_CURVE('',#413,#421,#423,.T.);
#421 = VERTEX_POINT('',#422);
#422 = CARTESIAN_POINT('',(12.5,37.,-6.));
#423 = LINE('',#424,#425);
#424 = CARTESIAN_POINT('',(12.5,-24.6,-6.));
#425 = VECTOR('',#426,1.);
#426 = DIRECTION('',(-0.,1.,0.));
#427 = ORIENTED_EDGE('',*,*,#428,.T.);
#428 = EDGE_CURVE('',#421,#429,#431,.T.);
#429 = VERTEX_POINT('',#430);
#430 = CARTESIAN_POINT('',(12.5,37.,-2.5));
#431 = LINE('',#432,#433);
#432 = CARTESIAN_POINT('',(12.5,37.,-6.));
#433 = VECTOR('',#434,1.);
#434 = DIRECTION('',(0.,0.,1.));
#435 = ORIENTED_EDGE('',*,*,#436,.F.);
#436 = EDGE_CURVE('',#437,#429,#439,.T.);
#437 = VERTEX_POINT('',#438);
#438 = CARTESIAN_POINT('',(12.5,45.,-2.5));
#439 = LINE('',#440,#441);
#440 = CARTESIAN_POINT('',(12.5,6.2,-2.5));
#441 = VECTOR('',#442,1.);
#442 = DIRECTION('',(0.,-1.,0.));
#443 = ORIENTED_EDGE('',*,*,#444,.F.);
#444 = EDGE_CURVE('',#445,#437,#447,.T.);
#445 = VERTEX_POINT('',#446);
#446 = CARTESIAN_POINT('',(12.5,45.,-6.));
#447 = LINE('',#448,#449);
#448 = CARTESIAN_POINT('',(12.5,45.,-6.));
#449 = VECTOR('',#450,1.);
#450 = DIRECTION('',(0.,0.,1.));
#451 = ORIENTED_EDGE('',*,*,#452,.T.);
#452 = EDGE_CURVE('',#445,#453,#455,.T.);
#453 = VERTEX_POINT('',#454);
#454 = CARTESIAN_POINT('',(12.5,52.2,-6.));
#455 = LINE('',#456,#457);
#456 = CARTESIAN_POINT('',(12.5,-24.6,-6.));
#457 = VECTOR('',#458,1.);
#458 = DIRECTION('',(-0.,1.,0.));
#459 = ORIENTED_EDGE('',*,*,#460,.F.);
#460 = EDGE_CURVE('',#461,#453,#463,.T.);
#461 = VERTEX_POINT('',#462);
#462 = CARTESIAN_POINT('',(12.5,54.6,-8.4));
#463 = CIRCLE('',#464,2.4);
#464 = AXIS2_PLACEMENT_3D('',#465,#466,#467);
#465 = CARTESIAN_POINT('',(12.5,52.2,-8.4));
#466 = DIRECTION('',(1.,0.,-0.));
#467 = DIRECTION('',(0.,0.,1.));
#468 = ORIENTED_EDGE('',*,*,#469,.F.);
#469 = EDGE_CURVE('',#470,#461,#472,.T.);
#470 = VERTEX_POINT('',#471);
#471 = CARTESIAN_POINT('',(12.5,54.6,-6.));
#472 = LINE('',#473,#474);
#473 = CARTESIAN_POINT('',(12.5,54.6,-7.5));
#474 = VECTOR('',#475,1.);
#475 = DIRECTION('',(-0.,0.,-1.));
#476 = ORIENTED_EDGE('',*,*,#477,.F.);
#477 = EDGE_CURVE('',#478,#470,#480,.T.);
#478 = VERTEX_POINT('',#479);
#479 = CARTESIAN_POINT('',(12.5,54.6,-2.));
#480 = LINE('',#481,#482);
#481 = CARTESIAN_POINT('',(12.5,54.6,-7.5));
#482 = VECTOR('',#483,1.);
#483 = DIRECTION('',(-0.,0.,-1.));
#484 = ORIENTED_EDGE('',*,*,#485,.T.);
#485 = EDGE_CURVE('',#478,#486,#488,.T.);
#486 = VERTEX_POINT('',#487);
#487 = CARTESIAN_POINT('',(12.5,54.6,-1.));
#488 = LINE('',#489,#490);
#489 = CARTESIAN_POINT('',(12.5,54.6,-7.5));
#490 = VECTOR('',#491,1.);
#491 = DIRECTION('',(0.,-0.,1.));
#492 = ORIENTED_EDGE('',*,*,#493,.F.);
#493 = EDGE_CURVE('',#368,#486,#494,.T.);
#494 = CIRCLE('',#495,1.);
#495 = AXIS2_PLACEMENT_3D('',#496,#497,#498);
#496 = CARTESIAN_POINT('',(12.5,53.6,-1.));
#497 = DIRECTION('',(1.,0.,-0.));
#498 = DIRECTION('',(0.,0.,1.));
#499 = PLANE('',#500);
#500 = AXIS2_PLACEMENT_3D('',#501,#502,#503);
#501 = CARTESIAN_POINT('',(12.5,-24.6,-6.));
#502 = DIRECTION('',(1.,0.,-0.));
#503 = DIRECTION('',(0.,0.,1.));
#504 = ADVANCED_FACE('',(#505),#516,.T.);
#505 = FACE_BOUND('',#506,.F.);
#506 = EDGE_LOOP('',(#507,#508,#514,#515));
#507 = ORIENTED_EDGE('',*,*,#213,.T.);
#508 = ORIENTED_EDGE('',*,*,#509,.T.);
#509 = EDGE_CURVE('',#214,#380,#510,.T.);
#510 = LINE('',#511,#512);
#511 = CARTESIAN_POINT('',(6.5,-2.2,-6.));
#512 = VECTOR('',#513,1.);
#513 = DIRECTION('',(1.,0.,-0.));
#514 = ORIENTED_EDGE('',*,*,#379,.F.);
#515 = ORIENTED_EDGE('',*,*,#47,.F.);
#516 = CYLINDRICAL_SURFACE('',#517,2.4);
#517 = AXIS2_PLACEMENT_3D('',#518,#519,#520);
#518 = CARTESIAN_POINT('',(6.5,-2.2,-8.4));
#519 = DIRECTION('',(1.,0.,-0.));
#520 = DIRECTION('',(0.,-1.,0.));
#521 = ADVANCED_FACE('',(#522,#737,#748,#791,#825,#836,#879,#913,#956,
    #967,#1001,#1035,#1069,#1112),#1123,.T.);
#522 = FACE_BOUND('',#523,.T.);
#523 = EDGE_LOOP('',(#524,#534,#543,#551,#560,#568,#577,#585,#594,#602,
    #611,#620,#628,#637,#645,#654,#662,#671,#680,#688,#695,#696,#705,
    #713,#722,#730));
#524 = ORIENTED_EDGE('',*,*,#525,.T.);
#525 = EDGE_CURVE('',#526,#528,#530,.T.);
#526 = VERTEX_POINT('',#527);
#527 = CARTESIAN_POINT('',(-4.6,2.,-9.));
#528 = VERTEX_POINT('',#529);
#529 = CARTESIAN_POINT('',(-4.6,48.,-9.));
#530 = LINE('',#531,#532);
#531 = CARTESIAN_POINT('',(-4.6,-4.6,-9.));
#532 = VECTOR('',#533,1.);
#533 = DIRECTION('',(-0.,1.,0.));
#534 = ORIENTED_EDGE('',*,*,#535,.T.);
#535 = EDGE_CURVE('',#528,#536,#538,.T.);
#536 = VERTEX_POINT('',#537);
#537 = CARTESIAN_POINT('',(-4.5,49.144552314225,-9.));
#538 = CIRCLE('',#539,6.6);
#539 = AXIS2_PLACEMENT_3D('',#540,#541,#542);
#540 = CARTESIAN_POINT('',(2.,48.,-9.));
#541 = DIRECTION('',(-0.,-0.,-1.));
#542 = DIRECTION('',(0.,-1.,0.));
#543 = ORIENTED_EDGE('',*,*,#544,.T.);
#544 = EDGE_CURVE('',#536,#545,#547,.T.);
#545 = VERTEX_POINT('',#546);
#546 = CARTESIAN_POINT('',(-4.5,50.2,-9.));
#547 = LINE('',#548,#549);
#548 = CARTESIAN_POINT('',(-4.5,49.,-9.));
#549 = VECTOR('',#550,1.);
#550 = DIRECTION('',(-0.,1.,0.));
#551 = ORIENTED_EDGE('',*,*,#552,.F.);
#552 = EDGE_CURVE('',#553,#545,#555,.T.);
#553 = VERTEX_POINT('',#554);
#554 = CARTESIAN_POINT('',(-0.2,54.5,-9.));
#555 = CIRCLE('',#556,4.3);
#556 = AXIS2_PLACEMENT_3D('',#557,#558,#559);
#557 = CARTESIAN_POINT('',(-4.5,54.5,-9.));
#558 = DIRECTION('',(0.,0.,1.));
#559 = DIRECTION('',(1.,0.,-0.));
#560 = ORIENTED_EDGE('',*,*,#561,.T.);
#561 = EDGE_CURVE('',#553,#562,#564,.T.);
#562 = VERTEX_POINT('',#563);
#563 = CARTESIAN_POINT('',(0.855447685774,54.5,-9.));
#564 = LINE('',#565,#566);
#565 = CARTESIAN_POINT('',(-4.5,54.5,-9.));
#566 = VECTOR('',#567,1.);
#567 = DIRECTION('',(1.,0.,-0.));
#568 = ORIENTED_EDGE('',*,*,#569,.T.);
#569 = EDGE_CURVE('',#562,#570,#572,.T.);
#570 = VERTEX_POINT('',#571);
#571 = CARTESIAN_POINT('',(2.,54.6,-9.));
#572 = CIRCLE('',#573,6.6);
#573 = AXIS2_PLACEMENT_3D('',#574,#575,#576);
#574 = CARTESIAN_POINT('',(2.,48.,-9.));
#575 = DIRECTION('',(-0.,-0.,-1.));
#576 = DIRECTION('',(0.,-1.,0.));
#577 = ORIENTED_EDGE('',*,*,#578,.T.);
#578 = EDGE_CURVE('',#570,#579,#581,.T.);
#579 = VERTEX_POINT('',#580);
#580 = CARTESIAN_POINT('',(67.,54.6,-9.));
#581 = LINE('',#582,#583);
#582 = CARTESIAN_POINT('',(-4.6,54.6,-9.));
#583 = VECTOR('',#584,1.);
#584 = DIRECTION('',(1.,0.,-0.));
#585 = ORIENTED_EDGE('',*,*,#586,.F.);
#586 = EDGE_CURVE('',#587,#579,#589,.T.);
#587 = VERTEX_POINT('',#588);
#588 = CARTESIAN_POINT('',(68.144552314225,54.5,-9.));
#589 = CIRCLE('',#590,6.6);
#590 = AXIS2_PLACEMENT_3D('',#591,#592,#593);
#591 = CARTESIAN_POINT('',(67.,48.,-9.));
#592 = DIRECTION('',(0.,0.,1.));
#593 = DIRECTION('',(0.,-1.,0.));
#594 = ORIENTED_EDGE('',*,*,#595,.T.);
#595 = EDGE_CURVE('',#587,#596,#598,.T.);
#596 = VERTEX_POINT('',#597);
#597 = CARTESIAN_POINT('',(69.2,54.5,-9.));
#598 = LINE('',#599,#600);
#599 = CARTESIAN_POINT('',(68.,54.5,-9.));
#600 = VECTOR('',#601,1.);
#601 = DIRECTION('',(1.,0.,-0.));
#602 = ORIENTED_EDGE('',*,*,#603,.F.);
#603 = EDGE_CURVE('',#604,#596,#606,.T.);
#604 = VERTEX_POINT('',#605);
#605 = CARTESIAN_POINT('',(77.8,54.5,-9.));
#606 = CIRCLE('',#607,4.3);
#607 = AXIS2_PLACEMENT_3D('',#608,#609,#610);
#608 = CARTESIAN_POINT('',(73.5,54.5,-9.));
#609 = DIRECTION('',(0.,0.,1.));
#610 = DIRECTION('',(1.,0.,-0.));
#611 = ORIENTED_EDGE('',*,*,#612,.F.);
#612 = EDGE_CURVE('',#613,#604,#615,.T.);
#613 = VERTEX_POINT('',#614);
#614 = CARTESIAN_POINT('',(73.5,50.2,-9.));
#615 = CIRCLE('',#616,4.3);
#616 = AXIS2_PLACEMENT_3D('',#617,#618,#619);
#617 = CARTESIAN_POINT('',(73.5,54.5,-9.));
#618 = DIRECTION('',(0.,0.,1.));
#619 = DIRECTION('',(1.,0.,-0.));
#620 = ORIENTED_EDGE('',*,*,#621,.F.);
#621 = EDGE_CURVE('',#622,#613,#624,.T.);
#622 = VERTEX_POINT('',#623);
#623 = CARTESIAN_POINT('',(73.5,49.144552314225,-9.));
#624 = LINE('',#625,#626);
#625 = CARTESIAN_POINT('',(73.5,49.,-9.));
#626 = VECTOR('',#627,1.);
#627 = DIRECTION('',(-0.,1.,0.));
#628 = ORIENTED_EDGE('',*,*,#629,.F.);
#629 = EDGE_CURVE('',#630,#622,#632,.T.);
#630 = VERTEX_POINT('',#631);
#631 = CARTESIAN_POINT('',(73.6,48.,-9.));
#632 = CIRCLE('',#633,6.6);
#633 = AXIS2_PLACEMENT_3D('',#634,#635,#636);
#634 = CARTESIAN_POINT('',(67.,48.,-9.));
#635 = DIRECTION('',(0.,0.,1.));
#636 = DIRECTION('',(0.,-1.,0.));
#637 = ORIENTED_EDGE('',*,*,#638,.F.);
#638 = EDGE_CURVE('',#639,#630,#641,.T.);
#639 = VERTEX_POINT('',#640);
#640 = CARTESIAN_POINT('',(73.6,2.,-9.));
#641 = LINE('',#642,#643);
#642 = CARTESIAN_POINT('',(73.6,-4.6,-9.));
#643 = VECTOR('',#644,1.);
#644 = DIRECTION('',(-0.,1.,0.));
#645 = ORIENTED_EDGE('',*,*,#646,.T.);
#646 = EDGE_CURVE('',#639,#647,#649,.T.);
#647 = VERTEX_POINT('',#648);
#648 = CARTESIAN_POINT('',(73.5,0.855447685775,-9.));
#649 = CIRCLE('',#650,6.6);
#650 = AXIS2_PLACEMENT_3D('',#651,#652,#653);
#651 = CARTESIAN_POINT('',(67.,2.,-9.));
#652 = DIRECTION('',(-0.,-0.,-1.));
#653 = DIRECTION('',(0.,-1.,0.));
#654 = ORIENTED_EDGE('',*,*,#655,.F.);
#655 = EDGE_CURVE('',#656,#647,#658,.T.);
#656 = VERTEX_POINT('',#657);
#657 = CARTESIAN_POINT('',(73.5,-0.2,-9.));
#658 = LINE('',#659,#660);
#659 = CARTESIAN_POINT('',(73.5,-4.5,-9.));
#660 = VECTOR('',#661,1.);
#661 = DIRECTION('',(-0.,1.,0.));
#662 = ORIENTED_EDGE('',*,*,#663,.F.);
#663 = EDGE_CURVE('',#664,#656,#666,.T.);
#664 = VERTEX_POINT('',#665);
#665 = CARTESIAN_POINT('',(77.8,-4.5,-9.));
#666 = CIRCLE('',#667,4.3);
#667 = AXIS2_PLACEMENT_3D('',#668,#669,#670);
#668 = CARTESIAN_POINT('',(73.5,-4.5,-9.));
#669 = DIRECTION('',(0.,0.,1.));
#670 = DIRECTION('',(1.,0.,-0.));
#671 = ORIENTED_EDGE('',*,*,#672,.F.);
#672 = EDGE_CURVE('',#673,#664,#675,.T.);
#673 = VERTEX_POINT('',#674);
#674 = CARTESIAN_POINT('',(69.2,-4.5,-9.));
#675 = CIRCLE('',#676,4.3);
#676 = AXIS2_PLACEMENT_3D('',#677,#678,#679);
#677 = CARTESIAN_POINT('',(73.5,-4.5,-9.));
#678 = DIRECTION('',(0.,0.,1.));
#679 = DIRECTION('',(1.,0.,-0.));
#680 = ORIENTED_EDGE('',*,*,#681,.F.);
#681 = EDGE_CURVE('',#682,#673,#684,.T.);
#682 = VERTEX_POINT('',#683);
#683 = CARTESIAN_POINT('',(68.144552314225,-4.5,-9.));
#684 = LINE('',#685,#686);
#685 = CARTESIAN_POINT('',(68.,-4.5,-9.));
#686 = VECTOR('',#687,1.);
#687 = DIRECTION('',(1.,0.,-0.));
#688 = ORIENTED_EDGE('',*,*,#689,.T.);
#689 = EDGE_CURVE('',#682,#90,#690,.T.);
#690 = CIRCLE('',#691,6.6);
#691 = AXIS2_PLACEMENT_3D('',#692,#693,#694);
#692 = CARTESIAN_POINT('',(67.,2.,-9.));
#693 = DIRECTION('',(-0.,-0.,-1.));
#694 = DIRECTION('',(0.,-1.,0.));
#695 = ORIENTED_EDGE('',*,*,#87,.F.);
#696 = ORIENTED_EDGE('',*,*,#697,.F.);
#697 = EDGE_CURVE('',#698,#88,#700,.T.);
#698 = VERTEX_POINT('',#699);
#699 = CARTESIAN_POINT('',(0.855447685774,-4.5,-9.));
#700 = CIRCLE('',#701,6.6);
#701 = AXIS2_PLACEMENT_3D('',#702,#703,#704);
#702 = CARTESIAN_POINT('',(2.,2.,-9.));
#703 = DIRECTION('',(0.,0.,1.));
#704 = DIRECTION('',(0.,-1.,0.));
#705 = ORIENTED_EDGE('',*,*,#706,.F.);
#706 = EDGE_CURVE('',#707,#698,#709,.T.);
#707 = VERTEX_POINT('',#708);
#708 = CARTESIAN_POINT('',(-0.2,-4.5,-9.));
#709 = LINE('',#710,#711);
#710 = CARTESIAN_POINT('',(-4.5,-4.5,-9.));
#711 = VECTOR('',#712,1.);
#712 = DIRECTION('',(1.,0.,-0.));
#713 = ORIENTED_EDGE('',*,*,#714,.F.);
#714 = EDGE_CURVE('',#715,#707,#717,.T.);
#715 = VERTEX_POINT('',#716);
#716 = CARTESIAN_POINT('',(-4.5,-0.2,-9.));
#717 = CIRCLE('',#718,4.3);
#718 = AXIS2_PLACEMENT_3D('',#719,#720,#721);
#719 = CARTESIAN_POINT('',(-4.5,-4.5,-9.));
#720 = DIRECTION('',(0.,0.,1.));
#721 = DIRECTION('',(1.,0.,-0.));
#722 = ORIENTED_EDGE('',*,*,#723,.T.);
#723 = EDGE_CURVE('',#715,#724,#726,.T.);
#724 = VERTEX_POINT('',#725);
#725 = CARTESIAN_POINT('',(-4.5,0.855447685775,-9.));
#726 = LINE('',#727,#728);
#727 = CARTESIAN_POINT('',(-4.5,-4.5,-9.));
#728 = VECTOR('',#729,1.);
#729 = DIRECTION('',(-0.,1.,0.));
#730 = ORIENTED_EDGE('',*,*,#731,.F.);
#731 = EDGE_CURVE('',#526,#724,#732,.T.);
#732 = CIRCLE('',#733,6.6);
#733 = AXIS2_PLACEMENT_3D('',#734,#735,#736);
#734 = CARTESIAN_POINT('',(2.,2.,-9.));
#735 = DIRECTION('',(0.,0.,1.));
#736 = DIRECTION('',(0.,-1.,0.));
#737 = FACE_BOUND('',#738,.T.);
#738 = EDGE_LOOP('',(#739));
#739 = ORIENTED_EDGE('',*,*,#740,.F.);
#740 = EDGE_CURVE('',#741,#741,#743,.T.);
#741 = VERTEX_POINT('',#742);
#742 = CARTESIAN_POINT('',(69.65,-4.5,-9.));
#743 = CIRCLE('',#744,3.85);
#744 = AXIS2_PLACEMENT_3D('',#745,#746,#747);
#745 = CARTESIAN_POINT('',(73.5,-4.5,-9.));
#746 = DIRECTION('',(-0.,0.,-1.));
#747 = DIRECTION('',(-1.,0.,0.));
#748 = FACE_BOUND('',#749,.T.);
#749 = EDGE_LOOP('',(#750,#760,#768,#777,#785));
#750 = ORIENTED_EDGE('',*,*,#751,.F.);
#751 = EDGE_CURVE('',#752,#754,#756,.T.);
#752 = VERTEX_POINT('',#753);
#753 = CARTESIAN_POINT('',(65.1,-2.6,-9.));
#754 = VERTEX_POINT('',#755);
#755 = CARTESIAN_POINT('',(65.1,2.4,-9.));
#756 = LINE('',#757,#758);
#757 = CARTESIAN_POINT('',(65.1,-9.6,-9.));
#758 = VECTOR('',#759,1.);
#759 = DIRECTION('',(-0.,1.,0.));
#760 = ORIENTED_EDGE('',*,*,#761,.T.);
#761 = EDGE_CURVE('',#752,#762,#764,.T.);
#762 = VERTEX_POINT('',#763);
#763 = CARTESIAN_POINT('',(68.605870863984,-2.6,-9.));
#764 = LINE('',#765,#766);
#765 = CARTESIAN_POINT('',(-2.6,-2.6,-9.));
#766 = VECTOR('',#767,1.);
#767 = DIRECTION('',(1.,0.,-0.));
#768 = ORIENTED_EDGE('',*,*,#769,.F.);
#769 = EDGE_CURVE('',#770,#762,#772,.T.);
#770 = VERTEX_POINT('',#771);
#771 = CARTESIAN_POINT('',(71.6,0.394129136016,-9.));
#772 = CIRCLE('',#773,5.25);
#773 = AXIS2_PLACEMENT_3D('',#774,#775,#776);
#774 = CARTESIAN_POINT('',(73.5,-4.5,-9.));
#775 = DIRECTION('',(0.,0.,1.));
#776 = DIRECTION('',(1.,0.,-0.));
#777 = ORIENTED_EDGE('',*,*,#778,.T.);
#778 = EDGE_CURVE('',#770,#779,#781,.T.);
#779 = VERTEX_POINT('',#780);
#780 = CARTESIAN_POINT('',(71.6,2.4,-9.));
#781 = LINE('',#782,#783);
#782 = CARTESIAN_POINT('',(71.6,-2.6,-9.));
#783 = VECTOR('',#784,1.);
#784 = DIRECTION('',(-0.,1.,0.));
#785 = ORIENTED_EDGE('',*,*,#786,.F.);
#786 = EDGE_CURVE('',#754,#779,#787,.T.);
#787 = LINE('',#788,#789);
#788 = CARTESIAN_POINT('',(-9.6,2.4,-9.));
#789 = VECTOR('',#790,1.);
#790 = DIRECTION('',(1.,0.,-0.));
#791 = FACE_BOUND('',#792,.T.);
#792 = EDGE_LOOP('',(#793,#803,#811,#819));
#793 = ORIENTED_EDGE('',*,*,#794,.F.);
#794 = EDGE_CURVE('',#795,#797,#799,.T.);
#795 = VERTEX_POINT('',#796);
#796 = CARTESIAN_POINT('',(15.1,-2.6,-9.));
#797 = VERTEX_POINT('',#798);
#798 = CARTESIAN_POINT('',(15.1,2.4,-9.));
#799 = LINE('',#800,#801);
#800 = CARTESIAN_POINT('',(15.1,-9.6,-9.));
#801 = VECTOR('',#802,1.);
#802 = DIRECTION('',(-0.,1.,0.));
#803 = ORIENTED_EDGE('',*,*,#804,.T.);
#804 = EDGE_CURVE('',#795,#805,#807,.T.);
#805 = VERTEX_POINT('',#806);
#806 = CARTESIAN_POINT('',(53.9,-2.6,-9.));
#807 = LINE('',#808,#809);
#808 = CARTESIAN_POINT('',(-2.6,-2.6,-9.));
#809 = VECTOR('',#810,1.);
#810 = DIRECTION('',(1.,0.,-0.));
#811 = ORIENTED_EDGE('',*,*,#812,.T.);
#812 = EDGE_CURVE('',#805,#813,#815,.T.);
#813 = VERTEX_POINT('',#814);
#814 = CARTESIAN_POINT('',(53.9,2.4,-9.));
#815 = LINE('',#816,#817);
#816 = CARTESIAN_POINT('',(53.9,-9.6,-9.));
#817 = VECTOR('',#818,1.);
#818 = DIRECTION('',(-0.,1.,0.));
#819 = ORIENTED_EDGE('',*,*,#820,.F.);
#820 = EDGE_CURVE('',#797,#813,#821,.T.);
#821 = LINE('',#822,#823);
#822 = CARTESIAN_POINT('',(-9.6,2.4,-9.));
#823 = VECTOR('',#824,1.);
#824 = DIRECTION('',(1.,0.,-0.));
#825 = FACE_BOUND('',#826,.T.);
#826 = EDGE_LOOP('',(#827));
#827 = ORIENTED_EDGE('',*,*,#828,.F.);
#828 = EDGE_CURVE('',#829,#829,#831,.T.);
#829 = VERTEX_POINT('',#830);
#830 = CARTESIAN_POINT('',(-8.35,-4.5,-9.));
#831 = CIRCLE('',#832,3.85);
#832 = AXIS2_PLACEMENT_3D('',#833,#834,#835);
#833 = CARTESIAN_POINT('',(-4.5,-4.5,-9.));
#834 = DIRECTION('',(-0.,0.,-1.));
#835 = DIRECTION('',(-1.,0.,0.));
#836 = FACE_BOUND('',#837,.T.);
#837 = EDGE_LOOP('',(#838,#848,#857,#865,#873));
#838 = ORIENTED_EDGE('',*,*,#839,.F.);
#839 = EDGE_CURVE('',#840,#842,#844,.T.);
#840 = VERTEX_POINT('',#841);
#841 = CARTESIAN_POINT('',(-2.6,0.394129136016,-9.));
#842 = VERTEX_POINT('',#843);
#843 = CARTESIAN_POINT('',(-2.6,2.4,-9.));
#844 = LINE('',#845,#846);
#845 = CARTESIAN_POINT('',(-2.6,-2.6,-9.));
#846 = VECTOR('',#847,1.);
#847 = DIRECTION('',(-0.,1.,0.));
#848 = ORIENTED_EDGE('',*,*,#849,.F.);
#849 = EDGE_CURVE('',#850,#840,#852,.T.);
#850 = VERTEX_POINT('',#851);
#851 = CARTESIAN_POINT('',(0.394129136016,-2.6,-9.));
#852 = CIRCLE('',#853,5.25);
#853 = AXIS2_PLACEMENT_3D('',#854,#855,#856);
#854 = CARTESIAN_POINT('',(-4.5,-4.5,-9.));
#855 = DIRECTION('',(0.,0.,1.));
#856 = DIRECTION('',(1.,0.,-0.));
#857 = ORIENTED_EDGE('',*,*,#858,.T.);
#858 = EDGE_CURVE('',#850,#859,#861,.T.);
#859 = VERTEX_POINT('',#860);
#860 = CARTESIAN_POINT('',(3.9,-2.6,-9.));
#861 = LINE('',#862,#863);
#862 = CARTESIAN_POINT('',(-2.6,-2.6,-9.));
#863 = VECTOR('',#864,1.);
#864 = DIRECTION('',(1.,0.,-0.));
#865 = ORIENTED_EDGE('',*,*,#866,.T.);
#866 = EDGE_CURVE('',#859,#867,#869,.T.);
#867 = VERTEX_POINT('',#868);
#868 = CARTESIAN_POINT('',(3.9,2.4,-9.));
#869 = LINE('',#870,#871);
#870 = CARTESIAN_POINT('',(3.9,-9.6,-9.));
#871 = VECTOR('',#872,1.);
#872 = DIRECTION('',(-0.,1.,0.));
#873 = ORIENTED_EDGE('',*,*,#874,.F.);
#874 = EDGE_CURVE('',#842,#867,#875,.T.);
#875 = LINE('',#876,#877);
#876 = CARTESIAN_POINT('',(-9.6,2.4,-9.));
#877 = VECTOR('',#878,1.);
#878 = DIRECTION('',(1.,0.,-0.));
#879 = FACE_BOUND('',#880,.T.);
#880 = EDGE_LOOP('',(#881,#891,#899,#907));
#881 = ORIENTED_EDGE('',*,*,#882,.F.);
#882 = EDGE_CURVE('',#883,#885,#887,.T.);
#883 = VERTEX_POINT('',#884);
#884 = CARTESIAN_POINT('',(65.1,34.4,-9.));
#885 = VERTEX_POINT('',#886);
#886 = CARTESIAN_POINT('',(71.6,34.4,-9.));
#887 = LINE('',#888,#889);
#888 = CARTESIAN_POINT('',(-9.6,34.4,-9.));
#889 = VECTOR('',#890,1.);
#890 = DIRECTION('',(1.,0.,-0.));
#891 = ORIENTED_EDGE('',*,*,#892,.F.);
#892 = EDGE_CURVE('',#893,#883,#895,.T.);
#893 = VERTEX_POINT('',#894);
#894 = CARTESIAN_POINT('',(65.1,15.6,-9.));
#895 = LINE('',#896,#897);
#896 = CARTESIAN_POINT('',(65.1,-9.6,-9.));
#897 = VECTOR('',#898,1.);
#898 = DIRECTION('',(-0.,1.,0.));
#899 = ORIENTED_EDGE('',*,*,#900,.T.);
#900 = EDGE_CURVE('',#893,#901,#903,.T.);
#901 = VERTEX_POINT('',#902);
#902 = CARTESIAN_POINT('',(71.6,15.6,-9.));
#903 = LINE('',#904,#905);
#904 = CARTESIAN_POINT('',(-9.6,15.6,-9.));
#905 = VECTOR('',#906,1.);
#906 = DIRECTION('',(1.,0.,-0.));
#907 = ORIENTED_EDGE('',*,*,#908,.T.);
#908 = EDGE_CURVE('',#901,#885,#909,.T.);
#909 = LINE('',#910,#911);
#910 = CARTESIAN_POINT('',(71.6,-2.6,-9.));
#911 = VECTOR('',#912,1.);
#912 = DIRECTION('',(-0.,1.,0.));
#913 = FACE_BOUND('',#914,.T.);
#914 = EDGE_LOOP('',(#915,#925,#933,#941,#949));
#915 = ORIENTED_EDGE('',*,*,#916,.F.);
#916 = EDGE_CURVE('',#917,#919,#921,.T.);
#917 = VERTEX_POINT('',#918);
#918 = CARTESIAN_POINT('',(65.1,52.6,-9.));
#919 = VERTEX_POINT('',#920);
#920 = CARTESIAN_POINT('',(68.605870863984,52.6,-9.));
#921 = LINE('',#922,#923);
#922 = CARTESIAN_POINT('',(-2.6,52.6,-9.));
#923 = VECTOR('',#924,1.);
#924 = DIRECTION('',(1.,0.,-0.));
#925 = ORIENTED_EDGE('',*,*,#926,.F.);
#926 = EDGE_CURVE('',#927,#917,#929,.T.);
#927 = VERTEX_POINT('',#928);
#928 = CARTESIAN_POINT('',(65.1,47.6,-9.));
#929 = LINE('',#930,#931);
#930 = CARTESIAN_POINT('',(65.1,-9.6,-9.));
#931 = VECTOR('',#932,1.);
#932 = DIRECTION('',(-0.,1.,0.));
#933 = ORIENTED_EDGE('',*,*,#934,.T.);
#934 = EDGE_CURVE('',#927,#935,#937,.T.);
#935 = VERTEX_POINT('',#936);
#936 = CARTESIAN_POINT('',(71.6,47.6,-9.));
#937 = LINE('',#938,#939);
#938 = CARTESIAN_POINT('',(-9.6,47.6,-9.));
#939 = VECTOR('',#940,1.);
#940 = DIRECTION('',(1.,0.,-0.));
#941 = ORIENTED_EDGE('',*,*,#942,.T.);
#942 = EDGE_CURVE('',#935,#943,#945,.T.);
#943 = VERTEX_POINT('',#944);
#944 = CARTESIAN_POINT('',(71.6,49.605870863984,-9.));
#945 = LINE('',#946,#947);
#946 = CARTESIAN_POINT('',(71.6,-2.6,-9.));
#947 = VECTOR('',#948,1.);
#948 = DIRECTION('',(-0.,1.,0.));
#949 = ORIENTED_EDGE('',*,*,#950,.F.);
#950 = EDGE_CURVE('',#919,#943,#951,.T.);
#951 = CIRCLE('',#952,5.25);
#952 = AXIS2_PLACEMENT_3D('',#953,#954,#955);
#953 = CARTESIAN_POINT('',(73.5,54.5,-9.));
#954 = DIRECTION('',(0.,0.,1.));
#955 = DIRECTION('',(1.,0.,-0.));
#956 = FACE_BOUND('',#957,.T.);
#957 = EDGE_LOOP('',(#958));
#958 = ORIENTED_EDGE('',*,*,#959,.F.);
#959 = EDGE_CURVE('',#960,#960,#962,.T.);
#960 = VERTEX_POINT('',#961);
#961 = CARTESIAN_POINT('',(69.65,54.5,-9.));
#962 = CIRCLE('',#963,3.85);
#963 = AXIS2_PLACEMENT_3D('',#964,#965,#966);
#964 = CARTESIAN_POINT('',(73.5,54.5,-9.));
#965 = DIRECTION('',(-0.,0.,-1.));
#966 = DIRECTION('',(-1.,0.,0.));
#967 = FACE_BOUND('',#968,.T.);
#968 = EDGE_LOOP('',(#969,#979,#987,#995));
#969 = ORIENTED_EDGE('',*,*,#970,.F.);
#970 = EDGE_CURVE('',#971,#973,#975,.T.);
#971 = VERTEX_POINT('',#972);
#972 = CARTESIAN_POINT('',(15.1,34.4,-9.));
#973 = VERTEX_POINT('',#974);
#974 = CARTESIAN_POINT('',(53.9,34.4,-9.));
#975 = LINE('',#976,#977);
#976 = CARTESIAN_POINT('',(-9.6,34.4,-9.));
#977 = VECTOR('',#978,1.);
#978 = DIRECTION('',(1.,0.,-0.));
#979 = ORIENTED_EDGE('',*,*,#980,.F.);
#980 = EDGE_CURVE('',#981,#971,#983,.T.);
#981 = VERTEX_POINT('',#982);
#982 = CARTESIAN_POINT('',(15.1,15.6,-9.));
#983 = LINE('',#984,#985);
#984 = CARTESIAN_POINT('',(15.1,-9.6,-9.));
#985 = VECTOR('',#986,1.);
#986 = DIRECTION('',(-0.,1.,0.));
#987 = ORIENTED_EDGE('',*,*,#988,.T.);
#988 = EDGE_CURVE('',#981,#989,#991,.T.);
#989 = VERTEX_POINT('',#990);
#990 = CARTESIAN_POINT('',(53.9,15.6,-9.));
#991 = LINE('',#992,#993);
#992 = CARTESIAN_POINT('',(-9.6,15.6,-9.));
#993 = VECTOR('',#994,1.);
#994 = DIRECTION('',(1.,0.,-0.));
#995 = ORIENTED_EDGE('',*,*,#996,.T.);
#996 = EDGE_CURVE('',#989,#973,#997,.T.);
#997 = LINE('',#998,#999);
#998 = CARTESIAN_POINT('',(53.9,-9.6,-9.));
#999 = VECTOR('',#1000,1.);
#1000 = DIRECTION('',(-0.,1.,0.));
#1001 = FACE_BOUND('',#1002,.T.);
#1002 = EDGE_LOOP('',(#1003,#1013,#1021,#1029));
#1003 = ORIENTED_EDGE('',*,*,#1004,.F.);
#1004 = EDGE_CURVE('',#1005,#1007,#1009,.T.);
#1005 = VERTEX_POINT('',#1006);
#1006 = CARTESIAN_POINT('',(-2.6,15.6,-9.));
#1007 = VERTEX_POINT('',#1008);
#1008 = CARTESIAN_POINT('',(-2.6,34.4,-9.));
#1009 = LINE('',#1010,#1011);
#1010 = CARTESIAN_POINT('',(-2.6,-2.6,-9.));
#1011 = VECTOR('',#1012,1.);
#1012 = DIRECTION('',(-0.,1.,0.));
#1013 = ORIENTED_EDGE('',*,*,#1014,.T.);
#1014 = EDGE_CURVE('',#1005,#1015,#1017,.T.);
#1015 = VERTEX_POINT('',#1016);
#1016 = CARTESIAN_POINT('',(3.9,15.6,-9.));
#1017 = LINE('',#1018,#1019);
#1018 = CARTESIAN_POINT('',(-9.6,15.6,-9.));
#1019 = VECTOR('',#1020,1.);
#1020 = DIRECTION('',(1.,0.,-0.));
#1021 = ORIENTED_EDGE('',*,*,#1022,.T.);
#1022 = EDGE_CURVE('',#1015,#1023,#1025,.T.);
#1023 = VERTEX_POINT('',#1024);
#1024 = CARTESIAN_POINT('',(3.9,34.4,-9.));
#1025 = LINE('',#1026,#1027);
#1026 = CARTESIAN_POINT('',(3.9,-9.6,-9.));
#1027 = VECTOR('',#1028,1.);
#1028 = DIRECTION('',(-0.,1.,0.));
#1029 = ORIENTED_EDGE('',*,*,#1030,.F.);
#1030 = EDGE_CURVE('',#1007,#1023,#1031,.T.);
#1031 = LINE('',#1032,#1033);
#1032 = CARTESIAN_POINT('',(-9.6,34.4,-9.));
#1033 = VECTOR('',#1034,1.);
#1034 = DIRECTION('',(1.,0.,-0.));
#1035 = FACE_BOUND('',#1036,.T.);
#1036 = EDGE_LOOP('',(#1037,#1047,#1055,#1063));
#1037 = ORIENTED_EDGE('',*,*,#1038,.F.);
#1038 = EDGE_CURVE('',#1039,#1041,#1043,.T.);
#1039 = VERTEX_POINT('',#1040);
#1040 = CARTESIAN_POINT('',(15.1,52.6,-9.));
#1041 = VERTEX_POINT('',#1042);
#1042 = CARTESIAN_POINT('',(53.9,52.6,-9.));
#1043 = LINE('',#1044,#1045);
#1044 = CARTESIAN_POINT('',(-2.6,52.6,-9.));
#1045 = VECTOR('',#1046,1.);
#1046 = DIRECTION('',(1.,0.,-0.));
#1047 = ORIENTED_EDGE('',*,*,#1048,.F.);
#1048 = EDGE_CURVE('',#1049,#1039,#1051,.T.);
#1049 = VERTEX_POINT('',#1050);
#1050 = CARTESIAN_POINT('',(15.1,47.6,-9.));
#1051 = LINE('',#1052,#1053);
#1052 = CARTESIAN_POINT('',(15.1,-9.6,-9.));
#1053 = VECTOR('',#1054,1.);
#1054 = DIRECTION('',(-0.,1.,0.));
#1055 = ORIENTED_EDGE('',*,*,#1056,.T.);
#1056 = EDGE_CURVE('',#1049,#1057,#1059,.T.);
#1057 = VERTEX_POINT('',#1058);
#1058 = CARTESIAN_POINT('',(53.9,47.6,-9.));
#1059 = LINE('',#1060,#1061);
#1060 = CARTESIAN_POINT('',(-9.6,47.6,-9.));
#1061 = VECTOR('',#1062,1.);
#1062 = DIRECTION('',(1.,0.,-0.));
#1063 = ORIENTED_EDGE('',*,*,#1064,.T.);
#1064 = EDGE_CURVE('',#1057,#1041,#1065,.T.);
#1065 = LINE('',#1066,#1067);
#1066 = CARTESIAN_POINT('',(53.9,-9.6,-9.));
#1067 = VECTOR('',#1068,1.);
#1068 = DIRECTION('',(-0.,1.,0.));
#1069 = FACE_BOUND('',#1070,.T.);
#1070 = EDGE_LOOP('',(#1071,#1081,#1089,#1097,#1105));
#1071 = ORIENTED_EDGE('',*,*,#1072,.F.);
#1072 = EDGE_CURVE('',#1073,#1075,#1077,.T.);
#1073 = VERTEX_POINT('',#1074);
#1074 = CARTESIAN_POINT('',(-2.6,47.6,-9.));
#1075 = VERTEX_POINT('',#1076);
#1076 = CARTESIAN_POINT('',(-2.6,49.605870863984,-9.));
#1077 = LINE('',#1078,#1079);
#1078 = CARTESIAN_POINT('',(-2.6,-2.6,-9.));
#1079 = VECTOR('',#1080,1.);
#1080 = DIRECTION('',(-0.,1.,0.));
#1081 = ORIENTED_EDGE('',*,*,#1082,.T.);
#1082 = EDGE_CURVE('',#1073,#1083,#1085,.T.);
#1083 = VERTEX_POINT('',#1084);
#1084 = CARTESIAN_POINT('',(3.9,47.6,-9.));
#1085 = LINE('',#1086,#1087);
#1086 = CARTESIAN_POINT('',(-9.6,47.6,-9.));
#1087 = VECTOR('',#1088,1.);
#1088 = DIRECTION('',(1.,0.,-0.));
#1089 = ORIENTED_EDGE('',*,*,#1090,.T.);
#1090 = EDGE_CURVE('',#1083,#1091,#1093,.T.);
#1091 = VERTEX_POINT('',#1092);
#1092 = CARTESIAN_POINT('',(3.9,52.6,-9.));
#1093 = LINE('',#1094,#1095);
#1094 = CARTESIAN_POINT('',(3.9,-9.6,-9.));
#1095 = VECTOR('',#1096,1.);
#1096 = DIRECTION('',(-0.,1.,0.));
#1097 = ORIENTED_EDGE('',*,*,#1098,.F.);
#1098 = EDGE_CURVE('',#1099,#1091,#1101,.T.);
#1099 = VERTEX_POINT('',#1100);
#1100 = CARTESIAN_POINT('',(0.394129136016,52.6,-9.));
#1101 = LINE('',#1102,#1103);
#1102 = CARTESIAN_POINT('',(-2.6,52.6,-9.));
#1103 = VECTOR('',#1104,1.);
#1104 = DIRECTION('',(1.,0.,-0.));
#1105 = ORIENTED_EDGE('',*,*,#1106,.F.);
#1106 = EDGE_CURVE('',#1075,#1099,#1107,.T.);
#1107 = CIRCLE('',#1108,5.25);
#1108 = AXIS2_PLACEMENT_3D('',#1109,#1110,#1111);
#1109 = CARTESIAN_POINT('',(-4.5,54.5,-9.));
#1110 = DIRECTION('',(0.,0.,1.));
#1111 = DIRECTION('',(1.,0.,-0.));
#1112 = FACE_BOUND('',#1113,.T.);
#1113 = EDGE_LOOP('',(#1114));
#1114 = ORIENTED_EDGE('',*,*,#1115,.F.);
#1115 = EDGE_CURVE('',#1116,#1116,#1118,.T.);
#1116 = VERTEX_POINT('',#1117);
#1117 = CARTESIAN_POINT('',(-8.35,54.5,-9.));
#1118 = CIRCLE('',#1119,3.85);
#1119 = AXIS2_PLACEMENT_3D('',#1120,#1121,#1122);
#1120 = CARTESIAN_POINT('',(-4.5,54.5,-9.));
#1121 = DIRECTION('',(-0.,0.,-1.));
#1122 = DIRECTION('',(-1.,0.,0.));
#1123 = PLANE('',#1124);
#1124 = AXIS2_PLACEMENT_3D('',#1125,#1126,#1127);
#1125 = CARTESIAN_POINT('',(34.860423634355,25.,-9.));
#1126 = DIRECTION('',(-0.,-0.,-1.));
#1127 = DIRECTION('',(-1.,0.,0.));
#1128 = ADVANCED_FACE('',(#1129),#1148,.T.);
#1129 = FACE_BOUND('',#1130,.T.);
#1130 = EDGE_LOOP('',(#1131,#1139,#1140,#1141));
#1131 = ORIENTED_EDGE('',*,*,#1132,.F.);
#1132 = EDGE_CURVE('',#698,#1133,#1135,.T.);
#1133 = VERTEX_POINT('',#1134);
#1134 = CARTESIAN_POINT('',(0.855447685774,-4.5,28.));
#1135 = LINE('',#1136,#1137);
#1136 = CARTESIAN_POINT('',(0.855447685774,-4.5,-9.));
#1137 = VECTOR('',#1138,1.);
#1138 = DIRECTION('',(0.,0.,1.));
#1139 = ORIENTED_EDGE('',*,*,#697,.T.);
#1140 = ORIENTED_EDGE('',*,*,#97,.T.);
#1141 = ORIENTED_EDGE('',*,*,#1142,.F.);
#1142 = EDGE_CURVE('',#1133,#98,#1143,.T.);
#1143 = CIRCLE('',#1144,6.6);
#1144 = AXIS2_PLACEMENT_3D('',#1145,#1146,#1147);
#1145 = CARTESIAN_POINT('',(2.,2.,28.));
#1146 = DIRECTION('',(0.,0.,1.));
#1147 = DIRECTION('',(0.,-1.,0.));
#1148 = CYLINDRICAL_SURFACE('',#1149,6.6);
#1149 = AXIS2_PLACEMENT_3D('',#1150,#1151,#1152);
#1150 = CARTESIAN_POINT('',(2.,2.,-9.));
#1151 = DIRECTION('',(0.,0.,1.));
#1152 = DIRECTION('',(-1.,-0.,0.));
#1153 = ADVANCED_FACE('',(#1154),#1173,.T.);
#1154 = FACE_BOUND('',#1155,.F.);
#1155 = EDGE_LOOP('',(#1156,#1164,#1165,#1166));
#1156 = ORIENTED_EDGE('',*,*,#1157,.F.);
#1157 = EDGE_CURVE('',#682,#1158,#1160,.T.);
#1158 = VERTEX_POINT('',#1159);
#1159 = CARTESIAN_POINT('',(68.144552314225,-4.5,28.));
#1160 = LINE('',#1161,#1162);
#1161 = CARTESIAN_POINT('',(68.144552314226,-4.5,-9.));
#1162 = VECTOR('',#1163,1.);
#1163 = DIRECTION('',(0.,0.,1.));
#1164 = ORIENTED_EDGE('',*,*,#689,.T.);
#1165 = ORIENTED_EDGE('',*,*,#113,.T.);
#1166 = ORIENTED_EDGE('',*,*,#1167,.F.);
#1167 = EDGE_CURVE('',#1158,#106,#1168,.T.);
#1168 = CIRCLE('',#1169,6.6);
#1169 = AXIS2_PLACEMENT_3D('',#1170,#1171,#1172);
#1170 = CARTESIAN_POINT('',(67.,2.,28.));
#1171 = DIRECTION('',(-0.,-0.,-1.));
#1172 = DIRECTION('',(0.,-1.,0.));
#1173 = CYLINDRICAL_SURFACE('',#1174,6.6);
#1174 = AXIS2_PLACEMENT_3D('',#1175,#1176,#1177);
#1175 = CARTESIAN_POINT('',(67.,2.,-9.));
#1176 = DIRECTION('',(0.,0.,1.));
#1177 = DIRECTION('',(1.,0.,-0.));
#1178 = ADVANCED_FACE('',(#1179,#1378,#1389,#1400,#1411,#1481),#1492,.T.
  );
#1179 = FACE_BOUND('',#1180,.T.);
#1180 = EDGE_LOOP('',(#1181,#1191,#1200,#1208,#1217,#1223,#1224,#1225,
    #1226,#1234,#1243,#1252,#1260,#1269,#1277,#1286,#1294,#1303,#1312,
    #1320,#1329,#1337,#1346,#1354,#1363,#1371));
#1181 = ORIENTED_EDGE('',*,*,#1182,.F.);
#1182 = EDGE_CURVE('',#1183,#1185,#1187,.T.);
#1183 = VERTEX_POINT('',#1184);
#1184 = CARTESIAN_POINT('',(-4.6,2.,28.));
#1185 = VERTEX_POINT('',#1186);
#1186 = CARTESIAN_POINT('',(-4.6,48.,28.));
#1187 = LINE('',#1188,#1189);
#1188 = CARTESIAN_POINT('',(-4.6,-4.6,28.));
#1189 = VECTOR('',#1190,1.);
#1190 = DIRECTION('',(-0.,1.,0.));
#1191 = ORIENTED_EDGE('',*,*,#1192,.T.);
#1192 = EDGE_CURVE('',#1183,#1193,#1195,.T.);
#1193 = VERTEX_POINT('',#1194);
#1194 = CARTESIAN_POINT('',(-4.5,0.855447685775,28.));
#1195 = CIRCLE('',#1196,6.6);
#1196 = AXIS2_PLACEMENT_3D('',#1197,#1198,#1199);
#1197 = CARTESIAN_POINT('',(2.,2.,28.));
#1198 = DIRECTION('',(0.,0.,1.));
#1199 = DIRECTION('',(0.,-1.,0.));
#1200 = ORIENTED_EDGE('',*,*,#1201,.F.);
#1201 = EDGE_CURVE('',#1202,#1193,#1204,.T.);
#1202 = VERTEX_POINT('',#1203);
#1203 = CARTESIAN_POINT('',(-4.5,-0.2,28.));
#1204 = LINE('',#1205,#1206);
#1205 = CARTESIAN_POINT('',(-4.5,-4.5,28.));
#1206 = VECTOR('',#1207,1.);
#1207 = DIRECTION('',(-0.,1.,0.));
#1208 = ORIENTED_EDGE('',*,*,#1209,.T.);
#1209 = EDGE_CURVE('',#1202,#1210,#1212,.T.);
#1210 = VERTEX_POINT('',#1211);
#1211 = CARTESIAN_POINT('',(-0.2,-4.5,28.));
#1212 = CIRCLE('',#1213,4.3);
#1213 = AXIS2_PLACEMENT_3D('',#1214,#1215,#1216);
#1214 = CARTESIAN_POINT('',(-4.5,-4.5,28.));
#1215 = DIRECTION('',(0.,0.,1.));
#1216 = DIRECTION('',(1.,0.,-0.));
#1217 = ORIENTED_EDGE('',*,*,#1218,.T.);
#1218 = EDGE_CURVE('',#1210,#1133,#1219,.T.);
#1219 = LINE('',#1220,#1221);
#1220 = CARTESIAN_POINT('',(-4.5,-4.5,28.));
#1221 = VECTOR('',#1222,1.);
#1222 = DIRECTION('',(1.,0.,-0.));
#1223 = ORIENTED_EDGE('',*,*,#1142,.T.);
#1224 = ORIENTED_EDGE('',*,*,#105,.T.);
#1225 = ORIENTED_EDGE('',*,*,#1167,.F.);
#1226 = ORIENTED_EDGE('',*,*,#1227,.T.);
#1227 = EDGE_CURVE('',#1158,#1228,#1230,.T.);
#1228 = VERTEX_POINT('',#1229);
#1229 = CARTESIAN_POINT('',(69.2,-4.5,28.));
#1230 = LINE('',#1231,#1232);
#1231 = CARTESIAN_POINT('',(68.,-4.5,28.));
#1232 = VECTOR('',#1233,1.);
#1233 = DIRECTION('',(1.,0.,-0.));
#1234 = ORIENTED_EDGE('',*,*,#1235,.T.);
#1235 = EDGE_CURVE('',#1228,#1236,#1238,.T.);
#1236 = VERTEX_POINT('',#1237);
#1237 = CARTESIAN_POINT('',(77.8,-4.5,28.));
#1238 = CIRCLE('',#1239,4.3);
#1239 = AXIS2_PLACEMENT_3D('',#1240,#1241,#1242);
#1240 = CARTESIAN_POINT('',(73.5,-4.5,28.));
#1241 = DIRECTION('',(0.,0.,1.));
#1242 = DIRECTION('',(1.,0.,-0.));
#1243 = ORIENTED_EDGE('',*,*,#1244,.T.);
#1244 = EDGE_CURVE('',#1236,#1245,#1247,.T.);
#1245 = VERTEX_POINT('',#1246);
#1246 = CARTESIAN_POINT('',(73.5,-0.2,28.));
#1247 = CIRCLE('',#1248,4.3);
#1248 = AXIS2_PLACEMENT_3D('',#1249,#1250,#1251);
#1249 = CARTESIAN_POINT('',(73.5,-4.5,28.));
#1250 = DIRECTION('',(0.,0.,1.));
#1251 = DIRECTION('',(1.,0.,-0.));
#1252 = ORIENTED_EDGE('',*,*,#1253,.T.);
#1253 = EDGE_CURVE('',#1245,#1254,#1256,.T.);
#1254 = VERTEX_POINT('',#1255);
#1255 = CARTESIAN_POINT('',(73.5,0.855447685775,28.));
#1256 = LINE('',#1257,#1258);
#1257 = CARTESIAN_POINT('',(73.5,-4.5,28.));
#1258 = VECTOR('',#1259,1.);
#1259 = DIRECTION('',(-0.,1.,0.));
#1260 = ORIENTED_EDGE('',*,*,#1261,.F.);
#1261 = EDGE_CURVE('',#1262,#1254,#1264,.T.);
#1262 = VERTEX_POINT('',#1263);
#1263 = CARTESIAN_POINT('',(73.6,2.,28.));
#1264 = CIRCLE('',#1265,6.6);
#1265 = AXIS2_PLACEMENT_3D('',#1266,#1267,#1268);
#1266 = CARTESIAN_POINT('',(67.,2.,28.));
#1267 = DIRECTION('',(-0.,-0.,-1.));
#1268 = DIRECTION('',(0.,-1.,0.));
#1269 = ORIENTED_EDGE('',*,*,#1270,.T.);
#1270 = EDGE_CURVE('',#1262,#1271,#1273,.T.);
#1271 = VERTEX_POINT('',#1272);
#1272 = CARTESIAN_POINT('',(73.6,48.,28.));
#1273 = LINE('',#1274,#1275);
#1274 = CARTESIAN_POINT('',(73.6,-4.6,28.));
#1275 = VECTOR('',#1276,1.);
#1276 = DIRECTION('',(-0.,1.,0.));
#1277 = ORIENTED_EDGE('',*,*,#1278,.T.);
#1278 = EDGE_CURVE('',#1271,#1279,#1281,.T.);
#1279 = VERTEX_POINT('',#1280);
#1280 = CARTESIAN_POINT('',(73.5,49.144552314225,28.));
#1281 = CIRCLE('',#1282,6.6);
#1282 = AXIS2_PLACEMENT_3D('',#1283,#1284,#1285);
#1283 = CARTESIAN_POINT('',(67.,48.,28.));
#1284 = DIRECTION('',(0.,0.,1.));
#1285 = DIRECTION('',(0.,-1.,0.));
#1286 = ORIENTED_EDGE('',*,*,#1287,.T.);
#1287 = EDGE_CURVE('',#1279,#1288,#1290,.T.);
#1288 = VERTEX_POINT('',#1289);
#1289 = CARTESIAN_POINT('',(73.5,50.2,28.));
#1290 = LINE('',#1291,#1292);
#1291 = CARTESIAN_POINT('',(73.5,49.,28.));
#1292 = VECTOR('',#1293,1.);
#1293 = DIRECTION('',(-0.,1.,0.));
#1294 = ORIENTED_EDGE('',*,*,#1295,.T.);
#1295 = EDGE_CURVE('',#1288,#1296,#1298,.T.);
#1296 = VERTEX_POINT('',#1297);
#1297 = CARTESIAN_POINT('',(77.8,54.5,28.));
#1298 = CIRCLE('',#1299,4.3);
#1299 = AXIS2_PLACEMENT_3D('',#1300,#1301,#1302);
#1300 = CARTESIAN_POINT('',(73.5,54.5,28.));
#1301 = DIRECTION('',(0.,0.,1.));
#1302 = DIRECTION('',(1.,0.,-0.));
#1303 = ORIENTED_EDGE('',*,*,#1304,.T.);
#1304 = EDGE_CURVE('',#1296,#1305,#1307,.T.);
#1305 = VERTEX_POINT('',#1306);
#1306 = CARTESIAN_POINT('',(69.2,54.5,28.));
#1307 = CIRCLE('',#1308,4.3);
#1308 = AXIS2_PLACEMENT_3D('',#1309,#1310,#1311);
#1309 = CARTESIAN_POINT('',(73.5,54.5,28.));
#1310 = DIRECTION('',(0.,0.,1.));
#1311 = DIRECTION('',(1.,0.,-0.));
#1312 = ORIENTED_EDGE('',*,*,#1313,.F.);
#1313 = EDGE_CURVE('',#1314,#1305,#1316,.T.);
#1314 = VERTEX_POINT('',#1315);
#1315 = CARTESIAN_POINT('',(68.144552314225,54.5,28.));
#1316 = LINE('',#1317,#1318);
#1317 = CARTESIAN_POINT('',(68.,54.5,28.));
#1318 = VECTOR('',#1319,1.);
#1319 = DIRECTION('',(1.,0.,-0.));
#1320 = ORIENTED_EDGE('',*,*,#1321,.T.);
#1321 = EDGE_CURVE('',#1314,#1322,#1324,.T.);
#1322 = VERTEX_POINT('',#1323);
#1323 = CARTESIAN_POINT('',(67.,54.6,28.));
#1324 = CIRCLE('',#1325,6.6);
#1325 = AXIS2_PLACEMENT_3D('',#1326,#1327,#1328);
#1326 = CARTESIAN_POINT('',(67.,48.,28.));
#1327 = DIRECTION('',(0.,0.,1.));
#1328 = DIRECTION('',(0.,-1.,0.));
#1329 = ORIENTED_EDGE('',*,*,#1330,.F.);
#1330 = EDGE_CURVE('',#1331,#1322,#1333,.T.);
#1331 = VERTEX_POINT('',#1332);
#1332 = CARTESIAN_POINT('',(2.,54.6,28.));
#1333 = LINE('',#1334,#1335);
#1334 = CARTESIAN_POINT('',(-4.6,54.6,28.));
#1335 = VECTOR('',#1336,1.);
#1336 = DIRECTION('',(1.,0.,-0.));
#1337 = ORIENTED_EDGE('',*,*,#1338,.F.);
#1338 = EDGE_CURVE('',#1339,#1331,#1341,.T.);
#1339 = VERTEX_POINT('',#1340);
#1340 = CARTESIAN_POINT('',(0.855447685774,54.5,28.));
#1341 = CIRCLE('',#1342,6.6);
#1342 = AXIS2_PLACEMENT_3D('',#1343,#1344,#1345);
#1343 = CARTESIAN_POINT('',(2.,48.,28.));
#1344 = DIRECTION('',(-0.,-0.,-1.));
#1345 = DIRECTION('',(0.,-1.,0.));
#1346 = ORIENTED_EDGE('',*,*,#1347,.F.);
#1347 = EDGE_CURVE('',#1348,#1339,#1350,.T.);
#1348 = VERTEX_POINT('',#1349);
#1349 = CARTESIAN_POINT('',(-0.2,54.5,28.));
#1350 = LINE('',#1351,#1352);
#1351 = CARTESIAN_POINT('',(-4.5,54.5,28.));
#1352 = VECTOR('',#1353,1.);
#1353 = DIRECTION('',(1.,0.,-0.));
#1354 = ORIENTED_EDGE('',*,*,#1355,.T.);
#1355 = EDGE_CURVE('',#1348,#1356,#1358,.T.);
#1356 = VERTEX_POINT('',#1357);
#1357 = CARTESIAN_POINT('',(-4.5,50.2,28.));
#1358 = CIRCLE('',#1359,4.3);
#1359 = AXIS2_PLACEMENT_3D('',#1360,#1361,#1362);
#1360 = CARTESIAN_POINT('',(-4.5,54.5,28.));
#1361 = DIRECTION('',(0.,0.,1.));
#1362 = DIRECTION('',(1.,0.,-0.));
#1363 = ORIENTED_EDGE('',*,*,#1364,.F.);
#1364 = EDGE_CURVE('',#1365,#1356,#1367,.T.);
#1365 = VERTEX_POINT('',#1366);
#1366 = CARTESIAN_POINT('',(-4.5,49.144552314225,28.));
#1367 = LINE('',#1368,#1369);
#1368 = CARTESIAN_POINT('',(-4.5,49.,28.));
#1369 = VECTOR('',#1370,1.);
#1370 = DIRECTION('',(-0.,1.,0.));
#1371 = ORIENTED_EDGE('',*,*,#1372,.F.);
#1372 = EDGE_CURVE('',#1185,#1365,#1373,.T.);
#1373 = CIRCLE('',#1374,6.6);
#1374 = AXIS2_PLACEMENT_3D('',#1375,#1376,#1377);
#1375 = CARTESIAN_POINT('',(2.,48.,28.));
#1376 = DIRECTION('',(-0.,-0.,-1.));
#1377 = DIRECTION('',(0.,-1.,0.));
#1378 = FACE_BOUND('',#1379,.T.);
#1379 = EDGE_LOOP('',(#1380));
#1380 = ORIENTED_EDGE('',*,*,#1381,.F.);
#1381 = EDGE_CURVE('',#1382,#1382,#1384,.T.);
#1382 = VERTEX_POINT('',#1383);
#1383 = CARTESIAN_POINT('',(-2.3,-4.5,28.));
#1384 = CIRCLE('',#1385,2.2);
#1385 = AXIS2_PLACEMENT_3D('',#1386,#1387,#1388);
#1386 = CARTESIAN_POINT('',(-4.5,-4.5,28.));
#1387 = DIRECTION('',(0.,0.,1.));
#1388 = DIRECTION('',(1.,0.,-0.));
#1389 = FACE_BOUND('',#1390,.T.);
#1390 = EDGE_LOOP('',(#1391));
#1391 = ORIENTED_EDGE('',*,*,#1392,.F.);
#1392 = EDGE_CURVE('',#1393,#1393,#1395,.T.);
#1393 = VERTEX_POINT('',#1394);
#1394 = CARTESIAN_POINT('',(75.7,-4.5,28.));
#1395 = CIRCLE('',#1396,2.2);
#1396 = AXIS2_PLACEMENT_3D('',#1397,#1398,#1399);
#1397 = CARTESIAN_POINT('',(73.5,-4.5,28.));
#1398 = DIRECTION('',(0.,0.,1.));
#1399 = DIRECTION('',(1.,0.,-0.));
#1400 = FACE_BOUND('',#1401,.T.);
#1401 = EDGE_LOOP('',(#1402));
#1402 = ORIENTED_EDGE('',*,*,#1403,.F.);
#1403 = EDGE_CURVE('',#1404,#1404,#1406,.T.);
#1404 = VERTEX_POINT('',#1405);
#1405 = CARTESIAN_POINT('',(-2.3,54.5,28.));
#1406 = CIRCLE('',#1407,2.2);
#1407 = AXIS2_PLACEMENT_3D('',#1408,#1409,#1410);
#1408 = CARTESIAN_POINT('',(-4.5,54.5,28.));
#1409 = DIRECTION('',(0.,0.,1.));
#1410 = DIRECTION('',(1.,0.,-0.));
#1411 = FACE_BOUND('',#1412,.T.);
#1412 = EDGE_LOOP('',(#1413,#1424,#1432,#1441,#1449,#1458,#1466,#1475));
#1413 = ORIENTED_EDGE('',*,*,#1414,.F.);
#1414 = EDGE_CURVE('',#1415,#1417,#1419,.T.);
#1415 = VERTEX_POINT('',#1416);
#1416 = CARTESIAN_POINT('',(-3.5,2.,28.));
#1417 = VERTEX_POINT('',#1418);
#1418 = CARTESIAN_POINT('',(2.,-3.5,28.));
#1419 = CIRCLE('',#1420,5.5);
#1420 = AXIS2_PLACEMENT_3D('',#1421,#1422,#1423);
#1421 = CARTESIAN_POINT('',(2.,2.,28.));
#1422 = DIRECTION('',(0.,0.,1.));
#1423 = DIRECTION('',(-1.,-0.,0.));
#1424 = ORIENTED_EDGE('',*,*,#1425,.T.);
#1425 = EDGE_CURVE('',#1415,#1426,#1428,.T.);
#1426 = VERTEX_POINT('',#1427);
#1427 = CARTESIAN_POINT('',(-3.5,48.,28.));
#1428 = LINE('',#1429,#1430);
#1429 = CARTESIAN_POINT('',(-3.5,10.75,28.));
#1430 = VECTOR('',#1431,1.);
#1431 = DIRECTION('',(-0.,1.,0.));
#1432 = ORIENTED_EDGE('',*,*,#1433,.F.);
#1433 = EDGE_CURVE('',#1434,#1426,#1436,.T.);
#1434 = VERTEX_POINT('',#1435);
#1435 = CARTESIAN_POINT('',(2.,53.5,28.));
#1436 = CIRCLE('',#1437,5.5);
#1437 = AXIS2_PLACEMENT_3D('',#1438,#1439,#1440);
#1438 = CARTESIAN_POINT('',(2.,48.,28.));
#1439 = DIRECTION('',(0.,0.,1.));
#1440 = DIRECTION('',(-1.,-0.,0.));
#1441 = ORIENTED_EDGE('',*,*,#1442,.F.);
#1442 = EDGE_CURVE('',#1443,#1434,#1445,.T.);
#1443 = VERTEX_POINT('',#1444);
#1444 = CARTESIAN_POINT('',(67.,53.5,28.));
#1445 = LINE('',#1446,#1447);
#1446 = CARTESIAN_POINT('',(15.680211817177,53.5,28.));
#1447 = VECTOR('',#1448,1.);
#1448 = DIRECTION('',(-1.,-0.,0.));
#1449 = ORIENTED_EDGE('',*,*,#1450,.F.);
#1450 = EDGE_CURVE('',#1451,#1443,#1453,.T.);
#1451 = VERTEX_POINT('',#1452);
#1452 = CARTESIAN_POINT('',(72.5,48.,28.));
#1453 = CIRCLE('',#1454,5.5);
#1454 = AXIS2_PLACEMENT_3D('',#1455,#1456,#1457);
#1455 = CARTESIAN_POINT('',(67.,48.,28.));
#1456 = DIRECTION('',(0.,0.,1.));
#1457 = DIRECTION('',(1.,0.,-0.));
#1458 = ORIENTED_EDGE('',*,*,#1459,.F.);
#1459 = EDGE_CURVE('',#1460,#1451,#1462,.T.);
#1460 = VERTEX_POINT('',#1461);
#1461 = CARTESIAN_POINT('',(72.5,2.,28.));
#1462 = LINE('',#1463,#1464);
#1463 = CARTESIAN_POINT('',(72.5,10.75,28.));
#1464 = VECTOR('',#1465,1.);
#1465 = DIRECTION('',(-0.,1.,0.));
#1466 = ORIENTED_EDGE('',*,*,#1467,.F.);
#1467 = EDGE_CURVE('',#1468,#1460,#1470,.T.);
#1468 = VERTEX_POINT('',#1469);
#1469 = CARTESIAN_POINT('',(67.,-3.5,28.));
#1470 = CIRCLE('',#1471,5.5);
#1471 = AXIS2_PLACEMENT_3D('',#1472,#1473,#1474);
#1472 = CARTESIAN_POINT('',(67.,2.,28.));
#1473 = DIRECTION('',(0.,0.,1.));
#1474 = DIRECTION('',(1.,0.,-0.));
#1475 = ORIENTED_EDGE('',*,*,#1476,.T.);
#1476 = EDGE_CURVE('',#1468,#1417,#1477,.T.);
#1477 = LINE('',#1478,#1479);
#1478 = CARTESIAN_POINT('',(15.680211817177,-3.5,28.));
#1479 = VECTOR('',#1480,1.);
#1480 = DIRECTION('',(-1.,-0.,0.));
#1481 = FACE_BOUND('',#1482,.T.);
#1482 = EDGE_LOOP('',(#1483));
#1483 = ORIENTED_EDGE('',*,*,#1484,.F.);
#1484 = EDGE_CURVE('',#1485,#1485,#1487,.T.);
#1485 = VERTEX_POINT('',#1486);
#1486 = CARTESIAN_POINT('',(75.7,54.5,28.));
#1487 = CIRCLE('',#1488,2.2);
#1488 = AXIS2_PLACEMENT_3D('',#1489,#1490,#1491);
#1489 = CARTESIAN_POINT('',(73.5,54.5,28.));
#1490 = DIRECTION('',(0.,0.,1.));
#1491 = DIRECTION('',(1.,0.,-0.));
#1492 = PLANE('',#1493);
#1493 = AXIS2_PLACEMENT_3D('',#1494,#1495,#1496);
#1494 = CARTESIAN_POINT('',(34.860423634355,25.,28.));
#1495 = DIRECTION('',(0.,0.,1.));
#1496 = DIRECTION('',(1.,0.,-0.));
#1497 = ADVANCED_FACE('',(#1498),#1641,.T.);
#1498 = FACE_BOUND('',#1499,.T.);
#1499 = EDGE_LOOP('',(#1500,#1510,#1517,#1518,#1519,#1520,#1529,#1537,
    #1545,#1553,#1561,#1569,#1577,#1585,#1593,#1601,#1610,#1618,#1626,
    #1634));
#1500 = ORIENTED_EDGE('',*,*,#1501,.F.);
#1501 = EDGE_CURVE('',#1502,#1504,#1506,.T.);
#1502 = VERTEX_POINT('',#1503);
#1503 = CARTESIAN_POINT('',(56.5,-3.6,-2.));
#1504 = VERTEX_POINT('',#1505);
#1505 = CARTESIAN_POINT('',(56.5,53.6,-2.));
#1506 = LINE('',#1507,#1508);
#1507 = CARTESIAN_POINT('',(56.5,-24.6,-2.));
#1508 = VECTOR('',#1509,1.);
#1509 = DIRECTION('',(-0.,1.,0.));
#1510 = ORIENTED_EDGE('',*,*,#1511,.F.);
#1511 = EDGE_CURVE('',#124,#1502,#1512,.T.);
#1512 = CIRCLE('',#1513,1.);
#1513 = AXIS2_PLACEMENT_3D('',#1514,#1515,#1516);
#1514 = CARTESIAN_POINT('',(56.5,-3.6,-1.));
#1515 = DIRECTION('',(1.,0.,-0.));
#1516 = DIRECTION('',(0.,0.,1.));
#1517 = ORIENTED_EDGE('',*,*,#121,.F.);
#1518 = ORIENTED_EDGE('',*,*,#131,.T.);
#1519 = ORIENTED_EDGE('',*,*,#139,.T.);
#1520 = ORIENTED_EDGE('',*,*,#1521,.T.);
#1521 = EDGE_CURVE('',#140,#1522,#1524,.T.);
#1522 = VERTEX_POINT('',#1523);
#1523 = CARTESIAN_POINT('',(56.5,-2.2,-6.));
#1524 = CIRCLE('',#1525,2.4);
#1525 = AXIS2_PLACEMENT_3D('',#1526,#1527,#1528);
#1526 = CARTESIAN_POINT('',(56.5,-2.2,-8.4));
#1527 = DIRECTION('',(-1.,-0.,0.));
#1528 = DIRECTION('',(0.,0.,1.));
#1529 = ORIENTED_EDGE('',*,*,#1530,.T.);
#1530 = EDGE_CURVE('',#1522,#1531,#1533,.T.);
#1531 = VERTEX_POINT('',#1532);
#1532 = CARTESIAN_POINT('',(56.5,5.,-6.));
#1533 = LINE('',#1534,#1535);
#1534 = CARTESIAN_POINT('',(56.5,-24.6,-6.));
#1535 = VECTOR('',#1536,1.);
#1536 = DIRECTION('',(-0.,1.,0.));
#1537 = ORIENTED_EDGE('',*,*,#1538,.T.);
#1538 = EDGE_CURVE('',#1531,#1539,#1541,.T.);
#1539 = VERTEX_POINT('',#1540);
#1540 = CARTESIAN_POINT('',(56.5,5.,-2.5));
#1541 = LINE('',#1542,#1543);
#1542 = CARTESIAN_POINT('',(56.5,5.,-6.));
#1543 = VECTOR('',#1544,1.);
#1544 = DIRECTION('',(0.,0.,1.));
#1545 = ORIENTED_EDGE('',*,*,#1546,.F.);
#1546 = EDGE_CURVE('',#1547,#1539,#1549,.T.);
#1547 = VERTEX_POINT('',#1548);
#1548 = CARTESIAN_POINT('',(56.5,13.,-2.5));
#1549 = LINE('',#1550,#1551);
#1550 = CARTESIAN_POINT('',(56.5,-9.8,-2.5));
#1551 = VECTOR('',#1552,1.);
#1552 = DIRECTION('',(0.,-1.,0.));
#1553 = ORIENTED_EDGE('',*,*,#1554,.F.);
#1554 = EDGE_CURVE('',#1555,#1547,#1557,.T.);
#1555 = VERTEX_POINT('',#1556);
#1556 = CARTESIAN_POINT('',(56.5,13.,-6.));
#1557 = LINE('',#1558,#1559);
#1558 = CARTESIAN_POINT('',(56.5,13.,-6.));
#1559 = VECTOR('',#1560,1.);
#1560 = DIRECTION('',(0.,0.,1.));
#1561 = ORIENTED_EDGE('',*,*,#1562,.T.);
#1562 = EDGE_CURVE('',#1555,#1563,#1565,.T.);
#1563 = VERTEX_POINT('',#1564);
#1564 = CARTESIAN_POINT('',(56.5,37.,-6.));
#1565 = LINE('',#1566,#1567);
#1566 = CARTESIAN_POINT('',(56.5,-24.6,-6.));
#1567 = VECTOR('',#1568,1.);
#1568 = DIRECTION('',(-0.,1.,0.));
#1569 = ORIENTED_EDGE('',*,*,#1570,.T.);
#1570 = EDGE_CURVE('',#1563,#1571,#1573,.T.);
#1571 = VERTEX_POINT('',#1572);
#1572 = CARTESIAN_POINT('',(56.5,37.,-2.5));
#1573 = LINE('',#1574,#1575);
#1574 = CARTESIAN_POINT('',(56.5,37.,-6.));
#1575 = VECTOR('',#1576,1.);
#1576 = DIRECTION('',(0.,0.,1.));
#1577 = ORIENTED_EDGE('',*,*,#1578,.F.);
#1578 = EDGE_CURVE('',#1579,#1571,#1581,.T.);
#1579 = VERTEX_POINT('',#1580);
#1580 = CARTESIAN_POINT('',(56.5,45.,-2.5));
#1581 = LINE('',#1582,#1583);
#1582 = CARTESIAN_POINT('',(56.5,6.2,-2.5));
#1583 = VECTOR('',#1584,1.);
#1584 = DIRECTION('',(0.,-1.,0.));
#1585 = ORIENTED_EDGE('',*,*,#1586,.F.);
#1586 = EDGE_CURVE('',#1587,#1579,#1589,.T.);
#1587 = VERTEX_POINT('',#1588);
#1588 = CARTESIAN_POINT('',(56.5,45.,-6.));
#1589 = LINE('',#1590,#1591);
#1590 = CARTESIAN_POINT('',(56.5,45.,-6.));
#1591 = VECTOR('',#1592,1.);
#1592 = DIRECTION('',(0.,0.,1.));
#1593 = ORIENTED_EDGE('',*,*,#1594,.T.);
#1594 = EDGE_CURVE('',#1587,#1595,#1597,.T.);
#1595 = VERTEX_POINT('',#1596);
#1596 = CARTESIAN_POINT('',(56.5,52.2,-6.));
#1597 = LINE('',#1598,#1599);
#1598 = CARTESIAN_POINT('',(56.5,-24.6,-6.));
#1599 = VECTOR('',#1600,1.);
#1600 = DIRECTION('',(-0.,1.,0.));
#1601 = ORIENTED_EDGE('',*,*,#1602,.F.);
#1602 = EDGE_CURVE('',#1603,#1595,#1605,.T.);
#1603 = VERTEX_POINT('',#1604);
#1604 = CARTESIAN_POINT('',(56.5,54.6,-8.4));
#1605 = CIRCLE('',#1606,2.4);
#1606 = AXIS2_PLACEMENT_3D('',#1607,#1608,#1609);
#1607 = CARTESIAN_POINT('',(56.5,52.2,-8.4));
#1608 = DIRECTION('',(1.,0.,-0.));
#1609 = DIRECTION('',(0.,0.,1.));
#1610 = ORIENTED_EDGE('',*,*,#1611,.F.);
#1611 = EDGE_CURVE('',#1612,#1603,#1614,.T.);
#1612 = VERTEX_POINT('',#1613);
#1613 = CARTESIAN_POINT('',(56.5,54.6,-6.));
#1614 = LINE('',#1615,#1616);
#1615 = CARTESIAN_POINT('',(56.5,54.6,-7.5));
#1616 = VECTOR('',#1617,1.);
#1617 = DIRECTION('',(-0.,0.,-1.));
#1618 = ORIENTED_EDGE('',*,*,#1619,.F.);
#1619 = EDGE_CURVE('',#1620,#1612,#1622,.T.);
#1620 = VERTEX_POINT('',#1621);
#1621 = CARTESIAN_POINT('',(56.5,54.6,-2.));
#1622 = LINE('',#1623,#1624);
#1623 = CARTESIAN_POINT('',(56.5,54.6,-7.5));
#1624 = VECTOR('',#1625,1.);
#1625 = DIRECTION('',(-0.,0.,-1.));
#1626 = ORIENTED_EDGE('',*,*,#1627,.T.);
#1627 = EDGE_CURVE('',#1620,#1628,#1630,.T.);
#1628 = VERTEX_POINT('',#1629);
#1629 = CARTESIAN_POINT('',(56.5,54.6,-1.));
#1630 = LINE('',#1631,#1632);
#1631 = CARTESIAN_POINT('',(56.5,54.6,-7.5));
#1632 = VECTOR('',#1633,1.);
#1633 = DIRECTION('',(0.,-0.,1.));
#1634 = ORIENTED_EDGE('',*,*,#1635,.F.);
#1635 = EDGE_CURVE('',#1504,#1628,#1636,.T.);
#1636 = CIRCLE('',#1637,1.);
#1637 = AXIS2_PLACEMENT_3D('',#1638,#1639,#1640);
#1638 = CARTESIAN_POINT('',(56.5,53.6,-1.));
#1639 = DIRECTION('',(1.,0.,-0.));
#1640 = DIRECTION('',(0.,0.,1.));
#1641 = PLANE('',#1642);
#1642 = AXIS2_PLACEMENT_3D('',#1643,#1644,#1645);
#1643 = CARTESIAN_POINT('',(56.5,-24.6,-6.));
#1644 = DIRECTION('',(1.,0.,-0.));
#1645 = DIRECTION('',(0.,0.,1.));
#1646 = ADVANCED_FACE('',(#1647),#1666,.T.);
#1647 = FACE_BOUND('',#1648,.T.);
#1648 = EDGE_LOOP('',(#1649,#1650,#1658,#1665));
#1649 = ORIENTED_EDGE('',*,*,#1511,.T.);
#1650 = ORIENTED_EDGE('',*,*,#1651,.T.);
#1651 = EDGE_CURVE('',#1502,#1652,#1654,.T.);
#1652 = VERTEX_POINT('',#1653);
#1653 = CARTESIAN_POINT('',(62.5,-3.6,-2.));
#1654 = LINE('',#1655,#1656);
#1655 = CARTESIAN_POINT('',(56.5,-3.6,-2.));
#1656 = VECTOR('',#1657,1.);
#1657 = DIRECTION('',(1.,0.,-0.));
#1658 = ORIENTED_EDGE('',*,*,#1659,.F.);
#1659 = EDGE_CURVE('',#172,#1652,#1660,.T.);
#1660 = CIRCLE('',#1661,1.);
#1661 = AXIS2_PLACEMENT_3D('',#1662,#1663,#1664);
#1662 = CARTESIAN_POINT('',(62.5,-3.6,-1.));
#1663 = DIRECTION('',(1.,0.,-0.));
#1664 = DIRECTION('',(0.,0.,1.));
#1665 = ORIENTED_EDGE('',*,*,#179,.F.);
#1666 = CYLINDRICAL_SURFACE('',#1667,1.);
#1667 = AXIS2_PLACEMENT_3D('',#1668,#1669,#1670);
#1668 = CARTESIAN_POINT('',(56.5,-3.6,-1.));
#1669 = DIRECTION('',(1.,0.,-0.));
#1670 = DIRECTION('',(0.,-1.,0.));
#1671 = ADVANCED_FACE('',(#1672),#1807,.F.);
#1672 = FACE_BOUND('',#1673,.F.);
#1673 = EDGE_LOOP('',(#1674,#1682,#1683,#1684,#1685,#1686,#1695,#1703,
    #1711,#1719,#1727,#1735,#1743,#1751,#1759,#1767,#1776,#1784,#1792,
    #1800));
#1674 = ORIENTED_EDGE('',*,*,#1675,.F.);
#1675 = EDGE_CURVE('',#1652,#1676,#1678,.T.);
#1676 = VERTEX_POINT('',#1677);
#1677 = CARTESIAN_POINT('',(62.5,53.6,-2.));
#1678 = LINE('',#1679,#1680);
#1679 = CARTESIAN_POINT('',(62.5,-24.6,-2.));
#1680 = VECTOR('',#1681,1.);
#1681 = DIRECTION('',(-0.,1.,0.));
#1682 = ORIENTED_EDGE('',*,*,#1659,.F.);
#1683 = ORIENTED_EDGE('',*,*,#171,.F.);
#1684 = ORIENTED_EDGE('',*,*,#163,.T.);
#1685 = ORIENTED_EDGE('',*,*,#155,.T.);
#1686 = ORIENTED_EDGE('',*,*,#1687,.T.);
#1687 = EDGE_CURVE('',#148,#1688,#1690,.T.);
#1688 = VERTEX_POINT('',#1689);
#1689 = CARTESIAN_POINT('',(62.5,-2.2,-6.));
#1690 = CIRCLE('',#1691,2.4);
#1691 = AXIS2_PLACEMENT_3D('',#1692,#1693,#1694);
#1692 = CARTESIAN_POINT('',(62.5,-2.2,-8.4));
#1693 = DIRECTION('',(-1.,-0.,0.));
#1694 = DIRECTION('',(0.,0.,1.));
#1695 = ORIENTED_EDGE('',*,*,#1696,.T.);
#1696 = EDGE_CURVE('',#1688,#1697,#1699,.T.);
#1697 = VERTEX_POINT('',#1698);
#1698 = CARTESIAN_POINT('',(62.5,5.,-6.));
#1699 = LINE('',#1700,#1701);
#1700 = CARTESIAN_POINT('',(62.5,-24.6,-6.));
#1701 = VECTOR('',#1702,1.);
#1702 = DIRECTION('',(-0.,1.,0.));
#1703 = ORIENTED_EDGE('',*,*,#1704,.T.);
#1704 = EDGE_CURVE('',#1697,#1705,#1707,.T.);
#1705 = VERTEX_POINT('',#1706);
#1706 = CARTESIAN_POINT('',(62.5,5.,-2.5));
#1707 = LINE('',#1708,#1709);
#1708 = CARTESIAN_POINT('',(62.5,5.,-6.));
#1709 = VECTOR('',#1710,1.);
#1710 = DIRECTION('',(0.,0.,1.));
#1711 = ORIENTED_EDGE('',*,*,#1712,.F.);
#1712 = EDGE_CURVE('',#1713,#1705,#1715,.T.);
#1713 = VERTEX_POINT('',#1714);
#1714 = CARTESIAN_POINT('',(62.5,13.,-2.5));
#1715 = LINE('',#1716,#1717);
#1716 = CARTESIAN_POINT('',(62.5,-9.8,-2.5));
#1717 = VECTOR('',#1718,1.);
#1718 = DIRECTION('',(0.,-1.,0.));
#1719 = ORIENTED_EDGE('',*,*,#1720,.F.);
#1720 = EDGE_CURVE('',#1721,#1713,#1723,.T.);
#1721 = VERTEX_POINT('',#1722);
#1722 = CARTESIAN_POINT('',(62.5,13.,-6.));
#1723 = LINE('',#1724,#1725);
#1724 = CARTESIAN_POINT('',(62.5,13.,-6.));
#1725 = VECTOR('',#1726,1.);
#1726 = DIRECTION('',(0.,0.,1.));
#1727 = ORIENTED_EDGE('',*,*,#1728,.T.);
#1728 = EDGE_CURVE('',#1721,#1729,#1731,.T.);
#1729 = VERTEX_POINT('',#1730);
#1730 = CARTESIAN_POINT('',(62.5,37.,-6.));
#1731 = LINE('',#1732,#1733);
#1732 = CARTESIAN_POINT('',(62.5,-24.6,-6.));
#1733 = VECTOR('',#1734,1.);
#1734 = DIRECTION('',(-0.,1.,0.));
#1735 = ORIENTED_EDGE('',*,*,#1736,.T.);
#1736 = EDGE_CURVE('',#1729,#1737,#1739,.T.);
#1737 = VERTEX_POINT('',#1738);
#1738 = CARTESIAN_POINT('',(62.5,37.,-2.5));
#1739 = LINE('',#1740,#1741);
#1740 = CARTESIAN_POINT('',(62.5,37.,-6.));
#1741 = VECTOR('',#1742,1.);
#1742 = DIRECTION('',(0.,0.,1.));
#1743 = ORIENTED_EDGE('',*,*,#1744,.F.);
#1744 = EDGE_CURVE('',#1745,#1737,#1747,.T.);
#1745 = VERTEX_POINT('',#1746);
#1746 = CARTESIAN_POINT('',(62.5,45.,-2.5));
#1747 = LINE('',#1748,#1749);
#1748 = CARTESIAN_POINT('',(62.5,6.2,-2.5));
#1749 = VECTOR('',#1750,1.);
#1750 = DIRECTION('',(0.,-1.,0.));
#1751 = ORIENTED_EDGE('',*,*,#1752,.F.);
#1752 = EDGE_CURVE('',#1753,#1745,#1755,.T.);
#1753 = VERTEX_POINT('',#1754);
#1754 = CARTESIAN_POINT('',(62.5,45.,-6.));
#1755 = LINE('',#1756,#1757);
#1756 = CARTESIAN_POINT('',(62.5,45.,-6.));
#1757 = VECTOR('',#1758,1.);
#1758 = DIRECTION('',(0.,0.,1.));
#1759 = ORIENTED_EDGE('',*,*,#1760,.T.);
#1760 = EDGE_CURVE('',#1753,#1761,#1763,.T.);
#1761 = VERTEX_POINT('',#1762);
#1762 = CARTESIAN_POINT('',(62.5,52.2,-6.));
#1763 = LINE('',#1764,#1765);
#1764 = CARTESIAN_POINT('',(62.5,-24.6,-6.));
#1765 = VECTOR('',#1766,1.);
#1766 = DIRECTION('',(-0.,1.,0.));
#1767 = ORIENTED_EDGE('',*,*,#1768,.F.);
#1768 = EDGE_CURVE('',#1769,#1761,#1771,.T.);
#1769 = VERTEX_POINT('',#1770);
#1770 = CARTESIAN_POINT('',(62.5,54.6,-8.4));
#1771 = CIRCLE('',#1772,2.4);
#1772 = AXIS2_PLACEMENT_3D('',#1773,#1774,#1775);
#1773 = CARTESIAN_POINT('',(62.5,52.2,-8.4));
#1774 = DIRECTION('',(1.,0.,-0.));
#1775 = DIRECTION('',(0.,0.,1.));
#1776 = ORIENTED_EDGE('',*,*,#1777,.F.);
#1777 = EDGE_CURVE('',#1778,#1769,#1780,.T.);
#1778 = VERTEX_POINT('',#1779);
#1779 = CARTESIAN_POINT('',(62.5,54.6,-6.));
#1780 = LINE('',#1781,#1782);
#1781 = CARTESIAN_POINT('',(62.5,54.6,-7.5));
#1782 = VECTOR('',#1783,1.);
#1783 = DIRECTION('',(-0.,0.,-1.));
#1784 = ORIENTED_EDGE('',*,*,#1785,.F.);
#1785 = EDGE_CURVE('',#1786,#1778,#1788,.T.);
#1786 = VERTEX_POINT('',#1787);
#1787 = CARTESIAN_POINT('',(62.5,54.6,-2.));
#1788 = LINE('',#1789,#1790);
#1789 = CARTESIAN_POINT('',(62.5,54.6,-7.5));
#1790 = VECTOR('',#1791,1.);
#1791 = DIRECTION('',(-0.,0.,-1.));
#1792 = ORIENTED_EDGE('',*,*,#1793,.T.);
#1793 = EDGE_CURVE('',#1786,#1794,#1796,.T.);
#1794 = VERTEX_POINT('',#1795);
#1795 = CARTESIAN_POINT('',(62.5,54.6,-1.));
#1796 = LINE('',#1797,#1798);
#1797 = CARTESIAN_POINT('',(62.5,54.6,-7.5));
#1798 = VECTOR('',#1799,1.);
#1799 = DIRECTION('',(0.,-0.,1.));
#1800 = ORIENTED_EDGE('',*,*,#1801,.F.);
#1801 = EDGE_CURVE('',#1676,#1794,#1802,.T.);
#1802 = CIRCLE('',#1803,1.);
#1803 = AXIS2_PLACEMENT_3D('',#1804,#1805,#1806);
#1804 = CARTESIAN_POINT('',(62.5,53.6,-1.));
#1805 = DIRECTION('',(1.,0.,-0.));
#1806 = DIRECTION('',(0.,0.,1.));
#1807 = PLANE('',#1808);
#1808 = AXIS2_PLACEMENT_3D('',#1809,#1810,#1811);
#1809 = CARTESIAN_POINT('',(62.5,-24.6,-6.));
#1810 = DIRECTION('',(1.,0.,-0.));
#1811 = DIRECTION('',(0.,0.,1.));
#1812 = ADVANCED_FACE('',(#1813),#1824,.T.);
#1813 = FACE_BOUND('',#1814,.F.);
#1814 = EDGE_LOOP('',(#1815,#1816,#1822,#1823));
#1815 = ORIENTED_EDGE('',*,*,#1521,.T.);
#1816 = ORIENTED_EDGE('',*,*,#1817,.T.);
#1817 = EDGE_CURVE('',#1522,#1688,#1818,.T.);
#1818 = LINE('',#1819,#1820);
#1819 = CARTESIAN_POINT('',(56.5,-2.2,-6.));
#1820 = VECTOR('',#1821,1.);
#1821 = DIRECTION('',(1.,0.,-0.));
#1822 = ORIENTED_EDGE('',*,*,#1687,.F.);
#1823 = ORIENTED_EDGE('',*,*,#147,.F.);
#1824 = CYLINDRICAL_SURFACE('',#1825,2.4);
#1825 = AXIS2_PLACEMENT_3D('',#1826,#1827,#1828);
#1826 = CARTESIAN_POINT('',(56.5,-2.2,-8.4));
#1827 = DIRECTION('',(1.,0.,-0.));
#1828 = DIRECTION('',(0.,-1.,0.));
#1829 = ADVANCED_FACE('',(#1830),#1841,.F.);
#1830 = FACE_BOUND('',#1831,.F.);
#1831 = EDGE_LOOP('',(#1832,#1833,#1834,#1835));
#1832 = ORIENTED_EDGE('',*,*,#193,.F.);
#1833 = ORIENTED_EDGE('',*,*,#343,.T.);
#1834 = ORIENTED_EDGE('',*,*,#367,.T.);
#1835 = ORIENTED_EDGE('',*,*,#1836,.F.);
#1836 = EDGE_CURVE('',#196,#368,#1837,.T.);
#1837 = LINE('',#1838,#1839);
#1838 = CARTESIAN_POINT('',(6.5,53.6,-2.));
#1839 = VECTOR('',#1840,1.);
#1840 = DIRECTION('',(1.,0.,-0.));
#1841 = PLANE('',#1842);
#1842 = AXIS2_PLACEMENT_3D('',#1843,#1844,#1845);
#1843 = CARTESIAN_POINT('',(6.5,-24.6,-2.));
#1844 = DIRECTION('',(0.,0.,1.));
#1845 = DIRECTION('',(1.,0.,-0.));
#1846 = ADVANCED_FACE('',(#1847),#1858,.T.);
#1847 = FACE_BOUND('',#1848,.T.);
#1848 = EDGE_LOOP('',(#1849,#1850,#1856,#1857));
#1849 = ORIENTED_EDGE('',*,*,#327,.T.);
#1850 = ORIENTED_EDGE('',*,*,#1851,.T.);
#1851 = EDGE_CURVE('',#320,#486,#1852,.T.);
#1852 = LINE('',#1853,#1854);
#1853 = CARTESIAN_POINT('',(6.5,54.6,-1.));
#1854 = VECTOR('',#1855,1.);
#1855 = DIRECTION('',(1.,0.,-0.));
#1856 = ORIENTED_EDGE('',*,*,#493,.F.);
#1857 = ORIENTED_EDGE('',*,*,#1836,.F.);
#1858 = CYLINDRICAL_SURFACE('',#1859,1.);
#1859 = AXIS2_PLACEMENT_3D('',#1860,#1861,#1862);
#1860 = CARTESIAN_POINT('',(6.5,53.6,-1.));
#1861 = DIRECTION('',(1.,0.,-0.));
#1862 = DIRECTION('',(0.,-0.,-1.));
#1863 = ADVANCED_FACE('',(#1864,#1879,#1895),#1915,.T.);
#1864 = FACE_BOUND('',#1865,.T.);
#1865 = EDGE_LOOP('',(#1866,#1867,#1868,#1869,#1875,#1876,#1877,#1878));
#1866 = ORIENTED_EDGE('',*,*,#319,.F.);
#1867 = ORIENTED_EDGE('',*,*,#311,.T.);
#1868 = ORIENTED_EDGE('',*,*,#303,.T.);
#1869 = ORIENTED_EDGE('',*,*,#1870,.T.);
#1870 = EDGE_CURVE('',#295,#461,#1871,.T.);
#1871 = LINE('',#1872,#1873);
#1872 = CARTESIAN_POINT('',(6.5,54.6,-8.4));
#1873 = VECTOR('',#1874,1.);
#1874 = DIRECTION('',(1.,0.,-0.));
#1875 = ORIENTED_EDGE('',*,*,#469,.F.);
#1876 = ORIENTED_EDGE('',*,*,#477,.F.);
#1877 = ORIENTED_EDGE('',*,*,#485,.T.);
#1878 = ORIENTED_EDGE('',*,*,#1851,.F.);
#1879 = FACE_BOUND('',#1880,.T.);
#1880 = EDGE_LOOP('',(#1881,#1882,#1888,#1889));
#1881 = ORIENTED_EDGE('',*,*,#578,.F.);
#1882 = ORIENTED_EDGE('',*,*,#1883,.T.);
#1883 = EDGE_CURVE('',#570,#1331,#1884,.T.);
#1884 = LINE('',#1885,#1886);
#1885 = CARTESIAN_POINT('',(2.,54.6,-9.));
#1886 = VECTOR('',#1887,1.);
#1887 = DIRECTION('',(0.,0.,1.));
#1888 = ORIENTED_EDGE('',*,*,#1330,.T.);
#1889 = ORIENTED_EDGE('',*,*,#1890,.F.);
#1890 = EDGE_CURVE('',#579,#1322,#1891,.T.);
#1891 = LINE('',#1892,#1893);
#1892 = CARTESIAN_POINT('',(67.,54.6,-9.));
#1893 = VECTOR('',#1894,1.);
#1894 = DIRECTION('',(0.,0.,1.));
#1895 = FACE_BOUND('',#1896,.T.);
#1896 = EDGE_LOOP('',(#1897,#1898,#1899,#1900,#1906,#1907,#1908,#1909));
#1897 = ORIENTED_EDGE('',*,*,#1627,.F.);
#1898 = ORIENTED_EDGE('',*,*,#1619,.T.);
#1899 = ORIENTED_EDGE('',*,*,#1611,.T.);
#1900 = ORIENTED_EDGE('',*,*,#1901,.T.);
#1901 = EDGE_CURVE('',#1603,#1769,#1902,.T.);
#1902 = LINE('',#1903,#1904);
#1903 = CARTESIAN_POINT('',(56.5,54.6,-8.4));
#1904 = VECTOR('',#1905,1.);
#1905 = DIRECTION('',(1.,0.,-0.));
#1906 = ORIENTED_EDGE('',*,*,#1777,.F.);
#1907 = ORIENTED_EDGE('',*,*,#1785,.F.);
#1908 = ORIENTED_EDGE('',*,*,#1793,.T.);
#1909 = ORIENTED_EDGE('',*,*,#1910,.F.);
#1910 = EDGE_CURVE('',#1628,#1794,#1911,.T.);
#1911 = LINE('',#1912,#1913);
#1912 = CARTESIAN_POINT('',(56.5,54.6,-1.));
#1913 = VECTOR('',#1914,1.);
#1914 = DIRECTION('',(1.,0.,-0.));
#1915 = PLANE('',#1916);
#1916 = AXIS2_PLACEMENT_3D('',#1917,#1918,#1919);
#1917 = CARTESIAN_POINT('',(-4.6,54.6,-9.));
#1918 = DIRECTION('',(-0.,1.,0.));
#1919 = DIRECTION('',(0.,0.,1.));
#1920 = ADVANCED_FACE('',(#1921),#1932,.T.);
#1921 = FACE_BOUND('',#1922,.T.);
#1922 = EDGE_LOOP('',(#1923,#1924,#1930,#1931));
#1923 = ORIENTED_EDGE('',*,*,#294,.T.);
#1924 = ORIENTED_EDGE('',*,*,#1925,.T.);
#1925 = EDGE_CURVE('',#287,#453,#1926,.T.);
#1926 = LINE('',#1927,#1928);
#1927 = CARTESIAN_POINT('',(6.5,52.2,-6.));
#1928 = VECTOR('',#1929,1.);
#1929 = DIRECTION('',(1.,0.,-0.));
#1930 = ORIENTED_EDGE('',*,*,#460,.F.);
#1931 = ORIENTED_EDGE('',*,*,#1870,.F.);
#1932 = CYLINDRICAL_SURFACE('',#1933,2.4);
#1933 = AXIS2_PLACEMENT_3D('',#1934,#1935,#1936);
#1934 = CARTESIAN_POINT('',(6.5,52.2,-8.4));
#1935 = DIRECTION('',(1.,0.,-0.));
#1936 = DIRECTION('',(0.,1.,0.));
#1937 = ADVANCED_FACE('',(#1938,#2059),#2075,.T.);
#1938 = FACE_BOUND('',#1939,.T.);
#1939 = EDGE_LOOP('',(#1940,#1941,#1942,#1943,#1949,#1950,#1951,#1952,
    #1960,#1968,#1974,#1975,#1983,#1991,#1997,#1998,#2004,#2005,#2011,
    #2012,#2013,#2014,#2022,#2030,#2036,#2037,#2045,#2053));
#1940 = ORIENTED_EDGE('',*,*,#222,.F.);
#1941 = ORIENTED_EDGE('',*,*,#509,.T.);
#1942 = ORIENTED_EDGE('',*,*,#388,.T.);
#1943 = ORIENTED_EDGE('',*,*,#1944,.T.);
#1944 = EDGE_CURVE('',#389,#1531,#1945,.T.);
#1945 = LINE('',#1946,#1947);
#1946 = CARTESIAN_POINT('',(-24.6,5.,-6.));
#1947 = VECTOR('',#1948,1.);
#1948 = DIRECTION('',(1.,0.,-0.));
#1949 = ORIENTED_EDGE('',*,*,#1530,.F.);
#1950 = ORIENTED_EDGE('',*,*,#1817,.T.);
#1951 = ORIENTED_EDGE('',*,*,#1696,.T.);
#1952 = ORIENTED_EDGE('',*,*,#1953,.T.);
#1953 = EDGE_CURVE('',#1697,#1954,#1956,.T.);
#1954 = VERTEX_POINT('',#1955);
#1955 = CARTESIAN_POINT('',(73.6,5.,-6.));
#1956 = LINE('',#1957,#1958);
#1957 = CARTESIAN_POINT('',(-24.6,5.,-6.));
#1958 = VECTOR('',#1959,1.);
#1959 = DIRECTION('',(1.,0.,-0.));
#1960 = ORIENTED_EDGE('',*,*,#1961,.F.);
#1961 = EDGE_CURVE('',#1962,#1954,#1964,.T.);
#1962 = VERTEX_POINT('',#1963);
#1963 = CARTESIAN_POINT('',(73.6,13.,-6.));
#1964 = LINE('',#1965,#1966);
#1965 = CARTESIAN_POINT('',(73.6,0.2,-6.));
#1966 = VECTOR('',#1967,1.);
#1967 = DIRECTION('',(0.,-1.,0.));
#1968 = ORIENTED_EDGE('',*,*,#1969,.F.);
#1969 = EDGE_CURVE('',#1721,#1962,#1970,.T.);
#1970 = LINE('',#1971,#1972);
#1971 = CARTESIAN_POINT('',(-24.6,13.,-6.));
#1972 = VECTOR('',#1973,1.);
#1973 = DIRECTION('',(1.,0.,-0.));
#1974 = ORIENTED_EDGE('',*,*,#1728,.T.);
#1975 = ORIENTED_EDGE('',*,*,#1976,.T.);
#1976 = EDGE_CURVE('',#1729,#1977,#1979,.T.);
#1977 = VERTEX_POINT('',#1978);
#1978 = CARTESIAN_POINT('',(73.6,37.,-6.));
#1979 = LINE('',#1980,#1981);
#1980 = CARTESIAN_POINT('',(-24.6,37.,-6.));
#1981 = VECTOR('',#1982,1.);
#1982 = DIRECTION('',(1.,0.,-0.));
#1983 = ORIENTED_EDGE('',*,*,#1984,.F.);
#1984 = EDGE_CURVE('',#1985,#1977,#1987,.T.);
#1985 = VERTEX_POINT('',#1986);
#1986 = CARTESIAN_POINT('',(73.6,45.,-6.));
#1987 = LINE('',#1988,#1989);
#1988 = CARTESIAN_POINT('',(73.6,16.2,-6.));
#1989 = VECTOR('',#1990,1.);
#1990 = DIRECTION('',(0.,-1.,0.));
#1991 = ORIENTED_EDGE('',*,*,#1992,.F.);
#1992 = EDGE_CURVE('',#1753,#1985,#1993,.T.);
#1993 = LINE('',#1994,#1995);
#1994 = CARTESIAN_POINT('',(-24.6,45.,-6.));
#1995 = VECTOR('',#1996,1.);
#1996 = DIRECTION('',(1.,0.,-0.));
#1997 = ORIENTED_EDGE('',*,*,#1760,.T.);
#1998 = ORIENTED_EDGE('',*,*,#1999,.F.);
#1999 = EDGE_CURVE('',#1595,#1761,#2000,.T.);
#2000 = LINE('',#2001,#2002);
#2001 = CARTESIAN_POINT('',(56.5,52.2,-6.));
#2002 = VECTOR('',#2003,1.);
#2003 = DIRECTION('',(1.,0.,-0.));
#2004 = ORIENTED_EDGE('',*,*,#1594,.F.);
#2005 = ORIENTED_EDGE('',*,*,#2006,.F.);
#2006 = EDGE_CURVE('',#445,#1587,#2007,.T.);
#2007 = LINE('',#2008,#2009);
#2008 = CARTESIAN_POINT('',(-24.6,45.,-6.));
#2009 = VECTOR('',#2010,1.);
#2010 = DIRECTION('',(1.,0.,-0.));
#2011 = ORIENTED_EDGE('',*,*,#452,.T.);
#2012 = ORIENTED_EDGE('',*,*,#1925,.F.);
#2013 = ORIENTED_EDGE('',*,*,#286,.F.);
#2014 = ORIENTED_EDGE('',*,*,#2015,.F.);
#2015 = EDGE_CURVE('',#2016,#279,#2018,.T.);
#2016 = VERTEX_POINT('',#2017);
#2017 = CARTESIAN_POINT('',(-4.6,45.,-6.));
#2018 = LINE('',#2019,#2020);
#2019 = CARTESIAN_POINT('',(-24.6,45.,-6.));
#2020 = VECTOR('',#2021,1.);
#2021 = DIRECTION('',(1.,0.,-0.));
#2022 = ORIENTED_EDGE('',*,*,#2023,.T.);
#2023 = EDGE_CURVE('',#2016,#2024,#2026,.T.);
#2024 = VERTEX_POINT('',#2025);
#2025 = CARTESIAN_POINT('',(-4.6,37.,-6.));
#2026 = LINE('',#2027,#2028);
#2027 = CARTESIAN_POINT('',(-4.6,16.2,-6.));
#2028 = VECTOR('',#2029,1.);
#2029 = DIRECTION('',(0.,-1.,0.));
#2030 = ORIENTED_EDGE('',*,*,#2031,.T.);
#2031 = EDGE_CURVE('',#2024,#255,#2032,.T.);
#2032 = LINE('',#2033,#2034);
#2033 = CARTESIAN_POINT('',(-24.6,37.,-6.));
#2034 = VECTOR('',#2035,1.);
#2035 = DIRECTION('',(1.,0.,-0.));
#2036 = ORIENTED_EDGE('',*,*,#254,.F.);
#2037 = ORIENTED_EDGE('',*,*,#2038,.F.);
#2038 = EDGE_CURVE('',#2039,#247,#2041,.T.);
#2039 = VERTEX_POINT('',#2040);
#2040 = CARTESIAN_POINT('',(-4.6,13.,-6.));
#2041 = LINE('',#2042,#2043);
#2042 = CARTESIAN_POINT('',(-24.6,13.,-6.));
#2043 = VECTOR('',#2044,1.);
#2044 = DIRECTION('',(1.,0.,-0.));
#2045 = ORIENTED_EDGE('',*,*,#2046,.T.);
#2046 = EDGE_CURVE('',#2039,#2047,#2049,.T.);
#2047 = VERTEX_POINT('',#2048);
#2048 = CARTESIAN_POINT('',(-4.6,5.,-6.));
#2049 = LINE('',#2050,#2051);
#2050 = CARTESIAN_POINT('',(-4.6,0.2,-6.));
#2051 = VECTOR('',#2052,1.);
#2052 = DIRECTION('',(0.,-1.,0.));
#2053 = ORIENTED_EDGE('',*,*,#2054,.T.);
#2054 = EDGE_CURVE('',#2047,#223,#2055,.T.);
#2055 = LINE('',#2056,#2057);
#2056 = CARTESIAN_POINT('',(-24.6,5.,-6.));
#2057 = VECTOR('',#2058,1.);
#2058 = DIRECTION('',(1.,0.,-0.));
#2059 = FACE_BOUND('',#2060,.T.);
#2060 = EDGE_LOOP('',(#2061,#2067,#2068,#2074));
#2061 = ORIENTED_EDGE('',*,*,#2062,.T.);
#2062 = EDGE_CURVE('',#421,#1563,#2063,.T.);
#2063 = LINE('',#2064,#2065);
#2064 = CARTESIAN_POINT('',(-24.6,37.,-6.));
#2065 = VECTOR('',#2066,1.);
#2066 = DIRECTION('',(1.,0.,-0.));
#2067 = ORIENTED_EDGE('',*,*,#1562,.F.);
#2068 = ORIENTED_EDGE('',*,*,#2069,.F.);
#2069 = EDGE_CURVE('',#413,#1555,#2070,.T.);
#2070 = LINE('',#2071,#2072);
#2071 = CARTESIAN_POINT('',(-24.6,13.,-6.));
#2072 = VECTOR('',#2073,1.);
#2073 = DIRECTION('',(1.,0.,-0.));
#2074 = ORIENTED_EDGE('',*,*,#420,.T.);
#2075 = PLANE('',#2076);
#2076 = AXIS2_PLACEMENT_3D('',#2077,#2078,#2079);
#2077 = CARTESIAN_POINT('',(34.5,25.,-6.));
#2078 = DIRECTION('',(0.,0.,1.));
#2079 = DIRECTION('',(1.,0.,-0.));
#2080 = ADVANCED_FACE('',(#2081),#2099,.T.);
#2081 = FACE_BOUND('',#2082,.T.);
#2082 = EDGE_LOOP('',(#2083,#2084,#2085,#2093));
#2083 = ORIENTED_EDGE('',*,*,#230,.F.);
#2084 = ORIENTED_EDGE('',*,*,#2054,.F.);
#2085 = ORIENTED_EDGE('',*,*,#2086,.T.);
#2086 = EDGE_CURVE('',#2047,#2087,#2089,.T.);
#2087 = VERTEX_POINT('',#2088);
#2088 = CARTESIAN_POINT('',(-4.6,5.,-2.5));
#2089 = LINE('',#2090,#2091);
#2090 = CARTESIAN_POINT('',(-4.6,5.,-7.5));
#2091 = VECTOR('',#2092,1.);
#2092 = DIRECTION('',(0.,0.,1.));
#2093 = ORIENTED_EDGE('',*,*,#2094,.T.);
#2094 = EDGE_CURVE('',#2087,#231,#2095,.T.);
#2095 = LINE('',#2096,#2097);
#2096 = CARTESIAN_POINT('',(-24.6,5.,-2.5));
#2097 = VECTOR('',#2098,1.);
#2098 = DIRECTION('',(1.,0.,-0.));
#2099 = PLANE('',#2100);
#2100 = AXIS2_PLACEMENT_3D('',#2101,#2102,#2103);
#2101 = CARTESIAN_POINT('',(-24.6,5.,-6.));
#2102 = DIRECTION('',(-0.,1.,0.));
#2103 = DIRECTION('',(0.,0.,1.));
#2104 = ADVANCED_FACE('',(#2105),#2123,.F.);
#2105 = FACE_BOUND('',#2106,.F.);
#2106 = EDGE_LOOP('',(#2107,#2108,#2109,#2117));
#2107 = ORIENTED_EDGE('',*,*,#278,.F.);
#2108 = ORIENTED_EDGE('',*,*,#2015,.F.);
#2109 = ORIENTED_EDGE('',*,*,#2110,.T.);
#2110 = EDGE_CURVE('',#2016,#2111,#2113,.T.);
#2111 = VERTEX_POINT('',#2112);
#2112 = CARTESIAN_POINT('',(-4.6,45.,-2.5));
#2113 = LINE('',#2114,#2115);
#2114 = CARTESIAN_POINT('',(-4.6,45.,-7.5));
#2115 = VECTOR('',#2116,1.);
#2116 = DIRECTION('',(0.,0.,1.));
#2117 = ORIENTED_EDGE('',*,*,#2118,.T.);
#2118 = EDGE_CURVE('',#2111,#271,#2119,.T.);
#2119 = LINE('',#2120,#2121);
#2120 = CARTESIAN_POINT('',(-24.6,45.,-2.5));
#2121 = VECTOR('',#2122,1.);
#2122 = DIRECTION('',(1.,0.,-0.));
#2123 = PLANE('',#2124);
#2124 = AXIS2_PLACEMENT_3D('',#2125,#2126,#2127);
#2125 = CARTESIAN_POINT('',(-24.6,45.,-6.));
#2126 = DIRECTION('',(-0.,1.,0.));
#2127 = DIRECTION('',(0.,0.,1.));
#2128 = ADVANCED_FACE('',(#2129),#2147,.F.);
#2129 = FACE_BOUND('',#2130,.F.);
#2130 = EDGE_LOOP('',(#2131,#2139,#2145,#2146));
#2131 = ORIENTED_EDGE('',*,*,#2132,.F.);
#2132 = EDGE_CURVE('',#2133,#239,#2135,.T.);
#2133 = VERTEX_POINT('',#2134);
#2134 = CARTESIAN_POINT('',(-4.6,13.,-2.5));
#2135 = LINE('',#2136,#2137);
#2136 = CARTESIAN_POINT('',(-24.6,13.,-2.5));
#2137 = VECTOR('',#2138,1.);
#2138 = DIRECTION('',(1.,0.,-0.));
#2139 = ORIENTED_EDGE('',*,*,#2140,.T.);
#2140 = EDGE_CURVE('',#2133,#2087,#2141,.T.);
#2141 = LINE('',#2142,#2143);
#2142 = CARTESIAN_POINT('',(-4.6,0.2,-2.5));
#2143 = VECTOR('',#2144,1.);
#2144 = DIRECTION('',(0.,-1.,0.));
#2145 = ORIENTED_EDGE('',*,*,#2094,.T.);
#2146 = ORIENTED_EDGE('',*,*,#238,.F.);
#2147 = PLANE('',#2148);
#2148 = AXIS2_PLACEMENT_3D('',#2149,#2150,#2151);
#2149 = CARTESIAN_POINT('',(-24.6,5.,-2.5));
#2150 = DIRECTION('',(0.,0.,1.));
#2151 = DIRECTION('',(1.,0.,-0.));
#2152 = ADVANCED_FACE('',(#2153),#2171,.F.);
#2153 = FACE_BOUND('',#2154,.F.);
#2154 = EDGE_LOOP('',(#2155,#2156,#2164,#2170));
#2155 = ORIENTED_EDGE('',*,*,#2118,.F.);
#2156 = ORIENTED_EDGE('',*,*,#2157,.T.);
#2157 = EDGE_CURVE('',#2111,#2158,#2160,.T.);
#2158 = VERTEX_POINT('',#2159);
#2159 = CARTESIAN_POINT('',(-4.6,37.,-2.5));
#2160 = LINE('',#2161,#2162);
#2161 = CARTESIAN_POINT('',(-4.6,16.2,-2.5));
#2162 = VECTOR('',#2163,1.);
#2163 = DIRECTION('',(0.,-1.,0.));
#2164 = ORIENTED_EDGE('',*,*,#2165,.T.);
#2165 = EDGE_CURVE('',#2158,#263,#2166,.T.);
#2166 = LINE('',#2167,#2168);
#2167 = CARTESIAN_POINT('',(-24.6,37.,-2.5));
#2168 = VECTOR('',#2169,1.);
#2169 = DIRECTION('',(1.,0.,-0.));
#2170 = ORIENTED_EDGE('',*,*,#270,.F.);
#2171 = PLANE('',#2172);
#2172 = AXIS2_PLACEMENT_3D('',#2173,#2174,#2175);
#2173 = CARTESIAN_POINT('',(-24.6,37.,-2.5));
#2174 = DIRECTION('',(0.,0.,1.));
#2175 = DIRECTION('',(1.,0.,-0.));
#2176 = ADVANCED_FACE('',(#2177),#2188,.F.);
#2177 = FACE_BOUND('',#2178,.F.);
#2178 = EDGE_LOOP('',(#2179,#2180,#2181,#2187));
#2179 = ORIENTED_EDGE('',*,*,#246,.F.);
#2180 = ORIENTED_EDGE('',*,*,#2038,.F.);
#2181 = ORIENTED_EDGE('',*,*,#2182,.T.);
#2182 = EDGE_CURVE('',#2039,#2133,#2183,.T.);
#2183 = LINE('',#2184,#2185);
#2184 = CARTESIAN_POINT('',(-4.6,13.,-7.5));
#2185 = VECTOR('',#2186,1.);
#2186 = DIRECTION('',(0.,0.,1.));
#2187 = ORIENTED_EDGE('',*,*,#2132,.T.);
#2188 = PLANE('',#2189);
#2189 = AXIS2_PLACEMENT_3D('',#2190,#2191,#2192);
#2190 = CARTESIAN_POINT('',(-24.6,13.,-6.));
#2191 = DIRECTION('',(-0.,1.,0.));
#2192 = DIRECTION('',(0.,0.,1.));
#2193 = ADVANCED_FACE('',(#2194),#2205,.T.);
#2194 = FACE_BOUND('',#2195,.T.);
#2195 = EDGE_LOOP('',(#2196,#2197,#2198,#2204));
#2196 = ORIENTED_EDGE('',*,*,#262,.F.);
#2197 = ORIENTED_EDGE('',*,*,#2031,.F.);
#2198 = ORIENTED_EDGE('',*,*,#2199,.T.);
#2199 = EDGE_CURVE('',#2024,#2158,#2200,.T.);
#2200 = LINE('',#2201,#2202);
#2201 = CARTESIAN_POINT('',(-4.6,37.,-7.5));
#2202 = VECTOR('',#2203,1.);
#2203 = DIRECTION('',(0.,0.,1.));
#2204 = ORIENTED_EDGE('',*,*,#2165,.T.);
#2205 = PLANE('',#2206);
#2206 = AXIS2_PLACEMENT_3D('',#2207,#2208,#2209);
#2207 = CARTESIAN_POINT('',(-24.6,37.,-6.));
#2208 = DIRECTION('',(-0.,1.,0.));
#2209 = DIRECTION('',(0.,0.,1.));
#2210 = ADVANCED_FACE('',(#2211),#2222,.T.);
#2211 = FACE_BOUND('',#2212,.T.);
#2212 = EDGE_LOOP('',(#2213,#2214,#2215,#2221));
#2213 = ORIENTED_EDGE('',*,*,#1944,.F.);
#2214 = ORIENTED_EDGE('',*,*,#396,.T.);
#2215 = ORIENTED_EDGE('',*,*,#2216,.T.);
#2216 = EDGE_CURVE('',#397,#1539,#2217,.T.);
#2217 = LINE('',#2218,#2219);
#2218 = CARTESIAN_POINT('',(-24.6,5.,-2.5));
#2219 = VECTOR('',#2220,1.);
#2220 = DIRECTION('',(1.,0.,-0.));
#2221 = ORIENTED_EDGE('',*,*,#1538,.F.);
#2222 = PLANE('',#2223);
#2223 = AXIS2_PLACEMENT_3D('',#2224,#2225,#2226);
#2224 = CARTESIAN_POINT('',(-24.6,5.,-6.));
#2225 = DIRECTION('',(-0.,1.,0.));
#2226 = DIRECTION('',(0.,0.,1.));
#2227 = ADVANCED_FACE('',(#2228),#2239,.F.);
#2228 = FACE_BOUND('',#2229,.F.);
#2229 = EDGE_LOOP('',(#2230,#2231,#2232,#2238));
#2230 = ORIENTED_EDGE('',*,*,#2006,.F.);
#2231 = ORIENTED_EDGE('',*,*,#444,.T.);
#2232 = ORIENTED_EDGE('',*,*,#2233,.T.);
#2233 = EDGE_CURVE('',#437,#1579,#2234,.T.);
#2234 = LINE('',#2235,#2236);
#2235 = CARTESIAN_POINT('',(-24.6,45.,-2.5));
#2236 = VECTOR('',#2237,1.);
#2237 = DIRECTION('',(1.,0.,-0.));
#2238 = ORIENTED_EDGE('',*,*,#1586,.F.);
#2239 = PLANE('',#2240);
#2240 = AXIS2_PLACEMENT_3D('',#2241,#2242,#2243);
#2241 = CARTESIAN_POINT('',(-24.6,45.,-6.));
#2242 = DIRECTION('',(-0.,1.,0.));
#2243 = DIRECTION('',(0.,0.,1.));
#2244 = ADVANCED_FACE('',(#2245),#2256,.F.);
#2245 = FACE_BOUND('',#2246,.F.);
#2246 = EDGE_LOOP('',(#2247,#2253,#2254,#2255));
#2247 = ORIENTED_EDGE('',*,*,#2248,.F.);
#2248 = EDGE_CURVE('',#405,#1547,#2249,.T.);
#2249 = LINE('',#2250,#2251);
#2250 = CARTESIAN_POINT('',(-24.6,13.,-2.5));
#2251 = VECTOR('',#2252,1.);
#2252 = DIRECTION('',(1.,0.,-0.));
#2253 = ORIENTED_EDGE('',*,*,#404,.T.);
#2254 = ORIENTED_EDGE('',*,*,#2216,.T.);
#2255 = ORIENTED_EDGE('',*,*,#1546,.F.);
#2256 = PLANE('',#2257);
#2257 = AXIS2_PLACEMENT_3D('',#2258,#2259,#2260);
#2258 = CARTESIAN_POINT('',(-24.6,5.,-2.5));
#2259 = DIRECTION('',(0.,0.,1.));
#2260 = DIRECTION('',(1.,0.,-0.));
#2261 = ADVANCED_FACE('',(#2262),#2273,.F.);
#2262 = FACE_BOUND('',#2263,.F.);
#2263 = EDGE_LOOP('',(#2264,#2265,#2266,#2272));
#2264 = ORIENTED_EDGE('',*,*,#2233,.F.);
#2265 = ORIENTED_EDGE('',*,*,#436,.T.);
#2266 = ORIENTED_EDGE('',*,*,#2267,.T.);
#2267 = EDGE_CURVE('',#429,#1571,#2268,.T.);
#2268 = LINE('',#2269,#2270);
#2269 = CARTESIAN_POINT('',(-24.6,37.,-2.5));
#2270 = VECTOR('',#2271,1.);
#2271 = DIRECTION('',(1.,0.,-0.));
#2272 = ORIENTED_EDGE('',*,*,#1578,.F.);
#2273 = PLANE('',#2274);
#2274 = AXIS2_PLACEMENT_3D('',#2275,#2276,#2277);
#2275 = CARTESIAN_POINT('',(-24.6,37.,-2.5));
#2276 = DIRECTION('',(0.,0.,1.));
#2277 = DIRECTION('',(1.,0.,-0.));
#2278 = ADVANCED_FACE('',(#2279),#2285,.F.);
#2279 = FACE_BOUND('',#2280,.F.);
#2280 = EDGE_LOOP('',(#2281,#2282,#2283,#2284));
#2281 = ORIENTED_EDGE('',*,*,#2069,.F.);
#2282 = ORIENTED_EDGE('',*,*,#412,.T.);
#2283 = ORIENTED_EDGE('',*,*,#2248,.T.);
#2284 = ORIENTED_EDGE('',*,*,#1554,.F.);
#2285 = PLANE('',#2286);
#2286 = AXIS2_PLACEMENT_3D('',#2287,#2288,#2289);
#2287 = CARTESIAN_POINT('',(-24.6,13.,-6.));
#2288 = DIRECTION('',(-0.,1.,0.));
#2289 = DIRECTION('',(0.,0.,1.));
#2290 = ADVANCED_FACE('',(#2291),#2297,.T.);
#2291 = FACE_BOUND('',#2292,.T.);
#2292 = EDGE_LOOP('',(#2293,#2294,#2295,#2296));
#2293 = ORIENTED_EDGE('',*,*,#2062,.F.);
#2294 = ORIENTED_EDGE('',*,*,#428,.T.);
#2295 = ORIENTED_EDGE('',*,*,#2267,.T.);
#2296 = ORIENTED_EDGE('',*,*,#1570,.F.);
#2297 = PLANE('',#2298);
#2298 = AXIS2_PLACEMENT_3D('',#2299,#2300,#2301);
#2299 = CARTESIAN_POINT('',(-24.6,37.,-6.));
#2300 = DIRECTION('',(-0.,1.,0.));
#2301 = DIRECTION('',(0.,0.,1.));
#2302 = ADVANCED_FACE('',(#2303,#2319,#2325,#2336,#2342),#2376,.F.);
#2303 = FACE_BOUND('',#2304,.F.);
#2304 = EDGE_LOOP('',(#2305,#2306,#2312,#2313));
#2305 = ORIENTED_EDGE('',*,*,#1182,.F.);
#2306 = ORIENTED_EDGE('',*,*,#2307,.F.);
#2307 = EDGE_CURVE('',#526,#1183,#2308,.T.);
#2308 = LINE('',#2309,#2310);
#2309 = CARTESIAN_POINT('',(-4.6,2.,-9.));
#2310 = VECTOR('',#2311,1.);
#2311 = DIRECTION('',(0.,0.,1.));
#2312 = ORIENTED_EDGE('',*,*,#525,.T.);
#2313 = ORIENTED_EDGE('',*,*,#2314,.T.);
#2314 = EDGE_CURVE('',#528,#1185,#2315,.T.);
#2315 = LINE('',#2316,#2317);
#2316 = CARTESIAN_POINT('',(-4.6,48.,-9.));
#2317 = VECTOR('',#2318,1.);
#2318 = DIRECTION('',(0.,0.,1.));
#2319 = FACE_BOUND('',#2320,.F.);
#2320 = EDGE_LOOP('',(#2321,#2322,#2323,#2324));
#2321 = ORIENTED_EDGE('',*,*,#2023,.T.);
#2322 = ORIENTED_EDGE('',*,*,#2199,.T.);
#2323 = ORIENTED_EDGE('',*,*,#2157,.F.);
#2324 = ORIENTED_EDGE('',*,*,#2110,.F.);
#2325 = FACE_BOUND('',#2326,.F.);
#2326 = EDGE_LOOP('',(#2327));
#2327 = ORIENTED_EDGE('',*,*,#2328,.F.);
#2328 = EDGE_CURVE('',#2329,#2329,#2331,.T.);
#2329 = VERTEX_POINT('',#2330);
#2330 = CARTESIAN_POINT('',(-4.6,25.,22.95));
#2331 = CIRCLE('',#2332,3.45);
#2332 = AXIS2_PLACEMENT_3D('',#2333,#2334,#2335);
#2333 = CARTESIAN_POINT('',(-4.6,25.,19.5));
#2334 = DIRECTION('',(1.,0.,0.));
#2335 = DIRECTION('',(-0.,0.,1.));
#2336 = FACE_BOUND('',#2337,.F.);
#2337 = EDGE_LOOP('',(#2338,#2339,#2340,#2341));
#2338 = ORIENTED_EDGE('',*,*,#2046,.T.);
#2339 = ORIENTED_EDGE('',*,*,#2086,.T.);
#2340 = ORIENTED_EDGE('',*,*,#2140,.F.);
#2341 = ORIENTED_EDGE('',*,*,#2182,.F.);
#2342 = FACE_BOUND('',#2343,.F.);
#2343 = EDGE_LOOP('',(#2344,#2354,#2362,#2370));
#2344 = ORIENTED_EDGE('',*,*,#2345,.F.);
#2345 = EDGE_CURVE('',#2346,#2348,#2350,.T.);
#2346 = VERTEX_POINT('',#2347);
#2347 = CARTESIAN_POINT('',(-4.6,4.,16.5));
#2348 = VERTEX_POINT('',#2349);
#2349 = CARTESIAN_POINT('',(-4.6,11.,16.5));
#2350 = LINE('',#2351,#2352);
#2351 = CARTESIAN_POINT('',(-4.6,4.,16.5));
#2352 = VECTOR('',#2353,1.);
#2353 = DIRECTION('',(-0.,1.,0.));
#2354 = ORIENTED_EDGE('',*,*,#2355,.T.);
#2355 = EDGE_CURVE('',#2346,#2356,#2358,.T.);
#2356 = VERTEX_POINT('',#2357);
#2357 = CARTESIAN_POINT('',(-4.6,4.,22.5));
#2358 = LINE('',#2359,#2360);
#2359 = CARTESIAN_POINT('',(-4.6,4.,16.5));
#2360 = VECTOR('',#2361,1.);
#2361 = DIRECTION('',(0.,0.,1.));
#2362 = ORIENTED_EDGE('',*,*,#2363,.T.);
#2363 = EDGE_CURVE('',#2356,#2364,#2366,.T.);
#2364 = VERTEX_POINT('',#2365);
#2365 = CARTESIAN_POINT('',(-4.6,11.,22.5));
#2366 = LINE('',#2367,#2368);
#2367 = CARTESIAN_POINT('',(-4.6,4.,22.5));
#2368 = VECTOR('',#2369,1.);
#2369 = DIRECTION('',(-0.,1.,0.));
#2370 = ORIENTED_EDGE('',*,*,#2371,.F.);
#2371 = EDGE_CURVE('',#2348,#2364,#2372,.T.);
#2372 = LINE('',#2373,#2374);
#2373 = CARTESIAN_POINT('',(-4.6,11.,16.5));
#2374 = VECTOR('',#2375,1.);
#2375 = DIRECTION('',(0.,0.,1.));
#2376 = PLANE('',#2377);
#2377 = AXIS2_PLACEMENT_3D('',#2378,#2379,#2380);
#2378 = CARTESIAN_POINT('',(-4.6,-4.6,-9.));
#2379 = DIRECTION('',(1.,0.,-0.));
#2380 = DIRECTION('',(0.,0.,1.));
#2381 = ADVANCED_FACE('',(#2382),#2393,.T.);
#2382 = FACE_BOUND('',#2383,.T.);
#2383 = EDGE_LOOP('',(#2384,#2385,#2386,#2392));
#2384 = ORIENTED_EDGE('',*,*,#2307,.F.);
#2385 = ORIENTED_EDGE('',*,*,#731,.T.);
#2386 = ORIENTED_EDGE('',*,*,#2387,.T.);
#2387 = EDGE_CURVE('',#724,#1193,#2388,.T.);
#2388 = LINE('',#2389,#2390);
#2389 = CARTESIAN_POINT('',(-4.5,0.855447685774,-9.));
#2390 = VECTOR('',#2391,1.);
#2391 = DIRECTION('',(0.,0.,1.));
#2392 = ORIENTED_EDGE('',*,*,#1192,.F.);
#2393 = CYLINDRICAL_SURFACE('',#2394,6.6);
#2394 = AXIS2_PLACEMENT_3D('',#2395,#2396,#2397);
#2395 = CARTESIAN_POINT('',(2.,2.,-9.));
#2396 = DIRECTION('',(0.,0.,1.));
#2397 = DIRECTION('',(-1.,-0.,0.));
#2398 = ADVANCED_FACE('',(#2399),#2410,.T.);
#2399 = FACE_BOUND('',#2400,.F.);
#2400 = EDGE_LOOP('',(#2401,#2402,#2403,#2409));
#2401 = ORIENTED_EDGE('',*,*,#2314,.F.);
#2402 = ORIENTED_EDGE('',*,*,#535,.T.);
#2403 = ORIENTED_EDGE('',*,*,#2404,.T.);
#2404 = EDGE_CURVE('',#536,#1365,#2405,.T.);
#2405 = LINE('',#2406,#2407);
#2406 = CARTESIAN_POINT('',(-4.5,49.144552314226,-9.));
#2407 = VECTOR('',#2408,1.);
#2408 = DIRECTION('',(0.,0.,1.));
#2409 = ORIENTED_EDGE('',*,*,#1372,.F.);
#2410 = CYLINDRICAL_SURFACE('',#2411,6.6);
#2411 = AXIS2_PLACEMENT_3D('',#2412,#2413,#2414);
#2412 = CARTESIAN_POINT('',(2.,48.,-9.));
#2413 = DIRECTION('',(0.,0.,1.));
#2414 = DIRECTION('',(-1.,-0.,0.));
#2415 = ADVANCED_FACE('',(#2416),#2427,.F.);
#2416 = FACE_BOUND('',#2417,.F.);
#2417 = EDGE_LOOP('',(#2418,#2424,#2425,#2426));
#2418 = ORIENTED_EDGE('',*,*,#2419,.F.);
#2419 = EDGE_CURVE('',#715,#1202,#2420,.T.);
#2420 = LINE('',#2421,#2422);
#2421 = CARTESIAN_POINT('',(-4.5,-0.2,-9.));
#2422 = VECTOR('',#2423,1.);
#2423 = DIRECTION('',(0.,0.,1.));
#2424 = ORIENTED_EDGE('',*,*,#723,.T.);
#2425 = ORIENTED_EDGE('',*,*,#2387,.T.);
#2426 = ORIENTED_EDGE('',*,*,#1201,.F.);
#2427 = PLANE('',#2428);
#2428 = AXIS2_PLACEMENT_3D('',#2429,#2430,#2431);
#2429 = CARTESIAN_POINT('',(-4.5,-4.5,-9.));
#2430 = DIRECTION('',(1.,0.,-0.));
#2431 = DIRECTION('',(0.,0.,1.));
#2432 = ADVANCED_FACE('',(#2433),#2444,.F.);
#2433 = FACE_BOUND('',#2434,.F.);
#2434 = EDGE_LOOP('',(#2435,#2436,#2437,#2443));
#2435 = ORIENTED_EDGE('',*,*,#2404,.F.);
#2436 = ORIENTED_EDGE('',*,*,#544,.T.);
#2437 = ORIENTED_EDGE('',*,*,#2438,.T.);
#2438 = EDGE_CURVE('',#545,#1356,#2439,.T.);
#2439 = LINE('',#2440,#2441);
#2440 = CARTESIAN_POINT('',(-4.5,50.2,-9.));
#2441 = VECTOR('',#2442,1.);
#2442 = DIRECTION('',(0.,0.,1.));
#2443 = ORIENTED_EDGE('',*,*,#1364,.F.);
#2444 = PLANE('',#2445);
#2445 = AXIS2_PLACEMENT_3D('',#2446,#2447,#2448);
#2446 = CARTESIAN_POINT('',(-4.5,49.,-9.));
#2447 = DIRECTION('',(1.,0.,-0.));
#2448 = DIRECTION('',(0.,0.,1.));
#2449 = ADVANCED_FACE('',(#2450),#2461,.T.);
#2450 = FACE_BOUND('',#2451,.T.);
#2451 = EDGE_LOOP('',(#2452,#2453,#2459,#2460));
#2452 = ORIENTED_EDGE('',*,*,#714,.T.);
#2453 = ORIENTED_EDGE('',*,*,#2454,.T.);
#2454 = EDGE_CURVE('',#707,#1210,#2455,.T.);
#2455 = LINE('',#2456,#2457);
#2456 = CARTESIAN_POINT('',(-0.2,-4.5,-9.));
#2457 = VECTOR('',#2458,1.);
#2458 = DIRECTION('',(0.,0.,1.));
#2459 = ORIENTED_EDGE('',*,*,#1209,.F.);
#2460 = ORIENTED_EDGE('',*,*,#2419,.F.);
#2461 = CYLINDRICAL_SURFACE('',#2462,4.3);
#2462 = AXIS2_PLACEMENT_3D('',#2463,#2464,#2465);
#2463 = CARTESIAN_POINT('',(-4.5,-4.5,-9.));
#2464 = DIRECTION('',(0.,0.,1.));
#2465 = DIRECTION('',(1.,0.,-0.));
#2466 = ADVANCED_FACE('',(#2467),#2478,.T.);
#2467 = FACE_BOUND('',#2468,.T.);
#2468 = EDGE_LOOP('',(#2469,#2470,#2476,#2477));
#2469 = ORIENTED_EDGE('',*,*,#1355,.F.);
#2470 = ORIENTED_EDGE('',*,*,#2471,.F.);
#2471 = EDGE_CURVE('',#553,#1348,#2472,.T.);
#2472 = LINE('',#2473,#2474);
#2473 = CARTESIAN_POINT('',(-0.2,54.5,-9.));
#2474 = VECTOR('',#2475,1.);
#2475 = DIRECTION('',(0.,0.,1.));
#2476 = ORIENTED_EDGE('',*,*,#552,.T.);
#2477 = ORIENTED_EDGE('',*,*,#2438,.T.);
#2478 = CYLINDRICAL_SURFACE('',#2479,4.3);
#2479 = AXIS2_PLACEMENT_3D('',#2480,#2481,#2482);
#2480 = CARTESIAN_POINT('',(-4.5,54.5,-9.));
#2481 = DIRECTION('',(0.,0.,1.));
#2482 = DIRECTION('',(1.,0.,-0.));
#2483 = ADVANCED_FACE('',(#2484),#2490,.F.);
#2484 = FACE_BOUND('',#2485,.F.);
#2485 = EDGE_LOOP('',(#2486,#2487,#2488,#2489));
#2486 = ORIENTED_EDGE('',*,*,#706,.F.);
#2487 = ORIENTED_EDGE('',*,*,#2454,.T.);
#2488 = ORIENTED_EDGE('',*,*,#1218,.T.);
#2489 = ORIENTED_EDGE('',*,*,#1132,.F.);
#2490 = PLANE('',#2491);
#2491 = AXIS2_PLACEMENT_3D('',#2492,#2493,#2494);
#2492 = CARTESIAN_POINT('',(-4.5,-4.5,-9.));
#2493 = DIRECTION('',(-0.,1.,0.));
#2494 = DIRECTION('',(0.,0.,1.));
#2495 = ADVANCED_FACE('',(#2496),#2507,.T.);
#2496 = FACE_BOUND('',#2497,.T.);
#2497 = EDGE_LOOP('',(#2498,#2499,#2500,#2501));
#2498 = ORIENTED_EDGE('',*,*,#561,.F.);
#2499 = ORIENTED_EDGE('',*,*,#2471,.T.);
#2500 = ORIENTED_EDGE('',*,*,#1347,.T.);
#2501 = ORIENTED_EDGE('',*,*,#2502,.F.);
#2502 = EDGE_CURVE('',#562,#1339,#2503,.T.);
#2503 = LINE('',#2504,#2505);
#2504 = CARTESIAN_POINT('',(0.855447685774,54.5,-9.));
#2505 = VECTOR('',#2506,1.);
#2506 = DIRECTION('',(0.,0.,1.));
#2507 = PLANE('',#2508);
#2508 = AXIS2_PLACEMENT_3D('',#2509,#2510,#2511);
#2509 = CARTESIAN_POINT('',(-4.5,54.5,-9.));
#2510 = DIRECTION('',(-0.,1.,0.));
#2511 = DIRECTION('',(0.,0.,1.));
#2512 = ADVANCED_FACE('',(#2513),#2519,.T.);
#2513 = FACE_BOUND('',#2514,.F.);
#2514 = EDGE_LOOP('',(#2515,#2516,#2517,#2518));
#2515 = ORIENTED_EDGE('',*,*,#2502,.F.);
#2516 = ORIENTED_EDGE('',*,*,#569,.T.);
#2517 = ORIENTED_EDGE('',*,*,#1883,.T.);
#2518 = ORIENTED_EDGE('',*,*,#1338,.F.);
#2519 = CYLINDRICAL_SURFACE('',#2520,6.6);
#2520 = AXIS2_PLACEMENT_3D('',#2521,#2522,#2523);
#2521 = CARTESIAN_POINT('',(2.,48.,-9.));
#2522 = DIRECTION('',(0.,0.,1.));
#2523 = DIRECTION('',(-1.,-0.,0.));
#2524 = ADVANCED_FACE('',(#2525),#2536,.T.);
#2525 = FACE_BOUND('',#2526,.T.);
#2526 = EDGE_LOOP('',(#2527,#2533,#2534,#2535));
#2527 = ORIENTED_EDGE('',*,*,#2528,.F.);
#2528 = EDGE_CURVE('',#587,#1314,#2529,.T.);
#2529 = LINE('',#2530,#2531);
#2530 = CARTESIAN_POINT('',(68.144552314226,54.5,-9.));
#2531 = VECTOR('',#2532,1.);
#2532 = DIRECTION('',(0.,0.,1.));
#2533 = ORIENTED_EDGE('',*,*,#586,.T.);
#2534 = ORIENTED_EDGE('',*,*,#1890,.T.);
#2535 = ORIENTED_EDGE('',*,*,#1321,.F.);
#2536 = CYLINDRICAL_SURFACE('',#2537,6.6);
#2537 = AXIS2_PLACEMENT_3D('',#2538,#2539,#2540);
#2538 = CARTESIAN_POINT('',(67.,48.,-9.));
#2539 = DIRECTION('',(0.,0.,1.));
#2540 = DIRECTION('',(1.,0.,-0.));
#2541 = ADVANCED_FACE('',(#2542),#2553,.F.);
#2542 = FACE_BOUND('',#2543,.F.);
#2543 = EDGE_LOOP('',(#2544,#2545,#2546,#2547));
#2544 = ORIENTED_EDGE('',*,*,#681,.F.);
#2545 = ORIENTED_EDGE('',*,*,#1157,.T.);
#2546 = ORIENTED_EDGE('',*,*,#1227,.T.);
#2547 = ORIENTED_EDGE('',*,*,#2548,.F.);
#2548 = EDGE_CURVE('',#673,#1228,#2549,.T.);
#2549 = LINE('',#2550,#2551);
#2550 = CARTESIAN_POINT('',(69.2,-4.5,-9.));
#2551 = VECTOR('',#2552,1.);
#2552 = DIRECTION('',(0.,0.,1.));
#2553 = PLANE('',#2554);
#2554 = AXIS2_PLACEMENT_3D('',#2555,#2556,#2557);
#2555 = CARTESIAN_POINT('',(68.,-4.5,-9.));
#2556 = DIRECTION('',(-0.,1.,0.));
#2557 = DIRECTION('',(0.,0.,1.));
#2558 = ADVANCED_FACE('',(#2559),#2570,.T.);
#2559 = FACE_BOUND('',#2560,.T.);
#2560 = EDGE_LOOP('',(#2561,#2562,#2563,#2564));
#2561 = ORIENTED_EDGE('',*,*,#595,.F.);
#2562 = ORIENTED_EDGE('',*,*,#2528,.T.);
#2563 = ORIENTED_EDGE('',*,*,#1313,.T.);
#2564 = ORIENTED_EDGE('',*,*,#2565,.F.);
#2565 = EDGE_CURVE('',#596,#1305,#2566,.T.);
#2566 = LINE('',#2567,#2568);
#2567 = CARTESIAN_POINT('',(69.2,54.5,-9.));
#2568 = VECTOR('',#2569,1.);
#2569 = DIRECTION('',(0.,0.,1.));
#2570 = PLANE('',#2571);
#2571 = AXIS2_PLACEMENT_3D('',#2572,#2573,#2574);
#2572 = CARTESIAN_POINT('',(68.,54.5,-9.));
#2573 = DIRECTION('',(-0.,1.,0.));
#2574 = DIRECTION('',(0.,0.,1.));
#2575 = ADVANCED_FACE('',(#2576),#2589,.T.);
#2576 = FACE_BOUND('',#2577,.T.);
#2577 = EDGE_LOOP('',(#2578,#2579,#2580,#2581,#2582,#2588));
#2578 = ORIENTED_EDGE('',*,*,#1235,.F.);
#2579 = ORIENTED_EDGE('',*,*,#2548,.F.);
#2580 = ORIENTED_EDGE('',*,*,#672,.T.);
#2581 = ORIENTED_EDGE('',*,*,#663,.T.);
#2582 = ORIENTED_EDGE('',*,*,#2583,.T.);
#2583 = EDGE_CURVE('',#656,#1245,#2584,.T.);
#2584 = LINE('',#2585,#2586);
#2585 = CARTESIAN_POINT('',(73.5,-0.2,-9.));
#2586 = VECTOR('',#2587,1.);
#2587 = DIRECTION('',(0.,0.,1.));
#2588 = ORIENTED_EDGE('',*,*,#1244,.F.);
#2589 = CYLINDRICAL_SURFACE('',#2590,4.3);
#2590 = AXIS2_PLACEMENT_3D('',#2591,#2592,#2593);
#2591 = CARTESIAN_POINT('',(73.5,-4.5,-9.));
#2592 = DIRECTION('',(0.,0.,1.));
#2593 = DIRECTION('',(1.,0.,-0.));
#2594 = ADVANCED_FACE('',(#2595),#2608,.T.);
#2595 = FACE_BOUND('',#2596,.T.);
#2596 = EDGE_LOOP('',(#2597,#2598,#2604,#2605,#2606,#2607));
#2597 = ORIENTED_EDGE('',*,*,#1295,.F.);
#2598 = ORIENTED_EDGE('',*,*,#2599,.F.);
#2599 = EDGE_CURVE('',#613,#1288,#2600,.T.);
#2600 = LINE('',#2601,#2602);
#2601 = CARTESIAN_POINT('',(73.5,50.2,-9.));
#2602 = VECTOR('',#2603,1.);
#2603 = DIRECTION('',(0.,0.,1.));
#2604 = ORIENTED_EDGE('',*,*,#612,.T.);
#2605 = ORIENTED_EDGE('',*,*,#603,.T.);
#2606 = ORIENTED_EDGE('',*,*,#2565,.T.);
#2607 = ORIENTED_EDGE('',*,*,#1304,.F.);
#2608 = CYLINDRICAL_SURFACE('',#2609,4.3);
#2609 = AXIS2_PLACEMENT_3D('',#2610,#2611,#2612);
#2610 = CARTESIAN_POINT('',(73.5,54.5,-9.));
#2611 = DIRECTION('',(0.,0.,1.));
#2612 = DIRECTION('',(1.,0.,-0.));
#2613 = ADVANCED_FACE('',(#2614),#2625,.T.);
#2614 = FACE_BOUND('',#2615,.T.);
#2615 = EDGE_LOOP('',(#2616,#2617,#2618,#2624));
#2616 = ORIENTED_EDGE('',*,*,#2583,.F.);
#2617 = ORIENTED_EDGE('',*,*,#655,.T.);
#2618 = ORIENTED_EDGE('',*,*,#2619,.T.);
#2619 = EDGE_CURVE('',#647,#1254,#2620,.T.);
#2620 = LINE('',#2621,#2622);
#2621 = CARTESIAN_POINT('',(73.5,0.855447685774,-9.));
#2622 = VECTOR('',#2623,1.);
#2623 = DIRECTION('',(0.,0.,1.));
#2624 = ORIENTED_EDGE('',*,*,#1253,.F.);
#2625 = PLANE('',#2626);
#2626 = AXIS2_PLACEMENT_3D('',#2627,#2628,#2629);
#2627 = CARTESIAN_POINT('',(73.5,-4.5,-9.));
#2628 = DIRECTION('',(1.,0.,-0.));
#2629 = DIRECTION('',(0.,0.,1.));
#2630 = ADVANCED_FACE('',(#2631),#2642,.T.);
#2631 = FACE_BOUND('',#2632,.T.);
#2632 = EDGE_LOOP('',(#2633,#2639,#2640,#2641));
#2633 = ORIENTED_EDGE('',*,*,#2634,.F.);
#2634 = EDGE_CURVE('',#622,#1279,#2635,.T.);
#2635 = LINE('',#2636,#2637);
#2636 = CARTESIAN_POINT('',(73.5,49.144552314226,-9.));
#2637 = VECTOR('',#2638,1.);
#2638 = DIRECTION('',(0.,0.,1.));
#2639 = ORIENTED_EDGE('',*,*,#621,.T.);
#2640 = ORIENTED_EDGE('',*,*,#2599,.T.);
#2641 = ORIENTED_EDGE('',*,*,#1287,.F.);
#2642 = PLANE('',#2643);
#2643 = AXIS2_PLACEMENT_3D('',#2644,#2645,#2646);
#2644 = CARTESIAN_POINT('',(73.5,49.,-9.));
#2645 = DIRECTION('',(1.,0.,-0.));
#2646 = DIRECTION('',(0.,0.,1.));
#2647 = ADVANCED_FACE('',(#2648),#2659,.T.);
#2648 = FACE_BOUND('',#2649,.F.);
#2649 = EDGE_LOOP('',(#2650,#2656,#2657,#2658));
#2650 = ORIENTED_EDGE('',*,*,#2651,.F.);
#2651 = EDGE_CURVE('',#639,#1262,#2652,.T.);
#2652 = LINE('',#2653,#2654);
#2653 = CARTESIAN_POINT('',(73.6,2.,-9.));
#2654 = VECTOR('',#2655,1.);
#2655 = DIRECTION('',(0.,0.,1.));
#2656 = ORIENTED_EDGE('',*,*,#646,.T.);
#2657 = ORIENTED_EDGE('',*,*,#2619,.T.);
#2658 = ORIENTED_EDGE('',*,*,#1261,.F.);
#2659 = CYLINDRICAL_SURFACE('',#2660,6.6);
#2660 = AXIS2_PLACEMENT_3D('',#2661,#2662,#2663);
#2661 = CARTESIAN_POINT('',(67.,2.,-9.));
#2662 = DIRECTION('',(0.,0.,1.));
#2663 = DIRECTION('',(1.,0.,-0.));
#2664 = ADVANCED_FACE('',(#2665),#2676,.T.);
#2665 = FACE_BOUND('',#2666,.T.);
#2666 = EDGE_LOOP('',(#2667,#2673,#2674,#2675));
#2667 = ORIENTED_EDGE('',*,*,#2668,.F.);
#2668 = EDGE_CURVE('',#630,#1271,#2669,.T.);
#2669 = LINE('',#2670,#2671);
#2670 = CARTESIAN_POINT('',(73.6,48.,-9.));
#2671 = VECTOR('',#2672,1.);
#2672 = DIRECTION('',(0.,0.,1.));
#2673 = ORIENTED_EDGE('',*,*,#629,.T.);
#2674 = ORIENTED_EDGE('',*,*,#2634,.T.);
#2675 = ORIENTED_EDGE('',*,*,#1278,.F.);
#2676 = CYLINDRICAL_SURFACE('',#2677,6.6);
#2677 = AXIS2_PLACEMENT_3D('',#2678,#2679,#2680);
#2678 = CARTESIAN_POINT('',(67.,48.,-9.));
#2679 = DIRECTION('',(0.,0.,1.));
#2680 = DIRECTION('',(1.,0.,-0.));
#2681 = ADVANCED_FACE('',(#2682,#2688,#2713,#2738),#2749,.T.);
#2682 = FACE_BOUND('',#2683,.T.);
#2683 = EDGE_LOOP('',(#2684,#2685,#2686,#2687));
#2684 = ORIENTED_EDGE('',*,*,#1270,.F.);
#2685 = ORIENTED_EDGE('',*,*,#2651,.F.);
#2686 = ORIENTED_EDGE('',*,*,#638,.T.);
#2687 = ORIENTED_EDGE('',*,*,#2668,.T.);
#2688 = FACE_BOUND('',#2689,.T.);
#2689 = EDGE_LOOP('',(#2690,#2691,#2699,#2707));
#2690 = ORIENTED_EDGE('',*,*,#1984,.T.);
#2691 = ORIENTED_EDGE('',*,*,#2692,.T.);
#2692 = EDGE_CURVE('',#1977,#2693,#2695,.T.);
#2693 = VERTEX_POINT('',#2694);
#2694 = CARTESIAN_POINT('',(73.6,37.,-2.5));
#2695 = LINE('',#2696,#2697);
#2696 = CARTESIAN_POINT('',(73.6,37.,-7.5));
#2697 = VECTOR('',#2698,1.);
#2698 = DIRECTION('',(0.,0.,1.));
#2699 = ORIENTED_EDGE('',*,*,#2700,.F.);
#2700 = EDGE_CURVE('',#2701,#2693,#2703,.T.);
#2701 = VERTEX_POINT('',#2702);
#2702 = CARTESIAN_POINT('',(73.6,45.,-2.5));
#2703 = LINE('',#2704,#2705);
#2704 = CARTESIAN_POINT('',(73.6,16.2,-2.5));
#2705 = VECTOR('',#2706,1.);
#2706 = DIRECTION('',(0.,-1.,0.));
#2707 = ORIENTED_EDGE('',*,*,#2708,.F.);
#2708 = EDGE_CURVE('',#1985,#2701,#2709,.T.);
#2709 = LINE('',#2710,#2711);
#2710 = CARTESIAN_POINT('',(73.6,45.,-7.5));
#2711 = VECTOR('',#2712,1.);
#2712 = DIRECTION('',(0.,0.,1.));
#2713 = FACE_BOUND('',#2714,.T.);
#2714 = EDGE_LOOP('',(#2715,#2716,#2724,#2732));
#2715 = ORIENTED_EDGE('',*,*,#1961,.T.);
#2716 = ORIENTED_EDGE('',*,*,#2717,.T.);
#2717 = EDGE_CURVE('',#1954,#2718,#2720,.T.);
#2718 = VERTEX_POINT('',#2719);
#2719 = CARTESIAN_POINT('',(73.6,5.,-2.5));
#2720 = LINE('',#2721,#2722);
#2721 = CARTESIAN_POINT('',(73.6,5.,-7.5));
#2722 = VECTOR('',#2723,1.);
#2723 = DIRECTION('',(0.,0.,1.));
#2724 = ORIENTED_EDGE('',*,*,#2725,.F.);
#2725 = EDGE_CURVE('',#2726,#2718,#2728,.T.);
#2726 = VERTEX_POINT('',#2727);
#2727 = CARTESIAN_POINT('',(73.6,13.,-2.5));
#2728 = LINE('',#2729,#2730);
#2729 = CARTESIAN_POINT('',(73.6,0.2,-2.5));
#2730 = VECTOR('',#2731,1.);
#2731 = DIRECTION('',(0.,-1.,0.));
#2732 = ORIENTED_EDGE('',*,*,#2733,.F.);
#2733 = EDGE_CURVE('',#1962,#2726,#2734,.T.);
#2734 = LINE('',#2735,#2736);
#2735 = CARTESIAN_POINT('',(73.6,13.,-7.5));
#2736 = VECTOR('',#2737,1.);
#2737 = DIRECTION('',(0.,0.,1.));
#2738 = FACE_BOUND('',#2739,.T.);
#2739 = EDGE_LOOP('',(#2740));
#2740 = ORIENTED_EDGE('',*,*,#2741,.F.);
#2741 = EDGE_CURVE('',#2742,#2742,#2744,.T.);
#2742 = VERTEX_POINT('',#2743);
#2743 = CARTESIAN_POINT('',(73.6,25.,23.5));
#2744 = CIRCLE('',#2745,10.5);
#2745 = AXIS2_PLACEMENT_3D('',#2746,#2747,#2748);
#2746 = CARTESIAN_POINT('',(73.6,25.,13.));
#2747 = DIRECTION('',(1.,0.,0.));
#2748 = DIRECTION('',(-0.,0.,1.));
#2749 = PLANE('',#2750);
#2750 = AXIS2_PLACEMENT_3D('',#2751,#2752,#2753);
#2751 = CARTESIAN_POINT('',(73.6,-4.6,-9.));
#2752 = DIRECTION('',(1.,0.,-0.));
#2753 = DIRECTION('',(0.,0.,1.));
#2754 = ADVANCED_FACE('',(#2755),#2783,.F.);
#2755 = FACE_BOUND('',#2756,.F.);
#2756 = EDGE_LOOP('',(#2757,#2765,#2766,#2767,#2776));
#2757 = ORIENTED_EDGE('',*,*,#2758,.T.);
#2758 = EDGE_CURVE('',#2759,#741,#2761,.T.);
#2759 = VERTEX_POINT('',#2760);
#2760 = CARTESIAN_POINT('',(70.25,-4.5,-8.4));
#2761 = LINE('',#2762,#2763);
#2762 = CARTESIAN_POINT('',(70.25,-4.5,-8.4));
#2763 = VECTOR('',#2764,1.);
#2764 = DIRECTION('',(-0.707106781187,-1.731912112471E-16,
    -0.707106781187));
#2765 = ORIENTED_EDGE('',*,*,#740,.F.);
#2766 = ORIENTED_EDGE('',*,*,#2758,.F.);
#2767 = ORIENTED_EDGE('',*,*,#2768,.T.);
#2768 = EDGE_CURVE('',#2759,#2769,#2771,.T.);
#2769 = VERTEX_POINT('',#2770);
#2770 = CARTESIAN_POINT('',(76.75,-4.5,-8.4));
#2771 = CIRCLE('',#2772,3.25);
#2772 = AXIS2_PLACEMENT_3D('',#2773,#2774,#2775);
#2773 = CARTESIAN_POINT('',(73.5,-4.5,-8.4));
#2774 = DIRECTION('',(-0.,0.,-1.));
#2775 = DIRECTION('',(-1.,0.,0.));
#2776 = ORIENTED_EDGE('',*,*,#2777,.T.);
#2777 = EDGE_CURVE('',#2769,#2759,#2778,.T.);
#2778 = CIRCLE('',#2779,3.25);
#2779 = AXIS2_PLACEMENT_3D('',#2780,#2781,#2782);
#2780 = CARTESIAN_POINT('',(73.5,-4.5,-8.4));
#2781 = DIRECTION('',(-0.,0.,-1.));
#2782 = DIRECTION('',(-1.,0.,0.));
#2783 = CONICAL_SURFACE('',#2784,3.25,0.785398163397);
#2784 = AXIS2_PLACEMENT_3D('',#2785,#2786,#2787);
#2785 = CARTESIAN_POINT('',(73.5,-4.5,-8.4));
#2786 = DIRECTION('',(-0.,-0.,-1.));
#2787 = DIRECTION('',(-1.,0.,0.));
#2788 = ADVANCED_FACE('',(#2789),#2814,.T.);
#2789 = FACE_BOUND('',#2790,.T.);
#2790 = EDGE_LOOP('',(#2791,#2801,#2807,#2808));
#2791 = ORIENTED_EDGE('',*,*,#2792,.F.);
#2792 = EDGE_CURVE('',#2793,#2795,#2797,.T.);
#2793 = VERTEX_POINT('',#2794);
#2794 = CARTESIAN_POINT('',(65.1,-2.6,-4.));
#2795 = VERTEX_POINT('',#2796);
#2796 = CARTESIAN_POINT('',(65.1,2.4,-4.));
#2797 = LINE('',#2798,#2799);
#2798 = CARTESIAN_POINT('',(65.1,-9.6,-4.));
#2799 = VECTOR('',#2800,1.);
#2800 = DIRECTION('',(-0.,1.,0.));
#2801 = ORIENTED_EDGE('',*,*,#2802,.T.);
#2802 = EDGE_CURVE('',#2793,#752,#2803,.T.);
#2803 = LINE('',#2804,#2805);
#2804 = CARTESIAN_POINT('',(65.1,-2.6,-9.));
#2805 = VECTOR('',#2806,1.);
#2806 = DIRECTION('',(-0.,0.,-1.));
#2807 = ORIENTED_EDGE('',*,*,#751,.T.);
#2808 = ORIENTED_EDGE('',*,*,#2809,.T.);
#2809 = EDGE_CURVE('',#754,#2795,#2810,.T.);
#2810 = LINE('',#2811,#2812);
#2811 = CARTESIAN_POINT('',(65.1,2.4,-9.));
#2812 = VECTOR('',#2813,1.);
#2813 = DIRECTION('',(0.,0.,1.));
#2814 = PLANE('',#2815);
#2815 = AXIS2_PLACEMENT_3D('',#2816,#2817,#2818);
#2816 = CARTESIAN_POINT('',(65.1,-9.6,-9.));
#2817 = DIRECTION('',(1.,0.,-0.));
#2818 = DIRECTION('',(0.,0.,1.));
#2819 = ADVANCED_FACE('',(#2820),#2838,.F.);
#2820 = FACE_BOUND('',#2821,.F.);
#2821 = EDGE_LOOP('',(#2822,#2823,#2824,#2832));
#2822 = ORIENTED_EDGE('',*,*,#786,.F.);
#2823 = ORIENTED_EDGE('',*,*,#2809,.T.);
#2824 = ORIENTED_EDGE('',*,*,#2825,.T.);
#2825 = EDGE_CURVE('',#2795,#2826,#2828,.T.);
#2826 = VERTEX_POINT('',#2827);
#2827 = CARTESIAN_POINT('',(71.6,2.4,-4.));
#2828 = LINE('',#2829,#2830);
#2829 = CARTESIAN_POINT('',(-9.6,2.4,-4.));
#2830 = VECTOR('',#2831,1.);
#2831 = DIRECTION('',(1.,0.,-0.));
#2832 = ORIENTED_EDGE('',*,*,#2833,.F.);
#2833 = EDGE_CURVE('',#779,#2826,#2834,.T.);
#2834 = LINE('',#2835,#2836);
#2835 = CARTESIAN_POINT('',(71.6,2.4,-9.));
#2836 = VECTOR('',#2837,1.);
#2837 = DIRECTION('',(0.,0.,1.));
#2838 = PLANE('',#2839);
#2839 = AXIS2_PLACEMENT_3D('',#2840,#2841,#2842);
#2840 = CARTESIAN_POINT('',(-9.6,2.4,-9.));
#2841 = DIRECTION('',(-0.,1.,0.));
#2842 = DIRECTION('',(0.,0.,1.));
#2843 = ADVANCED_FACE('',(#2844),#2862,.F.);
#2844 = FACE_BOUND('',#2845,.F.);
#2845 = EDGE_LOOP('',(#2846,#2854,#2860,#2861));
#2846 = ORIENTED_EDGE('',*,*,#2847,.F.);
#2847 = EDGE_CURVE('',#2848,#2826,#2850,.T.);
#2848 = VERTEX_POINT('',#2849);
#2849 = CARTESIAN_POINT('',(71.6,0.394129136016,-4.));
#2850 = LINE('',#2851,#2852);
#2851 = CARTESIAN_POINT('',(71.6,-2.6,-4.));
#2852 = VECTOR('',#2853,1.);
#2853 = DIRECTION('',(-0.,1.,0.));
#2854 = ORIENTED_EDGE('',*,*,#2855,.F.);
#2855 = EDGE_CURVE('',#770,#2848,#2856,.T.);
#2856 = LINE('',#2857,#2858);
#2857 = CARTESIAN_POINT('',(71.6,0.394129136016,-10.));
#2858 = VECTOR('',#2859,1.);
#2859 = DIRECTION('',(0.,0.,1.));
#2860 = ORIENTED_EDGE('',*,*,#778,.T.);
#2861 = ORIENTED_EDGE('',*,*,#2833,.T.);
#2862 = PLANE('',#2863);
#2863 = AXIS2_PLACEMENT_3D('',#2864,#2865,#2866);
#2864 = CARTESIAN_POINT('',(71.6,-2.6,-9.));
#2865 = DIRECTION('',(1.,0.,-0.));
#2866 = DIRECTION('',(0.,0.,1.));
#2867 = ADVANCED_FACE('',(#2868),#2887,.T.);
#2868 = FACE_BOUND('',#2869,.T.);
#2869 = EDGE_LOOP('',(#2870,#2871,#2879,#2886));
#2870 = ORIENTED_EDGE('',*,*,#769,.T.);
#2871 = ORIENTED_EDGE('',*,*,#2872,.T.);
#2872 = EDGE_CURVE('',#762,#2873,#2875,.T.);
#2873 = VERTEX_POINT('',#2874);
#2874 = CARTESIAN_POINT('',(68.605870863984,-2.6,-4.));
#2875 = LINE('',#2876,#2877);
#2876 = CARTESIAN_POINT('',(68.605870863984,-2.6,-10.));
#2877 = VECTOR('',#2878,1.);
#2878 = DIRECTION('',(0.,0.,1.));
#2879 = ORIENTED_EDGE('',*,*,#2880,.F.);
#2880 = EDGE_CURVE('',#2848,#2873,#2881,.T.);
#2881 = CIRCLE('',#2882,5.25);
#2882 = AXIS2_PLACEMENT_3D('',#2883,#2884,#2885);
#2883 = CARTESIAN_POINT('',(73.5,-4.5,-4.));
#2884 = DIRECTION('',(0.,0.,1.));
#2885 = DIRECTION('',(1.,0.,-0.));
#2886 = ORIENTED_EDGE('',*,*,#2855,.F.);
#2887 = CYLINDRICAL_SURFACE('',#2888,5.25);
#2888 = AXIS2_PLACEMENT_3D('',#2889,#2890,#2891);
#2889 = CARTESIAN_POINT('',(73.5,-4.5,-10.));
#2890 = DIRECTION('',(0.,0.,1.));
#2891 = DIRECTION('',(1.,0.,-0.));
#2892 = ADVANCED_FACE('',(#2893),#2904,.T.);
#2893 = FACE_BOUND('',#2894,.T.);
#2894 = EDGE_LOOP('',(#2895,#2896,#2897,#2903));
#2895 = ORIENTED_EDGE('',*,*,#761,.F.);
#2896 = ORIENTED_EDGE('',*,*,#2802,.F.);
#2897 = ORIENTED_EDGE('',*,*,#2898,.T.);
#2898 = EDGE_CURVE('',#2793,#2873,#2899,.T.);
#2899 = LINE('',#2900,#2901);
#2900 = CARTESIAN_POINT('',(-2.6,-2.6,-4.));
#2901 = VECTOR('',#2902,1.);
#2902 = DIRECTION('',(1.,0.,-0.));
#2903 = ORIENTED_EDGE('',*,*,#2872,.F.);
#2904 = PLANE('',#2905);
#2905 = AXIS2_PLACEMENT_3D('',#2906,#2907,#2908);
#2906 = CARTESIAN_POINT('',(-2.6,-2.6,-9.));
#2907 = DIRECTION('',(-0.,1.,0.));
#2908 = DIRECTION('',(0.,0.,1.));
#2909 = ADVANCED_FACE('',(#2910),#2935,.T.);
#2910 = FACE_BOUND('',#2911,.T.);
#2911 = EDGE_LOOP('',(#2912,#2922,#2928,#2929));
#2912 = ORIENTED_EDGE('',*,*,#2913,.F.);
#2913 = EDGE_CURVE('',#2914,#2916,#2918,.T.);
#2914 = VERTEX_POINT('',#2915);
#2915 = CARTESIAN_POINT('',(15.1,-2.6,-4.));
#2916 = VERTEX_POINT('',#2917);
#2917 = CARTESIAN_POINT('',(15.1,2.4,-4.));
#2918 = LINE('',#2919,#2920);
#2919 = CARTESIAN_POINT('',(15.1,-9.6,-4.));
#2920 = VECTOR('',#2921,1.);
#2921 = DIRECTION('',(-0.,1.,0.));
#2922 = ORIENTED_EDGE('',*,*,#2923,.T.);
#2923 = EDGE_CURVE('',#2914,#795,#2924,.T.);
#2924 = LINE('',#2925,#2926);
#2925 = CARTESIAN_POINT('',(15.1,-2.6,-9.));
#2926 = VECTOR('',#2927,1.);
#2927 = DIRECTION('',(-0.,0.,-1.));
#2928 = ORIENTED_EDGE('',*,*,#794,.T.);
#2929 = ORIENTED_EDGE('',*,*,#2930,.T.);
#2930 = EDGE_CURVE('',#797,#2916,#2931,.T.);
#2931 = LINE('',#2932,#2933);
#2932 = CARTESIAN_POINT('',(15.1,2.4,-9.));
#2933 = VECTOR('',#2934,1.);
#2934 = DIRECTION('',(0.,0.,1.));
#2935 = PLANE('',#2936);
#2936 = AXIS2_PLACEMENT_3D('',#2937,#2938,#2939);
#2937 = CARTESIAN_POINT('',(15.1,-9.6,-9.));
#2938 = DIRECTION('',(1.,0.,-0.));
#2939 = DIRECTION('',(0.,0.,1.));
#2940 = ADVANCED_FACE('',(#2941),#2959,.F.);
#2941 = FACE_BOUND('',#2942,.F.);
#2942 = EDGE_LOOP('',(#2943,#2944,#2945,#2953));
#2943 = ORIENTED_EDGE('',*,*,#820,.F.);
#2944 = ORIENTED_EDGE('',*,*,#2930,.T.);
#2945 = ORIENTED_EDGE('',*,*,#2946,.T.);
#2946 = EDGE_CURVE('',#2916,#2947,#2949,.T.);
#2947 = VERTEX_POINT('',#2948);
#2948 = CARTESIAN_POINT('',(53.9,2.4,-4.));
#2949 = LINE('',#2950,#2951);
#2950 = CARTESIAN_POINT('',(-9.6,2.4,-4.));
#2951 = VECTOR('',#2952,1.);
#2952 = DIRECTION('',(1.,0.,-0.));
#2953 = ORIENTED_EDGE('',*,*,#2954,.F.);
#2954 = EDGE_CURVE('',#813,#2947,#2955,.T.);
#2955 = LINE('',#2956,#2957);
#2956 = CARTESIAN_POINT('',(53.9,2.4,-9.));
#2957 = VECTOR('',#2958,1.);
#2958 = DIRECTION('',(0.,0.,1.));
#2959 = PLANE('',#2960);
#2960 = AXIS2_PLACEMENT_3D('',#2961,#2962,#2963);
#2961 = CARTESIAN_POINT('',(-9.6,2.4,-9.));
#2962 = DIRECTION('',(-0.,1.,0.));
#2963 = DIRECTION('',(0.,0.,1.));
#2964 = ADVANCED_FACE('',(#2965),#2983,.F.);
#2965 = FACE_BOUND('',#2966,.F.);
#2966 = EDGE_LOOP('',(#2967,#2975,#2981,#2982));
#2967 = ORIENTED_EDGE('',*,*,#2968,.F.);
#2968 = EDGE_CURVE('',#2969,#2947,#2971,.T.);
#2969 = VERTEX_POINT('',#2970);
#2970 = CARTESIAN_POINT('',(53.9,-2.6,-4.));
#2971 = LINE('',#2972,#2973);
#2972 = CARTESIAN_POINT('',(53.9,-9.6,-4.));
#2973 = VECTOR('',#2974,1.);
#2974 = DIRECTION('',(-0.,1.,0.));
#2975 = ORIENTED_EDGE('',*,*,#2976,.T.);
#2976 = EDGE_CURVE('',#2969,#805,#2977,.T.);
#2977 = LINE('',#2978,#2979);
#2978 = CARTESIAN_POINT('',(53.9,-2.6,-9.));
#2979 = VECTOR('',#2980,1.);
#2980 = DIRECTION('',(-0.,0.,-1.));
#2981 = ORIENTED_EDGE('',*,*,#812,.T.);
#2982 = ORIENTED_EDGE('',*,*,#2954,.T.);
#2983 = PLANE('',#2984);
#2984 = AXIS2_PLACEMENT_3D('',#2985,#2986,#2987);
#2985 = CARTESIAN_POINT('',(53.9,-9.6,-9.));
#2986 = DIRECTION('',(1.,0.,-0.));
#2987 = DIRECTION('',(0.,0.,1.));
#2988 = ADVANCED_FACE('',(#2989),#3000,.T.);
#2989 = FACE_BOUND('',#2990,.T.);
#2990 = EDGE_LOOP('',(#2991,#2992,#2993,#2999));
#2991 = ORIENTED_EDGE('',*,*,#804,.F.);
#2992 = ORIENTED_EDGE('',*,*,#2923,.F.);
#2993 = ORIENTED_EDGE('',*,*,#2994,.T.);
#2994 = EDGE_CURVE('',#2914,#2969,#2995,.T.);
#2995 = LINE('',#2996,#2997);
#2996 = CARTESIAN_POINT('',(-2.6,-2.6,-4.));
#2997 = VECTOR('',#2998,1.);
#2998 = DIRECTION('',(1.,0.,-0.));
#2999 = ORIENTED_EDGE('',*,*,#2976,.T.);
#3000 = PLANE('',#3001);
#3001 = AXIS2_PLACEMENT_3D('',#3002,#3003,#3004);
#3002 = CARTESIAN_POINT('',(-2.6,-2.6,-9.));
#3003 = DIRECTION('',(-0.,1.,0.));
#3004 = DIRECTION('',(0.,0.,1.));
#3005 = ADVANCED_FACE('',(#3006),#3034,.F.);
#3006 = FACE_BOUND('',#3007,.F.);
#3007 = EDGE_LOOP('',(#3008,#3016,#3017,#3018,#3027));
#3008 = ORIENTED_EDGE('',*,*,#3009,.T.);
#3009 = EDGE_CURVE('',#3010,#829,#3012,.T.);
#3010 = VERTEX_POINT('',#3011);
#3011 = CARTESIAN_POINT('',(-7.75,-4.5,-8.4));
#3012 = LINE('',#3013,#3014);
#3013 = CARTESIAN_POINT('',(-7.75,-4.5,-8.4));
#3014 = VECTOR('',#3015,1.);
#3015 = DIRECTION('',(-0.707106781187,-1.731912112471E-16,
    -0.707106781187));
#3016 = ORIENTED_EDGE('',*,*,#828,.F.);
#3017 = ORIENTED_EDGE('',*,*,#3009,.F.);
#3018 = ORIENTED_EDGE('',*,*,#3019,.T.);
#3019 = EDGE_CURVE('',#3010,#3020,#3022,.T.);
#3020 = VERTEX_POINT('',#3021);
#3021 = CARTESIAN_POINT('',(-1.25,-4.5,-8.4));
#3022 = CIRCLE('',#3023,3.25);
#3023 = AXIS2_PLACEMENT_3D('',#3024,#3025,#3026);
#3024 = CARTESIAN_POINT('',(-4.5,-4.5,-8.4));
#3025 = DIRECTION('',(-0.,0.,-1.));
#3026 = DIRECTION('',(-1.,0.,0.));
#3027 = ORIENTED_EDGE('',*,*,#3028,.T.);
#3028 = EDGE_CURVE('',#3020,#3010,#3029,.T.);
#3029 = CIRCLE('',#3030,3.25);
#3030 = AXIS2_PLACEMENT_3D('',#3031,#3032,#3033);
#3031 = CARTESIAN_POINT('',(-4.5,-4.5,-8.4));
#3032 = DIRECTION('',(-0.,0.,-1.));
#3033 = DIRECTION('',(-1.,0.,0.));
#3034 = CONICAL_SURFACE('',#3035,3.25,0.785398163397);
#3035 = AXIS2_PLACEMENT_3D('',#3036,#3037,#3038);
#3036 = CARTESIAN_POINT('',(-4.5,-4.5,-8.4));
#3037 = DIRECTION('',(-0.,-0.,-1.));
#3038 = DIRECTION('',(-1.,0.,0.));
#3039 = ADVANCED_FACE('',(#3040),#3065,.T.);
#3040 = FACE_BOUND('',#3041,.T.);
#3041 = EDGE_LOOP('',(#3042,#3052,#3058,#3059));
#3042 = ORIENTED_EDGE('',*,*,#3043,.F.);
#3043 = EDGE_CURVE('',#3044,#3046,#3048,.T.);
#3044 = VERTEX_POINT('',#3045);
#3045 = CARTESIAN_POINT('',(-2.6,0.394129136016,-4.));
#3046 = VERTEX_POINT('',#3047);
#3047 = CARTESIAN_POINT('',(-2.6,2.4,-4.));
#3048 = LINE('',#3049,#3050);
#3049 = CARTESIAN_POINT('',(-2.6,-2.6,-4.));
#3050 = VECTOR('',#3051,1.);
#3051 = DIRECTION('',(-0.,1.,0.));
#3052 = ORIENTED_EDGE('',*,*,#3053,.F.);
#3053 = EDGE_CURVE('',#840,#3044,#3054,.T.);
#3054 = LINE('',#3055,#3056);
#3055 = CARTESIAN_POINT('',(-2.6,0.394129136016,-10.));
#3056 = VECTOR('',#3057,1.);
#3057 = DIRECTION('',(0.,0.,1.));
#3058 = ORIENTED_EDGE('',*,*,#839,.T.);
#3059 = ORIENTED_EDGE('',*,*,#3060,.T.);
#3060 = EDGE_CURVE('',#842,#3046,#3061,.T.);
#3061 = LINE('',#3062,#3063);
#3062 = CARTESIAN_POINT('',(-2.6,2.4,-9.));
#3063 = VECTOR('',#3064,1.);
#3064 = DIRECTION('',(0.,0.,1.));
#3065 = PLANE('',#3066);
#3066 = AXIS2_PLACEMENT_3D('',#3067,#3068,#3069);
#3067 = CARTESIAN_POINT('',(-2.6,-2.6,-9.));
#3068 = DIRECTION('',(1.,0.,-0.));
#3069 = DIRECTION('',(0.,0.,1.));
#3070 = ADVANCED_FACE('',(#3071),#3089,.F.);
#3071 = FACE_BOUND('',#3072,.F.);
#3072 = EDGE_LOOP('',(#3073,#3074,#3075,#3083));
#3073 = ORIENTED_EDGE('',*,*,#874,.F.);
#3074 = ORIENTED_EDGE('',*,*,#3060,.T.);
#3075 = ORIENTED_EDGE('',*,*,#3076,.T.);
#3076 = EDGE_CURVE('',#3046,#3077,#3079,.T.);
#3077 = VERTEX_POINT('',#3078);
#3078 = CARTESIAN_POINT('',(3.9,2.4,-4.));
#3079 = LINE('',#3080,#3081);
#3080 = CARTESIAN_POINT('',(-9.6,2.4,-4.));
#3081 = VECTOR('',#3082,1.);
#3082 = DIRECTION('',(1.,0.,-0.));
#3083 = ORIENTED_EDGE('',*,*,#3084,.F.);
#3084 = EDGE_CURVE('',#867,#3077,#3085,.T.);
#3085 = LINE('',#3086,#3087);
#3086 = CARTESIAN_POINT('',(3.9,2.4,-9.));
#3087 = VECTOR('',#3088,1.);
#3088 = DIRECTION('',(0.,0.,1.));
#3089 = PLANE('',#3090);
#3090 = AXIS2_PLACEMENT_3D('',#3091,#3092,#3093);
#3091 = CARTESIAN_POINT('',(-9.6,2.4,-9.));
#3092 = DIRECTION('',(-0.,1.,0.));
#3093 = DIRECTION('',(0.,0.,1.));
#3094 = ADVANCED_FACE('',(#3095),#3113,.F.);
#3095 = FACE_BOUND('',#3096,.F.);
#3096 = EDGE_LOOP('',(#3097,#3105,#3111,#3112));
#3097 = ORIENTED_EDGE('',*,*,#3098,.F.);
#3098 = EDGE_CURVE('',#3099,#3077,#3101,.T.);
#3099 = VERTEX_POINT('',#3100);
#3100 = CARTESIAN_POINT('',(3.9,-2.6,-4.));
#3101 = LINE('',#3102,#3103);
#3102 = CARTESIAN_POINT('',(3.9,-9.6,-4.));
#3103 = VECTOR('',#3104,1.);
#3104 = DIRECTION('',(-0.,1.,0.));
#3105 = ORIENTED_EDGE('',*,*,#3106,.T.);
#3106 = EDGE_CURVE('',#3099,#859,#3107,.T.);
#3107 = LINE('',#3108,#3109);
#3108 = CARTESIAN_POINT('',(3.9,-2.6,-9.));
#3109 = VECTOR('',#3110,1.);
#3110 = DIRECTION('',(-0.,0.,-1.));
#3111 = ORIENTED_EDGE('',*,*,#866,.T.);
#3112 = ORIENTED_EDGE('',*,*,#3084,.T.);
#3113 = PLANE('',#3114);
#3114 = AXIS2_PLACEMENT_3D('',#3115,#3116,#3117);
#3115 = CARTESIAN_POINT('',(3.9,-9.6,-9.));
#3116 = DIRECTION('',(1.,0.,-0.));
#3117 = DIRECTION('',(0.,0.,1.));
#3118 = ADVANCED_FACE('',(#3119),#3137,.T.);
#3119 = FACE_BOUND('',#3120,.T.);
#3120 = EDGE_LOOP('',(#3121,#3122,#3130,#3136));
#3121 = ORIENTED_EDGE('',*,*,#858,.F.);
#3122 = ORIENTED_EDGE('',*,*,#3123,.T.);
#3123 = EDGE_CURVE('',#850,#3124,#3126,.T.);
#3124 = VERTEX_POINT('',#3125);
#3125 = CARTESIAN_POINT('',(0.394129136016,-2.6,-4.));
#3126 = LINE('',#3127,#3128);
#3127 = CARTESIAN_POINT('',(0.394129136016,-2.6,-10.));
#3128 = VECTOR('',#3129,1.);
#3129 = DIRECTION('',(0.,0.,1.));
#3130 = ORIENTED_EDGE('',*,*,#3131,.T.);
#3131 = EDGE_CURVE('',#3124,#3099,#3132,.T.);
#3132 = LINE('',#3133,#3134);
#3133 = CARTESIAN_POINT('',(-2.6,-2.6,-4.));
#3134 = VECTOR('',#3135,1.);
#3135 = DIRECTION('',(1.,0.,-0.));
#3136 = ORIENTED_EDGE('',*,*,#3106,.T.);
#3137 = PLANE('',#3138);
#3138 = AXIS2_PLACEMENT_3D('',#3139,#3140,#3141);
#3139 = CARTESIAN_POINT('',(-2.6,-2.6,-9.));
#3140 = DIRECTION('',(-0.,1.,0.));
#3141 = DIRECTION('',(0.,0.,1.));
#3142 = ADVANCED_FACE('',(#3143),#3155,.T.);
#3143 = FACE_BOUND('',#3144,.T.);
#3144 = EDGE_LOOP('',(#3145,#3146,#3147,#3154));
#3145 = ORIENTED_EDGE('',*,*,#849,.T.);
#3146 = ORIENTED_EDGE('',*,*,#3053,.T.);
#3147 = ORIENTED_EDGE('',*,*,#3148,.F.);
#3148 = EDGE_CURVE('',#3124,#3044,#3149,.T.);
#3149 = CIRCLE('',#3150,5.25);
#3150 = AXIS2_PLACEMENT_3D('',#3151,#3152,#3153);
#3151 = CARTESIAN_POINT('',(-4.5,-4.5,-4.));
#3152 = DIRECTION('',(0.,0.,1.));
#3153 = DIRECTION('',(1.,0.,-0.));
#3154 = ORIENTED_EDGE('',*,*,#3123,.F.);
#3155 = CYLINDRICAL_SURFACE('',#3156,5.25);
#3156 = AXIS2_PLACEMENT_3D('',#3157,#3158,#3159);
#3157 = CARTESIAN_POINT('',(-4.5,-4.5,-10.));
#3158 = DIRECTION('',(0.,0.,1.));
#3159 = DIRECTION('',(1.,0.,-0.));
#3160 = ADVANCED_FACE('',(#3161),#3186,.F.);
#3161 = FACE_BOUND('',#3162,.F.);
#3162 = EDGE_LOOP('',(#3163,#3164,#3172,#3180));
#3163 = ORIENTED_EDGE('',*,*,#882,.F.);
#3164 = ORIENTED_EDGE('',*,*,#3165,.T.);
#3165 = EDGE_CURVE('',#883,#3166,#3168,.T.);
#3166 = VERTEX_POINT('',#3167);
#3167 = CARTESIAN_POINT('',(65.1,34.4,-4.));
#3168 = LINE('',#3169,#3170);
#3169 = CARTESIAN_POINT('',(65.1,34.4,-9.));
#3170 = VECTOR('',#3171,1.);
#3171 = DIRECTION('',(0.,0.,1.));
#3172 = ORIENTED_EDGE('',*,*,#3173,.T.);
#3173 = EDGE_CURVE('',#3166,#3174,#3176,.T.);
#3174 = VERTEX_POINT('',#3175);
#3175 = CARTESIAN_POINT('',(71.6,34.4,-4.));
#3176 = LINE('',#3177,#3178);
#3177 = CARTESIAN_POINT('',(-9.6,34.4,-4.));
#3178 = VECTOR('',#3179,1.);
#3179 = DIRECTION('',(1.,0.,-0.));
#3180 = ORIENTED_EDGE('',*,*,#3181,.F.);
#3181 = EDGE_CURVE('',#885,#3174,#3182,.T.);
#3182 = LINE('',#3183,#3184);
#3183 = CARTESIAN_POINT('',(71.6,34.4,-9.));
#3184 = VECTOR('',#3185,1.);
#3185 = DIRECTION('',(0.,0.,1.));
#3186 = PLANE('',#3187);
#3187 = AXIS2_PLACEMENT_3D('',#3188,#3189,#3190);
#3188 = CARTESIAN_POINT('',(-9.6,34.4,-9.));
#3189 = DIRECTION('',(-0.,1.,0.));
#3190 = DIRECTION('',(0.,0.,1.));
#3191 = ADVANCED_FACE('',(#3192),#3210,.F.);
#3192 = FACE_BOUND('',#3193,.F.);
#3193 = EDGE_LOOP('',(#3194,#3202,#3208,#3209));
#3194 = ORIENTED_EDGE('',*,*,#3195,.F.);
#3195 = EDGE_CURVE('',#3196,#3174,#3198,.T.);
#3196 = VERTEX_POINT('',#3197);
#3197 = CARTESIAN_POINT('',(71.6,15.6,-4.));
#3198 = LINE('',#3199,#3200);
#3199 = CARTESIAN_POINT('',(71.6,-2.6,-4.));
#3200 = VECTOR('',#3201,1.);
#3201 = DIRECTION('',(-0.,1.,0.));
#3202 = ORIENTED_EDGE('',*,*,#3203,.F.);
#3203 = EDGE_CURVE('',#901,#3196,#3204,.T.);
#3204 = LINE('',#3205,#3206);
#3205 = CARTESIAN_POINT('',(71.6,15.6,-9.));
#3206 = VECTOR('',#3207,1.);
#3207 = DIRECTION('',(0.,0.,1.));
#3208 = ORIENTED_EDGE('',*,*,#908,.T.);
#3209 = ORIENTED_EDGE('',*,*,#3181,.T.);
#3210 = PLANE('',#3211);
#3211 = AXIS2_PLACEMENT_3D('',#3212,#3213,#3214);
#3212 = CARTESIAN_POINT('',(71.6,-2.6,-9.));
#3213 = DIRECTION('',(1.,0.,-0.));
#3214 = DIRECTION('',(0.,0.,1.));
#3215 = ADVANCED_FACE('',(#3216),#3234,.T.);
#3216 = FACE_BOUND('',#3217,.T.);
#3217 = EDGE_LOOP('',(#3218,#3219,#3227,#3233));
#3218 = ORIENTED_EDGE('',*,*,#900,.F.);
#3219 = ORIENTED_EDGE('',*,*,#3220,.T.);
#3220 = EDGE_CURVE('',#893,#3221,#3223,.T.);
#3221 = VERTEX_POINT('',#3222);
#3222 = CARTESIAN_POINT('',(65.1,15.6,-4.));
#3223 = LINE('',#3224,#3225);
#3224 = CARTESIAN_POINT('',(65.1,15.6,-9.));
#3225 = VECTOR('',#3226,1.);
#3226 = DIRECTION('',(0.,0.,1.));
#3227 = ORIENTED_EDGE('',*,*,#3228,.T.);
#3228 = EDGE_CURVE('',#3221,#3196,#3229,.T.);
#3229 = LINE('',#3230,#3231);
#3230 = CARTESIAN_POINT('',(-9.6,15.6,-4.));
#3231 = VECTOR('',#3232,1.);
#3232 = DIRECTION('',(1.,0.,-0.));
#3233 = ORIENTED_EDGE('',*,*,#3203,.F.);
#3234 = PLANE('',#3235);
#3235 = AXIS2_PLACEMENT_3D('',#3236,#3237,#3238);
#3236 = CARTESIAN_POINT('',(-9.6,15.6,-9.));
#3237 = DIRECTION('',(-0.,1.,0.));
#3238 = DIRECTION('',(0.,0.,1.));
#3239 = ADVANCED_FACE('',(#3240),#3251,.T.);
#3240 = FACE_BOUND('',#3241,.T.);
#3241 = EDGE_LOOP('',(#3242,#3248,#3249,#3250));
#3242 = ORIENTED_EDGE('',*,*,#3243,.F.);
#3243 = EDGE_CURVE('',#3221,#3166,#3244,.T.);
#3244 = LINE('',#3245,#3246);
#3245 = CARTESIAN_POINT('',(65.1,-9.6,-4.));
#3246 = VECTOR('',#3247,1.);
#3247 = DIRECTION('',(-0.,1.,0.));
#3248 = ORIENTED_EDGE('',*,*,#3220,.F.);
#3249 = ORIENTED_EDGE('',*,*,#892,.T.);
#3250 = ORIENTED_EDGE('',*,*,#3165,.T.);
#3251 = PLANE('',#3252);
#3252 = AXIS2_PLACEMENT_3D('',#3253,#3254,#3255);
#3253 = CARTESIAN_POINT('',(65.1,-9.6,-9.));
#3254 = DIRECTION('',(1.,0.,-0.));
#3255 = DIRECTION('',(0.,0.,1.));
#3256 = ADVANCED_FACE('',(#3257),#3282,.F.);
#3257 = FACE_BOUND('',#3258,.F.);
#3258 = EDGE_LOOP('',(#3259,#3260,#3268,#3276));
#3259 = ORIENTED_EDGE('',*,*,#916,.F.);
#3260 = ORIENTED_EDGE('',*,*,#3261,.F.);
#3261 = EDGE_CURVE('',#3262,#917,#3264,.T.);
#3262 = VERTEX_POINT('',#3263);
#3263 = CARTESIAN_POINT('',(65.1,52.6,-4.));
#3264 = LINE('',#3265,#3266);
#3265 = CARTESIAN_POINT('',(65.1,52.6,-9.));
#3266 = VECTOR('',#3267,1.);
#3267 = DIRECTION('',(-0.,0.,-1.));
#3268 = ORIENTED_EDGE('',*,*,#3269,.T.);
#3269 = EDGE_CURVE('',#3262,#3270,#3272,.T.);
#3270 = VERTEX_POINT('',#3271);
#3271 = CARTESIAN_POINT('',(68.605870863984,52.6,-4.));
#3272 = LINE('',#3273,#3274);
#3273 = CARTESIAN_POINT('',(-2.6,52.6,-4.));
#3274 = VECTOR('',#3275,1.);
#3275 = DIRECTION('',(1.,0.,-0.));
#3276 = ORIENTED_EDGE('',*,*,#3277,.F.);
#3277 = EDGE_CURVE('',#919,#3270,#3278,.T.);
#3278 = LINE('',#3279,#3280);
#3279 = CARTESIAN_POINT('',(68.605870863984,52.6,-10.));
#3280 = VECTOR('',#3281,1.);
#3281 = DIRECTION('',(0.,0.,1.));
#3282 = PLANE('',#3283);
#3283 = AXIS2_PLACEMENT_3D('',#3284,#3285,#3286);
#3284 = CARTESIAN_POINT('',(-2.6,52.6,-9.));
#3285 = DIRECTION('',(-0.,1.,0.));
#3286 = DIRECTION('',(0.,0.,1.));
#3287 = ADVANCED_FACE('',(#3288),#3307,.T.);
#3288 = FACE_BOUND('',#3289,.T.);
#3289 = EDGE_LOOP('',(#3290,#3291,#3292,#3300));
#3290 = ORIENTED_EDGE('',*,*,#3277,.F.);
#3291 = ORIENTED_EDGE('',*,*,#950,.T.);
#3292 = ORIENTED_EDGE('',*,*,#3293,.T.);
#3293 = EDGE_CURVE('',#943,#3294,#3296,.T.);
#3294 = VERTEX_POINT('',#3295);
#3295 = CARTESIAN_POINT('',(71.6,49.605870863984,-4.));
#3296 = LINE('',#3297,#3298);
#3297 = CARTESIAN_POINT('',(71.6,49.605870863984,-10.));
#3298 = VECTOR('',#3299,1.);
#3299 = DIRECTION('',(0.,0.,1.));
#3300 = ORIENTED_EDGE('',*,*,#3301,.F.);
#3301 = EDGE_CURVE('',#3270,#3294,#3302,.T.);
#3302 = CIRCLE('',#3303,5.25);
#3303 = AXIS2_PLACEMENT_3D('',#3304,#3305,#3306);
#3304 = CARTESIAN_POINT('',(73.5,54.5,-4.));
#3305 = DIRECTION('',(0.,0.,1.));
#3306 = DIRECTION('',(1.,0.,-0.));
#3307 = CYLINDRICAL_SURFACE('',#3308,5.25);
#3308 = AXIS2_PLACEMENT_3D('',#3309,#3310,#3311);
#3309 = CARTESIAN_POINT('',(73.5,54.5,-10.));
#3310 = DIRECTION('',(0.,0.,1.));
#3311 = DIRECTION('',(1.,0.,-0.));
#3312 = ADVANCED_FACE('',(#3313),#3331,.F.);
#3313 = FACE_BOUND('',#3314,.F.);
#3314 = EDGE_LOOP('',(#3315,#3323,#3329,#3330));
#3315 = ORIENTED_EDGE('',*,*,#3316,.F.);
#3316 = EDGE_CURVE('',#3317,#3294,#3319,.T.);
#3317 = VERTEX_POINT('',#3318);
#3318 = CARTESIAN_POINT('',(71.6,47.6,-4.));
#3319 = LINE('',#3320,#3321);
#3320 = CARTESIAN_POINT('',(71.6,-2.6,-4.));
#3321 = VECTOR('',#3322,1.);
#3322 = DIRECTION('',(-0.,1.,0.));
#3323 = ORIENTED_EDGE('',*,*,#3324,.F.);
#3324 = EDGE_CURVE('',#935,#3317,#3325,.T.);
#3325 = LINE('',#3326,#3327);
#3326 = CARTESIAN_POINT('',(71.6,47.6,-9.));
#3327 = VECTOR('',#3328,1.);
#3328 = DIRECTION('',(0.,0.,1.));
#3329 = ORIENTED_EDGE('',*,*,#942,.T.);
#3330 = ORIENTED_EDGE('',*,*,#3293,.T.);
#3331 = PLANE('',#3332);
#3332 = AXIS2_PLACEMENT_3D('',#3333,#3334,#3335);
#3333 = CARTESIAN_POINT('',(71.6,-2.6,-9.));
#3334 = DIRECTION('',(1.,0.,-0.));
#3335 = DIRECTION('',(0.,0.,1.));
#3336 = ADVANCED_FACE('',(#3337),#3355,.T.);
#3337 = FACE_BOUND('',#3338,.T.);
#3338 = EDGE_LOOP('',(#3339,#3340,#3348,#3354));
#3339 = ORIENTED_EDGE('',*,*,#934,.F.);
#3340 = ORIENTED_EDGE('',*,*,#3341,.T.);
#3341 = EDGE_CURVE('',#927,#3342,#3344,.T.);
#3342 = VERTEX_POINT('',#3343);
#3343 = CARTESIAN_POINT('',(65.1,47.6,-4.));
#3344 = LINE('',#3345,#3346);
#3345 = CARTESIAN_POINT('',(65.1,47.6,-9.));
#3346 = VECTOR('',#3347,1.);
#3347 = DIRECTION('',(0.,0.,1.));
#3348 = ORIENTED_EDGE('',*,*,#3349,.T.);
#3349 = EDGE_CURVE('',#3342,#3317,#3350,.T.);
#3350 = LINE('',#3351,#3352);
#3351 = CARTESIAN_POINT('',(-9.6,47.6,-4.));
#3352 = VECTOR('',#3353,1.);
#3353 = DIRECTION('',(1.,0.,-0.));
#3354 = ORIENTED_EDGE('',*,*,#3324,.F.);
#3355 = PLANE('',#3356);
#3356 = AXIS2_PLACEMENT_3D('',#3357,#3358,#3359);
#3357 = CARTESIAN_POINT('',(-9.6,47.6,-9.));
#3358 = DIRECTION('',(-0.,1.,0.));
#3359 = DIRECTION('',(0.,0.,1.));
#3360 = ADVANCED_FACE('',(#3361),#3372,.T.);
#3361 = FACE_BOUND('',#3362,.T.);
#3362 = EDGE_LOOP('',(#3363,#3369,#3370,#3371));
#3363 = ORIENTED_EDGE('',*,*,#3364,.F.);
#3364 = EDGE_CURVE('',#3342,#3262,#3365,.T.);
#3365 = LINE('',#3366,#3367);
#3366 = CARTESIAN_POINT('',(65.1,-9.6,-4.));
#3367 = VECTOR('',#3368,1.);
#3368 = DIRECTION('',(-0.,1.,0.));
#3369 = ORIENTED_EDGE('',*,*,#3341,.F.);
#3370 = ORIENTED_EDGE('',*,*,#926,.T.);
#3371 = ORIENTED_EDGE('',*,*,#3261,.F.);
#3372 = PLANE('',#3373);
#3373 = AXIS2_PLACEMENT_3D('',#3374,#3375,#3376);
#3374 = CARTESIAN_POINT('',(65.1,-9.6,-9.));
#3375 = DIRECTION('',(1.,0.,-0.));
#3376 = DIRECTION('',(0.,0.,1.));
#3377 = ADVANCED_FACE('',(#3378),#3406,.F.);
#3378 = FACE_BOUND('',#3379,.F.);
#3379 = EDGE_LOOP('',(#3380,#3388,#3389,#3390,#3399));
#3380 = ORIENTED_EDGE('',*,*,#3381,.T.);
#3381 = EDGE_CURVE('',#3382,#960,#3384,.T.);
#3382 = VERTEX_POINT('',#3383);
#3383 = CARTESIAN_POINT('',(70.25,54.5,-8.4));
#3384 = LINE('',#3385,#3386);
#3385 = CARTESIAN_POINT('',(70.25,54.5,-8.4));
#3386 = VECTOR('',#3387,1.);
#3387 = DIRECTION('',(-0.707106781187,-1.731912112471E-16,
    -0.707106781187));
#3388 = ORIENTED_EDGE('',*,*,#959,.F.);
#3389 = ORIENTED_EDGE('',*,*,#3381,.F.);
#3390 = ORIENTED_EDGE('',*,*,#3391,.T.);
#3391 = EDGE_CURVE('',#3382,#3392,#3394,.T.);
#3392 = VERTEX_POINT('',#3393);
#3393 = CARTESIAN_POINT('',(76.75,54.5,-8.4));
#3394 = CIRCLE('',#3395,3.25);
#3395 = AXIS2_PLACEMENT_3D('',#3396,#3397,#3398);
#3396 = CARTESIAN_POINT('',(73.5,54.5,-8.4));
#3397 = DIRECTION('',(-0.,0.,-1.));
#3398 = DIRECTION('',(-1.,0.,0.));
#3399 = ORIENTED_EDGE('',*,*,#3400,.T.);
#3400 = EDGE_CURVE('',#3392,#3382,#3401,.T.);
#3401 = CIRCLE('',#3402,3.25);
#3402 = AXIS2_PLACEMENT_3D('',#3403,#3404,#3405);
#3403 = CARTESIAN_POINT('',(73.5,54.5,-8.4));
#3404 = DIRECTION('',(-0.,0.,-1.));
#3405 = DIRECTION('',(-1.,0.,0.));
#3406 = CONICAL_SURFACE('',#3407,3.25,0.785398163397);
#3407 = AXIS2_PLACEMENT_3D('',#3408,#3409,#3410);
#3408 = CARTESIAN_POINT('',(73.5,54.5,-8.4));
#3409 = DIRECTION('',(-0.,-0.,-1.));
#3410 = DIRECTION('',(-1.,0.,0.));
#3411 = ADVANCED_FACE('',(#3412),#3437,.F.);
#3412 = FACE_BOUND('',#3413,.F.);
#3413 = EDGE_LOOP('',(#3414,#3415,#3423,#3431));
#3414 = ORIENTED_EDGE('',*,*,#970,.F.);
#3415 = ORIENTED_EDGE('',*,*,#3416,.T.);
#3416 = EDGE_CURVE('',#971,#3417,#3419,.T.);
#3417 = VERTEX_POINT('',#3418);
#3418 = CARTESIAN_POINT('',(15.1,34.4,-4.));
#3419 = LINE('',#3420,#3421);
#3420 = CARTESIAN_POINT('',(15.1,34.4,-9.));
#3421 = VECTOR('',#3422,1.);
#3422 = DIRECTION('',(0.,0.,1.));
#3423 = ORIENTED_EDGE('',*,*,#3424,.T.);
#3424 = EDGE_CURVE('',#3417,#3425,#3427,.T.);
#3425 = VERTEX_POINT('',#3426);
#3426 = CARTESIAN_POINT('',(53.9,34.4,-4.));
#3427 = LINE('',#3428,#3429);
#3428 = CARTESIAN_POINT('',(-9.6,34.4,-4.));
#3429 = VECTOR('',#3430,1.);
#3430 = DIRECTION('',(1.,0.,-0.));
#3431 = ORIENTED_EDGE('',*,*,#3432,.F.);
#3432 = EDGE_CURVE('',#973,#3425,#3433,.T.);
#3433 = LINE('',#3434,#3435);
#3434 = CARTESIAN_POINT('',(53.9,34.4,-9.));
#3435 = VECTOR('',#3436,1.);
#3436 = DIRECTION('',(0.,0.,1.));
#3437 = PLANE('',#3438);
#3438 = AXIS2_PLACEMENT_3D('',#3439,#3440,#3441);
#3439 = CARTESIAN_POINT('',(-9.6,34.4,-9.));
#3440 = DIRECTION('',(-0.,1.,0.));
#3441 = DIRECTION('',(0.,0.,1.));
#3442 = ADVANCED_FACE('',(#3443),#3461,.F.);
#3443 = FACE_BOUND('',#3444,.F.);
#3444 = EDGE_LOOP('',(#3445,#3453,#3459,#3460));
#3445 = ORIENTED_EDGE('',*,*,#3446,.F.);
#3446 = EDGE_CURVE('',#3447,#3425,#3449,.T.);
#3447 = VERTEX_POINT('',#3448);
#3448 = CARTESIAN_POINT('',(53.9,15.6,-4.));
#3449 = LINE('',#3450,#3451);
#3450 = CARTESIAN_POINT('',(53.9,-9.6,-4.));
#3451 = VECTOR('',#3452,1.);
#3452 = DIRECTION('',(-0.,1.,0.));
#3453 = ORIENTED_EDGE('',*,*,#3454,.F.);
#3454 = EDGE_CURVE('',#989,#3447,#3455,.T.);
#3455 = LINE('',#3456,#3457);
#3456 = CARTESIAN_POINT('',(53.9,15.6,-9.));
#3457 = VECTOR('',#3458,1.);
#3458 = DIRECTION('',(0.,0.,1.));
#3459 = ORIENTED_EDGE('',*,*,#996,.T.);
#3460 = ORIENTED_EDGE('',*,*,#3432,.T.);
#3461 = PLANE('',#3462);
#3462 = AXIS2_PLACEMENT_3D('',#3463,#3464,#3465);
#3463 = CARTESIAN_POINT('',(53.9,-9.6,-9.));
#3464 = DIRECTION('',(1.,0.,-0.));
#3465 = DIRECTION('',(0.,0.,1.));
#3466 = ADVANCED_FACE('',(#3467),#3485,.T.);
#3467 = FACE_BOUND('',#3468,.T.);
#3468 = EDGE_LOOP('',(#3469,#3470,#3478,#3484));
#3469 = ORIENTED_EDGE('',*,*,#988,.F.);
#3470 = ORIENTED_EDGE('',*,*,#3471,.T.);
#3471 = EDGE_CURVE('',#981,#3472,#3474,.T.);
#3472 = VERTEX_POINT('',#3473);
#3473 = CARTESIAN_POINT('',(15.1,15.6,-4.));
#3474 = LINE('',#3475,#3476);
#3475 = CARTESIAN_POINT('',(15.1,15.6,-9.));
#3476 = VECTOR('',#3477,1.);
#3477 = DIRECTION('',(0.,0.,1.));
#3478 = ORIENTED_EDGE('',*,*,#3479,.T.);
#3479 = EDGE_CURVE('',#3472,#3447,#3480,.T.);
#3480 = LINE('',#3481,#3482);
#3481 = CARTESIAN_POINT('',(-9.6,15.6,-4.));
#3482 = VECTOR('',#3483,1.);
#3483 = DIRECTION('',(1.,0.,-0.));
#3484 = ORIENTED_EDGE('',*,*,#3454,.F.);
#3485 = PLANE('',#3486);
#3486 = AXIS2_PLACEMENT_3D('',#3487,#3488,#3489);
#3487 = CARTESIAN_POINT('',(-9.6,15.6,-9.));
#3488 = DIRECTION('',(-0.,1.,0.));
#3489 = DIRECTION('',(0.,0.,1.));
#3490 = ADVANCED_FACE('',(#3491),#3502,.T.);
#3491 = FACE_BOUND('',#3492,.T.);
#3492 = EDGE_LOOP('',(#3493,#3499,#3500,#3501));
#3493 = ORIENTED_EDGE('',*,*,#3494,.F.);
#3494 = EDGE_CURVE('',#3472,#3417,#3495,.T.);
#3495 = LINE('',#3496,#3497);
#3496 = CARTESIAN_POINT('',(15.1,-9.6,-4.));
#3497 = VECTOR('',#3498,1.);
#3498 = DIRECTION('',(-0.,1.,0.));
#3499 = ORIENTED_EDGE('',*,*,#3471,.F.);
#3500 = ORIENTED_EDGE('',*,*,#980,.T.);
#3501 = ORIENTED_EDGE('',*,*,#3416,.T.);
#3502 = PLANE('',#3503);
#3503 = AXIS2_PLACEMENT_3D('',#3504,#3505,#3506);
#3504 = CARTESIAN_POINT('',(15.1,-9.6,-9.));
#3505 = DIRECTION('',(1.,0.,-0.));
#3506 = DIRECTION('',(0.,0.,1.));
#3507 = ADVANCED_FACE('',(#3508),#3533,.T.);
#3508 = FACE_BOUND('',#3509,.T.);
#3509 = EDGE_LOOP('',(#3510,#3520,#3526,#3527));
#3510 = ORIENTED_EDGE('',*,*,#3511,.F.);
#3511 = EDGE_CURVE('',#3512,#3514,#3516,.T.);
#3512 = VERTEX_POINT('',#3513);
#3513 = CARTESIAN_POINT('',(-2.6,15.6,-4.));
#3514 = VERTEX_POINT('',#3515);
#3515 = CARTESIAN_POINT('',(-2.6,34.4,-4.));
#3516 = LINE('',#3517,#3518);
#3517 = CARTESIAN_POINT('',(-2.6,-2.6,-4.));
#3518 = VECTOR('',#3519,1.);
#3519 = DIRECTION('',(-0.,1.,0.));
#3520 = ORIENTED_EDGE('',*,*,#3521,.F.);
#3521 = EDGE_CURVE('',#1005,#3512,#3522,.T.);
#3522 = LINE('',#3523,#3524);
#3523 = CARTESIAN_POINT('',(-2.6,15.6,-9.));
#3524 = VECTOR('',#3525,1.);
#3525 = DIRECTION('',(0.,0.,1.));
#3526 = ORIENTED_EDGE('',*,*,#1004,.T.);
#3527 = ORIENTED_EDGE('',*,*,#3528,.T.);
#3528 = EDGE_CURVE('',#1007,#3514,#3529,.T.);
#3529 = LINE('',#3530,#3531);
#3530 = CARTESIAN_POINT('',(-2.6,34.4,-9.));
#3531 = VECTOR('',#3532,1.);
#3532 = DIRECTION('',(0.,0.,1.));
#3533 = PLANE('',#3534);
#3534 = AXIS2_PLACEMENT_3D('',#3535,#3536,#3537);
#3535 = CARTESIAN_POINT('',(-2.6,-2.6,-9.));
#3536 = DIRECTION('',(1.,0.,-0.));
#3537 = DIRECTION('',(0.,0.,1.));
#3538 = ADVANCED_FACE('',(#3539),#3557,.F.);
#3539 = FACE_BOUND('',#3540,.F.);
#3540 = EDGE_LOOP('',(#3541,#3542,#3543,#3551));
#3541 = ORIENTED_EDGE('',*,*,#1030,.F.);
#3542 = ORIENTED_EDGE('',*,*,#3528,.T.);
#3543 = ORIENTED_EDGE('',*,*,#3544,.T.);
#3544 = EDGE_CURVE('',#3514,#3545,#3547,.T.);
#3545 = VERTEX_POINT('',#3546);
#3546 = CARTESIAN_POINT('',(3.9,34.4,-4.));
#3547 = LINE('',#3548,#3549);
#3548 = CARTESIAN_POINT('',(-9.6,34.4,-4.));
#3549 = VECTOR('',#3550,1.);
#3550 = DIRECTION('',(1.,0.,-0.));
#3551 = ORIENTED_EDGE('',*,*,#3552,.F.);
#3552 = EDGE_CURVE('',#1023,#3545,#3553,.T.);
#3553 = LINE('',#3554,#3555);
#3554 = CARTESIAN_POINT('',(3.9,34.4,-9.));
#3555 = VECTOR('',#3556,1.);
#3556 = DIRECTION('',(0.,0.,1.));
#3557 = PLANE('',#3558);
#3558 = AXIS2_PLACEMENT_3D('',#3559,#3560,#3561);
#3559 = CARTESIAN_POINT('',(-9.6,34.4,-9.));
#3560 = DIRECTION('',(-0.,1.,0.));
#3561 = DIRECTION('',(0.,0.,1.));
#3562 = ADVANCED_FACE('',(#3563),#3581,.F.);
#3563 = FACE_BOUND('',#3564,.F.);
#3564 = EDGE_LOOP('',(#3565,#3573,#3579,#3580));
#3565 = ORIENTED_EDGE('',*,*,#3566,.F.);
#3566 = EDGE_CURVE('',#3567,#3545,#3569,.T.);
#3567 = VERTEX_POINT('',#3568);
#3568 = CARTESIAN_POINT('',(3.9,15.6,-4.));
#3569 = LINE('',#3570,#3571);
#3570 = CARTESIAN_POINT('',(3.9,-9.6,-4.));
#3571 = VECTOR('',#3572,1.);
#3572 = DIRECTION('',(-0.,1.,0.));
#3573 = ORIENTED_EDGE('',*,*,#3574,.F.);
#3574 = EDGE_CURVE('',#1015,#3567,#3575,.T.);
#3575 = LINE('',#3576,#3577);
#3576 = CARTESIAN_POINT('',(3.9,15.6,-9.));
#3577 = VECTOR('',#3578,1.);
#3578 = DIRECTION('',(0.,0.,1.));
#3579 = ORIENTED_EDGE('',*,*,#1022,.T.);
#3580 = ORIENTED_EDGE('',*,*,#3552,.T.);
#3581 = PLANE('',#3582);
#3582 = AXIS2_PLACEMENT_3D('',#3583,#3584,#3585);
#3583 = CARTESIAN_POINT('',(3.9,-9.6,-9.));
#3584 = DIRECTION('',(1.,0.,-0.));
#3585 = DIRECTION('',(0.,0.,1.));
#3586 = ADVANCED_FACE('',(#3587),#3598,.T.);
#3587 = FACE_BOUND('',#3588,.T.);
#3588 = EDGE_LOOP('',(#3589,#3590,#3591,#3597));
#3589 = ORIENTED_EDGE('',*,*,#1014,.F.);
#3590 = ORIENTED_EDGE('',*,*,#3521,.T.);
#3591 = ORIENTED_EDGE('',*,*,#3592,.T.);
#3592 = EDGE_CURVE('',#3512,#3567,#3593,.T.);
#3593 = LINE('',#3594,#3595);
#3594 = CARTESIAN_POINT('',(-9.6,15.6,-4.));
#3595 = VECTOR('',#3596,1.);
#3596 = DIRECTION('',(1.,0.,-0.));
#3597 = ORIENTED_EDGE('',*,*,#3574,.F.);
#3598 = PLANE('',#3599);
#3599 = AXIS2_PLACEMENT_3D('',#3600,#3601,#3602);
#3600 = CARTESIAN_POINT('',(-9.6,15.6,-9.));
#3601 = DIRECTION('',(-0.,1.,0.));
#3602 = DIRECTION('',(0.,0.,1.));
#3603 = ADVANCED_FACE('',(#3604),#3629,.F.);
#3604 = FACE_BOUND('',#3605,.F.);
#3605 = EDGE_LOOP('',(#3606,#3607,#3615,#3623));
#3606 = ORIENTED_EDGE('',*,*,#1038,.F.);
#3607 = ORIENTED_EDGE('',*,*,#3608,.F.);
#3608 = EDGE_CURVE('',#3609,#1039,#3611,.T.);
#3609 = VERTEX_POINT('',#3610);
#3610 = CARTESIAN_POINT('',(15.1,52.6,-4.));
#3611 = LINE('',#3612,#3613);
#3612 = CARTESIAN_POINT('',(15.1,52.6,-9.));
#3613 = VECTOR('',#3614,1.);
#3614 = DIRECTION('',(-0.,0.,-1.));
#3615 = ORIENTED_EDGE('',*,*,#3616,.T.);
#3616 = EDGE_CURVE('',#3609,#3617,#3619,.T.);
#3617 = VERTEX_POINT('',#3618);
#3618 = CARTESIAN_POINT('',(53.9,52.6,-4.));
#3619 = LINE('',#3620,#3621);
#3620 = CARTESIAN_POINT('',(-2.6,52.6,-4.));
#3621 = VECTOR('',#3622,1.);
#3622 = DIRECTION('',(1.,0.,-0.));
#3623 = ORIENTED_EDGE('',*,*,#3624,.T.);
#3624 = EDGE_CURVE('',#3617,#1041,#3625,.T.);
#3625 = LINE('',#3626,#3627);
#3626 = CARTESIAN_POINT('',(53.9,52.6,-9.));
#3627 = VECTOR('',#3628,1.);
#3628 = DIRECTION('',(-0.,0.,-1.));
#3629 = PLANE('',#3630);
#3630 = AXIS2_PLACEMENT_3D('',#3631,#3632,#3633);
#3631 = CARTESIAN_POINT('',(-2.6,52.6,-9.));
#3632 = DIRECTION('',(-0.,1.,0.));
#3633 = DIRECTION('',(0.,0.,1.));
#3634 = ADVANCED_FACE('',(#3635),#3653,.F.);
#3635 = FACE_BOUND('',#3636,.F.);
#3636 = EDGE_LOOP('',(#3637,#3645,#3651,#3652));
#3637 = ORIENTED_EDGE('',*,*,#3638,.F.);
#3638 = EDGE_CURVE('',#3639,#3617,#3641,.T.);
#3639 = VERTEX_POINT('',#3640);
#3640 = CARTESIAN_POINT('',(53.9,47.6,-4.));
#3641 = LINE('',#3642,#3643);
#3642 = CARTESIAN_POINT('',(53.9,-9.6,-4.));
#3643 = VECTOR('',#3644,1.);
#3644 = DIRECTION('',(-0.,1.,0.));
#3645 = ORIENTED_EDGE('',*,*,#3646,.F.);
#3646 = EDGE_CURVE('',#1057,#3639,#3647,.T.);
#3647 = LINE('',#3648,#3649);
#3648 = CARTESIAN_POINT('',(53.9,47.6,-9.));
#3649 = VECTOR('',#3650,1.);
#3650 = DIRECTION('',(0.,0.,1.));
#3651 = ORIENTED_EDGE('',*,*,#1064,.T.);
#3652 = ORIENTED_EDGE('',*,*,#3624,.F.);
#3653 = PLANE('',#3654);
#3654 = AXIS2_PLACEMENT_3D('',#3655,#3656,#3657);
#3655 = CARTESIAN_POINT('',(53.9,-9.6,-9.));
#3656 = DIRECTION('',(1.,0.,-0.));
#3657 = DIRECTION('',(0.,0.,1.));
#3658 = ADVANCED_FACE('',(#3659),#3677,.T.);
#3659 = FACE_BOUND('',#3660,.T.);
#3660 = EDGE_LOOP('',(#3661,#3662,#3670,#3676));
#3661 = ORIENTED_EDGE('',*,*,#1056,.F.);
#3662 = ORIENTED_EDGE('',*,*,#3663,.T.);
#3663 = EDGE_CURVE('',#1049,#3664,#3666,.T.);
#3664 = VERTEX_POINT('',#3665);
#3665 = CARTESIAN_POINT('',(15.1,47.6,-4.));
#3666 = LINE('',#3667,#3668);
#3667 = CARTESIAN_POINT('',(15.1,47.6,-9.));
#3668 = VECTOR('',#3669,1.);
#3669 = DIRECTION('',(0.,0.,1.));
#3670 = ORIENTED_EDGE('',*,*,#3671,.T.);
#3671 = EDGE_CURVE('',#3664,#3639,#3672,.T.);
#3672 = LINE('',#3673,#3674);
#3673 = CARTESIAN_POINT('',(-9.6,47.6,-4.));
#3674 = VECTOR('',#3675,1.);
#3675 = DIRECTION('',(1.,0.,-0.));
#3676 = ORIENTED_EDGE('',*,*,#3646,.F.);
#3677 = PLANE('',#3678);
#3678 = AXIS2_PLACEMENT_3D('',#3679,#3680,#3681);
#3679 = CARTESIAN_POINT('',(-9.6,47.6,-9.));
#3680 = DIRECTION('',(-0.,1.,0.));
#3681 = DIRECTION('',(0.,0.,1.));
#3682 = ADVANCED_FACE('',(#3683),#3694,.T.);
#3683 = FACE_BOUND('',#3684,.T.);
#3684 = EDGE_LOOP('',(#3685,#3691,#3692,#3693));
#3685 = ORIENTED_EDGE('',*,*,#3686,.F.);
#3686 = EDGE_CURVE('',#3664,#3609,#3687,.T.);
#3687 = LINE('',#3688,#3689);
#3688 = CARTESIAN_POINT('',(15.1,-9.6,-4.));
#3689 = VECTOR('',#3690,1.);
#3690 = DIRECTION('',(-0.,1.,0.));
#3691 = ORIENTED_EDGE('',*,*,#3663,.F.);
#3692 = ORIENTED_EDGE('',*,*,#1048,.T.);
#3693 = ORIENTED_EDGE('',*,*,#3608,.F.);
#3694 = PLANE('',#3695);
#3695 = AXIS2_PLACEMENT_3D('',#3696,#3697,#3698);
#3696 = CARTESIAN_POINT('',(15.1,-9.6,-9.));
#3697 = DIRECTION('',(1.,0.,-0.));
#3698 = DIRECTION('',(0.,0.,1.));
#3699 = ADVANCED_FACE('',(#3700),#3725,.T.);
#3700 = FACE_BOUND('',#3701,.T.);
#3701 = EDGE_LOOP('',(#3702,#3712,#3718,#3719));
#3702 = ORIENTED_EDGE('',*,*,#3703,.F.);
#3703 = EDGE_CURVE('',#3704,#3706,#3708,.T.);
#3704 = VERTEX_POINT('',#3705);
#3705 = CARTESIAN_POINT('',(-2.6,47.6,-4.));
#3706 = VERTEX_POINT('',#3707);
#3707 = CARTESIAN_POINT('',(-2.6,49.605870863984,-4.));
#3708 = LINE('',#3709,#3710);
#3709 = CARTESIAN_POINT('',(-2.6,-2.6,-4.));
#3710 = VECTOR('',#3711,1.);
#3711 = DIRECTION('',(-0.,1.,0.));
#3712 = ORIENTED_EDGE('',*,*,#3713,.F.);
#3713 = EDGE_CURVE('',#1073,#3704,#3714,.T.);
#3714 = LINE('',#3715,#3716);
#3715 = CARTESIAN_POINT('',(-2.6,47.6,-9.));
#3716 = VECTOR('',#3717,1.);
#3717 = DIRECTION('',(0.,0.,1.));
#3718 = ORIENTED_EDGE('',*,*,#1072,.T.);
#3719 = ORIENTED_EDGE('',*,*,#3720,.T.);
#3720 = EDGE_CURVE('',#1075,#3706,#3721,.T.);
#3721 = LINE('',#3722,#3723);
#3722 = CARTESIAN_POINT('',(-2.6,49.605870863984,-10.));
#3723 = VECTOR('',#3724,1.);
#3724 = DIRECTION('',(0.,0.,1.));
#3725 = PLANE('',#3726);
#3726 = AXIS2_PLACEMENT_3D('',#3727,#3728,#3729);
#3727 = CARTESIAN_POINT('',(-2.6,-2.6,-9.));
#3728 = DIRECTION('',(1.,0.,-0.));
#3729 = DIRECTION('',(0.,0.,1.));
#3730 = ADVANCED_FACE('',(#3731),#3750,.T.);
#3731 = FACE_BOUND('',#3732,.T.);
#3732 = EDGE_LOOP('',(#3733,#3734,#3735,#3743));
#3733 = ORIENTED_EDGE('',*,*,#3720,.F.);
#3734 = ORIENTED_EDGE('',*,*,#1106,.T.);
#3735 = ORIENTED_EDGE('',*,*,#3736,.T.);
#3736 = EDGE_CURVE('',#1099,#3737,#3739,.T.);
#3737 = VERTEX_POINT('',#3738);
#3738 = CARTESIAN_POINT('',(0.394129136016,52.6,-4.));
#3739 = LINE('',#3740,#3741);
#3740 = CARTESIAN_POINT('',(0.394129136016,52.6,-10.));
#3741 = VECTOR('',#3742,1.);
#3742 = DIRECTION('',(0.,0.,1.));
#3743 = ORIENTED_EDGE('',*,*,#3744,.F.);
#3744 = EDGE_CURVE('',#3706,#3737,#3745,.T.);
#3745 = CIRCLE('',#3746,5.25);
#3746 = AXIS2_PLACEMENT_3D('',#3747,#3748,#3749);
#3747 = CARTESIAN_POINT('',(-4.5,54.5,-4.));
#3748 = DIRECTION('',(0.,0.,1.));
#3749 = DIRECTION('',(1.,0.,-0.));
#3750 = CYLINDRICAL_SURFACE('',#3751,5.25);
#3751 = AXIS2_PLACEMENT_3D('',#3752,#3753,#3754);
#3752 = CARTESIAN_POINT('',(-4.5,54.5,-10.));
#3753 = DIRECTION('',(0.,0.,1.));
#3754 = DIRECTION('',(1.,0.,-0.));
#3755 = ADVANCED_FACE('',(#3756),#3774,.F.);
#3756 = FACE_BOUND('',#3757,.F.);
#3757 = EDGE_LOOP('',(#3758,#3759,#3760,#3768));
#3758 = ORIENTED_EDGE('',*,*,#1098,.F.);
#3759 = ORIENTED_EDGE('',*,*,#3736,.T.);
#3760 = ORIENTED_EDGE('',*,*,#3761,.T.);
#3761 = EDGE_CURVE('',#3737,#3762,#3764,.T.);
#3762 = VERTEX_POINT('',#3763);
#3763 = CARTESIAN_POINT('',(3.9,52.6,-4.));
#3764 = LINE('',#3765,#3766);
#3765 = CARTESIAN_POINT('',(-2.6,52.6,-4.));
#3766 = VECTOR('',#3767,1.);
#3767 = DIRECTION('',(1.,0.,-0.));
#3768 = ORIENTED_EDGE('',*,*,#3769,.T.);
#3769 = EDGE_CURVE('',#3762,#1091,#3770,.T.);
#3770 = LINE('',#3771,#3772);
#3771 = CARTESIAN_POINT('',(3.9,52.6,-9.));
#3772 = VECTOR('',#3773,1.);
#3773 = DIRECTION('',(-0.,0.,-1.));
#3774 = PLANE('',#3775);
#3775 = AXIS2_PLACEMENT_3D('',#3776,#3777,#3778);
#3776 = CARTESIAN_POINT('',(-2.6,52.6,-9.));
#3777 = DIRECTION('',(-0.,1.,0.));
#3778 = DIRECTION('',(0.,0.,1.));
#3779 = ADVANCED_FACE('',(#3780),#3798,.F.);
#3780 = FACE_BOUND('',#3781,.F.);
#3781 = EDGE_LOOP('',(#3782,#3790,#3796,#3797));
#3782 = ORIENTED_EDGE('',*,*,#3783,.F.);
#3783 = EDGE_CURVE('',#3784,#3762,#3786,.T.);
#3784 = VERTEX_POINT('',#3785);
#3785 = CARTESIAN_POINT('',(3.9,47.6,-4.));
#3786 = LINE('',#3787,#3788);
#3787 = CARTESIAN_POINT('',(3.9,-9.6,-4.));
#3788 = VECTOR('',#3789,1.);
#3789 = DIRECTION('',(-0.,1.,0.));
#3790 = ORIENTED_EDGE('',*,*,#3791,.F.);
#3791 = EDGE_CURVE('',#1083,#3784,#3792,.T.);
#3792 = LINE('',#3793,#3794);
#3793 = CARTESIAN_POINT('',(3.9,47.6,-9.));
#3794 = VECTOR('',#3795,1.);
#3795 = DIRECTION('',(0.,0.,1.));
#3796 = ORIENTED_EDGE('',*,*,#1090,.T.);
#3797 = ORIENTED_EDGE('',*,*,#3769,.F.);
#3798 = PLANE('',#3799);
#3799 = AXIS2_PLACEMENT_3D('',#3800,#3801,#3802);
#3800 = CARTESIAN_POINT('',(3.9,-9.6,-9.));
#3801 = DIRECTION('',(1.,0.,-0.));
#3802 = DIRECTION('',(0.,0.,1.));
#3803 = ADVANCED_FACE('',(#3804),#3815,.T.);
#3804 = FACE_BOUND('',#3805,.T.);
#3805 = EDGE_LOOP('',(#3806,#3807,#3808,#3814));
#3806 = ORIENTED_EDGE('',*,*,#1082,.F.);
#3807 = ORIENTED_EDGE('',*,*,#3713,.T.);
#3808 = ORIENTED_EDGE('',*,*,#3809,.T.);
#3809 = EDGE_CURVE('',#3704,#3784,#3810,.T.);
#3810 = LINE('',#3811,#3812);
#3811 = CARTESIAN_POINT('',(-9.6,47.6,-4.));
#3812 = VECTOR('',#3813,1.);
#3813 = DIRECTION('',(1.,0.,-0.));
#3814 = ORIENTED_EDGE('',*,*,#3791,.F.);
#3815 = PLANE('',#3816);
#3816 = AXIS2_PLACEMENT_3D('',#3817,#3818,#3819);
#3817 = CARTESIAN_POINT('',(-9.6,47.6,-9.));
#3818 = DIRECTION('',(-0.,1.,0.));
#3819 = DIRECTION('',(0.,0.,1.));
#3820 = ADVANCED_FACE('',(#3821),#3849,.F.);
#3821 = FACE_BOUND('',#3822,.F.);
#3822 = EDGE_LOOP('',(#3823,#3831,#3832,#3833,#3842));
#3823 = ORIENTED_EDGE('',*,*,#3824,.T.);
#3824 = EDGE_CURVE('',#3825,#1116,#3827,.T.);
#3825 = VERTEX_POINT('',#3826);
#3826 = CARTESIAN_POINT('',(-7.75,54.5,-8.4));
#3827 = LINE('',#3828,#3829);
#3828 = CARTESIAN_POINT('',(-7.75,54.5,-8.4));
#3829 = VECTOR('',#3830,1.);
#3830 = DIRECTION('',(-0.707106781187,-1.731912112471E-16,
    -0.707106781187));
#3831 = ORIENTED_EDGE('',*,*,#1115,.F.);
#3832 = ORIENTED_EDGE('',*,*,#3824,.F.);
#3833 = ORIENTED_EDGE('',*,*,#3834,.T.);
#3834 = EDGE_CURVE('',#3825,#3835,#3837,.T.);
#3835 = VERTEX_POINT('',#3836);
#3836 = CARTESIAN_POINT('',(-1.25,54.5,-8.4));
#3837 = CIRCLE('',#3838,3.25);
#3838 = AXIS2_PLACEMENT_3D('',#3839,#3840,#3841);
#3839 = CARTESIAN_POINT('',(-4.5,54.5,-8.4));
#3840 = DIRECTION('',(-0.,0.,-1.));
#3841 = DIRECTION('',(-1.,0.,0.));
#3842 = ORIENTED_EDGE('',*,*,#3843,.T.);
#3843 = EDGE_CURVE('',#3835,#3825,#3844,.T.);
#3844 = CIRCLE('',#3845,3.25);
#3845 = AXIS2_PLACEMENT_3D('',#3846,#3847,#3848);
#3846 = CARTESIAN_POINT('',(-4.5,54.5,-8.4));
#3847 = DIRECTION('',(-0.,0.,-1.));
#3848 = DIRECTION('',(-1.,0.,0.));
#3849 = CONICAL_SURFACE('',#3850,3.25,0.785398163397);
#3850 = AXIS2_PLACEMENT_3D('',#3851,#3852,#3853);
#3851 = CARTESIAN_POINT('',(-4.5,54.5,-8.4));
#3852 = DIRECTION('',(-0.,-0.,-1.));
#3853 = DIRECTION('',(-1.,0.,0.));
#3854 = ADVANCED_FACE('',(#3855),#3874,.F.);
#3855 = FACE_BOUND('',#3856,.F.);
#3856 = EDGE_LOOP('',(#3857,#3858,#3866,#3873));
#3857 = ORIENTED_EDGE('',*,*,#1381,.F.);
#3858 = ORIENTED_EDGE('',*,*,#3859,.F.);
#3859 = EDGE_CURVE('',#3860,#1382,#3862,.T.);
#3860 = VERTEX_POINT('',#3861);
#3861 = CARTESIAN_POINT('',(-2.7,-4.5,27.6));
#3862 = LINE('',#3863,#3864);
#3863 = CARTESIAN_POINT('',(-2.7,-4.5,27.6));
#3864 = VECTOR('',#3865,1.);
#3865 = DIRECTION('',(0.707106781187,-1.731912112471E-16,0.707106781187)
  );
#3866 = ORIENTED_EDGE('',*,*,#3867,.T.);
#3867 = EDGE_CURVE('',#3860,#3860,#3868,.T.);
#3868 = CIRCLE('',#3869,1.8);
#3869 = AXIS2_PLACEMENT_3D('',#3870,#3871,#3872);
#3870 = CARTESIAN_POINT('',(-4.5,-4.5,27.6));
#3871 = DIRECTION('',(0.,0.,1.));
#3872 = DIRECTION('',(1.,0.,-0.));
#3873 = ORIENTED_EDGE('',*,*,#3859,.T.);
#3874 = CONICAL_SURFACE('',#3875,1.8,0.785398163397);
#3875 = AXIS2_PLACEMENT_3D('',#3876,#3877,#3878);
#3876 = CARTESIAN_POINT('',(-4.5,-4.5,27.6));
#3877 = DIRECTION('',(0.,0.,1.));
#3878 = DIRECTION('',(1.,0.,-0.));
#3879 = ADVANCED_FACE('',(#3880),#3899,.F.);
#3880 = FACE_BOUND('',#3881,.F.);
#3881 = EDGE_LOOP('',(#3882,#3883,#3891,#3898));
#3882 = ORIENTED_EDGE('',*,*,#1392,.F.);
#3883 = ORIENTED_EDGE('',*,*,#3884,.F.);
#3884 = EDGE_CURVE('',#3885,#1393,#3887,.T.);
#3885 = VERTEX_POINT('',#3886);
#3886 = CARTESIAN_POINT('',(75.3,-4.5,27.6));
#3887 = LINE('',#3888,#3889);
#3888 = CARTESIAN_POINT('',(75.3,-4.5,27.6));
#3889 = VECTOR('',#3890,1.);
#3890 = DIRECTION('',(0.707106781187,-1.731912112471E-16,0.707106781187)
  );
#3891 = ORIENTED_EDGE('',*,*,#3892,.T.);
#3892 = EDGE_CURVE('',#3885,#3885,#3893,.T.);
#3893 = CIRCLE('',#3894,1.8);
#3894 = AXIS2_PLACEMENT_3D('',#3895,#3896,#3897);
#3895 = CARTESIAN_POINT('',(73.5,-4.5,27.6));
#3896 = DIRECTION('',(0.,0.,1.));
#3897 = DIRECTION('',(1.,0.,-0.));
#3898 = ORIENTED_EDGE('',*,*,#3884,.T.);
#3899 = CONICAL_SURFACE('',#3900,1.8,0.785398163397);
#3900 = AXIS2_PLACEMENT_3D('',#3901,#3902,#3903);
#3901 = CARTESIAN_POINT('',(73.5,-4.5,27.6));
#3902 = DIRECTION('',(0.,0.,1.));
#3903 = DIRECTION('',(1.,0.,-0.));
#3904 = ADVANCED_FACE('',(#3905),#3924,.F.);
#3905 = FACE_BOUND('',#3906,.F.);
#3906 = EDGE_LOOP('',(#3907,#3908,#3916,#3923));
#3907 = ORIENTED_EDGE('',*,*,#1403,.F.);
#3908 = ORIENTED_EDGE('',*,*,#3909,.F.);
#3909 = EDGE_CURVE('',#3910,#1404,#3912,.T.);
#3910 = VERTEX_POINT('',#3911);
#3911 = CARTESIAN_POINT('',(-2.7,54.5,27.6));
#3912 = LINE('',#3913,#3914);
#3913 = CARTESIAN_POINT('',(-2.7,54.5,27.6));
#3914 = VECTOR('',#3915,1.);
#3915 = DIRECTION('',(0.707106781187,-1.731912112471E-16,0.707106781187)
  );
#3916 = ORIENTED_EDGE('',*,*,#3917,.T.);
#3917 = EDGE_CURVE('',#3910,#3910,#3918,.T.);
#3918 = CIRCLE('',#3919,1.8);
#3919 = AXIS2_PLACEMENT_3D('',#3920,#3921,#3922);
#3920 = CARTESIAN_POINT('',(-4.5,54.5,27.6));
#3921 = DIRECTION('',(0.,0.,1.));
#3922 = DIRECTION('',(1.,0.,-0.));
#3923 = ORIENTED_EDGE('',*,*,#3909,.T.);
#3924 = CONICAL_SURFACE('',#3925,1.8,0.785398163397);
#3925 = AXIS2_PLACEMENT_3D('',#3926,#3927,#3928);
#3926 = CARTESIAN_POINT('',(-4.5,54.5,27.6));
#3927 = DIRECTION('',(0.,0.,1.));
#3928 = DIRECTION('',(1.,0.,-0.));
#3929 = ADVANCED_FACE('',(#3930),#3956,.F.);
#3930 = FACE_BOUND('',#3931,.F.);
#3931 = EDGE_LOOP('',(#3932,#3940,#3949,#3955));
#3932 = ORIENTED_EDGE('',*,*,#3933,.F.);
#3933 = EDGE_CURVE('',#3934,#1415,#3936,.T.);
#3934 = VERTEX_POINT('',#3935);
#3935 = CARTESIAN_POINT('',(-3.5,2.,26.5));
#3936 = LINE('',#3937,#3938);
#3937 = CARTESIAN_POINT('',(-3.5,2.,26.5));
#3938 = VECTOR('',#3939,1.);
#3939 = DIRECTION('',(0.,0.,1.));
#3940 = ORIENTED_EDGE('',*,*,#3941,.T.);
#3941 = EDGE_CURVE('',#3934,#3942,#3944,.T.);
#3942 = VERTEX_POINT('',#3943);
#3943 = CARTESIAN_POINT('',(2.,-3.5,26.5));
#3944 = CIRCLE('',#3945,5.5);
#3945 = AXIS2_PLACEMENT_3D('',#3946,#3947,#3948);
#3946 = CARTESIAN_POINT('',(2.,2.,26.5));
#3947 = DIRECTION('',(0.,0.,1.));
#3948 = DIRECTION('',(0.,-1.,0.));
#3949 = ORIENTED_EDGE('',*,*,#3950,.T.);
#3950 = EDGE_CURVE('',#3942,#1417,#3951,.T.);
#3951 = LINE('',#3952,#3953);
#3952 = CARTESIAN_POINT('',(2.,-3.5,26.5));
#3953 = VECTOR('',#3954,1.);
#3954 = DIRECTION('',(0.,0.,1.));
#3955 = ORIENTED_EDGE('',*,*,#1414,.F.);
#3956 = CYLINDRICAL_SURFACE('',#3957,5.5);
#3957 = AXIS2_PLACEMENT_3D('',#3958,#3959,#3960);
#3958 = CARTESIAN_POINT('',(2.,2.,26.5));
#3959 = DIRECTION('',(0.,0.,1.));
#3960 = DIRECTION('',(-1.,-0.,0.));
#3961 = ADVANCED_FACE('',(#3962),#3980,.T.);
#3962 = FACE_BOUND('',#3963,.T.);
#3963 = EDGE_LOOP('',(#3964,#3965,#3966,#3974));
#3964 = ORIENTED_EDGE('',*,*,#1425,.F.);
#3965 = ORIENTED_EDGE('',*,*,#3933,.F.);
#3966 = ORIENTED_EDGE('',*,*,#3967,.T.);
#3967 = EDGE_CURVE('',#3934,#3968,#3970,.T.);
#3968 = VERTEX_POINT('',#3969);
#3969 = CARTESIAN_POINT('',(-3.5,48.,26.5));
#3970 = LINE('',#3971,#3972);
#3971 = CARTESIAN_POINT('',(-3.5,-3.5,26.5));
#3972 = VECTOR('',#3973,1.);
#3973 = DIRECTION('',(-0.,1.,0.));
#3974 = ORIENTED_EDGE('',*,*,#3975,.T.);
#3975 = EDGE_CURVE('',#3968,#1426,#3976,.T.);
#3976 = LINE('',#3977,#3978);
#3977 = CARTESIAN_POINT('',(-3.5,48.,26.5));
#3978 = VECTOR('',#3979,1.);
#3979 = DIRECTION('',(0.,0.,1.));
#3980 = PLANE('',#3981);
#3981 = AXIS2_PLACEMENT_3D('',#3982,#3983,#3984);
#3982 = CARTESIAN_POINT('',(-3.5,-3.5,26.5));
#3983 = DIRECTION('',(1.,0.,-0.));
#3984 = DIRECTION('',(0.,0.,1.));
#3985 = ADVANCED_FACE('',(#3986),#4004,.T.);
#3986 = FACE_BOUND('',#3987,.T.);
#3987 = EDGE_LOOP('',(#3988,#3996,#3997,#3998));
#3988 = ORIENTED_EDGE('',*,*,#3989,.F.);
#3989 = EDGE_CURVE('',#3942,#3990,#3992,.T.);
#3990 = VERTEX_POINT('',#3991);
#3991 = CARTESIAN_POINT('',(67.,-3.5,26.5));
#3992 = LINE('',#3993,#3994);
#3993 = CARTESIAN_POINT('',(-3.5,-3.5,26.5));
#3994 = VECTOR('',#3995,1.);
#3995 = DIRECTION('',(1.,0.,-0.));
#3996 = ORIENTED_EDGE('',*,*,#3950,.T.);
#3997 = ORIENTED_EDGE('',*,*,#1476,.F.);
#3998 = ORIENTED_EDGE('',*,*,#3999,.F.);
#3999 = EDGE_CURVE('',#3990,#1468,#4000,.T.);
#4000 = LINE('',#4001,#4002);
#4001 = CARTESIAN_POINT('',(67.,-3.5,26.5));
#4002 = VECTOR('',#4003,1.);
#4003 = DIRECTION('',(0.,0.,1.));
#4004 = PLANE('',#4005);
#4005 = AXIS2_PLACEMENT_3D('',#4006,#4007,#4008);
#4006 = CARTESIAN_POINT('',(-3.5,-3.5,26.5));
#4007 = DIRECTION('',(-0.,1.,0.));
#4008 = DIRECTION('',(0.,0.,1.));
#4009 = ADVANCED_FACE('',(#4010),#4029,.F.);
#4010 = FACE_BOUND('',#4011,.T.);
#4011 = EDGE_LOOP('',(#4012,#4013,#4022,#4028));
#4012 = ORIENTED_EDGE('',*,*,#3975,.F.);
#4013 = ORIENTED_EDGE('',*,*,#4014,.T.);
#4014 = EDGE_CURVE('',#3968,#4015,#4017,.T.);
#4015 = VERTEX_POINT('',#4016);
#4016 = CARTESIAN_POINT('',(2.,53.5,26.5));
#4017 = CIRCLE('',#4018,5.5);
#4018 = AXIS2_PLACEMENT_3D('',#4019,#4020,#4021);
#4019 = CARTESIAN_POINT('',(2.,48.,26.5));
#4020 = DIRECTION('',(-0.,-0.,-1.));
#4021 = DIRECTION('',(0.,-1.,0.));
#4022 = ORIENTED_EDGE('',*,*,#4023,.T.);
#4023 = EDGE_CURVE('',#4015,#1434,#4024,.T.);
#4024 = LINE('',#4025,#4026);
#4025 = CARTESIAN_POINT('',(2.,53.5,26.5));
#4026 = VECTOR('',#4027,1.);
#4027 = DIRECTION('',(0.,0.,1.));
#4028 = ORIENTED_EDGE('',*,*,#1433,.T.);
#4029 = CYLINDRICAL_SURFACE('',#4030,5.5);
#4030 = AXIS2_PLACEMENT_3D('',#4031,#4032,#4033);
#4031 = CARTESIAN_POINT('',(2.,48.,26.5));
#4032 = DIRECTION('',(0.,0.,1.));
#4033 = DIRECTION('',(-1.,-0.,0.));
#4034 = ADVANCED_FACE('',(#4035),#4054,.F.);
#4035 = FACE_BOUND('',#4036,.T.);
#4036 = EDGE_LOOP('',(#4037,#4045,#4052,#4053));
#4037 = ORIENTED_EDGE('',*,*,#4038,.F.);
#4038 = EDGE_CURVE('',#4039,#1460,#4041,.T.);
#4039 = VERTEX_POINT('',#4040);
#4040 = CARTESIAN_POINT('',(72.5,2.,26.5));
#4041 = LINE('',#4042,#4043);
#4042 = CARTESIAN_POINT('',(72.5,2.,26.5));
#4043 = VECTOR('',#4044,1.);
#4044 = DIRECTION('',(0.,0.,1.));
#4045 = ORIENTED_EDGE('',*,*,#4046,.T.);
#4046 = EDGE_CURVE('',#4039,#3990,#4047,.T.);
#4047 = CIRCLE('',#4048,5.5);
#4048 = AXIS2_PLACEMENT_3D('',#4049,#4050,#4051);
#4049 = CARTESIAN_POINT('',(67.,2.,26.5));
#4050 = DIRECTION('',(-0.,-0.,-1.));
#4051 = DIRECTION('',(0.,-1.,0.));
#4052 = ORIENTED_EDGE('',*,*,#3999,.T.);
#4053 = ORIENTED_EDGE('',*,*,#1467,.T.);
#4054 = CYLINDRICAL_SURFACE('',#4055,5.5);
#4055 = AXIS2_PLACEMENT_3D('',#4056,#4057,#4058);
#4056 = CARTESIAN_POINT('',(67.,2.,26.5));
#4057 = DIRECTION('',(0.,0.,1.));
#4058 = DIRECTION('',(1.,0.,-0.));
#4059 = ADVANCED_FACE('',(#4060),#4078,.F.);
#4060 = FACE_BOUND('',#4061,.F.);
#4061 = EDGE_LOOP('',(#4062,#4070,#4071,#4072));
#4062 = ORIENTED_EDGE('',*,*,#4063,.F.);
#4063 = EDGE_CURVE('',#4015,#4064,#4066,.T.);
#4064 = VERTEX_POINT('',#4065);
#4065 = CARTESIAN_POINT('',(67.,53.5,26.5));
#4066 = LINE('',#4067,#4068);
#4067 = CARTESIAN_POINT('',(-3.5,53.5,26.5));
#4068 = VECTOR('',#4069,1.);
#4069 = DIRECTION('',(1.,0.,-0.));
#4070 = ORIENTED_EDGE('',*,*,#4023,.T.);
#4071 = ORIENTED_EDGE('',*,*,#1442,.F.);
#4072 = ORIENTED_EDGE('',*,*,#4073,.F.);
#4073 = EDGE_CURVE('',#4064,#1443,#4074,.T.);
#4074 = LINE('',#4075,#4076);
#4075 = CARTESIAN_POINT('',(67.,53.5,26.5));
#4076 = VECTOR('',#4077,1.);
#4077 = DIRECTION('',(0.,0.,1.));
#4078 = PLANE('',#4079);
#4079 = AXIS2_PLACEMENT_3D('',#4080,#4081,#4082);
#4080 = CARTESIAN_POINT('',(-3.5,53.5,26.5));
#4081 = DIRECTION('',(-0.,1.,0.));
#4082 = DIRECTION('',(0.,0.,1.));
#4083 = ADVANCED_FACE('',(#4084),#4102,.F.);
#4084 = FACE_BOUND('',#4085,.F.);
#4085 = EDGE_LOOP('',(#4086,#4087,#4088,#4096));
#4086 = ORIENTED_EDGE('',*,*,#1459,.F.);
#4087 = ORIENTED_EDGE('',*,*,#4038,.F.);
#4088 = ORIENTED_EDGE('',*,*,#4089,.T.);
#4089 = EDGE_CURVE('',#4039,#4090,#4092,.T.);
#4090 = VERTEX_POINT('',#4091);
#4091 = CARTESIAN_POINT('',(72.5,48.,26.5));
#4092 = LINE('',#4093,#4094);
#4093 = CARTESIAN_POINT('',(72.5,-3.5,26.5));
#4094 = VECTOR('',#4095,1.);
#4095 = DIRECTION('',(-0.,1.,0.));
#4096 = ORIENTED_EDGE('',*,*,#4097,.T.);
#4097 = EDGE_CURVE('',#4090,#1451,#4098,.T.);
#4098 = LINE('',#4099,#4100);
#4099 = CARTESIAN_POINT('',(72.5,48.,26.5));
#4100 = VECTOR('',#4101,1.);
#4101 = DIRECTION('',(0.,0.,1.));
#4102 = PLANE('',#4103);
#4103 = AXIS2_PLACEMENT_3D('',#4104,#4105,#4106);
#4104 = CARTESIAN_POINT('',(72.5,-3.5,26.5));
#4105 = DIRECTION('',(1.,0.,-0.));
#4106 = DIRECTION('',(0.,0.,1.));
#4107 = ADVANCED_FACE('',(#4108),#4120,.F.);
#4108 = FACE_BOUND('',#4109,.F.);
#4109 = EDGE_LOOP('',(#4110,#4111,#4118,#4119));
#4110 = ORIENTED_EDGE('',*,*,#4097,.F.);
#4111 = ORIENTED_EDGE('',*,*,#4112,.T.);
#4112 = EDGE_CURVE('',#4090,#4064,#4113,.T.);
#4113 = CIRCLE('',#4114,5.5);
#4114 = AXIS2_PLACEMENT_3D('',#4115,#4116,#4117);
#4115 = CARTESIAN_POINT('',(67.,48.,26.5));
#4116 = DIRECTION('',(0.,0.,1.));
#4117 = DIRECTION('',(0.,-1.,0.));
#4118 = ORIENTED_EDGE('',*,*,#4073,.T.);
#4119 = ORIENTED_EDGE('',*,*,#1450,.F.);
#4120 = CYLINDRICAL_SURFACE('',#4121,5.5);
#4121 = AXIS2_PLACEMENT_3D('',#4122,#4123,#4124);
#4122 = CARTESIAN_POINT('',(67.,48.,26.5));
#4123 = DIRECTION('',(0.,0.,1.));
#4124 = DIRECTION('',(1.,0.,-0.));
#4125 = ADVANCED_FACE('',(#4126),#4145,.F.);
#4126 = FACE_BOUND('',#4127,.F.);
#4127 = EDGE_LOOP('',(#4128,#4129,#4137,#4144));
#4128 = ORIENTED_EDGE('',*,*,#1484,.F.);
#4129 = ORIENTED_EDGE('',*,*,#4130,.F.);
#4130 = EDGE_CURVE('',#4131,#1485,#4133,.T.);
#4131 = VERTEX_POINT('',#4132);
#4132 = CARTESIAN_POINT('',(75.3,54.5,27.6));
#4133 = LINE('',#4134,#4135);
#4134 = CARTESIAN_POINT('',(75.3,54.5,27.6));
#4135 = VECTOR('',#4136,1.);
#4136 = DIRECTION('',(0.707106781187,-1.731912112471E-16,0.707106781187)
  );
#4137 = ORIENTED_EDGE('',*,*,#4138,.T.);
#4138 = EDGE_CURVE('',#4131,#4131,#4139,.T.);
#4139 = CIRCLE('',#4140,1.8);
#4140 = AXIS2_PLACEMENT_3D('',#4141,#4142,#4143);
#4141 = CARTESIAN_POINT('',(73.5,54.5,27.6));
#4142 = DIRECTION('',(0.,0.,1.));
#4143 = DIRECTION('',(1.,0.,-0.));
#4144 = ORIENTED_EDGE('',*,*,#4130,.T.);
#4145 = CONICAL_SURFACE('',#4146,1.8,0.785398163397);
#4146 = AXIS2_PLACEMENT_3D('',#4147,#4148,#4149);
#4147 = CARTESIAN_POINT('',(73.5,54.5,27.6));
#4148 = DIRECTION('',(0.,0.,1.));
#4149 = DIRECTION('',(1.,0.,-0.));
#4150 = ADVANCED_FACE('',(#4151),#4162,.F.);
#4151 = FACE_BOUND('',#4152,.F.);
#4152 = EDGE_LOOP('',(#4153,#4154,#4155,#4156));
#4153 = ORIENTED_EDGE('',*,*,#1501,.F.);
#4154 = ORIENTED_EDGE('',*,*,#1651,.T.);
#4155 = ORIENTED_EDGE('',*,*,#1675,.T.);
#4156 = ORIENTED_EDGE('',*,*,#4157,.F.);
#4157 = EDGE_CURVE('',#1504,#1676,#4158,.T.);
#4158 = LINE('',#4159,#4160);
#4159 = CARTESIAN_POINT('',(56.5,53.6,-2.));
#4160 = VECTOR('',#4161,1.);
#4161 = DIRECTION('',(1.,0.,-0.));
#4162 = PLANE('',#4163);
#4163 = AXIS2_PLACEMENT_3D('',#4164,#4165,#4166);
#4164 = CARTESIAN_POINT('',(56.5,-24.6,-2.));
#4165 = DIRECTION('',(0.,0.,1.));
#4166 = DIRECTION('',(1.,0.,-0.));
#4167 = ADVANCED_FACE('',(#4168),#4174,.T.);
#4168 = FACE_BOUND('',#4169,.T.);
#4169 = EDGE_LOOP('',(#4170,#4171,#4172,#4173));
#4170 = ORIENTED_EDGE('',*,*,#1635,.T.);
#4171 = ORIENTED_EDGE('',*,*,#1910,.T.);
#4172 = ORIENTED_EDGE('',*,*,#1801,.F.);
#4173 = ORIENTED_EDGE('',*,*,#4157,.F.);
#4174 = CYLINDRICAL_SURFACE('',#4175,1.);
#4175 = AXIS2_PLACEMENT_3D('',#4176,#4177,#4178);
#4176 = CARTESIAN_POINT('',(56.5,53.6,-1.));
#4177 = DIRECTION('',(1.,0.,-0.));
#4178 = DIRECTION('',(0.,-0.,-1.));
#4179 = ADVANCED_FACE('',(#4180),#4186,.T.);
#4180 = FACE_BOUND('',#4181,.T.);
#4181 = EDGE_LOOP('',(#4182,#4183,#4184,#4185));
#4182 = ORIENTED_EDGE('',*,*,#1602,.T.);
#4183 = ORIENTED_EDGE('',*,*,#1999,.T.);
#4184 = ORIENTED_EDGE('',*,*,#1768,.F.);
#4185 = ORIENTED_EDGE('',*,*,#1901,.F.);
#4186 = CYLINDRICAL_SURFACE('',#4187,2.4);
#4187 = AXIS2_PLACEMENT_3D('',#4188,#4189,#4190);
#4188 = CARTESIAN_POINT('',(56.5,52.2,-8.4));
#4189 = DIRECTION('',(1.,0.,-0.));
#4190 = DIRECTION('',(0.,1.,0.));
#4191 = ADVANCED_FACE('',(#4192),#4203,.T.);
#4192 = FACE_BOUND('',#4193,.T.);
#4193 = EDGE_LOOP('',(#4194,#4195,#4196,#4202));
#4194 = ORIENTED_EDGE('',*,*,#1953,.F.);
#4195 = ORIENTED_EDGE('',*,*,#1704,.T.);
#4196 = ORIENTED_EDGE('',*,*,#4197,.T.);
#4197 = EDGE_CURVE('',#1705,#2718,#4198,.T.);
#4198 = LINE('',#4199,#4200);
#4199 = CARTESIAN_POINT('',(-24.6,5.,-2.5));
#4200 = VECTOR('',#4201,1.);
#4201 = DIRECTION('',(1.,0.,-0.));
#4202 = ORIENTED_EDGE('',*,*,#2717,.F.);
#4203 = PLANE('',#4204);
#4204 = AXIS2_PLACEMENT_3D('',#4205,#4206,#4207);
#4205 = CARTESIAN_POINT('',(-24.6,5.,-6.));
#4206 = DIRECTION('',(-0.,1.,0.));
#4207 = DIRECTION('',(0.,0.,1.));
#4208 = ADVANCED_FACE('',(#4209),#4220,.F.);
#4209 = FACE_BOUND('',#4210,.F.);
#4210 = EDGE_LOOP('',(#4211,#4212,#4213,#4219));
#4211 = ORIENTED_EDGE('',*,*,#1992,.F.);
#4212 = ORIENTED_EDGE('',*,*,#1752,.T.);
#4213 = ORIENTED_EDGE('',*,*,#4214,.T.);
#4214 = EDGE_CURVE('',#1745,#2701,#4215,.T.);
#4215 = LINE('',#4216,#4217);
#4216 = CARTESIAN_POINT('',(-24.6,45.,-2.5));
#4217 = VECTOR('',#4218,1.);
#4218 = DIRECTION('',(1.,0.,-0.));
#4219 = ORIENTED_EDGE('',*,*,#2708,.F.);
#4220 = PLANE('',#4221);
#4221 = AXIS2_PLACEMENT_3D('',#4222,#4223,#4224);
#4222 = CARTESIAN_POINT('',(-24.6,45.,-6.));
#4223 = DIRECTION('',(-0.,1.,0.));
#4224 = DIRECTION('',(0.,0.,1.));
#4225 = ADVANCED_FACE('',(#4226),#4237,.F.);
#4226 = FACE_BOUND('',#4227,.F.);
#4227 = EDGE_LOOP('',(#4228,#4234,#4235,#4236));
#4228 = ORIENTED_EDGE('',*,*,#4229,.F.);
#4229 = EDGE_CURVE('',#1713,#2726,#4230,.T.);
#4230 = LINE('',#4231,#4232);
#4231 = CARTESIAN_POINT('',(-24.6,13.,-2.5));
#4232 = VECTOR('',#4233,1.);
#4233 = DIRECTION('',(1.,0.,-0.));
#4234 = ORIENTED_EDGE('',*,*,#1712,.T.);
#4235 = ORIENTED_EDGE('',*,*,#4197,.T.);
#4236 = ORIENTED_EDGE('',*,*,#2725,.F.);
#4237 = PLANE('',#4238);
#4238 = AXIS2_PLACEMENT_3D('',#4239,#4240,#4241);
#4239 = CARTESIAN_POINT('',(-24.6,5.,-2.5));
#4240 = DIRECTION('',(0.,0.,1.));
#4241 = DIRECTION('',(1.,0.,-0.));
#4242 = ADVANCED_FACE('',(#4243),#4254,.F.);
#4243 = FACE_BOUND('',#4244,.F.);
#4244 = EDGE_LOOP('',(#4245,#4246,#4247,#4253));
#4245 = ORIENTED_EDGE('',*,*,#4214,.F.);
#4246 = ORIENTED_EDGE('',*,*,#1744,.T.);
#4247 = ORIENTED_EDGE('',*,*,#4248,.T.);
#4248 = EDGE_CURVE('',#1737,#2693,#4249,.T.);
#4249 = LINE('',#4250,#4251);
#4250 = CARTESIAN_POINT('',(-24.6,37.,-2.5));
#4251 = VECTOR('',#4252,1.);
#4252 = DIRECTION('',(1.,0.,-0.));
#4253 = ORIENTED_EDGE('',*,*,#2700,.F.);
#4254 = PLANE('',#4255);
#4255 = AXIS2_PLACEMENT_3D('',#4256,#4257,#4258);
#4256 = CARTESIAN_POINT('',(-24.6,37.,-2.5));
#4257 = DIRECTION('',(0.,0.,1.));
#4258 = DIRECTION('',(1.,0.,-0.));
#4259 = ADVANCED_FACE('',(#4260),#4266,.F.);
#4260 = FACE_BOUND('',#4261,.F.);
#4261 = EDGE_LOOP('',(#4262,#4263,#4264,#4265));
#4262 = ORIENTED_EDGE('',*,*,#1969,.F.);
#4263 = ORIENTED_EDGE('',*,*,#1720,.T.);
#4264 = ORIENTED_EDGE('',*,*,#4229,.T.);
#4265 = ORIENTED_EDGE('',*,*,#2733,.F.);
#4266 = PLANE('',#4267);
#4267 = AXIS2_PLACEMENT_3D('',#4268,#4269,#4270);
#4268 = CARTESIAN_POINT('',(-24.6,13.,-6.));
#4269 = DIRECTION('',(-0.,1.,0.));
#4270 = DIRECTION('',(0.,0.,1.));
#4271 = ADVANCED_FACE('',(#4272),#4278,.T.);
#4272 = FACE_BOUND('',#4273,.T.);
#4273 = EDGE_LOOP('',(#4274,#4275,#4276,#4277));
#4274 = ORIENTED_EDGE('',*,*,#1976,.F.);
#4275 = ORIENTED_EDGE('',*,*,#1736,.T.);
#4276 = ORIENTED_EDGE('',*,*,#4248,.T.);
#4277 = ORIENTED_EDGE('',*,*,#2692,.F.);
#4278 = PLANE('',#4279);
#4279 = AXIS2_PLACEMENT_3D('',#4280,#4281,#4282);
#4280 = CARTESIAN_POINT('',(-24.6,37.,-6.));
#4281 = DIRECTION('',(-0.,1.,0.));
#4282 = DIRECTION('',(0.,0.,1.));
#4283 = ADVANCED_FACE('',(#4284),#4303,.F.);
#4284 = FACE_BOUND('',#4285,.F.);
#4285 = EDGE_LOOP('',(#4286,#4295,#4301,#4302));
#4286 = ORIENTED_EDGE('',*,*,#4287,.F.);
#4287 = EDGE_CURVE('',#4288,#4288,#4290,.T.);
#4288 = VERTEX_POINT('',#4289);
#4289 = CARTESIAN_POINT('',(0.,25.,22.95));
#4290 = CIRCLE('',#4291,3.45);
#4291 = AXIS2_PLACEMENT_3D('',#4292,#4293,#4294);
#4292 = CARTESIAN_POINT('',(0.,25.,19.5));
#4293 = DIRECTION('',(1.,0.,0.));
#4294 = DIRECTION('',(-0.,0.,1.));
#4295 = ORIENTED_EDGE('',*,*,#4296,.F.);
#4296 = EDGE_CURVE('',#2329,#4288,#4297,.T.);
#4297 = LINE('',#4298,#4299);
#4298 = CARTESIAN_POINT('',(-5.6,25.,22.95));
#4299 = VECTOR('',#4300,1.);
#4300 = DIRECTION('',(1.,0.,0.));
#4301 = ORIENTED_EDGE('',*,*,#2328,.T.);
#4302 = ORIENTED_EDGE('',*,*,#4296,.T.);
#4303 = CYLINDRICAL_SURFACE('',#4304,3.45);
#4304 = AXIS2_PLACEMENT_3D('',#4305,#4306,#4307);
#4305 = CARTESIAN_POINT('',(-5.6,25.,19.5));
#4306 = DIRECTION('',(1.,0.,0.));
#4307 = DIRECTION('',(-0.,0.,1.));
#4308 = ADVANCED_FACE('',(#4309),#4334,.F.);
#4309 = FACE_BOUND('',#4310,.F.);
#4310 = EDGE_LOOP('',(#4311,#4321,#4327,#4328));
#4311 = ORIENTED_EDGE('',*,*,#4312,.F.);
#4312 = EDGE_CURVE('',#4313,#4315,#4317,.T.);
#4313 = VERTEX_POINT('',#4314);
#4314 = CARTESIAN_POINT('',(-7.6,4.,16.5));
#4315 = VERTEX_POINT('',#4316);
#4316 = CARTESIAN_POINT('',(-7.6,11.,16.5));
#4317 = LINE('',#4318,#4319);
#4318 = CARTESIAN_POINT('',(-7.6,4.,16.5));
#4319 = VECTOR('',#4320,1.);
#4320 = DIRECTION('',(-0.,1.,0.));
#4321 = ORIENTED_EDGE('',*,*,#4322,.T.);
#4322 = EDGE_CURVE('',#4313,#2346,#4323,.T.);
#4323 = LINE('',#4324,#4325);
#4324 = CARTESIAN_POINT('',(-7.6,4.,16.5));
#4325 = VECTOR('',#4326,1.);
#4326 = DIRECTION('',(1.,0.,-0.));
#4327 = ORIENTED_EDGE('',*,*,#2345,.T.);
#4328 = ORIENTED_EDGE('',*,*,#4329,.F.);
#4329 = EDGE_CURVE('',#4315,#2348,#4330,.T.);
#4330 = LINE('',#4331,#4332);
#4331 = CARTESIAN_POINT('',(-7.6,11.,16.5));
#4332 = VECTOR('',#4333,1.);
#4333 = DIRECTION('',(1.,0.,-0.));
#4334 = PLANE('',#4335);
#4335 = AXIS2_PLACEMENT_3D('',#4336,#4337,#4338);
#4336 = CARTESIAN_POINT('',(-7.6,4.,16.5));
#4337 = DIRECTION('',(0.,0.,1.));
#4338 = DIRECTION('',(1.,0.,-0.));
#4339 = ADVANCED_FACE('',(#4340),#4358,.T.);
#4340 = FACE_BOUND('',#4341,.T.);
#4341 = EDGE_LOOP('',(#4342,#4343,#4351,#4357));
#4342 = ORIENTED_EDGE('',*,*,#4329,.F.);
#4343 = ORIENTED_EDGE('',*,*,#4344,.T.);
#4344 = EDGE_CURVE('',#4315,#4345,#4347,.T.);
#4345 = VERTEX_POINT('',#4346);
#4346 = CARTESIAN_POINT('',(-7.6,11.,22.5));
#4347 = LINE('',#4348,#4349);
#4348 = CARTESIAN_POINT('',(-7.6,11.,16.5));
#4349 = VECTOR('',#4350,1.);
#4350 = DIRECTION('',(0.,0.,1.));
#4351 = ORIENTED_EDGE('',*,*,#4352,.T.);
#4352 = EDGE_CURVE('',#4345,#2364,#4353,.T.);
#4353 = LINE('',#4354,#4355);
#4354 = CARTESIAN_POINT('',(-7.6,11.,22.5));
#4355 = VECTOR('',#4356,1.);
#4356 = DIRECTION('',(1.,0.,-0.));
#4357 = ORIENTED_EDGE('',*,*,#2371,.F.);
#4358 = PLANE('',#4359);
#4359 = AXIS2_PLACEMENT_3D('',#4360,#4361,#4362);
#4360 = CARTESIAN_POINT('',(-7.6,11.,16.5));
#4361 = DIRECTION('',(-0.,1.,0.));
#4362 = DIRECTION('',(0.,0.,1.));
#4363 = ADVANCED_FACE('',(#4364),#4382,.T.);
#4364 = FACE_BOUND('',#4365,.T.);
#4365 = EDGE_LOOP('',(#4366,#4374,#4380,#4381));
#4366 = ORIENTED_EDGE('',*,*,#4367,.F.);
#4367 = EDGE_CURVE('',#4368,#4345,#4370,.T.);
#4368 = VERTEX_POINT('',#4369);
#4369 = CARTESIAN_POINT('',(-7.6,4.,22.5));
#4370 = LINE('',#4371,#4372);
#4371 = CARTESIAN_POINT('',(-7.6,4.,22.5));
#4372 = VECTOR('',#4373,1.);
#4373 = DIRECTION('',(-0.,1.,0.));
#4374 = ORIENTED_EDGE('',*,*,#4375,.T.);
#4375 = EDGE_CURVE('',#4368,#2356,#4376,.T.);
#4376 = LINE('',#4377,#4378);
#4377 = CARTESIAN_POINT('',(-7.6,4.,22.5));
#4378 = VECTOR('',#4379,1.);
#4379 = DIRECTION('',(1.,0.,-0.));
#4380 = ORIENTED_EDGE('',*,*,#2363,.T.);
#4381 = ORIENTED_EDGE('',*,*,#4352,.F.);
#4382 = PLANE('',#4383);
#4383 = AXIS2_PLACEMENT_3D('',#4384,#4385,#4386);
#4384 = CARTESIAN_POINT('',(-7.6,4.,22.5));
#4385 = DIRECTION('',(0.,0.,1.));
#4386 = DIRECTION('',(1.,0.,-0.));
#4387 = ADVANCED_FACE('',(#4388),#4399,.F.);
#4388 = FACE_BOUND('',#4389,.F.);
#4389 = EDGE_LOOP('',(#4390,#4391,#4397,#4398));
#4390 = ORIENTED_EDGE('',*,*,#4322,.F.);
#4391 = ORIENTED_EDGE('',*,*,#4392,.T.);
#4392 = EDGE_CURVE('',#4313,#4368,#4393,.T.);
#4393 = LINE('',#4394,#4395);
#4394 = CARTESIAN_POINT('',(-7.6,4.,16.5));
#4395 = VECTOR('',#4396,1.);
#4396 = DIRECTION('',(0.,0.,1.));
#4397 = ORIENTED_EDGE('',*,*,#4375,.T.);
#4398 = ORIENTED_EDGE('',*,*,#2355,.F.);
#4399 = PLANE('',#4400);
#4400 = AXIS2_PLACEMENT_3D('',#4401,#4402,#4403);
#4401 = CARTESIAN_POINT('',(-7.6,4.,16.5));
#4402 = DIRECTION('',(-0.,1.,0.));
#4403 = DIRECTION('',(0.,0.,1.));
#4404 = ADVANCED_FACE('',(#4405),#4424,.F.);
#4405 = FACE_BOUND('',#4406,.F.);
#4406 = EDGE_LOOP('',(#4407,#4408,#4416,#4423));
#4407 = ORIENTED_EDGE('',*,*,#2741,.F.);
#4408 = ORIENTED_EDGE('',*,*,#4409,.F.);
#4409 = EDGE_CURVE('',#4410,#2742,#4412,.T.);
#4410 = VERTEX_POINT('',#4411);
#4411 = CARTESIAN_POINT('',(72.6,25.,23.5));
#4412 = LINE('',#4413,#4414);
#4413 = CARTESIAN_POINT('',(72.6,25.,23.5));
#4414 = VECTOR('',#4415,1.);
#4415 = DIRECTION('',(1.,0.,0.));
#4416 = ORIENTED_EDGE('',*,*,#4417,.T.);
#4417 = EDGE_CURVE('',#4410,#4410,#4418,.T.);
#4418 = CIRCLE('',#4419,10.5);
#4419 = AXIS2_PLACEMENT_3D('',#4420,#4421,#4422);
#4420 = CARTESIAN_POINT('',(72.6,25.,13.));
#4421 = DIRECTION('',(1.,0.,0.));
#4422 = DIRECTION('',(-0.,0.,1.));
#4423 = ORIENTED_EDGE('',*,*,#4409,.T.);
#4424 = CYLINDRICAL_SURFACE('',#4425,10.5);
#4425 = AXIS2_PLACEMENT_3D('',#4426,#4427,#4428);
#4426 = CARTESIAN_POINT('',(72.6,25.,13.));
#4427 = DIRECTION('',(1.,0.,0.));
#4428 = DIRECTION('',(-0.,0.,1.));
#4429 = ADVANCED_FACE('',(#4430),#4450,.F.);
#4430 = FACE_BOUND('',#4431,.F.);
#4431 = EDGE_LOOP('',(#4432,#4433,#4441,#4448,#4449));
#4432 = ORIENTED_EDGE('',*,*,#2777,.F.);
#4433 = ORIENTED_EDGE('',*,*,#4434,.T.);
#4434 = EDGE_CURVE('',#2769,#4435,#4437,.T.);
#4435 = VERTEX_POINT('',#4436);
#4436 = CARTESIAN_POINT('',(76.75,-4.5,-5.5));
#4437 = LINE('',#4438,#4439);
#4438 = CARTESIAN_POINT('',(76.75,-4.5,-9.01));
#4439 = VECTOR('',#4440,1.);
#4440 = DIRECTION('',(0.,0.,1.));
#4441 = ORIENTED_EDGE('',*,*,#4442,.F.);
#4442 = EDGE_CURVE('',#4435,#4435,#4443,.T.);
#4443 = CIRCLE('',#4444,3.25);
#4444 = AXIS2_PLACEMENT_3D('',#4445,#4446,#4447);
#4445 = CARTESIAN_POINT('',(73.5,-4.5,-5.5));
#4446 = DIRECTION('',(0.,0.,1.));
#4447 = DIRECTION('',(1.,0.,-0.));
#4448 = ORIENTED_EDGE('',*,*,#4434,.F.);
#4449 = ORIENTED_EDGE('',*,*,#2768,.F.);
#4450 = CYLINDRICAL_SURFACE('',#4451,3.25);
#4451 = AXIS2_PLACEMENT_3D('',#4452,#4453,#4454);
#4452 = CARTESIAN_POINT('',(73.5,-4.5,-9.01));
#4453 = DIRECTION('',(0.,0.,1.));
#4454 = DIRECTION('',(1.,0.,-0.));
#4455 = ADVANCED_FACE('',(#4456),#4463,.F.);
#4456 = FACE_BOUND('',#4457,.F.);
#4457 = EDGE_LOOP('',(#4458,#4459,#4460,#4461,#4462));
#4458 = ORIENTED_EDGE('',*,*,#2825,.F.);
#4459 = ORIENTED_EDGE('',*,*,#2792,.F.);
#4460 = ORIENTED_EDGE('',*,*,#2898,.T.);
#4461 = ORIENTED_EDGE('',*,*,#2880,.F.);
#4462 = ORIENTED_EDGE('',*,*,#2847,.T.);
#4463 = PLANE('',#4464);
#4464 = AXIS2_PLACEMENT_3D('',#4465,#4466,#4467);
#4465 = CARTESIAN_POINT('',(-2.6,-2.6,-4.));
#4466 = DIRECTION('',(0.,0.,1.));
#4467 = DIRECTION('',(1.,0.,-0.));
#4468 = ADVANCED_FACE('',(#4469),#4475,.F.);
#4469 = FACE_BOUND('',#4470,.F.);
#4470 = EDGE_LOOP('',(#4471,#4472,#4473,#4474));
#4471 = ORIENTED_EDGE('',*,*,#2946,.F.);
#4472 = ORIENTED_EDGE('',*,*,#2913,.F.);
#4473 = ORIENTED_EDGE('',*,*,#2994,.T.);
#4474 = ORIENTED_EDGE('',*,*,#2968,.T.);
#4475 = PLANE('',#4476);
#4476 = AXIS2_PLACEMENT_3D('',#4477,#4478,#4479);
#4477 = CARTESIAN_POINT('',(-2.6,-2.6,-4.));
#4478 = DIRECTION('',(0.,0.,1.));
#4479 = DIRECTION('',(1.,0.,-0.));
#4480 = ADVANCED_FACE('',(#4481),#4501,.F.);
#4481 = FACE_BOUND('',#4482,.F.);
#4482 = EDGE_LOOP('',(#4483,#4484,#4492,#4499,#4500));
#4483 = ORIENTED_EDGE('',*,*,#3028,.F.);
#4484 = ORIENTED_EDGE('',*,*,#4485,.T.);
#4485 = EDGE_CURVE('',#3020,#4486,#4488,.T.);
#4486 = VERTEX_POINT('',#4487);
#4487 = CARTESIAN_POINT('',(-1.25,-4.5,-5.5));
#4488 = LINE('',#4489,#4490);
#4489 = CARTESIAN_POINT('',(-1.25,-4.5,-9.01));
#4490 = VECTOR('',#4491,1.);
#4491 = DIRECTION('',(0.,0.,1.));
#4492 = ORIENTED_EDGE('',*,*,#4493,.F.);
#4493 = EDGE_CURVE('',#4486,#4486,#4494,.T.);
#4494 = CIRCLE('',#4495,3.25);
#4495 = AXIS2_PLACEMENT_3D('',#4496,#4497,#4498);
#4496 = CARTESIAN_POINT('',(-4.5,-4.5,-5.5));
#4497 = DIRECTION('',(0.,0.,1.));
#4498 = DIRECTION('',(1.,0.,-0.));
#4499 = ORIENTED_EDGE('',*,*,#4485,.F.);
#4500 = ORIENTED_EDGE('',*,*,#3019,.F.);
#4501 = CYLINDRICAL_SURFACE('',#4502,3.25);
#4502 = AXIS2_PLACEMENT_3D('',#4503,#4504,#4505);
#4503 = CARTESIAN_POINT('',(-4.5,-4.5,-9.01));
#4504 = DIRECTION('',(0.,0.,1.));
#4505 = DIRECTION('',(1.,0.,-0.));
#4506 = ADVANCED_FACE('',(#4507),#4514,.F.);
#4507 = FACE_BOUND('',#4508,.F.);
#4508 = EDGE_LOOP('',(#4509,#4510,#4511,#4512,#4513));
#4509 = ORIENTED_EDGE('',*,*,#3076,.F.);
#4510 = ORIENTED_EDGE('',*,*,#3043,.F.);
#4511 = ORIENTED_EDGE('',*,*,#3148,.F.);
#4512 = ORIENTED_EDGE('',*,*,#3131,.T.);
#4513 = ORIENTED_EDGE('',*,*,#3098,.T.);
#4514 = PLANE('',#4515);
#4515 = AXIS2_PLACEMENT_3D('',#4516,#4517,#4518);
#4516 = CARTESIAN_POINT('',(-2.6,-2.6,-4.));
#4517 = DIRECTION('',(0.,0.,1.));
#4518 = DIRECTION('',(1.,0.,-0.));
#4519 = ADVANCED_FACE('',(#4520),#4526,.F.);
#4520 = FACE_BOUND('',#4521,.F.);
#4521 = EDGE_LOOP('',(#4522,#4523,#4524,#4525));
#4522 = ORIENTED_EDGE('',*,*,#3173,.F.);
#4523 = ORIENTED_EDGE('',*,*,#3243,.F.);
#4524 = ORIENTED_EDGE('',*,*,#3228,.T.);
#4525 = ORIENTED_EDGE('',*,*,#3195,.T.);
#4526 = PLANE('',#4527);
#4527 = AXIS2_PLACEMENT_3D('',#4528,#4529,#4530);
#4528 = CARTESIAN_POINT('',(-2.6,-2.6,-4.));
#4529 = DIRECTION('',(0.,0.,1.));
#4530 = DIRECTION('',(1.,0.,-0.));
#4531 = ADVANCED_FACE('',(#4532),#4539,.F.);
#4532 = FACE_BOUND('',#4533,.F.);
#4533 = EDGE_LOOP('',(#4534,#4535,#4536,#4537,#4538));
#4534 = ORIENTED_EDGE('',*,*,#3269,.F.);
#4535 = ORIENTED_EDGE('',*,*,#3364,.F.);
#4536 = ORIENTED_EDGE('',*,*,#3349,.T.);
#4537 = ORIENTED_EDGE('',*,*,#3316,.T.);
#4538 = ORIENTED_EDGE('',*,*,#3301,.F.);
#4539 = PLANE('',#4540);
#4540 = AXIS2_PLACEMENT_3D('',#4541,#4542,#4543);
#4541 = CARTESIAN_POINT('',(-2.6,-2.6,-4.));
#4542 = DIRECTION('',(0.,0.,1.));
#4543 = DIRECTION('',(1.,0.,-0.));
#4544 = ADVANCED_FACE('',(#4545),#4565,.F.);
#4545 = FACE_BOUND('',#4546,.F.);
#4546 = EDGE_LOOP('',(#4547,#4548,#4556,#4563,#4564));
#4547 = ORIENTED_EDGE('',*,*,#3400,.F.);
#4548 = ORIENTED_EDGE('',*,*,#4549,.T.);
#4549 = EDGE_CURVE('',#3392,#4550,#4552,.T.);
#4550 = VERTEX_POINT('',#4551);
#4551 = CARTESIAN_POINT('',(76.75,54.5,-5.5));
#4552 = LINE('',#4553,#4554);
#4553 = CARTESIAN_POINT('',(76.75,54.5,-9.01));
#4554 = VECTOR('',#4555,1.);
#4555 = DIRECTION('',(0.,0.,1.));
#4556 = ORIENTED_EDGE('',*,*,#4557,.F.);
#4557 = EDGE_CURVE('',#4550,#4550,#4558,.T.);
#4558 = CIRCLE('',#4559,3.25);
#4559 = AXIS2_PLACEMENT_3D('',#4560,#4561,#4562);
#4560 = CARTESIAN_POINT('',(73.5,54.5,-5.5));
#4561 = DIRECTION('',(0.,0.,1.));
#4562 = DIRECTION('',(1.,0.,-0.));
#4563 = ORIENTED_EDGE('',*,*,#4549,.F.);
#4564 = ORIENTED_EDGE('',*,*,#3391,.F.);
#4565 = CYLINDRICAL_SURFACE('',#4566,3.25);
#4566 = AXIS2_PLACEMENT_3D('',#4567,#4568,#4569);
#4567 = CARTESIAN_POINT('',(73.5,54.5,-9.01));
#4568 = DIRECTION('',(0.,0.,1.));
#4569 = DIRECTION('',(1.,0.,-0.));
#4570 = ADVANCED_FACE('',(#4571),#4577,.F.);
#4571 = FACE_BOUND('',#4572,.F.);
#4572 = EDGE_LOOP('',(#4573,#4574,#4575,#4576));
#4573 = ORIENTED_EDGE('',*,*,#3424,.F.);
#4574 = ORIENTED_EDGE('',*,*,#3494,.F.);
#4575 = ORIENTED_EDGE('',*,*,#3479,.T.);
#4576 = ORIENTED_EDGE('',*,*,#3446,.T.);
#4577 = PLANE('',#4578);
#4578 = AXIS2_PLACEMENT_3D('',#4579,#4580,#4581);
#4579 = CARTESIAN_POINT('',(-2.6,-2.6,-4.));
#4580 = DIRECTION('',(0.,0.,1.));
#4581 = DIRECTION('',(1.,0.,-0.));
#4582 = ADVANCED_FACE('',(#4583),#4589,.F.);
#4583 = FACE_BOUND('',#4584,.F.);
#4584 = EDGE_LOOP('',(#4585,#4586,#4587,#4588));
#4585 = ORIENTED_EDGE('',*,*,#3544,.F.);
#4586 = ORIENTED_EDGE('',*,*,#3511,.F.);
#4587 = ORIENTED_EDGE('',*,*,#3592,.T.);
#4588 = ORIENTED_EDGE('',*,*,#3566,.T.);
#4589 = PLANE('',#4590);
#4590 = AXIS2_PLACEMENT_3D('',#4591,#4592,#4593);
#4591 = CARTESIAN_POINT('',(-2.6,-2.6,-4.));
#4592 = DIRECTION('',(0.,0.,1.));
#4593 = DIRECTION('',(1.,0.,-0.));
#4594 = ADVANCED_FACE('',(#4595),#4601,.F.);
#4595 = FACE_BOUND('',#4596,.F.);
#4596 = EDGE_LOOP('',(#4597,#4598,#4599,#4600));
#4597 = ORIENTED_EDGE('',*,*,#3616,.F.);
#4598 = ORIENTED_EDGE('',*,*,#3686,.F.);
#4599 = ORIENTED_EDGE('',*,*,#3671,.T.);
#4600 = ORIENTED_EDGE('',*,*,#3638,.T.);
#4601 = PLANE('',#4602);
#4602 = AXIS2_PLACEMENT_3D('',#4603,#4604,#4605);
#4603 = CARTESIAN_POINT('',(-2.6,-2.6,-4.));
#4604 = DIRECTION('',(0.,0.,1.));
#4605 = DIRECTION('',(1.,0.,-0.));
#4606 = ADVANCED_FACE('',(#4607),#4614,.F.);
#4607 = FACE_BOUND('',#4608,.F.);
#4608 = EDGE_LOOP('',(#4609,#4610,#4611,#4612,#4613));
#4609 = ORIENTED_EDGE('',*,*,#3761,.F.);
#4610 = ORIENTED_EDGE('',*,*,#3744,.F.);
#4611 = ORIENTED_EDGE('',*,*,#3703,.F.);
#4612 = ORIENTED_EDGE('',*,*,#3809,.T.);
#4613 = ORIENTED_EDGE('',*,*,#3783,.T.);
#4614 = PLANE('',#4615);
#4615 = AXIS2_PLACEMENT_3D('',#4616,#4617,#4618);
#4616 = CARTESIAN_POINT('',(-2.6,-2.6,-4.));
#4617 = DIRECTION('',(0.,0.,1.));
#4618 = DIRECTION('',(1.,0.,-0.));
#4619 = ADVANCED_FACE('',(#4620),#4640,.F.);
#4620 = FACE_BOUND('',#4621,.F.);
#4621 = EDGE_LOOP('',(#4622,#4623,#4631,#4638,#4639));
#4622 = ORIENTED_EDGE('',*,*,#3843,.F.);
#4623 = ORIENTED_EDGE('',*,*,#4624,.T.);
#4624 = EDGE_CURVE('',#3835,#4625,#4627,.T.);
#4625 = VERTEX_POINT('',#4626);
#4626 = CARTESIAN_POINT('',(-1.25,54.5,-5.5));
#4627 = LINE('',#4628,#4629);
#4628 = CARTESIAN_POINT('',(-1.25,54.5,-9.01));
#4629 = VECTOR('',#4630,1.);
#4630 = DIRECTION('',(0.,0.,1.));
#4631 = ORIENTED_EDGE('',*,*,#4632,.F.);
#4632 = EDGE_CURVE('',#4625,#4625,#4633,.T.);
#4633 = CIRCLE('',#4634,3.25);
#4634 = AXIS2_PLACEMENT_3D('',#4635,#4636,#4637);
#4635 = CARTESIAN_POINT('',(-4.5,54.5,-5.5));
#4636 = DIRECTION('',(0.,0.,1.));
#4637 = DIRECTION('',(1.,0.,-0.));
#4638 = ORIENTED_EDGE('',*,*,#4624,.F.);
#4639 = ORIENTED_EDGE('',*,*,#3834,.F.);
#4640 = CYLINDRICAL_SURFACE('',#4641,3.25);
#4641 = AXIS2_PLACEMENT_3D('',#4642,#4643,#4644);
#4642 = CARTESIAN_POINT('',(-4.5,54.5,-9.01));
#4643 = DIRECTION('',(0.,0.,1.));
#4644 = DIRECTION('',(1.,0.,-0.));
#4645 = ADVANCED_FACE('',(#4646),#4665,.F.);
#4646 = FACE_BOUND('',#4647,.F.);
#4647 = EDGE_LOOP('',(#4648,#4649,#4657,#4664));
#4648 = ORIENTED_EDGE('',*,*,#3867,.F.);
#4649 = ORIENTED_EDGE('',*,*,#4650,.F.);
#4650 = EDGE_CURVE('',#4651,#3860,#4653,.T.);
#4651 = VERTEX_POINT('',#4652);
#4652 = CARTESIAN_POINT('',(-2.7,-4.5,-2.));
#4653 = LINE('',#4654,#4655);
#4654 = CARTESIAN_POINT('',(-2.7,-4.5,-2.));
#4655 = VECTOR('',#4656,1.);
#4656 = DIRECTION('',(0.,0.,1.));
#4657 = ORIENTED_EDGE('',*,*,#4658,.T.);
#4658 = EDGE_CURVE('',#4651,#4651,#4659,.T.);
#4659 = CIRCLE('',#4660,1.8);
#4660 = AXIS2_PLACEMENT_3D('',#4661,#4662,#4663);
#4661 = CARTESIAN_POINT('',(-4.5,-4.5,-2.));
#4662 = DIRECTION('',(0.,0.,1.));
#4663 = DIRECTION('',(1.,0.,-0.));
#4664 = ORIENTED_EDGE('',*,*,#4650,.T.);
#4665 = CYLINDRICAL_SURFACE('',#4666,1.8);
#4666 = AXIS2_PLACEMENT_3D('',#4667,#4668,#4669);
#4667 = CARTESIAN_POINT('',(-4.5,-4.5,-2.));
#4668 = DIRECTION('',(0.,0.,1.));
#4669 = DIRECTION('',(1.,0.,-0.));
#4670 = ADVANCED_FACE('',(#4671),#4690,.F.);
#4671 = FACE_BOUND('',#4672,.F.);
#4672 = EDGE_LOOP('',(#4673,#4674,#4682,#4689));
#4673 = ORIENTED_EDGE('',*,*,#3892,.F.);
#4674 = ORIENTED_EDGE('',*,*,#4675,.F.);
#4675 = EDGE_CURVE('',#4676,#3885,#4678,.T.);
#4676 = VERTEX_POINT('',#4677);
#4677 = CARTESIAN_POINT('',(75.3,-4.5,-2.));
#4678 = LINE('',#4679,#4680);
#4679 = CARTESIAN_POINT('',(75.3,-4.5,-2.));
#4680 = VECTOR('',#4681,1.);
#4681 = DIRECTION('',(0.,0.,1.));
#4682 = ORIENTED_EDGE('',*,*,#4683,.T.);
#4683 = EDGE_CURVE('',#4676,#4676,#4684,.T.);
#4684 = CIRCLE('',#4685,1.8);
#4685 = AXIS2_PLACEMENT_3D('',#4686,#4687,#4688);
#4686 = CARTESIAN_POINT('',(73.5,-4.5,-2.));
#4687 = DIRECTION('',(0.,0.,1.));
#4688 = DIRECTION('',(1.,0.,-0.));
#4689 = ORIENTED_EDGE('',*,*,#4675,.T.);
#4690 = CYLINDRICAL_SURFACE('',#4691,1.8);
#4691 = AXIS2_PLACEMENT_3D('',#4692,#4693,#4694);
#4692 = CARTESIAN_POINT('',(73.5,-4.5,-2.));
#4693 = DIRECTION('',(0.,0.,1.));
#4694 = DIRECTION('',(1.,0.,-0.));
#4695 = ADVANCED_FACE('',(#4696),#4715,.F.);
#4696 = FACE_BOUND('',#4697,.F.);
#4697 = EDGE_LOOP('',(#4698,#4699,#4707,#4714));
#4698 = ORIENTED_EDGE('',*,*,#3917,.F.);
#4699 = ORIENTED_EDGE('',*,*,#4700,.F.);
#4700 = EDGE_CURVE('',#4701,#3910,#4703,.T.);
#4701 = VERTEX_POINT('',#4702);
#4702 = CARTESIAN_POINT('',(-2.7,54.5,-2.));
#4703 = LINE('',#4704,#4705);
#4704 = CARTESIAN_POINT('',(-2.7,54.5,-2.));
#4705 = VECTOR('',#4706,1.);
#4706 = DIRECTION('',(0.,0.,1.));
#4707 = ORIENTED_EDGE('',*,*,#4708,.T.);
#4708 = EDGE_CURVE('',#4701,#4701,#4709,.T.);
#4709 = CIRCLE('',#4710,1.8);
#4710 = AXIS2_PLACEMENT_3D('',#4711,#4712,#4713);
#4711 = CARTESIAN_POINT('',(-4.5,54.5,-2.));
#4712 = DIRECTION('',(0.,0.,1.));
#4713 = DIRECTION('',(1.,0.,-0.));
#4714 = ORIENTED_EDGE('',*,*,#4700,.T.);
#4715 = CYLINDRICAL_SURFACE('',#4716,1.8);
#4716 = AXIS2_PLACEMENT_3D('',#4717,#4718,#4719);
#4717 = CARTESIAN_POINT('',(-4.5,54.5,-2.));
#4718 = DIRECTION('',(0.,0.,1.));
#4719 = DIRECTION('',(1.,0.,-0.));
#4720 = ADVANCED_FACE('',(#4721,#4731),#4801,.T.);
#4721 = FACE_BOUND('',#4722,.T.);
#4722 = EDGE_LOOP('',(#4723,#4724,#4725,#4726,#4727,#4728,#4729,#4730));
#4723 = ORIENTED_EDGE('',*,*,#3967,.F.);
#4724 = ORIENTED_EDGE('',*,*,#3941,.T.);
#4725 = ORIENTED_EDGE('',*,*,#3989,.T.);
#4726 = ORIENTED_EDGE('',*,*,#4046,.F.);
#4727 = ORIENTED_EDGE('',*,*,#4089,.T.);
#4728 = ORIENTED_EDGE('',*,*,#4112,.T.);
#4729 = ORIENTED_EDGE('',*,*,#4063,.F.);
#4730 = ORIENTED_EDGE('',*,*,#4014,.F.);
#4731 = FACE_BOUND('',#4732,.T.);
#4732 = EDGE_LOOP('',(#4733,#4744,#4752,#4761,#4769,#4778,#4786,#4795));
#4733 = ORIENTED_EDGE('',*,*,#4734,.F.);
#4734 = EDGE_CURVE('',#4735,#4737,#4739,.T.);
#4735 = VERTEX_POINT('',#4736);
#4736 = CARTESIAN_POINT('',(-1.1,2.,26.5));
#4737 = VERTEX_POINT('',#4738);
#4738 = CARTESIAN_POINT('',(2.,-1.1,26.5));
#4739 = CIRCLE('',#4740,3.1);
#4740 = AXIS2_PLACEMENT_3D('',#4741,#4742,#4743);
#4741 = CARTESIAN_POINT('',(2.,2.,26.5));
#4742 = DIRECTION('',(0.,0.,1.));
#4743 = DIRECTION('',(-1.,-0.,0.));
#4744 = ORIENTED_EDGE('',*,*,#4745,.T.);
#4745 = EDGE_CURVE('',#4735,#4746,#4748,.T.);
#4746 = VERTEX_POINT('',#4747);
#4747 = CARTESIAN_POINT('',(-1.1,48.,26.5));
#4748 = LINE('',#4749,#4750);
#4749 = CARTESIAN_POINT('',(-1.1,-2.3,26.5));
#4750 = VECTOR('',#4751,1.);
#4751 = DIRECTION('',(-0.,1.,0.));
#4752 = ORIENTED_EDGE('',*,*,#4753,.F.);
#4753 = EDGE_CURVE('',#4754,#4746,#4756,.T.);
#4754 = VERTEX_POINT('',#4755);
#4755 = CARTESIAN_POINT('',(2.,51.1,26.5));
#4756 = CIRCLE('',#4757,3.1);
#4757 = AXIS2_PLACEMENT_3D('',#4758,#4759,#4760);
#4758 = CARTESIAN_POINT('',(2.,48.,26.5));
#4759 = DIRECTION('',(0.,0.,1.));
#4760 = DIRECTION('',(-1.,-0.,0.));
#4761 = ORIENTED_EDGE('',*,*,#4762,.F.);
#4762 = EDGE_CURVE('',#4763,#4754,#4765,.T.);
#4763 = VERTEX_POINT('',#4764);
#4764 = CARTESIAN_POINT('',(67.,51.1,26.5));
#4765 = LINE('',#4766,#4767);
#4766 = CARTESIAN_POINT('',(-2.3,51.1,26.5));
#4767 = VECTOR('',#4768,1.);
#4768 = DIRECTION('',(-1.,-0.,0.));
#4769 = ORIENTED_EDGE('',*,*,#4770,.F.);
#4770 = EDGE_CURVE('',#4771,#4763,#4773,.T.);
#4771 = VERTEX_POINT('',#4772);
#4772 = CARTESIAN_POINT('',(70.1,48.,26.5));
#4773 = CIRCLE('',#4774,3.1);
#4774 = AXIS2_PLACEMENT_3D('',#4775,#4776,#4777);
#4775 = CARTESIAN_POINT('',(67.,48.,26.5));
#4776 = DIRECTION('',(0.,0.,1.));
#4777 = DIRECTION('',(1.,0.,-0.));
#4778 = ORIENTED_EDGE('',*,*,#4779,.F.);
#4779 = EDGE_CURVE('',#4780,#4771,#4782,.T.);
#4780 = VERTEX_POINT('',#4781);
#4781 = CARTESIAN_POINT('',(70.1,2.,26.5));
#4782 = LINE('',#4783,#4784);
#4783 = CARTESIAN_POINT('',(70.1,-2.3,26.5));
#4784 = VECTOR('',#4785,1.);
#4785 = DIRECTION('',(-0.,1.,0.));
#4786 = ORIENTED_EDGE('',*,*,#4787,.F.);
#4787 = EDGE_CURVE('',#4788,#4780,#4790,.T.);
#4788 = VERTEX_POINT('',#4789);
#4789 = CARTESIAN_POINT('',(67.,-1.1,26.5));
#4790 = CIRCLE('',#4791,3.1);
#4791 = AXIS2_PLACEMENT_3D('',#4792,#4793,#4794);
#4792 = CARTESIAN_POINT('',(67.,2.,26.5));
#4793 = DIRECTION('',(0.,0.,1.));
#4794 = DIRECTION('',(1.,0.,-0.));
#4795 = ORIENTED_EDGE('',*,*,#4796,.T.);
#4796 = EDGE_CURVE('',#4788,#4737,#4797,.T.);
#4797 = LINE('',#4798,#4799);
#4798 = CARTESIAN_POINT('',(-2.3,-1.1,26.5));
#4799 = VECTOR('',#4800,1.);
#4800 = DIRECTION('',(-1.,-0.,0.));
#4801 = PLANE('',#4802);
#4802 = AXIS2_PLACEMENT_3D('',#4803,#4804,#4805);
#4803 = CARTESIAN_POINT('',(-3.5,-3.5,26.5));
#4804 = DIRECTION('',(0.,0.,1.));
#4805 = DIRECTION('',(1.,0.,-0.));
#4806 = ADVANCED_FACE('',(#4807),#4826,.F.);
#4807 = FACE_BOUND('',#4808,.F.);
#4808 = EDGE_LOOP('',(#4809,#4810,#4818,#4825));
#4809 = ORIENTED_EDGE('',*,*,#4138,.F.);
#4810 = ORIENTED_EDGE('',*,*,#4811,.F.);
#4811 = EDGE_CURVE('',#4812,#4131,#4814,.T.);
#4812 = VERTEX_POINT('',#4813);
#4813 = CARTESIAN_POINT('',(75.3,54.5,-2.));
#4814 = LINE('',#4815,#4816);
#4815 = CARTESIAN_POINT('',(75.3,54.5,-2.));
#4816 = VECTOR('',#4817,1.);
#4817 = DIRECTION('',(0.,0.,1.));
#4818 = ORIENTED_EDGE('',*,*,#4819,.T.);
#4819 = EDGE_CURVE('',#4812,#4812,#4820,.T.);
#4820 = CIRCLE('',#4821,1.8);
#4821 = AXIS2_PLACEMENT_3D('',#4822,#4823,#4824);
#4822 = CARTESIAN_POINT('',(73.5,54.5,-2.));
#4823 = DIRECTION('',(0.,0.,1.));
#4824 = DIRECTION('',(1.,0.,-0.));
#4825 = ORIENTED_EDGE('',*,*,#4811,.T.);
#4826 = CYLINDRICAL_SURFACE('',#4827,1.8);
#4827 = AXIS2_PLACEMENT_3D('',#4828,#4829,#4830);
#4828 = CARTESIAN_POINT('',(73.5,54.5,-2.));
#4829 = DIRECTION('',(0.,0.,1.));
#4830 = DIRECTION('',(1.,0.,-0.));
#4831 = ADVANCED_FACE('',(#4832,#4914),#4917,.T.);
#4832 = FACE_BOUND('',#4833,.T.);
#4833 = EDGE_LOOP('',(#4834,#4844,#4852,#4860,#4868,#4876,#4884,#4892,
    #4900,#4908));
#4834 = ORIENTED_EDGE('',*,*,#4835,.F.);
#4835 = EDGE_CURVE('',#4836,#4838,#4840,.T.);
#4836 = VERTEX_POINT('',#4837);
#4837 = CARTESIAN_POINT('',(-4.440892098501E-16,2.,28.));
#4838 = VERTEX_POINT('',#4839);
#4839 = CARTESIAN_POINT('',(0.,38.5,28.));
#4840 = LINE('',#4841,#4842);
#4841 = CARTESIAN_POINT('',(0.,12.5,28.));
#4842 = VECTOR('',#4843,1.);
#4843 = DIRECTION('',(-0.,1.,0.));
#4844 = ORIENTED_EDGE('',*,*,#4845,.F.);
#4845 = EDGE_CURVE('',#4846,#4836,#4848,.T.);
#4846 = VERTEX_POINT('',#4847);
#4847 = CARTESIAN_POINT('',(-4.440892098501E-16,2.,0.));
#4848 = LINE('',#4849,#4850);
#4849 = CARTESIAN_POINT('',(-4.440892098501E-16,2.,0.));
#4850 = VECTOR('',#4851,1.);
#4851 = DIRECTION('',(0.,0.,1.));
#4852 = ORIENTED_EDGE('',*,*,#4853,.T.);
#4853 = EDGE_CURVE('',#4846,#4854,#4856,.T.);
#4854 = VERTEX_POINT('',#4855);
#4855 = CARTESIAN_POINT('',(0.,11.5,0.));
#4856 = LINE('',#4857,#4858);
#4857 = CARTESIAN_POINT('',(0.,0.,0.));
#4858 = VECTOR('',#4859,1.);
#4859 = DIRECTION('',(-0.,1.,0.));
#4860 = ORIENTED_EDGE('',*,*,#4861,.T.);
#4861 = EDGE_CURVE('',#4854,#4862,#4864,.T.);
#4862 = VERTEX_POINT('',#4863);
#4863 = CARTESIAN_POINT('',(0.,11.5,12.));
#4864 = LINE('',#4865,#4866);
#4865 = CARTESIAN_POINT('',(0.,11.5,0.));
#4866 = VECTOR('',#4867,1.);
#4867 = DIRECTION('',(0.,0.,1.));
#4868 = ORIENTED_EDGE('',*,*,#4869,.T.);
#4869 = EDGE_CURVE('',#4862,#4870,#4872,.T.);
#4870 = VERTEX_POINT('',#4871);
#4871 = CARTESIAN_POINT('',(-2.22044604925E-16,48.,12.));
#4872 = LINE('',#4873,#4874);
#4873 = CARTESIAN_POINT('',(0.,11.5,12.));
#4874 = VECTOR('',#4875,1.);
#4875 = DIRECTION('',(-0.,1.,0.));
#4876 = ORIENTED_EDGE('',*,*,#4877,.T.);
#4877 = EDGE_CURVE('',#4870,#4878,#4880,.T.);
#4878 = VERTEX_POINT('',#4879);
#4879 = CARTESIAN_POINT('',(-4.440892098501E-16,48.,28.));
#4880 = LINE('',#4881,#4882);
#4881 = CARTESIAN_POINT('',(-4.440892098501E-16,48.,0.));
#4882 = VECTOR('',#4883,1.);
#4883 = DIRECTION('',(0.,0.,1.));
#4884 = ORIENTED_EDGE('',*,*,#4885,.F.);
#4885 = EDGE_CURVE('',#4886,#4878,#4888,.T.);
#4886 = VERTEX_POINT('',#4887);
#4887 = CARTESIAN_POINT('',(0.,41.5,28.));
#4888 = LINE('',#4889,#4890);
#4889 = CARTESIAN_POINT('',(0.,12.5,28.));
#4890 = VECTOR('',#4891,1.);
#4891 = DIRECTION('',(-0.,1.,0.));
#4892 = ORIENTED_EDGE('',*,*,#4893,.F.);
#4893 = EDGE_CURVE('',#4894,#4886,#4896,.T.);
#4894 = VERTEX_POINT('',#4895);
#4895 = CARTESIAN_POINT('',(0.,41.5,25.5));
#4896 = LINE('',#4897,#4898);
#4897 = CARTESIAN_POINT('',(0.,41.5,25.5));
#4898 = VECTOR('',#4899,1.);
#4899 = DIRECTION('',(0.,0.,1.));
#4900 = ORIENTED_EDGE('',*,*,#4901,.F.);
#4901 = EDGE_CURVE('',#4902,#4894,#4904,.T.);
#4902 = VERTEX_POINT('',#4903);
#4903 = CARTESIAN_POINT('',(0.,38.5,25.5));
#4904 = LINE('',#4905,#4906);
#4905 = CARTESIAN_POINT('',(0.,38.5,25.5));
#4906 = VECTOR('',#4907,1.);
#4907 = DIRECTION('',(-0.,1.,0.));
#4908 = ORIENTED_EDGE('',*,*,#4909,.T.);
#4909 = EDGE_CURVE('',#4902,#4838,#4910,.T.);
#4910 = LINE('',#4911,#4912);
#4911 = CARTESIAN_POINT('',(0.,38.5,25.5));
#4912 = VECTOR('',#4913,1.);
#4913 = DIRECTION('',(0.,0.,1.));
#4914 = FACE_BOUND('',#4915,.T.);
#4915 = EDGE_LOOP('',(#4916));
#4916 = ORIENTED_EDGE('',*,*,#4287,.F.);
#4917 = PLANE('',#4918);
#4918 = AXIS2_PLACEMENT_3D('',#4919,#4920,#4921);
#4919 = CARTESIAN_POINT('',(0.,0.,0.));
#4920 = DIRECTION('',(1.,0.,-0.));
#4921 = DIRECTION('',(0.,0.,1.));
#4922 = ADVANCED_FACE('',(#4923,#4929),#4940,.F.);
#4923 = FACE_BOUND('',#4924,.F.);
#4924 = EDGE_LOOP('',(#4925,#4926,#4927,#4928));
#4925 = ORIENTED_EDGE('',*,*,#4392,.F.);
#4926 = ORIENTED_EDGE('',*,*,#4312,.T.);
#4927 = ORIENTED_EDGE('',*,*,#4344,.T.);
#4928 = ORIENTED_EDGE('',*,*,#4367,.F.);
#4929 = FACE_BOUND('',#4930,.F.);
#4930 = EDGE_LOOP('',(#4931));
#4931 = ORIENTED_EDGE('',*,*,#4932,.F.);
#4932 = EDGE_CURVE('',#4933,#4933,#4935,.T.);
#4933 = VERTEX_POINT('',#4934);
#4934 = CARTESIAN_POINT('',(-7.6,7.5,20.5));
#4935 = CIRCLE('',#4936,1.);
#4936 = AXIS2_PLACEMENT_3D('',#4937,#4938,#4939);
#4937 = CARTESIAN_POINT('',(-7.6,7.5,19.5));
#4938 = DIRECTION('',(1.,0.,0.));
#4939 = DIRECTION('',(-0.,0.,1.));
#4940 = PLANE('',#4941);
#4941 = AXIS2_PLACEMENT_3D('',#4942,#4943,#4944);
#4942 = CARTESIAN_POINT('',(-7.6,4.,16.5));
#4943 = DIRECTION('',(1.,0.,-0.));
#4944 = DIRECTION('',(0.,0.,1.));
#4945 = ADVANCED_FACE('',(#4946,#4949),#4960,.T.);
#4946 = FACE_BOUND('',#4947,.T.);
#4947 = EDGE_LOOP('',(#4948));
#4948 = ORIENTED_EDGE('',*,*,#4417,.T.);
#4949 = FACE_BOUND('',#4950,.T.);
#4950 = EDGE_LOOP('',(#4951));
#4951 = ORIENTED_EDGE('',*,*,#4952,.F.);
#4952 = EDGE_CURVE('',#4953,#4953,#4955,.T.);
#4953 = VERTEX_POINT('',#4954);
#4954 = CARTESIAN_POINT('',(72.6,25.,19.7));
#4955 = CIRCLE('',#4956,6.7);
#4956 = AXIS2_PLACEMENT_3D('',#4957,#4958,#4959);
#4957 = CARTESIAN_POINT('',(72.6,25.,13.));
#4958 = DIRECTION('',(1.,0.,0.));
#4959 = DIRECTION('',(-0.,0.,1.));
#4960 = PLANE('',#4961);
#4961 = AXIS2_PLACEMENT_3D('',#4962,#4963,#4964);
#4962 = CARTESIAN_POINT('',(72.6,25.,13.));
#4963 = DIRECTION('',(1.,0.,0.));
#4964 = DIRECTION('',(-0.,0.,1.));
#4965 = ADVANCED_FACE('',(#4966,#4969),#4980,.F.);
#4966 = FACE_BOUND('',#4967,.F.);
#4967 = EDGE_LOOP('',(#4968));
#4968 = ORIENTED_EDGE('',*,*,#4442,.T.);
#4969 = FACE_BOUND('',#4970,.F.);
#4970 = EDGE_LOOP('',(#4971));
#4971 = ORIENTED_EDGE('',*,*,#4972,.F.);
#4972 = EDGE_CURVE('',#4973,#4973,#4975,.T.);
#4973 = VERTEX_POINT('',#4974);
#4974 = CARTESIAN_POINT('',(75.3,-4.5,-5.5));
#4975 = CIRCLE('',#4976,1.8);
#4976 = AXIS2_PLACEMENT_3D('',#4977,#4978,#4979);
#4977 = CARTESIAN_POINT('',(73.5,-4.5,-5.5));
#4978 = DIRECTION('',(0.,0.,1.));
#4979 = DIRECTION('',(1.,0.,-0.));
#4980 = PLANE('',#4981);
#4981 = AXIS2_PLACEMENT_3D('',#4982,#4983,#4984);
#4982 = CARTESIAN_POINT('',(73.5,-4.5,-5.5));
#4983 = DIRECTION('',(0.,0.,1.));
#4984 = DIRECTION('',(1.,0.,-0.));
#4985 = ADVANCED_FACE('',(#4986,#4989),#5000,.F.);
#4986 = FACE_BOUND('',#4987,.F.);
#4987 = EDGE_LOOP('',(#4988));
#4988 = ORIENTED_EDGE('',*,*,#4493,.T.);
#4989 = FACE_BOUND('',#4990,.F.);
#4990 = EDGE_LOOP('',(#4991));
#4991 = ORIENTED_EDGE('',*,*,#4992,.F.);
#4992 = EDGE_CURVE('',#4993,#4993,#4995,.T.);
#4993 = VERTEX_POINT('',#4994);
#4994 = CARTESIAN_POINT('',(-2.7,-4.5,-5.5));
#4995 = CIRCLE('',#4996,1.8);
#4996 = AXIS2_PLACEMENT_3D('',#4997,#4998,#4999);
#4997 = CARTESIAN_POINT('',(-4.5,-4.5,-5.5));
#4998 = DIRECTION('',(0.,0.,1.));
#4999 = DIRECTION('',(1.,0.,-0.));
#5000 = PLANE('',#5001);
#5001 = AXIS2_PLACEMENT_3D('',#5002,#5003,#5004);
#5002 = CARTESIAN_POINT('',(-4.5,-4.5,-5.5));
#5003 = DIRECTION('',(0.,0.,1.));
#5004 = DIRECTION('',(1.,0.,-0.));
#5005 = ADVANCED_FACE('',(#5006,#5009),#5020,.F.);
#5006 = FACE_BOUND('',#5007,.F.);
#5007 = EDGE_LOOP('',(#5008));
#5008 = ORIENTED_EDGE('',*,*,#4557,.T.);
#5009 = FACE_BOUND('',#5010,.F.);
#5010 = EDGE_LOOP('',(#5011));
#5011 = ORIENTED_EDGE('',*,*,#5012,.F.);
#5012 = EDGE_CURVE('',#5013,#5013,#5015,.T.);
#5013 = VERTEX_POINT('',#5014);
#5014 = CARTESIAN_POINT('',(75.3,54.5,-5.5));
#5015 = CIRCLE('',#5016,1.8);
#5016 = AXIS2_PLACEMENT_3D('',#5017,#5018,#5019);
#5017 = CARTESIAN_POINT('',(73.5,54.5,-5.5));
#5018 = DIRECTION('',(0.,0.,1.));
#5019 = DIRECTION('',(1.,0.,-0.));
#5020 = PLANE('',#5021);
#5021 = AXIS2_PLACEMENT_3D('',#5022,#5023,#5024);
#5022 = CARTESIAN_POINT('',(73.5,54.5,-5.5));
#5023 = DIRECTION('',(0.,0.,1.));
#5024 = DIRECTION('',(1.,0.,-0.));
#5025 = ADVANCED_FACE('',(#5026,#5029),#5040,.F.);
#5026 = FACE_BOUND('',#5027,.F.);
#5027 = EDGE_LOOP('',(#5028));
#5028 = ORIENTED_EDGE('',*,*,#4632,.T.);
#5029 = FACE_BOUND('',#5030,.F.);
#5030 = EDGE_LOOP('',(#5031));
#5031 = ORIENTED_EDGE('',*,*,#5032,.F.);
#5032 = EDGE_CURVE('',#5033,#5033,#5035,.T.);
#5033 = VERTEX_POINT('',#5034);
#5034 = CARTESIAN_POINT('',(-2.7,54.5,-5.5));
#5035 = CIRCLE('',#5036,1.8);
#5036 = AXIS2_PLACEMENT_3D('',#5037,#5038,#5039);
#5037 = CARTESIAN_POINT('',(-4.5,54.5,-5.5));
#5038 = DIRECTION('',(0.,0.,1.));
#5039 = DIRECTION('',(1.,0.,-0.));
#5040 = PLANE('',#5041);
#5041 = AXIS2_PLACEMENT_3D('',#5042,#5043,#5044);
#5042 = CARTESIAN_POINT('',(-4.5,54.5,-5.5));
#5043 = DIRECTION('',(0.,0.,1.));
#5044 = DIRECTION('',(1.,0.,-0.));
#5045 = ADVANCED_FACE('',(#5046,#5049),#5060,.T.);
#5046 = FACE_BOUND('',#5047,.T.);
#5047 = EDGE_LOOP('',(#5048));
#5048 = ORIENTED_EDGE('',*,*,#4658,.T.);
#5049 = FACE_BOUND('',#5050,.T.);
#5050 = EDGE_LOOP('',(#5051));
#5051 = ORIENTED_EDGE('',*,*,#5052,.F.);
#5052 = EDGE_CURVE('',#5053,#5053,#5055,.T.);
#5053 = VERTEX_POINT('',#5054);
#5054 = CARTESIAN_POINT('',(-3.15,-4.5,-2.));
#5055 = CIRCLE('',#5056,1.35);
#5056 = AXIS2_PLACEMENT_3D('',#5057,#5058,#5059);
#5057 = CARTESIAN_POINT('',(-4.5,-4.5,-2.));
#5058 = DIRECTION('',(0.,0.,1.));
#5059 = DIRECTION('',(1.,0.,-0.));
#5060 = PLANE('',#5061);
#5061 = AXIS2_PLACEMENT_3D('',#5062,#5063,#5064);
#5062 = CARTESIAN_POINT('',(-4.5,-4.5,-2.));
#5063 = DIRECTION('',(0.,0.,1.));
#5064 = DIRECTION('',(1.,0.,-0.));
#5065 = ADVANCED_FACE('',(#5066,#5069),#5080,.T.);
#5066 = FACE_BOUND('',#5067,.T.);
#5067 = EDGE_LOOP('',(#5068));
#5068 = ORIENTED_EDGE('',*,*,#4683,.T.);
#5069 = FACE_BOUND('',#5070,.T.);
#5070 = EDGE_LOOP('',(#5071));
#5071 = ORIENTED_EDGE('',*,*,#5072,.F.);
#5072 = EDGE_CURVE('',#5073,#5073,#5075,.T.);
#5073 = VERTEX_POINT('',#5074);
#5074 = CARTESIAN_POINT('',(74.85,-4.5,-2.));
#5075 = CIRCLE('',#5076,1.35);
#5076 = AXIS2_PLACEMENT_3D('',#5077,#5078,#5079);
#5077 = CARTESIAN_POINT('',(73.5,-4.5,-2.));
#5078 = DIRECTION('',(0.,0.,1.));
#5079 = DIRECTION('',(1.,0.,-0.));
#5080 = PLANE('',#5081);
#5081 = AXIS2_PLACEMENT_3D('',#5082,#5083,#5084);
#5082 = CARTESIAN_POINT('',(73.5,-4.5,-2.));
#5083 = DIRECTION('',(0.,0.,1.));
#5084 = DIRECTION('',(1.,0.,-0.));
#5085 = ADVANCED_FACE('',(#5086,#5089),#5100,.T.);
#5086 = FACE_BOUND('',#5087,.T.);
#5087 = EDGE_LOOP('',(#5088));
#5088 = ORIENTED_EDGE('',*,*,#4708,.T.);
#5089 = FACE_BOUND('',#5090,.T.);
#5090 = EDGE_LOOP('',(#5091));
#5091 = ORIENTED_EDGE('',*,*,#5092,.F.);
#5092 = EDGE_CURVE('',#5093,#5093,#5095,.T.);
#5093 = VERTEX_POINT('',#5094);
#5094 = CARTESIAN_POINT('',(-3.15,54.5,-2.));
#5095 = CIRCLE('',#5096,1.35);
#5096 = AXIS2_PLACEMENT_3D('',#5097,#5098,#5099);
#5097 = CARTESIAN_POINT('',(-4.5,54.5,-2.));
#5098 = DIRECTION('',(0.,0.,1.));
#5099 = DIRECTION('',(1.,0.,-0.));
#5100 = PLANE('',#5101);
#5101 = AXIS2_PLACEMENT_3D('',#5102,#5103,#5104);
#5102 = CARTESIAN_POINT('',(-4.5,54.5,-2.));
#5103 = DIRECTION('',(0.,0.,1.));
#5104 = DIRECTION('',(1.,0.,-0.));
#5105 = ADVANCED_FACE('',(#5106),#5132,.T.);
#5106 = FACE_BOUND('',#5107,.T.);
#5107 = EDGE_LOOP('',(#5108,#5116,#5117,#5125));
#5108 = ORIENTED_EDGE('',*,*,#5109,.F.);
#5109 = EDGE_CURVE('',#4735,#5110,#5112,.T.);
#5110 = VERTEX_POINT('',#5111);
#5111 = CARTESIAN_POINT('',(-1.1,2.,28.));
#5112 = LINE('',#5113,#5114);
#5113 = CARTESIAN_POINT('',(-1.1,2.,25.5));
#5114 = VECTOR('',#5115,1.);
#5115 = DIRECTION('',(0.,0.,1.));
#5116 = ORIENTED_EDGE('',*,*,#4734,.T.);
#5117 = ORIENTED_EDGE('',*,*,#5118,.T.);
#5118 = EDGE_CURVE('',#4737,#5119,#5121,.T.);
#5119 = VERTEX_POINT('',#5120);
#5120 = CARTESIAN_POINT('',(2.,-1.1,28.));
#5121 = LINE('',#5122,#5123);
#5122 = CARTESIAN_POINT('',(2.,-1.1,25.5));
#5123 = VECTOR('',#5124,1.);
#5124 = DIRECTION('',(0.,0.,1.));
#5125 = ORIENTED_EDGE('',*,*,#5126,.F.);
#5126 = EDGE_CURVE('',#5110,#5119,#5127,.T.);
#5127 = CIRCLE('',#5128,3.1);
#5128 = AXIS2_PLACEMENT_3D('',#5129,#5130,#5131);
#5129 = CARTESIAN_POINT('',(2.,2.,28.));
#5130 = DIRECTION('',(0.,0.,1.));
#5131 = DIRECTION('',(-1.,-0.,0.));
#5132 = CYLINDRICAL_SURFACE('',#5133,3.1);
#5133 = AXIS2_PLACEMENT_3D('',#5134,#5135,#5136);
#5134 = CARTESIAN_POINT('',(2.,2.,25.5));
#5135 = DIRECTION('',(0.,0.,1.));
#5136 = DIRECTION('',(-1.,-0.,0.));
#5137 = ADVANCED_FACE('',(#5138),#5156,.F.);
#5138 = FACE_BOUND('',#5139,.F.);
#5139 = EDGE_LOOP('',(#5140,#5148,#5149,#5150));
#5140 = ORIENTED_EDGE('',*,*,#5141,.F.);
#5141 = EDGE_CURVE('',#4788,#5142,#5144,.T.);
#5142 = VERTEX_POINT('',#5143);
#5143 = CARTESIAN_POINT('',(67.,-1.1,28.));
#5144 = LINE('',#5145,#5146);
#5145 = CARTESIAN_POINT('',(67.,-1.1,25.5));
#5146 = VECTOR('',#5147,1.);
#5147 = DIRECTION('',(0.,0.,1.));
#5148 = ORIENTED_EDGE('',*,*,#4796,.T.);
#5149 = ORIENTED_EDGE('',*,*,#5118,.T.);
#5150 = ORIENTED_EDGE('',*,*,#5151,.F.);
#5151 = EDGE_CURVE('',#5142,#5119,#5152,.T.);
#5152 = LINE('',#5153,#5154);
#5153 = CARTESIAN_POINT('',(16.880211817177,-1.1,28.));
#5154 = VECTOR('',#5155,1.);
#5155 = DIRECTION('',(-1.,-0.,0.));
#5156 = PLANE('',#5157);
#5157 = AXIS2_PLACEMENT_3D('',#5158,#5159,#5160);
#5158 = CARTESIAN_POINT('',(-1.1,-1.1,25.5));
#5159 = DIRECTION('',(-0.,1.,0.));
#5160 = DIRECTION('',(0.,0.,1.));
#5161 = ADVANCED_FACE('',(#5162),#5181,.T.);
#5162 = FACE_BOUND('',#5163,.F.);
#5163 = EDGE_LOOP('',(#5164,#5172,#5173,#5174));
#5164 = ORIENTED_EDGE('',*,*,#5165,.F.);
#5165 = EDGE_CURVE('',#4780,#5166,#5168,.T.);
#5166 = VERTEX_POINT('',#5167);
#5167 = CARTESIAN_POINT('',(70.1,2.,28.));
#5168 = LINE('',#5169,#5170);
#5169 = CARTESIAN_POINT('',(70.1,2.,25.5));
#5170 = VECTOR('',#5171,1.);
#5171 = DIRECTION('',(0.,0.,1.));
#5172 = ORIENTED_EDGE('',*,*,#4787,.F.);
#5173 = ORIENTED_EDGE('',*,*,#5141,.T.);
#5174 = ORIENTED_EDGE('',*,*,#5175,.T.);
#5175 = EDGE_CURVE('',#5142,#5166,#5176,.T.);
#5176 = CIRCLE('',#5177,3.1);
#5177 = AXIS2_PLACEMENT_3D('',#5178,#5179,#5180);
#5178 = CARTESIAN_POINT('',(67.,2.,28.));
#5179 = DIRECTION('',(0.,0.,1.));
#5180 = DIRECTION('',(1.,0.,-0.));
#5181 = CYLINDRICAL_SURFACE('',#5182,3.1);
#5182 = AXIS2_PLACEMENT_3D('',#5183,#5184,#5185);
#5183 = CARTESIAN_POINT('',(67.,2.,25.5));
#5184 = DIRECTION('',(0.,0.,1.));
#5185 = DIRECTION('',(1.,0.,-0.));
#5186 = ADVANCED_FACE('',(#5187),#5205,.T.);
#5187 = FACE_BOUND('',#5188,.T.);
#5188 = EDGE_LOOP('',(#5189,#5197,#5198,#5199));
#5189 = ORIENTED_EDGE('',*,*,#5190,.F.);
#5190 = EDGE_CURVE('',#5166,#5191,#5193,.T.);
#5191 = VERTEX_POINT('',#5192);
#5192 = CARTESIAN_POINT('',(70.1,48.,28.));
#5193 = LINE('',#5194,#5195);
#5194 = CARTESIAN_POINT('',(70.1,11.95,28.));
#5195 = VECTOR('',#5196,1.);
#5196 = DIRECTION('',(-0.,1.,0.));
#5197 = ORIENTED_EDGE('',*,*,#5165,.F.);
#5198 = ORIENTED_EDGE('',*,*,#4779,.T.);
#5199 = ORIENTED_EDGE('',*,*,#5200,.T.);
#5200 = EDGE_CURVE('',#4771,#5191,#5201,.T.);
#5201 = LINE('',#5202,#5203);
#5202 = CARTESIAN_POINT('',(70.1,48.,25.5));
#5203 = VECTOR('',#5204,1.);
#5204 = DIRECTION('',(0.,0.,1.));
#5205 = PLANE('',#5206);
#5206 = AXIS2_PLACEMENT_3D('',#5207,#5208,#5209);
#5207 = CARTESIAN_POINT('',(70.1,-1.1,25.5));
#5208 = DIRECTION('',(1.,0.,-0.));
#5209 = DIRECTION('',(0.,0.,1.));
#5210 = ADVANCED_FACE('',(#5211),#5230,.T.);
#5211 = FACE_BOUND('',#5212,.T.);
#5212 = EDGE_LOOP('',(#5213,#5214,#5215,#5223));
#5213 = ORIENTED_EDGE('',*,*,#5200,.F.);
#5214 = ORIENTED_EDGE('',*,*,#4770,.T.);
#5215 = ORIENTED_EDGE('',*,*,#5216,.T.);
#5216 = EDGE_CURVE('',#4763,#5217,#5219,.T.);
#5217 = VERTEX_POINT('',#5218);
#5218 = CARTESIAN_POINT('',(67.,51.1,28.));
#5219 = LINE('',#5220,#5221);
#5220 = CARTESIAN_POINT('',(67.,51.1,25.5));
#5221 = VECTOR('',#5222,1.);
#5222 = DIRECTION('',(0.,0.,1.));
#5223 = ORIENTED_EDGE('',*,*,#5224,.F.);
#5224 = EDGE_CURVE('',#5191,#5217,#5225,.T.);
#5225 = CIRCLE('',#5226,3.1);
#5226 = AXIS2_PLACEMENT_3D('',#5227,#5228,#5229);
#5227 = CARTESIAN_POINT('',(67.,48.,28.));
#5228 = DIRECTION('',(0.,0.,1.));
#5229 = DIRECTION('',(1.,0.,-0.));
#5230 = CYLINDRICAL_SURFACE('',#5231,3.1);
#5231 = AXIS2_PLACEMENT_3D('',#5232,#5233,#5234);
#5232 = CARTESIAN_POINT('',(67.,48.,25.5));
#5233 = DIRECTION('',(0.,0.,1.));
#5234 = DIRECTION('',(1.,0.,-0.));
#5235 = ADVANCED_FACE('',(#5236),#5254,.T.);
#5236 = FACE_BOUND('',#5237,.T.);
#5237 = EDGE_LOOP('',(#5238,#5239,#5240,#5248));
#5238 = ORIENTED_EDGE('',*,*,#5216,.F.);
#5239 = ORIENTED_EDGE('',*,*,#4762,.T.);
#5240 = ORIENTED_EDGE('',*,*,#5241,.T.);
#5241 = EDGE_CURVE('',#4754,#5242,#5244,.T.);
#5242 = VERTEX_POINT('',#5243);
#5243 = CARTESIAN_POINT('',(2.,51.1,28.));
#5244 = LINE('',#5245,#5246);
#5245 = CARTESIAN_POINT('',(2.,51.1,25.5));
#5246 = VECTOR('',#5247,1.);
#5247 = DIRECTION('',(0.,0.,1.));
#5248 = ORIENTED_EDGE('',*,*,#5249,.F.);
#5249 = EDGE_CURVE('',#5217,#5242,#5250,.T.);
#5250 = LINE('',#5251,#5252);
#5251 = CARTESIAN_POINT('',(16.880211817177,51.1,28.));
#5252 = VECTOR('',#5253,1.);
#5253 = DIRECTION('',(-1.,-0.,0.));
#5254 = PLANE('',#5255);
#5255 = AXIS2_PLACEMENT_3D('',#5256,#5257,#5258);
#5256 = CARTESIAN_POINT('',(-1.1,51.1,25.5));
#5257 = DIRECTION('',(-0.,1.,0.));
#5258 = DIRECTION('',(0.,0.,1.));
#5259 = ADVANCED_FACE('',(#5260),#5279,.T.);
#5260 = FACE_BOUND('',#5261,.F.);
#5261 = EDGE_LOOP('',(#5262,#5270,#5271,#5272));
#5262 = ORIENTED_EDGE('',*,*,#5263,.F.);
#5263 = EDGE_CURVE('',#4746,#5264,#5266,.T.);
#5264 = VERTEX_POINT('',#5265);
#5265 = CARTESIAN_POINT('',(-1.1,48.,28.));
#5266 = LINE('',#5267,#5268);
#5267 = CARTESIAN_POINT('',(-1.1,48.,25.5));
#5268 = VECTOR('',#5269,1.);
#5269 = DIRECTION('',(0.,0.,1.));
#5270 = ORIENTED_EDGE('',*,*,#4753,.F.);
#5271 = ORIENTED_EDGE('',*,*,#5241,.T.);
#5272 = ORIENTED_EDGE('',*,*,#5273,.T.);
#5273 = EDGE_CURVE('',#5242,#5264,#5274,.T.);
#5274 = CIRCLE('',#5275,3.1);
#5275 = AXIS2_PLACEMENT_3D('',#5276,#5277,#5278);
#5276 = CARTESIAN_POINT('',(2.,48.,28.));
#5277 = DIRECTION('',(0.,0.,1.));
#5278 = DIRECTION('',(-1.,-0.,0.));
#5279 = CYLINDRICAL_SURFACE('',#5280,3.1);
#5280 = AXIS2_PLACEMENT_3D('',#5281,#5282,#5283);
#5281 = CARTESIAN_POINT('',(2.,48.,25.5));
#5282 = DIRECTION('',(0.,0.,1.));
#5283 = DIRECTION('',(-1.,-0.,0.));
#5284 = ADVANCED_FACE('',(#5285),#5296,.F.);
#5285 = FACE_BOUND('',#5286,.F.);
#5286 = EDGE_LOOP('',(#5287,#5293,#5294,#5295));
#5287 = ORIENTED_EDGE('',*,*,#5288,.F.);
#5288 = EDGE_CURVE('',#5110,#5264,#5289,.T.);
#5289 = LINE('',#5290,#5291);
#5290 = CARTESIAN_POINT('',(-1.1,11.95,28.));
#5291 = VECTOR('',#5292,1.);
#5292 = DIRECTION('',(-0.,1.,0.));
#5293 = ORIENTED_EDGE('',*,*,#5109,.F.);
#5294 = ORIENTED_EDGE('',*,*,#4745,.T.);
#5295 = ORIENTED_EDGE('',*,*,#5263,.T.);
#5296 = PLANE('',#5297);
#5297 = AXIS2_PLACEMENT_3D('',#5298,#5299,#5300);
#5298 = CARTESIAN_POINT('',(-1.1,-1.1,25.5));
#5299 = DIRECTION('',(1.,0.,-0.));
#5300 = DIRECTION('',(0.,0.,1.));
#5301 = ADVANCED_FACE('',(#5302,#5305),#5316,.T.);
#5302 = FACE_BOUND('',#5303,.T.);
#5303 = EDGE_LOOP('',(#5304));
#5304 = ORIENTED_EDGE('',*,*,#4819,.T.);
#5305 = FACE_BOUND('',#5306,.T.);
#5306 = EDGE_LOOP('',(#5307));
#5307 = ORIENTED_EDGE('',*,*,#5308,.F.);
#5308 = EDGE_CURVE('',#5309,#5309,#5311,.T.);
#5309 = VERTEX_POINT('',#5310);
#5310 = CARTESIAN_POINT('',(74.85,54.5,-2.));
#5311 = CIRCLE('',#5312,1.35);
#5312 = AXIS2_PLACEMENT_3D('',#5313,#5314,#5315);
#5313 = CARTESIAN_POINT('',(73.5,54.5,-2.));
#5314 = DIRECTION('',(0.,0.,1.));
#5315 = DIRECTION('',(1.,0.,-0.));
#5316 = PLANE('',#5317);
#5317 = AXIS2_PLACEMENT_3D('',#5318,#5319,#5320);
#5318 = CARTESIAN_POINT('',(73.5,54.5,-2.));
#5319 = DIRECTION('',(0.,0.,1.));
#5320 = DIRECTION('',(1.,0.,-0.));
#5321 = ADVANCED_FACE('',(#5322,#5332),#5416,.T.);
#5322 = FACE_BOUND('',#5323,.T.);
#5323 = EDGE_LOOP('',(#5324,#5325,#5326,#5327,#5328,#5329,#5330,#5331));
#5324 = ORIENTED_EDGE('',*,*,#5288,.F.);
#5325 = ORIENTED_EDGE('',*,*,#5126,.T.);
#5326 = ORIENTED_EDGE('',*,*,#5151,.F.);
#5327 = ORIENTED_EDGE('',*,*,#5175,.T.);
#5328 = ORIENTED_EDGE('',*,*,#5190,.T.);
#5329 = ORIENTED_EDGE('',*,*,#5224,.T.);
#5330 = ORIENTED_EDGE('',*,*,#5249,.T.);
#5331 = ORIENTED_EDGE('',*,*,#5273,.T.);
#5332 = FACE_BOUND('',#5333,.T.);
#5333 = EDGE_LOOP('',(#5334,#5343,#5344,#5352,#5360,#5366,#5367,#5376,
    #5384,#5393,#5401,#5410));
#5334 = ORIENTED_EDGE('',*,*,#5335,.F.);
#5335 = EDGE_CURVE('',#4836,#5336,#5338,.T.);
#5336 = VERTEX_POINT('',#5337);
#5337 = CARTESIAN_POINT('',(2.,-4.440892098501E-16,28.));
#5338 = CIRCLE('',#5339,2.);
#5339 = AXIS2_PLACEMENT_3D('',#5340,#5341,#5342);
#5340 = CARTESIAN_POINT('',(2.,2.,28.));
#5341 = DIRECTION('',(0.,0.,1.));
#5342 = DIRECTION('',(-1.,-0.,0.));
#5343 = ORIENTED_EDGE('',*,*,#4835,.T.);
#5344 = ORIENTED_EDGE('',*,*,#5345,.T.);
#5345 = EDGE_CURVE('',#4838,#5346,#5348,.T.);
#5346 = VERTEX_POINT('',#5347);
#5347 = CARTESIAN_POINT('',(1.2,38.5,28.));
#5348 = LINE('',#5349,#5350);
#5349 = CARTESIAN_POINT('',(0.,38.5,28.));
#5350 = VECTOR('',#5351,1.);
#5351 = DIRECTION('',(1.,0.,-0.));
#5352 = ORIENTED_EDGE('',*,*,#5353,.T.);
#5353 = EDGE_CURVE('',#5346,#5354,#5356,.T.);
#5354 = VERTEX_POINT('',#5355);
#5355 = CARTESIAN_POINT('',(1.2,41.5,28.));
#5356 = LINE('',#5357,#5358);
#5357 = CARTESIAN_POINT('',(1.2,38.5,28.));
#5358 = VECTOR('',#5359,1.);
#5359 = DIRECTION('',(-0.,1.,0.));
#5360 = ORIENTED_EDGE('',*,*,#5361,.F.);
#5361 = EDGE_CURVE('',#4886,#5354,#5362,.T.);
#5362 = LINE('',#5363,#5364);
#5363 = CARTESIAN_POINT('',(0.,41.5,28.));
#5364 = VECTOR('',#5365,1.);
#5365 = DIRECTION('',(1.,0.,-0.));
#5366 = ORIENTED_EDGE('',*,*,#4885,.T.);
#5367 = ORIENTED_EDGE('',*,*,#5368,.F.);
#5368 = EDGE_CURVE('',#5369,#4878,#5371,.T.);
#5369 = VERTEX_POINT('',#5370);
#5370 = CARTESIAN_POINT('',(2.,50.,28.));
#5371 = CIRCLE('',#5372,2.);
#5372 = AXIS2_PLACEMENT_3D('',#5373,#5374,#5375);
#5373 = CARTESIAN_POINT('',(2.,48.,28.));
#5374 = DIRECTION('',(0.,0.,1.));
#5375 = DIRECTION('',(-1.,-0.,0.));
#5376 = ORIENTED_EDGE('',*,*,#5377,.F.);
#5377 = EDGE_CURVE('',#5378,#5369,#5380,.T.);
#5378 = VERTEX_POINT('',#5379);
#5379 = CARTESIAN_POINT('',(67.,50.,28.));
#5380 = LINE('',#5381,#5382);
#5381 = CARTESIAN_POINT('',(17.430211817177,50.,28.));
#5382 = VECTOR('',#5383,1.);
#5383 = DIRECTION('',(-1.,-0.,0.));
#5384 = ORIENTED_EDGE('',*,*,#5385,.F.);
#5385 = EDGE_CURVE('',#5386,#5378,#5388,.T.);
#5386 = VERTEX_POINT('',#5387);
#5387 = CARTESIAN_POINT('',(69.,48.,28.));
#5388 = CIRCLE('',#5389,2.);
#5389 = AXIS2_PLACEMENT_3D('',#5390,#5391,#5392);
#5390 = CARTESIAN_POINT('',(67.,48.,28.));
#5391 = DIRECTION('',(0.,0.,1.));
#5392 = DIRECTION('',(1.,0.,-0.));
#5393 = ORIENTED_EDGE('',*,*,#5394,.F.);
#5394 = EDGE_CURVE('',#5395,#5386,#5397,.T.);
#5395 = VERTEX_POINT('',#5396);
#5396 = CARTESIAN_POINT('',(69.,2.,28.));
#5397 = LINE('',#5398,#5399);
#5398 = CARTESIAN_POINT('',(69.,12.5,28.));
#5399 = VECTOR('',#5400,1.);
#5400 = DIRECTION('',(-0.,1.,0.));
#5401 = ORIENTED_EDGE('',*,*,#5402,.F.);
#5402 = EDGE_CURVE('',#5403,#5395,#5405,.T.);
#5403 = VERTEX_POINT('',#5404);
#5404 = CARTESIAN_POINT('',(67.,-4.440892098501E-16,28.));
#5405 = CIRCLE('',#5406,2.);
#5406 = AXIS2_PLACEMENT_3D('',#5407,#5408,#5409);
#5407 = CARTESIAN_POINT('',(67.,2.,28.));
#5408 = DIRECTION('',(0.,0.,1.));
#5409 = DIRECTION('',(1.,0.,-0.));
#5410 = ORIENTED_EDGE('',*,*,#5411,.T.);
#5411 = EDGE_CURVE('',#5403,#5336,#5412,.T.);
#5412 = LINE('',#5413,#5414);
#5413 = CARTESIAN_POINT('',(17.430211817177,0.,28.));
#5414 = VECTOR('',#5415,1.);
#5415 = DIRECTION('',(-1.,-0.,0.));
#5416 = PLANE('',#5417);
#5417 = AXIS2_PLACEMENT_3D('',#5418,#5419,#5420);
#5418 = CARTESIAN_POINT('',(34.860423634355,25.,28.));
#5419 = DIRECTION('',(0.,0.,1.));
#5420 = DIRECTION('',(1.,0.,-0.));
#5421 = ADVANCED_FACE('',(#5422),#5440,.F.);
#5422 = FACE_BOUND('',#5423,.F.);
#5423 = EDGE_LOOP('',(#5424,#5432,#5433,#5434));
#5424 = ORIENTED_EDGE('',*,*,#5425,.F.);
#5425 = EDGE_CURVE('',#4902,#5426,#5428,.T.);
#5426 = VERTEX_POINT('',#5427);
#5427 = CARTESIAN_POINT('',(1.2,38.5,25.5));
#5428 = LINE('',#5429,#5430);
#5429 = CARTESIAN_POINT('',(0.,38.5,25.5));
#5430 = VECTOR('',#5431,1.);
#5431 = DIRECTION('',(1.,0.,-0.));
#5432 = ORIENTED_EDGE('',*,*,#4909,.T.);
#5433 = ORIENTED_EDGE('',*,*,#5345,.T.);
#5434 = ORIENTED_EDGE('',*,*,#5435,.F.);
#5435 = EDGE_CURVE('',#5426,#5346,#5436,.T.);
#5436 = LINE('',#5437,#5438);
#5437 = CARTESIAN_POINT('',(1.2,38.5,25.5));
#5438 = VECTOR('',#5439,1.);
#5439 = DIRECTION('',(0.,0.,1.));
#5440 = PLANE('',#5441);
#5441 = AXIS2_PLACEMENT_3D('',#5442,#5443,#5444);
#5442 = CARTESIAN_POINT('',(0.,38.5,25.5));
#5443 = DIRECTION('',(-0.,1.,0.));
#5444 = DIRECTION('',(0.,0.,1.));
#5445 = ADVANCED_FACE('',(#5446),#5464,.F.);
#5446 = FACE_BOUND('',#5447,.F.);
#5447 = EDGE_LOOP('',(#5448,#5449,#5450,#5458));
#5448 = ORIENTED_EDGE('',*,*,#4901,.F.);
#5449 = ORIENTED_EDGE('',*,*,#5425,.T.);
#5450 = ORIENTED_EDGE('',*,*,#5451,.T.);
#5451 = EDGE_CURVE('',#5426,#5452,#5454,.T.);
#5452 = VERTEX_POINT('',#5453);
#5453 = CARTESIAN_POINT('',(1.2,41.5,25.5));
#5454 = LINE('',#5455,#5456);
#5455 = CARTESIAN_POINT('',(1.2,38.5,25.5));
#5456 = VECTOR('',#5457,1.);
#5457 = DIRECTION('',(-0.,1.,0.));
#5458 = ORIENTED_EDGE('',*,*,#5459,.F.);
#5459 = EDGE_CURVE('',#4894,#5452,#5460,.T.);
#5460 = LINE('',#5461,#5462);
#5461 = CARTESIAN_POINT('',(0.,41.5,25.5));
#5462 = VECTOR('',#5463,1.);
#5463 = DIRECTION('',(1.,0.,-0.));
#5464 = PLANE('',#5465);
#5465 = AXIS2_PLACEMENT_3D('',#5466,#5467,#5468);
#5466 = CARTESIAN_POINT('',(0.,38.5,25.5));
#5467 = DIRECTION('',(0.,0.,1.));
#5468 = DIRECTION('',(1.,0.,-0.));
#5469 = ADVANCED_FACE('',(#5470),#5481,.T.);
#5470 = FACE_BOUND('',#5471,.T.);
#5471 = EDGE_LOOP('',(#5472,#5473,#5474,#5475));
#5472 = ORIENTED_EDGE('',*,*,#5459,.F.);
#5473 = ORIENTED_EDGE('',*,*,#4893,.T.);
#5474 = ORIENTED_EDGE('',*,*,#5361,.T.);
#5475 = ORIENTED_EDGE('',*,*,#5476,.F.);
#5476 = EDGE_CURVE('',#5452,#5354,#5477,.T.);
#5477 = LINE('',#5478,#5479);
#5478 = CARTESIAN_POINT('',(1.2,41.5,25.5));
#5479 = VECTOR('',#5480,1.);
#5480 = DIRECTION('',(0.,0.,1.));
#5481 = PLANE('',#5482);
#5482 = AXIS2_PLACEMENT_3D('',#5483,#5484,#5485);
#5483 = CARTESIAN_POINT('',(0.,41.5,25.5));
#5484 = DIRECTION('',(-0.,1.,0.));
#5485 = DIRECTION('',(0.,0.,1.));
#5486 = ADVANCED_FACE('',(#5487),#5524,.F.);
#5487 = FACE_BOUND('',#5488,.T.);
#5488 = EDGE_LOOP('',(#5489,#5490,#5499,#5508,#5517,#5523));
#5489 = ORIENTED_EDGE('',*,*,#4877,.F.);
#5490 = ORIENTED_EDGE('',*,*,#5491,.F.);
#5491 = EDGE_CURVE('',#5492,#4870,#5494,.T.);
#5492 = VERTEX_POINT('',#5493);
#5493 = CARTESIAN_POINT('',(6.350832689628E-02,48.5,12.));
#5494 = CIRCLE('',#5495,2.);
#5495 = AXIS2_PLACEMENT_3D('',#5496,#5497,#5498);
#5496 = CARTESIAN_POINT('',(2.,48.,12.));
#5497 = DIRECTION('',(0.,0.,1.));
#5498 = DIRECTION('',(-1.,-0.,0.));
#5499 = ORIENTED_EDGE('',*,*,#5500,.F.);
#5500 = EDGE_CURVE('',#5501,#5492,#5503,.T.);
#5501 = VERTEX_POINT('',#5502);
#5502 = CARTESIAN_POINT('',(1.5,49.936491673104,12.));
#5503 = CIRCLE('',#5504,2.);
#5504 = AXIS2_PLACEMENT_3D('',#5505,#5506,#5507);
#5505 = CARTESIAN_POINT('',(2.,48.,12.));
#5506 = DIRECTION('',(0.,0.,1.));
#5507 = DIRECTION('',(-1.,-0.,0.));
#5508 = ORIENTED_EDGE('',*,*,#5509,.F.);
#5509 = EDGE_CURVE('',#5510,#5501,#5512,.T.);
#5510 = VERTEX_POINT('',#5511);
#5511 = CARTESIAN_POINT('',(2.,50.,12.));
#5512 = CIRCLE('',#5513,2.);
#5513 = AXIS2_PLACEMENT_3D('',#5514,#5515,#5516);
#5514 = CARTESIAN_POINT('',(2.,48.,12.));
#5515 = DIRECTION('',(0.,0.,1.));
#5516 = DIRECTION('',(-1.,-0.,0.));
#5517 = ORIENTED_EDGE('',*,*,#5518,.T.);
#5518 = EDGE_CURVE('',#5510,#5369,#5519,.T.);
#5519 = LINE('',#5520,#5521);
#5520 = CARTESIAN_POINT('',(2.,50.,0.));
#5521 = VECTOR('',#5522,1.);
#5522 = DIRECTION('',(0.,0.,1.));
#5523 = ORIENTED_EDGE('',*,*,#5368,.T.);
#5524 = CYLINDRICAL_SURFACE('',#5525,2.);
#5525 = AXIS2_PLACEMENT_3D('',#5526,#5527,#5528);
#5526 = CARTESIAN_POINT('',(2.,48.,0.));
#5527 = DIRECTION('',(0.,0.,1.));
#5528 = DIRECTION('',(-1.,-0.,0.));
#5529 = ADVANCED_FACE('',(#5530),#5719,.T.);
#5530 = FACE_BOUND('',#5531,.T.);
#5531 = EDGE_LOOP('',(#5532,#5533,#5541,#5549,#5557,#5565,#5573,#5581,
    #5589,#5597,#5605,#5613,#5621,#5629,#5637,#5645,#5653,#5661,#5669,
    #5677,#5685,#5693,#5701,#5710,#5716,#5717,#5718));
#5532 = ORIENTED_EDGE('',*,*,#4869,.F.);
#5533 = ORIENTED_EDGE('',*,*,#5534,.T.);
#5534 = EDGE_CURVE('',#4862,#5535,#5537,.T.);
#5535 = VERTEX_POINT('',#5536);
#5536 = CARTESIAN_POINT('',(2.5,11.5,12.));
#5537 = LINE('',#5538,#5539);
#5538 = CARTESIAN_POINT('',(0.,11.5,12.));
#5539 = VECTOR('',#5540,1.);
#5540 = DIRECTION('',(1.,0.,-0.));
#5541 = ORIENTED_EDGE('',*,*,#5542,.T.);
#5542 = EDGE_CURVE('',#5535,#5543,#5545,.T.);
#5543 = VERTEX_POINT('',#5544);
#5544 = CARTESIAN_POINT('',(2.5,13.,12.));
#5545 = LINE('',#5546,#5547);
#5546 = CARTESIAN_POINT('',(2.5,21.004966661111,12.));
#5547 = VECTOR('',#5548,1.);
#5548 = DIRECTION('',(-0.,1.,0.));
#5549 = ORIENTED_EDGE('',*,*,#5550,.F.);
#5550 = EDGE_CURVE('',#5551,#5543,#5553,.T.);
#5551 = VERTEX_POINT('',#5552);
#5552 = CARTESIAN_POINT('',(1.5,13.,12.));
#5553 = LINE('',#5554,#5555);
#5554 = CARTESIAN_POINT('',(0.,13.,12.));
#5555 = VECTOR('',#5556,1.);
#5556 = DIRECTION('',(1.,0.,-0.));
#5557 = ORIENTED_EDGE('',*,*,#5558,.T.);
#5558 = EDGE_CURVE('',#5551,#5559,#5561,.T.);
#5559 = VERTEX_POINT('',#5560);
#5560 = CARTESIAN_POINT('',(1.5,20.7916749175,12.));
#5561 = LINE('',#5562,#5563);
#5562 = CARTESIAN_POINT('',(1.5,11.5,12.));
#5563 = VECTOR('',#5564,1.);
#5564 = DIRECTION('',(-0.,1.,0.));
#5565 = ORIENTED_EDGE('',*,*,#5566,.F.);
#5566 = EDGE_CURVE('',#5567,#5559,#5569,.T.);
#5567 = VERTEX_POINT('',#5568);
#5568 = CARTESIAN_POINT('',(0.3,20.7916749175,12.));
#5569 = LINE('',#5570,#5571);
#5570 = CARTESIAN_POINT('',(0.3,20.7916749175,12.));
#5571 = VECTOR('',#5572,1.);
#5572 = DIRECTION('',(1.,0.,0.));
#5573 = ORIENTED_EDGE('',*,*,#5574,.T.);
#5574 = EDGE_CURVE('',#5567,#5575,#5577,.T.);
#5575 = VERTEX_POINT('',#5576);
#5576 = CARTESIAN_POINT('',(0.3,29.2083250825,12.));
#5577 = LINE('',#5578,#5579);
#5578 = CARTESIAN_POINT('',(0.3,27.804966661111,12.));
#5579 = VECTOR('',#5580,1.);
#5580 = DIRECTION('',(0.,1.,0.));
#5581 = ORIENTED_EDGE('',*,*,#5582,.T.);
#5582 = EDGE_CURVE('',#5575,#5583,#5585,.T.);
#5583 = VERTEX_POINT('',#5584);
#5584 = CARTESIAN_POINT('',(1.5,29.2083250825,12.));
#5585 = LINE('',#5586,#5587);
#5586 = CARTESIAN_POINT('',(0.3,29.2083250825,12.));
#5587 = VECTOR('',#5588,1.);
#5588 = DIRECTION('',(1.,0.,0.));
#5589 = ORIENTED_EDGE('',*,*,#5590,.T.);
#5590 = EDGE_CURVE('',#5583,#5591,#5593,.T.);
#5591 = VERTEX_POINT('',#5592);
#5592 = CARTESIAN_POINT('',(1.5,48.5,12.));
#5593 = LINE('',#5594,#5595);
#5594 = CARTESIAN_POINT('',(1.5,11.5,12.));
#5595 = VECTOR('',#5596,1.);
#5596 = DIRECTION('',(-0.,1.,0.));
#5597 = ORIENTED_EDGE('',*,*,#5598,.T.);
#5598 = EDGE_CURVE('',#5591,#5599,#5601,.T.);
#5599 = VERTEX_POINT('',#5600);
#5600 = CARTESIAN_POINT('',(57.5,48.5,12.));
#5601 = LINE('',#5602,#5603);
#5602 = CARTESIAN_POINT('',(0.,48.5,12.));
#5603 = VECTOR('',#5604,1.);
#5604 = DIRECTION('',(1.,0.,-0.));
#5605 = ORIENTED_EDGE('',*,*,#5606,.F.);
#5606 = EDGE_CURVE('',#5607,#5599,#5609,.T.);
#5607 = VERTEX_POINT('',#5608);
#5608 = CARTESIAN_POINT('',(57.5,13.,12.));
#5609 = LINE('',#5610,#5611);
#5610 = CARTESIAN_POINT('',(57.5,11.5,12.));
#5611 = VECTOR('',#5612,1.);
#5612 = DIRECTION('',(-0.,1.,0.));
#5613 = ORIENTED_EDGE('',*,*,#5614,.F.);
#5614 = EDGE_CURVE('',#5615,#5607,#5617,.T.);
#5615 = VERTEX_POINT('',#5616);
#5616 = CARTESIAN_POINT('',(9.5,13.,12.));
#5617 = LINE('',#5618,#5619);
#5618 = CARTESIAN_POINT('',(0.,13.,12.));
#5619 = VECTOR('',#5620,1.);
#5620 = DIRECTION('',(1.,0.,-0.));
#5621 = ORIENTED_EDGE('',*,*,#5622,.F.);
#5622 = EDGE_CURVE('',#5623,#5615,#5625,.T.);
#5623 = VERTEX_POINT('',#5624);
#5624 = CARTESIAN_POINT('',(9.5,11.5,12.));
#5625 = LINE('',#5626,#5627);
#5626 = CARTESIAN_POINT('',(9.5,21.004966661111,12.));
#5627 = VECTOR('',#5628,1.);
#5628 = DIRECTION('',(-0.,1.,0.));
#5629 = ORIENTED_EDGE('',*,*,#5630,.T.);
#5630 = EDGE_CURVE('',#5623,#5631,#5633,.T.);
#5631 = VERTEX_POINT('',#5632);
#5632 = CARTESIAN_POINT('',(69.,11.5,12.));
#5633 = LINE('',#5634,#5635);
#5634 = CARTESIAN_POINT('',(0.,11.5,12.));
#5635 = VECTOR('',#5636,1.);
#5636 = DIRECTION('',(1.,0.,-0.));
#5637 = ORIENTED_EDGE('',*,*,#5638,.T.);
#5638 = EDGE_CURVE('',#5631,#5639,#5641,.T.);
#5639 = VERTEX_POINT('',#5640);
#5640 = CARTESIAN_POINT('',(69.,13.,12.));
#5641 = LINE('',#5642,#5643);
#5642 = CARTESIAN_POINT('',(69.,11.5,12.));
#5643 = VECTOR('',#5644,1.);
#5644 = DIRECTION('',(-0.,1.,0.));
#5645 = ORIENTED_EDGE('',*,*,#5646,.F.);
#5646 = EDGE_CURVE('',#5647,#5639,#5649,.T.);
#5647 = VERTEX_POINT('',#5648);
#5648 = CARTESIAN_POINT('',(59.,13.,12.));
#5649 = LINE('',#5650,#5651);
#5650 = CARTESIAN_POINT('',(0.,13.,12.));
#5651 = VECTOR('',#5652,1.);
#5652 = DIRECTION('',(1.,0.,-0.));
#5653 = ORIENTED_EDGE('',*,*,#5654,.T.);
#5654 = EDGE_CURVE('',#5647,#5655,#5657,.T.);
#5655 = VERTEX_POINT('',#5656);
#5656 = CARTESIAN_POINT('',(59.,43.,12.));
#5657 = LINE('',#5658,#5659);
#5658 = CARTESIAN_POINT('',(59.,11.5,12.));
#5659 = VECTOR('',#5660,1.);
#5660 = DIRECTION('',(-0.,1.,0.));
#5661 = ORIENTED_EDGE('',*,*,#5662,.T.);
#5662 = EDGE_CURVE('',#5655,#5663,#5665,.T.);
#5663 = VERTEX_POINT('',#5664);
#5664 = CARTESIAN_POINT('',(58.9,43.,12.));
#5665 = LINE('',#5666,#5667);
#5666 = CARTESIAN_POINT('',(58.2,43.,12.));
#5667 = VECTOR('',#5668,1.);
#5668 = DIRECTION('',(-1.,-0.,0.));
#5669 = ORIENTED_EDGE('',*,*,#5670,.T.);
#5670 = EDGE_CURVE('',#5663,#5671,#5673,.T.);
#5671 = VERTEX_POINT('',#5672);
#5672 = CARTESIAN_POINT('',(58.9,47.,12.));
#5673 = LINE('',#5674,#5675);
#5674 = CARTESIAN_POINT('',(58.9,27.25,12.));
#5675 = VECTOR('',#5676,1.);
#5676 = DIRECTION('',(-0.,1.,0.));
#5677 = ORIENTED_EDGE('',*,*,#5678,.F.);
#5678 = EDGE_CURVE('',#5679,#5671,#5681,.T.);
#5679 = VERTEX_POINT('',#5680);
#5680 = CARTESIAN_POINT('',(59.,47.,12.));
#5681 = LINE('',#5682,#5683);
#5682 = CARTESIAN_POINT('',(58.2,47.,12.));
#5683 = VECTOR('',#5684,1.);
#5684 = DIRECTION('',(-1.,-0.,0.));
#5685 = ORIENTED_EDGE('',*,*,#5686,.T.);
#5686 = EDGE_CURVE('',#5679,#5687,#5689,.T.);
#5687 = VERTEX_POINT('',#5688);
#5688 = CARTESIAN_POINT('',(59.,48.5,12.));
#5689 = LINE('',#5690,#5691);
#5690 = CARTESIAN_POINT('',(59.,11.5,12.));
#5691 = VECTOR('',#5692,1.);
#5692 = DIRECTION('',(-0.,1.,0.));
#5693 = ORIENTED_EDGE('',*,*,#5694,.T.);
#5694 = EDGE_CURVE('',#5687,#5695,#5697,.T.);
#5695 = VERTEX_POINT('',#5696);
#5696 = CARTESIAN_POINT('',(68.936491673104,48.5,12.));
#5697 = LINE('',#5698,#5699);
#5698 = CARTESIAN_POINT('',(0.,48.5,12.));
#5699 = VECTOR('',#5700,1.);
#5700 = DIRECTION('',(1.,0.,-0.));
#5701 = ORIENTED_EDGE('',*,*,#5702,.T.);
#5702 = EDGE_CURVE('',#5695,#5703,#5705,.T.);
#5703 = VERTEX_POINT('',#5704);
#5704 = CARTESIAN_POINT('',(67.,50.,12.));
#5705 = CIRCLE('',#5706,2.);
#5706 = AXIS2_PLACEMENT_3D('',#5707,#5708,#5709);
#5707 = CARTESIAN_POINT('',(67.,48.,12.));
#5708 = DIRECTION('',(0.,0.,1.));
#5709 = DIRECTION('',(1.,0.,-0.));
#5710 = ORIENTED_EDGE('',*,*,#5711,.F.);
#5711 = EDGE_CURVE('',#5510,#5703,#5712,.T.);
#5712 = LINE('',#5713,#5714);
#5713 = CARTESIAN_POINT('',(0.,50.,12.));
#5714 = VECTOR('',#5715,1.);
#5715 = DIRECTION('',(1.,0.,-0.));
#5716 = ORIENTED_EDGE('',*,*,#5509,.T.);
#5717 = ORIENTED_EDGE('',*,*,#5500,.T.);
#5718 = ORIENTED_EDGE('',*,*,#5491,.T.);
#5719 = PLANE('',#5720);
#5720 = AXIS2_PLACEMENT_3D('',#5721,#5722,#5723);
#5721 = CARTESIAN_POINT('',(35.514588714957,30.609933322221,12.));
#5722 = DIRECTION('',(0.,0.,1.));
#5723 = DIRECTION('',(1.,0.,-0.));
#5724 = ADVANCED_FACE('',(#5725),#5766,.T.);
#5725 = FACE_BOUND('',#5726,.T.);
#5726 = EDGE_LOOP('',(#5727,#5728,#5736,#5742,#5743,#5751,#5759,#5765));
#5727 = ORIENTED_EDGE('',*,*,#4861,.F.);
#5728 = ORIENTED_EDGE('',*,*,#5729,.T.);
#5729 = EDGE_CURVE('',#4854,#5730,#5732,.T.);
#5730 = VERTEX_POINT('',#5731);
#5731 = CARTESIAN_POINT('',(69.,11.5,0.));
#5732 = LINE('',#5733,#5734);
#5733 = CARTESIAN_POINT('',(0.,11.5,0.));
#5734 = VECTOR('',#5735,1.);
#5735 = DIRECTION('',(1.,0.,-0.));
#5736 = ORIENTED_EDGE('',*,*,#5737,.T.);
#5737 = EDGE_CURVE('',#5730,#5631,#5738,.T.);
#5738 = LINE('',#5739,#5740);
#5739 = CARTESIAN_POINT('',(69.,11.5,0.));
#5740 = VECTOR('',#5741,1.);
#5741 = DIRECTION('',(0.,0.,1.));
#5742 = ORIENTED_EDGE('',*,*,#5630,.F.);
#5743 = ORIENTED_EDGE('',*,*,#5744,.F.);
#5744 = EDGE_CURVE('',#5745,#5623,#5747,.T.);
#5745 = VERTEX_POINT('',#5746);
#5746 = CARTESIAN_POINT('',(9.5,11.5,9.5));
#5747 = LINE('',#5748,#5749);
#5748 = CARTESIAN_POINT('',(9.5,11.5,7.75));
#5749 = VECTOR('',#5750,1.);
#5750 = DIRECTION('',(0.,-0.,1.));
#5751 = ORIENTED_EDGE('',*,*,#5752,.T.);
#5752 = EDGE_CURVE('',#5745,#5753,#5755,.T.);
#5753 = VERTEX_POINT('',#5754);
#5754 = CARTESIAN_POINT('',(2.5,11.5,9.5));
#5755 = LINE('',#5756,#5757);
#5756 = CARTESIAN_POINT('',(18.5,11.5,9.5));
#5757 = VECTOR('',#5758,1.);
#5758 = DIRECTION('',(-1.,0.,0.));
#5759 = ORIENTED_EDGE('',*,*,#5760,.T.);
#5760 = EDGE_CURVE('',#5753,#5535,#5761,.T.);
#5761 = LINE('',#5762,#5763);
#5762 = CARTESIAN_POINT('',(2.5,11.5,7.75));
#5763 = VECTOR('',#5764,1.);
#5764 = DIRECTION('',(0.,-0.,1.));
#5765 = ORIENTED_EDGE('',*,*,#5534,.F.);
#5766 = PLANE('',#5767);
#5767 = AXIS2_PLACEMENT_3D('',#5768,#5769,#5770);
#5768 = CARTESIAN_POINT('',(34.5,11.5,6.));
#5769 = DIRECTION('',(-0.,-1.,-0.));
#5770 = DIRECTION('',(0.,0.,-1.));
#5771 = ADVANCED_FACE('',(#5772,#5872,#5883,#5894,#5928,#5939),#5973,.T.
  );
#5772 = FACE_BOUND('',#5773,.T.);
#5773 = EDGE_LOOP('',(#5774,#5775,#5784,#5792,#5800,#5808,#5816,#5824,
    #5832,#5840,#5848,#5856,#5865,#5871));
#5774 = ORIENTED_EDGE('',*,*,#4853,.F.);
#5775 = ORIENTED_EDGE('',*,*,#5776,.T.);
#5776 = EDGE_CURVE('',#4846,#5777,#5779,.T.);
#5777 = VERTEX_POINT('',#5778);
#5778 = CARTESIAN_POINT('',(2.,-4.440892098501E-16,0.));
#5779 = CIRCLE('',#5780,2.);
#5780 = AXIS2_PLACEMENT_3D('',#5781,#5782,#5783);
#5781 = CARTESIAN_POINT('',(2.,2.,0.));
#5782 = DIRECTION('',(0.,0.,1.));
#5783 = DIRECTION('',(0.,-1.,0.));
#5784 = ORIENTED_EDGE('',*,*,#5785,.T.);
#5785 = EDGE_CURVE('',#5777,#5786,#5788,.T.);
#5786 = VERTEX_POINT('',#5787);
#5787 = CARTESIAN_POINT('',(28.,0.,0.));
#5788 = LINE('',#5789,#5790);
#5789 = CARTESIAN_POINT('',(0.,0.,0.));
#5790 = VECTOR('',#5791,1.);
#5791 = DIRECTION('',(1.,0.,-0.));
#5792 = ORIENTED_EDGE('',*,*,#5793,.T.);
#5793 = EDGE_CURVE('',#5786,#5794,#5796,.T.);
#5794 = VERTEX_POINT('',#5795);
#5795 = CARTESIAN_POINT('',(28.,0.7,0.));
#5796 = LINE('',#5797,#5798);
#5797 = CARTESIAN_POINT('',(28.,0.,0.));
#5798 = VECTOR('',#5799,1.);
#5799 = DIRECTION('',(-0.,1.,0.));
#5800 = ORIENTED_EDGE('',*,*,#5801,.T.);
#5801 = EDGE_CURVE('',#5794,#5802,#5804,.T.);
#5802 = VERTEX_POINT('',#5803);
#5803 = CARTESIAN_POINT('',(36.,0.7,0.));
#5804 = LINE('',#5805,#5806);
#5805 = CARTESIAN_POINT('',(28.,0.7,0.));
#5806 = VECTOR('',#5807,1.);
#5807 = DIRECTION('',(1.,0.,-0.));
#5808 = ORIENTED_EDGE('',*,*,#5809,.F.);
#5809 = EDGE_CURVE('',#5810,#5802,#5812,.T.);
#5810 = VERTEX_POINT('',#5811);
#5811 = CARTESIAN_POINT('',(36.,0.,0.));
#5812 = LINE('',#5813,#5814);
#5813 = CARTESIAN_POINT('',(36.,0.,0.));
#5814 = VECTOR('',#5815,1.);
#5815 = DIRECTION('',(-0.,1.,0.));
#5816 = ORIENTED_EDGE('',*,*,#5817,.T.);
#5817 = EDGE_CURVE('',#5810,#5818,#5820,.T.);
#5818 = VERTEX_POINT('',#5819);
#5819 = CARTESIAN_POINT('',(46.,0.,0.));
#5820 = LINE('',#5821,#5822);
#5821 = CARTESIAN_POINT('',(0.,0.,0.));
#5822 = VECTOR('',#5823,1.);
#5823 = DIRECTION('',(1.,0.,-0.));
#5824 = ORIENTED_EDGE('',*,*,#5825,.T.);
#5825 = EDGE_CURVE('',#5818,#5826,#5828,.T.);
#5826 = VERTEX_POINT('',#5827);
#5827 = CARTESIAN_POINT('',(46.,0.7,0.));
#5828 = LINE('',#5829,#5830);
#5829 = CARTESIAN_POINT('',(46.,0.,0.));
#5830 = VECTOR('',#5831,1.);
#5831 = DIRECTION('',(-0.,1.,0.));
#5832 = ORIENTED_EDGE('',*,*,#5833,.T.);
#5833 = EDGE_CURVE('',#5826,#5834,#5836,.T.);
#5834 = VERTEX_POINT('',#5835);
#5835 = CARTESIAN_POINT('',(54.,0.7,0.));
#5836 = LINE('',#5837,#5838);
#5837 = CARTESIAN_POINT('',(46.,0.7,0.));
#5838 = VECTOR('',#5839,1.);
#5839 = DIRECTION('',(1.,0.,-0.));
#5840 = ORIENTED_EDGE('',*,*,#5841,.F.);
#5841 = EDGE_CURVE('',#5842,#5834,#5844,.T.);
#5842 = VERTEX_POINT('',#5843);
#5843 = CARTESIAN_POINT('',(54.,0.,0.));
#5844 = LINE('',#5845,#5846);
#5845 = CARTESIAN_POINT('',(54.,0.,0.));
#5846 = VECTOR('',#5847,1.);
#5847 = DIRECTION('',(-0.,1.,0.));
#5848 = ORIENTED_EDGE('',*,*,#5849,.T.);
#5849 = EDGE_CURVE('',#5842,#5850,#5852,.T.);
#5850 = VERTEX_POINT('',#5851);
#5851 = CARTESIAN_POINT('',(67.,-4.440892098501E-16,0.));
#5852 = LINE('',#5853,#5854);
#5853 = CARTESIAN_POINT('',(0.,0.,0.));
#5854 = VECTOR('',#5855,1.);
#5855 = DIRECTION('',(1.,0.,-0.));
#5856 = ORIENTED_EDGE('',*,*,#5857,.F.);
#5857 = EDGE_CURVE('',#5858,#5850,#5860,.T.);
#5858 = VERTEX_POINT('',#5859);
#5859 = CARTESIAN_POINT('',(69.,2.,0.));
#5860 = CIRCLE('',#5861,2.);
#5861 = AXIS2_PLACEMENT_3D('',#5862,#5863,#5864);
#5862 = CARTESIAN_POINT('',(67.,2.,0.));
#5863 = DIRECTION('',(-0.,-0.,-1.));
#5864 = DIRECTION('',(0.,-1.,0.));
#5865 = ORIENTED_EDGE('',*,*,#5866,.T.);
#5866 = EDGE_CURVE('',#5858,#5730,#5867,.T.);
#5867 = LINE('',#5868,#5869);
#5868 = CARTESIAN_POINT('',(69.,0.,0.));
#5869 = VECTOR('',#5870,1.);
#5870 = DIRECTION('',(-0.,1.,0.));
#5871 = ORIENTED_EDGE('',*,*,#5729,.F.);
#5872 = FACE_BOUND('',#5873,.T.);
#5873 = EDGE_LOOP('',(#5874));
#5874 = ORIENTED_EDGE('',*,*,#5875,.F.);
#5875 = EDGE_CURVE('',#5876,#5876,#5878,.T.);
#5876 = VERTEX_POINT('',#5877);
#5877 = CARTESIAN_POINT('',(28.8,4.2,0.));
#5878 = CIRCLE('',#5879,1.3);
#5879 = AXIS2_PLACEMENT_3D('',#5880,#5881,#5882);
#5880 = CARTESIAN_POINT('',(27.5,4.2,0.));
#5881 = DIRECTION('',(0.,0.,1.));
#5882 = DIRECTION('',(1.,0.,-0.));
#5883 = FACE_BOUND('',#5884,.T.);
#5884 = EDGE_LOOP('',(#5885));
#5885 = ORIENTED_EDGE('',*,*,#5886,.F.);
#5886 = EDGE_CURVE('',#5887,#5887,#5889,.T.);
#5887 = VERTEX_POINT('',#5888);
#5888 = CARTESIAN_POINT('',(57.8,4.2,0.));
#5889 = CIRCLE('',#5890,1.3);
#5890 = AXIS2_PLACEMENT_3D('',#5891,#5892,#5893);
#5891 = CARTESIAN_POINT('',(56.5,4.2,0.));
#5892 = DIRECTION('',(0.,0.,1.));
#5893 = DIRECTION('',(1.,0.,-0.));
#5894 = FACE_BOUND('',#5895,.T.);
#5895 = EDGE_LOOP('',(#5896,#5906,#5914,#5922));
#5896 = ORIENTED_EDGE('',*,*,#5897,.F.);
#5897 = EDGE_CURVE('',#5898,#5900,#5902,.T.);
#5898 = VERTEX_POINT('',#5899);
#5899 = CARTESIAN_POINT('',(23.9,3.,0.));
#5900 = VERTEX_POINT('',#5901);
#5901 = CARTESIAN_POINT('',(25.1,3.,0.));
#5902 = LINE('',#5903,#5904);
#5903 = CARTESIAN_POINT('',(23.9,3.,0.));
#5904 = VECTOR('',#5905,1.);
#5905 = DIRECTION('',(1.,0.,-0.));
#5906 = ORIENTED_EDGE('',*,*,#5907,.T.);
#5907 = EDGE_CURVE('',#5898,#5908,#5910,.T.);
#5908 = VERTEX_POINT('',#5909);
#5909 = CARTESIAN_POINT('',(23.9,7.,0.));
#5910 = LINE('',#5911,#5912);
#5911 = CARTESIAN_POINT('',(23.9,3.,0.));
#5912 = VECTOR('',#5913,1.);
#5913 = DIRECTION('',(-0.,1.,0.));
#5914 = ORIENTED_EDGE('',*,*,#5915,.T.);
#5915 = EDGE_CURVE('',#5908,#5916,#5918,.T.);
#5916 = VERTEX_POINT('',#5917);
#5917 = CARTESIAN_POINT('',(25.1,7.,0.));
#5918 = LINE('',#5919,#5920);
#5919 = CARTESIAN_POINT('',(23.9,7.,0.));
#5920 = VECTOR('',#5921,1.);
#5921 = DIRECTION('',(1.,0.,-0.));
#5922 = ORIENTED_EDGE('',*,*,#5923,.F.);
#5923 = EDGE_CURVE('',#5900,#5916,#5924,.T.);
#5924 = LINE('',#5925,#5926);
#5925 = CARTESIAN_POINT('',(25.1,3.,0.));
#5926 = VECTOR('',#5927,1.);
#5927 = DIRECTION('',(-0.,1.,0.));
#5928 = FACE_BOUND('',#5929,.T.);
#5929 = EDGE_LOOP('',(#5930));
#5930 = ORIENTED_EDGE('',*,*,#5931,.F.);
#5931 = EDGE_CURVE('',#5932,#5932,#5934,.T.);
#5932 = VERTEX_POINT('',#5933);
#5933 = CARTESIAN_POINT('',(44.9,4.87,0.));
#5934 = CIRCLE('',#5935,2.9);
#5935 = AXIS2_PLACEMENT_3D('',#5936,#5937,#5938);
#5936 = CARTESIAN_POINT('',(42.,4.87,0.));
#5937 = DIRECTION('',(0.,0.,1.));
#5938 = DIRECTION('',(1.,0.,-0.));
#5939 = FACE_BOUND('',#5940,.T.);
#5940 = EDGE_LOOP('',(#5941,#5951,#5959,#5967));
#5941 = ORIENTED_EDGE('',*,*,#5942,.F.);
#5942 = EDGE_CURVE('',#5943,#5945,#5947,.T.);
#5943 = VERTEX_POINT('',#5944);
#5944 = CARTESIAN_POINT('',(58.9,3.,0.));
#5945 = VERTEX_POINT('',#5946);
#5946 = CARTESIAN_POINT('',(60.1,3.,0.));
#5947 = LINE('',#5948,#5949);
#5948 = CARTESIAN_POINT('',(58.9,3.,0.));
#5949 = VECTOR('',#5950,1.);
#5950 = DIRECTION('',(1.,0.,-0.));
#5951 = ORIENTED_EDGE('',*,*,#5952,.T.);
#5952 = EDGE_CURVE('',#5943,#5953,#5955,.T.);
#5953 = VERTEX_POINT('',#5954);
#5954 = CARTESIAN_POINT('',(58.9,7.,0.));
#5955 = LINE('',#5956,#5957);
#5956 = CARTESIAN_POINT('',(58.9,3.,0.));
#5957 = VECTOR('',#5958,1.);
#5958 = DIRECTION('',(-0.,1.,0.));
#5959 = ORIENTED_EDGE('',*,*,#5960,.T.);
#5960 = EDGE_CURVE('',#5953,#5961,#5963,.T.);
#5961 = VERTEX_POINT('',#5962);
#5962 = CARTESIAN_POINT('',(60.1,7.,0.));
#5963 = LINE('',#5964,#5965);
#5964 = CARTESIAN_POINT('',(58.9,7.,0.));
#5965 = VECTOR('',#5966,1.);
#5966 = DIRECTION('',(1.,0.,-0.));
#5967 = ORIENTED_EDGE('',*,*,#5968,.F.);
#5968 = EDGE_CURVE('',#5945,#5961,#5969,.T.);
#5969 = LINE('',#5970,#5971);
#5970 = CARTESIAN_POINT('',(60.1,3.,0.));
#5971 = VECTOR('',#5972,1.);
#5972 = DIRECTION('',(-0.,1.,0.));
#5973 = PLANE('',#5974);
#5974 = AXIS2_PLACEMENT_3D('',#5975,#5976,#5977);
#5975 = CARTESIAN_POINT('',(0.,0.,0.));
#5976 = DIRECTION('',(0.,0.,1.));
#5977 = DIRECTION('',(1.,0.,-0.));
#5978 = ADVANCED_FACE('',(#5979),#5990,.F.);
#5979 = FACE_BOUND('',#5980,.F.);
#5980 = EDGE_LOOP('',(#5981,#5982,#5983,#5989));
#5981 = ORIENTED_EDGE('',*,*,#4845,.F.);
#5982 = ORIENTED_EDGE('',*,*,#5776,.T.);
#5983 = ORIENTED_EDGE('',*,*,#5984,.T.);
#5984 = EDGE_CURVE('',#5777,#5336,#5985,.T.);
#5985 = LINE('',#5986,#5987);
#5986 = CARTESIAN_POINT('',(2.,-4.440892098501E-16,0.));
#5987 = VECTOR('',#5988,1.);
#5988 = DIRECTION('',(0.,0.,1.));
#5989 = ORIENTED_EDGE('',*,*,#5335,.F.);
#5990 = CYLINDRICAL_SURFACE('',#5991,2.);
#5991 = AXIS2_PLACEMENT_3D('',#5992,#5993,#5994);
#5992 = CARTESIAN_POINT('',(2.,2.,0.));
#5993 = DIRECTION('',(0.,0.,1.));
#5994 = DIRECTION('',(-1.,-0.,0.));
#5995 = ADVANCED_FACE('',(#5996),#6015,.F.);
#5996 = FACE_BOUND('',#5997,.F.);
#5997 = EDGE_LOOP('',(#5998,#6007,#6013,#6014));
#5998 = ORIENTED_EDGE('',*,*,#5999,.F.);
#5999 = EDGE_CURVE('',#6000,#6000,#6002,.T.);
#6000 = VERTEX_POINT('',#6001);
#6001 = CARTESIAN_POINT('',(-4.6,7.5,20.5));
#6002 = CIRCLE('',#6003,1.);
#6003 = AXIS2_PLACEMENT_3D('',#6004,#6005,#6006);
#6004 = CARTESIAN_POINT('',(-4.6,7.5,19.5));
#6005 = DIRECTION('',(1.,0.,0.));
#6006 = DIRECTION('',(-0.,0.,1.));
#6007 = ORIENTED_EDGE('',*,*,#6008,.F.);
#6008 = EDGE_CURVE('',#4933,#6000,#6009,.T.);
#6009 = LINE('',#6010,#6011);
#6010 = CARTESIAN_POINT('',(-8.6,7.5,20.5));
#6011 = VECTOR('',#6012,1.);
#6012 = DIRECTION('',(1.,0.,0.));
#6013 = ORIENTED_EDGE('',*,*,#4932,.T.);
#6014 = ORIENTED_EDGE('',*,*,#6008,.T.);
#6015 = CYLINDRICAL_SURFACE('',#6016,1.);
#6016 = AXIS2_PLACEMENT_3D('',#6017,#6018,#6019);
#6017 = CARTESIAN_POINT('',(-8.6,7.5,19.5));
#6018 = DIRECTION('',(1.,0.,0.));
#6019 = DIRECTION('',(-0.,0.,1.));
#6020 = ADVANCED_FACE('',(#6021),#6040,.F.);
#6021 = FACE_BOUND('',#6022,.F.);
#6022 = EDGE_LOOP('',(#6023,#6024,#6032,#6039));
#6023 = ORIENTED_EDGE('',*,*,#4952,.F.);
#6024 = ORIENTED_EDGE('',*,*,#6025,.F.);
#6025 = EDGE_CURVE('',#6026,#4953,#6028,.T.);
#6026 = VERTEX_POINT('',#6027);
#6027 = CARTESIAN_POINT('',(72.2,25.,19.3));
#6028 = LINE('',#6029,#6030);
#6029 = CARTESIAN_POINT('',(72.2,25.,19.3));
#6030 = VECTOR('',#6031,1.);
#6031 = DIRECTION('',(0.707106781187,1.731912112471E-16,0.707106781187)
  );
#6032 = ORIENTED_EDGE('',*,*,#6033,.T.);
#6033 = EDGE_CURVE('',#6026,#6026,#6034,.T.);
#6034 = CIRCLE('',#6035,6.3);
#6035 = AXIS2_PLACEMENT_3D('',#6036,#6037,#6038);
#6036 = CARTESIAN_POINT('',(72.2,25.,13.));
#6037 = DIRECTION('',(1.,0.,0.));
#6038 = DIRECTION('',(-0.,0.,1.));
#6039 = ORIENTED_EDGE('',*,*,#6025,.T.);
#6040 = CONICAL_SURFACE('',#6041,6.3,0.785398163397);
#6041 = AXIS2_PLACEMENT_3D('',#6042,#6043,#6044);
#6042 = CARTESIAN_POINT('',(72.2,25.,13.));
#6043 = DIRECTION('',(1.,0.,0.));
#6044 = DIRECTION('',(-0.,0.,1.));
#6045 = ADVANCED_FACE('',(#6046),#6065,.F.);
#6046 = FACE_BOUND('',#6047,.F.);
#6047 = EDGE_LOOP('',(#6048,#6049,#6057,#6064));
#6048 = ORIENTED_EDGE('',*,*,#4972,.T.);
#6049 = ORIENTED_EDGE('',*,*,#6050,.T.);
#6050 = EDGE_CURVE('',#4973,#6051,#6053,.T.);
#6051 = VERTEX_POINT('',#6052);
#6052 = CARTESIAN_POINT('',(75.3,-4.5,-3.5));
#6053 = LINE('',#6054,#6055);
#6054 = CARTESIAN_POINT('',(75.3,-4.5,-10.));
#6055 = VECTOR('',#6056,1.);
#6056 = DIRECTION('',(0.,0.,1.));
#6057 = ORIENTED_EDGE('',*,*,#6058,.F.);
#6058 = EDGE_CURVE('',#6051,#6051,#6059,.T.);
#6059 = CIRCLE('',#6060,1.8);
#6060 = AXIS2_PLACEMENT_3D('',#6061,#6062,#6063);
#6061 = CARTESIAN_POINT('',(73.5,-4.5,-3.5));
#6062 = DIRECTION('',(0.,0.,1.));
#6063 = DIRECTION('',(1.,0.,-0.));
#6064 = ORIENTED_EDGE('',*,*,#6050,.F.);
#6065 = CYLINDRICAL_SURFACE('',#6066,1.8);
#6066 = AXIS2_PLACEMENT_3D('',#6067,#6068,#6069);
#6067 = CARTESIAN_POINT('',(73.5,-4.5,-10.));
#6068 = DIRECTION('',(0.,0.,1.));
#6069 = DIRECTION('',(1.,0.,-0.));
#6070 = ADVANCED_FACE('',(#6071),#6090,.F.);
#6071 = FACE_BOUND('',#6072,.F.);
#6072 = EDGE_LOOP('',(#6073,#6074,#6082,#6089));
#6073 = ORIENTED_EDGE('',*,*,#4992,.T.);
#6074 = ORIENTED_EDGE('',*,*,#6075,.T.);
#6075 = EDGE_CURVE('',#4993,#6076,#6078,.T.);
#6076 = VERTEX_POINT('',#6077);
#6077 = CARTESIAN_POINT('',(-2.7,-4.5,-3.5));
#6078 = LINE('',#6079,#6080);
#6079 = CARTESIAN_POINT('',(-2.7,-4.5,-10.));
#6080 = VECTOR('',#6081,1.);
#6081 = DIRECTION('',(0.,0.,1.));
#6082 = ORIENTED_EDGE('',*,*,#6083,.F.);
#6083 = EDGE_CURVE('',#6076,#6076,#6084,.T.);
#6084 = CIRCLE('',#6085,1.8);
#6085 = AXIS2_PLACEMENT_3D('',#6086,#6087,#6088);
#6086 = CARTESIAN_POINT('',(-4.5,-4.5,-3.5));
#6087 = DIRECTION('',(0.,0.,1.));
#6088 = DIRECTION('',(1.,0.,-0.));
#6089 = ORIENTED_EDGE('',*,*,#6075,.F.);
#6090 = CYLINDRICAL_SURFACE('',#6091,1.8);
#6091 = AXIS2_PLACEMENT_3D('',#6092,#6093,#6094);
#6092 = CARTESIAN_POINT('',(-4.5,-4.5,-10.));
#6093 = DIRECTION('',(0.,0.,1.));
#6094 = DIRECTION('',(1.,0.,-0.));
#6095 = ADVANCED_FACE('',(#6096),#6115,.F.);
#6096 = FACE_BOUND('',#6097,.F.);
#6097 = EDGE_LOOP('',(#6098,#6099,#6107,#6114));
#6098 = ORIENTED_EDGE('',*,*,#5012,.T.);
#6099 = ORIENTED_EDGE('',*,*,#6100,.T.);
#6100 = EDGE_CURVE('',#5013,#6101,#6103,.T.);
#6101 = VERTEX_POINT('',#6102);
#6102 = CARTESIAN_POINT('',(75.3,54.5,-3.5));
#6103 = LINE('',#6104,#6105);
#6104 = CARTESIAN_POINT('',(75.3,54.5,-10.));
#6105 = VECTOR('',#6106,1.);
#6106 = DIRECTION('',(0.,0.,1.));
#6107 = ORIENTED_EDGE('',*,*,#6108,.F.);
#6108 = EDGE_CURVE('',#6101,#6101,#6109,.T.);
#6109 = CIRCLE('',#6110,1.8);
#6110 = AXIS2_PLACEMENT_3D('',#6111,#6112,#6113);
#6111 = CARTESIAN_POINT('',(73.5,54.5,-3.5));
#6112 = DIRECTION('',(0.,0.,1.));
#6113 = DIRECTION('',(1.,0.,-0.));
#6114 = ORIENTED_EDGE('',*,*,#6100,.F.);
#6115 = CYLINDRICAL_SURFACE('',#6116,1.8);
#6116 = AXIS2_PLACEMENT_3D('',#6117,#6118,#6119);
#6117 = CARTESIAN_POINT('',(73.5,54.5,-10.));
#6118 = DIRECTION('',(0.,0.,1.));
#6119 = DIRECTION('',(1.,0.,-0.));
#6120 = ADVANCED_FACE('',(#6121),#6140,.F.);
#6121 = FACE_BOUND('',#6122,.F.);
#6122 = EDGE_LOOP('',(#6123,#6124,#6132,#6139));
#6123 = ORIENTED_EDGE('',*,*,#5032,.T.);
#6124 = ORIENTED_EDGE('',*,*,#6125,.T.);
#6125 = EDGE_CURVE('',#5033,#6126,#6128,.T.);
#6126 = VERTEX_POINT('',#6127);
#6127 = CARTESIAN_POINT('',(-2.7,54.5,-3.5));
#6128 = LINE('',#6129,#6130);
#6129 = CARTESIAN_POINT('',(-2.7,54.5,-10.));
#6130 = VECTOR('',#6131,1.);
#6131 = DIRECTION('',(0.,0.,1.));
#6132 = ORIENTED_EDGE('',*,*,#6133,.F.);
#6133 = EDGE_CURVE('',#6126,#6126,#6134,.T.);
#6134 = CIRCLE('',#6135,1.8);
#6135 = AXIS2_PLACEMENT_3D('',#6136,#6137,#6138);
#6136 = CARTESIAN_POINT('',(-4.5,54.5,-3.5));
#6137 = DIRECTION('',(0.,0.,1.));
#6138 = DIRECTION('',(1.,0.,-0.));
#6139 = ORIENTED_EDGE('',*,*,#6125,.F.);
#6140 = CYLINDRICAL_SURFACE('',#6141,1.8);
#6141 = AXIS2_PLACEMENT_3D('',#6142,#6143,#6144);
#6142 = CARTESIAN_POINT('',(-4.5,54.5,-10.));
#6143 = DIRECTION('',(0.,0.,1.));
#6144 = DIRECTION('',(1.,0.,-0.));
#6145 = ADVANCED_FACE('',(#6146),#6165,.F.);
#6146 = FACE_BOUND('',#6147,.F.);
#6147 = EDGE_LOOP('',(#6148,#6149,#6157,#6164));
#6148 = ORIENTED_EDGE('',*,*,#5052,.F.);
#6149 = ORIENTED_EDGE('',*,*,#6150,.F.);
#6150 = EDGE_CURVE('',#6151,#5053,#6153,.T.);
#6151 = VERTEX_POINT('',#6152);
#6152 = CARTESIAN_POINT('',(-3.15,-4.5,-3.5));
#6153 = LINE('',#6154,#6155);
#6154 = CARTESIAN_POINT('',(-3.15,-4.5,-3.5));
#6155 = VECTOR('',#6156,1.);
#6156 = DIRECTION('',(0.,0.,1.));
#6157 = ORIENTED_EDGE('',*,*,#6158,.T.);
#6158 = EDGE_CURVE('',#6151,#6151,#6159,.T.);
#6159 = CIRCLE('',#6160,1.35);
#6160 = AXIS2_PLACEMENT_3D('',#6161,#6162,#6163);
#6161 = CARTESIAN_POINT('',(-4.5,-4.5,-3.5));
#6162 = DIRECTION('',(0.,0.,1.));
#6163 = DIRECTION('',(1.,0.,-0.));
#6164 = ORIENTED_EDGE('',*,*,#6150,.T.);
#6165 = CYLINDRICAL_SURFACE('',#6166,1.35);
#6166 = AXIS2_PLACEMENT_3D('',#6167,#6168,#6169);
#6167 = CARTESIAN_POINT('',(-4.5,-4.5,-3.5));
#6168 = DIRECTION('',(0.,0.,1.));
#6169 = DIRECTION('',(1.,0.,-0.));
#6170 = ADVANCED_FACE('',(#6171),#6190,.F.);
#6171 = FACE_BOUND('',#6172,.F.);
#6172 = EDGE_LOOP('',(#6173,#6174,#6182,#6189));
#6173 = ORIENTED_EDGE('',*,*,#5072,.F.);
#6174 = ORIENTED_EDGE('',*,*,#6175,.F.);
#6175 = EDGE_CURVE('',#6176,#5073,#6178,.T.);
#6176 = VERTEX_POINT('',#6177);
#6177 = CARTESIAN_POINT('',(74.85,-4.5,-3.5));
#6178 = LINE('',#6179,#6180);
#6179 = CARTESIAN_POINT('',(74.85,-4.5,-3.5));
#6180 = VECTOR('',#6181,1.);
#6181 = DIRECTION('',(0.,0.,1.));
#6182 = ORIENTED_EDGE('',*,*,#6183,.T.);
#6183 = EDGE_CURVE('',#6176,#6176,#6184,.T.);
#6184 = CIRCLE('',#6185,1.35);
#6185 = AXIS2_PLACEMENT_3D('',#6186,#6187,#6188);
#6186 = CARTESIAN_POINT('',(73.5,-4.5,-3.5));
#6187 = DIRECTION('',(0.,0.,1.));
#6188 = DIRECTION('',(1.,0.,-0.));
#6189 = ORIENTED_EDGE('',*,*,#6175,.T.);
#6190 = CYLINDRICAL_SURFACE('',#6191,1.35);
#6191 = AXIS2_PLACEMENT_3D('',#6192,#6193,#6194);
#6192 = CARTESIAN_POINT('',(73.5,-4.5,-3.5));
#6193 = DIRECTION('',(0.,0.,1.));
#6194 = DIRECTION('',(1.,0.,-0.));
#6195 = ADVANCED_FACE('',(#6196),#6215,.F.);
#6196 = FACE_BOUND('',#6197,.F.);
#6197 = EDGE_LOOP('',(#6198,#6199,#6207,#6214));
#6198 = ORIENTED_EDGE('',*,*,#5092,.F.);
#6199 = ORIENTED_EDGE('',*,*,#6200,.F.);
#6200 = EDGE_CURVE('',#6201,#5093,#6203,.T.);
#6201 = VERTEX_POINT('',#6202);
#6202 = CARTESIAN_POINT('',(-3.15,54.5,-3.5));
#6203 = LINE('',#6204,#6205);
#6204 = CARTESIAN_POINT('',(-3.15,54.5,-3.5));
#6205 = VECTOR('',#6206,1.);
#6206 = DIRECTION('',(0.,0.,1.));
#6207 = ORIENTED_EDGE('',*,*,#6208,.T.);
#6208 = EDGE_CURVE('',#6201,#6201,#6209,.T.);
#6209 = CIRCLE('',#6210,1.35);
#6210 = AXIS2_PLACEMENT_3D('',#6211,#6212,#6213);
#6211 = CARTESIAN_POINT('',(-4.5,54.5,-3.5));
#6212 = DIRECTION('',(0.,0.,1.));
#6213 = DIRECTION('',(1.,0.,-0.));
#6214 = ORIENTED_EDGE('',*,*,#6200,.T.);
#6215 = CYLINDRICAL_SURFACE('',#6216,1.35);
#6216 = AXIS2_PLACEMENT_3D('',#6217,#6218,#6219);
#6217 = CARTESIAN_POINT('',(-4.5,54.5,-3.5));
#6218 = DIRECTION('',(0.,0.,1.));
#6219 = DIRECTION('',(1.,0.,-0.));
#6220 = ADVANCED_FACE('',(#6221),#6240,.F.);
#6221 = FACE_BOUND('',#6222,.F.);
#6222 = EDGE_LOOP('',(#6223,#6224,#6232,#6239));
#6223 = ORIENTED_EDGE('',*,*,#5308,.F.);
#6224 = ORIENTED_EDGE('',*,*,#6225,.F.);
#6225 = EDGE_CURVE('',#6226,#5309,#6228,.T.);
#6226 = VERTEX_POINT('',#6227);
#6227 = CARTESIAN_POINT('',(74.85,54.5,-3.5));
#6228 = LINE('',#6229,#6230);
#6229 = CARTESIAN_POINT('',(74.85,54.5,-3.5));
#6230 = VECTOR('',#6231,1.);
#6231 = DIRECTION('',(0.,0.,1.));
#6232 = ORIENTED_EDGE('',*,*,#6233,.T.);
#6233 = EDGE_CURVE('',#6226,#6226,#6234,.T.);
#6234 = CIRCLE('',#6235,1.35);
#6235 = AXIS2_PLACEMENT_3D('',#6236,#6237,#6238);
#6236 = CARTESIAN_POINT('',(73.5,54.5,-3.5));
#6237 = DIRECTION('',(0.,0.,1.));
#6238 = DIRECTION('',(1.,0.,-0.));
#6239 = ORIENTED_EDGE('',*,*,#6225,.T.);
#6240 = CYLINDRICAL_SURFACE('',#6241,1.35);
#6241 = AXIS2_PLACEMENT_3D('',#6242,#6243,#6244);
#6242 = CARTESIAN_POINT('',(73.5,54.5,-3.5));
#6243 = DIRECTION('',(0.,0.,1.));
#6244 = DIRECTION('',(1.,0.,-0.));
#6245 = ADVANCED_FACE('',(#6246),#6252,.T.);
#6246 = FACE_BOUND('',#6247,.T.);
#6247 = EDGE_LOOP('',(#6248,#6249,#6250,#6251));
#6248 = ORIENTED_EDGE('',*,*,#5435,.F.);
#6249 = ORIENTED_EDGE('',*,*,#5451,.T.);
#6250 = ORIENTED_EDGE('',*,*,#5476,.T.);
#6251 = ORIENTED_EDGE('',*,*,#5353,.F.);
#6252 = PLANE('',#6253);
#6253 = AXIS2_PLACEMENT_3D('',#6254,#6255,#6256);
#6254 = CARTESIAN_POINT('',(1.2,38.5,25.5));
#6255 = DIRECTION('',(1.,0.,-0.));
#6256 = DIRECTION('',(0.,0.,1.));
#6257 = ADVANCED_FACE('',(#6258,#6269),#6303,.F.);
#6258 = FACE_BOUND('',#6259,.F.);
#6259 = EDGE_LOOP('',(#6260,#6261,#6262,#6263));
#6260 = ORIENTED_EDGE('',*,*,#5711,.F.);
#6261 = ORIENTED_EDGE('',*,*,#5518,.T.);
#6262 = ORIENTED_EDGE('',*,*,#5377,.F.);
#6263 = ORIENTED_EDGE('',*,*,#6264,.F.);
#6264 = EDGE_CURVE('',#5703,#5378,#6265,.T.);
#6265 = LINE('',#6266,#6267);
#6266 = CARTESIAN_POINT('',(67.,50.,0.));
#6267 = VECTOR('',#6268,1.);
#6268 = DIRECTION('',(0.,0.,1.));
#6269 = FACE_BOUND('',#6270,.F.);
#6270 = EDGE_LOOP('',(#6271,#6281,#6289,#6297));
#6271 = ORIENTED_EDGE('',*,*,#6272,.F.);
#6272 = EDGE_CURVE('',#6273,#6275,#6277,.T.);
#6273 = VERTEX_POINT('',#6274);
#6274 = CARTESIAN_POINT('',(27.,50.,13.6));
#6275 = VERTEX_POINT('',#6276);
#6276 = CARTESIAN_POINT('',(27.,50.,19.3));
#6277 = LINE('',#6278,#6279);
#6278 = CARTESIAN_POINT('',(27.,50.,13.6));
#6279 = VECTOR('',#6280,1.);
#6280 = DIRECTION('',(0.,0.,1.));
#6281 = ORIENTED_EDGE('',*,*,#6282,.T.);
#6282 = EDGE_CURVE('',#6273,#6283,#6285,.T.);
#6283 = VERTEX_POINT('',#6284);
#6284 = CARTESIAN_POINT('',(57.,50.,13.6));
#6285 = LINE('',#6286,#6287);
#6286 = CARTESIAN_POINT('',(27.,50.,13.6));
#6287 = VECTOR('',#6288,1.);
#6288 = DIRECTION('',(1.,0.,-0.));
#6289 = ORIENTED_EDGE('',*,*,#6290,.T.);
#6290 = EDGE_CURVE('',#6283,#6291,#6293,.T.);
#6291 = VERTEX_POINT('',#6292);
#6292 = CARTESIAN_POINT('',(57.,50.,19.3));
#6293 = LINE('',#6294,#6295);
#6294 = CARTESIAN_POINT('',(57.,50.,13.6));
#6295 = VECTOR('',#6296,1.);
#6296 = DIRECTION('',(0.,0.,1.));
#6297 = ORIENTED_EDGE('',*,*,#6298,.F.);
#6298 = EDGE_CURVE('',#6275,#6291,#6299,.T.);
#6299 = LINE('',#6300,#6301);
#6300 = CARTESIAN_POINT('',(27.,50.,19.3));
#6301 = VECTOR('',#6302,1.);
#6302 = DIRECTION('',(1.,0.,-0.));
#6303 = PLANE('',#6304);
#6304 = AXIS2_PLACEMENT_3D('',#6305,#6306,#6307);
#6305 = CARTESIAN_POINT('',(0.,50.,0.));
#6306 = DIRECTION('',(-0.,1.,0.));
#6307 = DIRECTION('',(0.,0.,1.));
#6308 = ADVANCED_FACE('',(#6309),#6337,.F.);
#6309 = FACE_BOUND('',#6310,.F.);
#6310 = EDGE_LOOP('',(#6311,#6319,#6328,#6334,#6335,#6336));
#6311 = ORIENTED_EDGE('',*,*,#6312,.F.);
#6312 = EDGE_CURVE('',#6313,#5386,#6315,.T.);
#6313 = VERTEX_POINT('',#6314);
#6314 = CARTESIAN_POINT('',(69.,48.,0.));
#6315 = LINE('',#6316,#6317);
#6316 = CARTESIAN_POINT('',(69.,48.,0.));
#6317 = VECTOR('',#6318,1.);
#6318 = DIRECTION('',(0.,0.,1.));
#6319 = ORIENTED_EDGE('',*,*,#6320,.T.);
#6320 = EDGE_CURVE('',#6313,#6321,#6323,.T.);
#6321 = VERTEX_POINT('',#6322);
#6322 = CARTESIAN_POINT('',(68.936491673104,48.5,0.));
#6323 = CIRCLE('',#6324,2.);
#6324 = AXIS2_PLACEMENT_3D('',#6325,#6326,#6327);
#6325 = CARTESIAN_POINT('',(67.,48.,0.));
#6326 = DIRECTION('',(0.,0.,1.));
#6327 = DIRECTION('',(0.,-1.,0.));
#6328 = ORIENTED_EDGE('',*,*,#6329,.T.);
#6329 = EDGE_CURVE('',#6321,#5695,#6330,.T.);
#6330 = LINE('',#6331,#6332);
#6331 = CARTESIAN_POINT('',(68.936491673104,48.5,0.));
#6332 = VECTOR('',#6333,1.);
#6333 = DIRECTION('',(0.,0.,1.));
#6334 = ORIENTED_EDGE('',*,*,#5702,.T.);
#6335 = ORIENTED_EDGE('',*,*,#6264,.T.);
#6336 = ORIENTED_EDGE('',*,*,#5385,.F.);
#6337 = CYLINDRICAL_SURFACE('',#6338,2.);
#6338 = AXIS2_PLACEMENT_3D('',#6339,#6340,#6341);
#6339 = CARTESIAN_POINT('',(67.,48.,0.));
#6340 = DIRECTION('',(0.,0.,1.));
#6341 = DIRECTION('',(1.,0.,-0.));
#6342 = ADVANCED_FACE('',(#6343,#6370),#6381,.F.);
#6343 = FACE_BOUND('',#6344,.F.);
#6344 = EDGE_LOOP('',(#6345,#6346,#6352,#6353,#6354,#6355,#6363,#6369));
#6345 = ORIENTED_EDGE('',*,*,#5394,.F.);
#6346 = ORIENTED_EDGE('',*,*,#6347,.F.);
#6347 = EDGE_CURVE('',#5858,#5395,#6348,.T.);
#6348 = LINE('',#6349,#6350);
#6349 = CARTESIAN_POINT('',(69.,2.,0.));
#6350 = VECTOR('',#6351,1.);
#6351 = DIRECTION('',(0.,0.,1.));
#6352 = ORIENTED_EDGE('',*,*,#5866,.T.);
#6353 = ORIENTED_EDGE('',*,*,#5737,.T.);
#6354 = ORIENTED_EDGE('',*,*,#5638,.T.);
#6355 = ORIENTED_EDGE('',*,*,#6356,.F.);
#6356 = EDGE_CURVE('',#6357,#5639,#6359,.T.);
#6357 = VERTEX_POINT('',#6358);
#6358 = CARTESIAN_POINT('',(69.,13.,0.));
#6359 = LINE('',#6360,#6361);
#6360 = CARTESIAN_POINT('',(69.,13.,0.));
#6361 = VECTOR('',#6362,1.);
#6362 = DIRECTION('',(0.,0.,1.));
#6363 = ORIENTED_EDGE('',*,*,#6364,.T.);
#6364 = EDGE_CURVE('',#6357,#6313,#6365,.T.);
#6365 = LINE('',#6366,#6367);
#6366 = CARTESIAN_POINT('',(69.,0.,0.));
#6367 = VECTOR('',#6368,1.);
#6368 = DIRECTION('',(-0.,1.,0.));
#6369 = ORIENTED_EDGE('',*,*,#6312,.T.);
#6370 = FACE_BOUND('',#6371,.F.);
#6371 = EDGE_LOOP('',(#6372));
#6372 = ORIENTED_EDGE('',*,*,#6373,.T.);
#6373 = EDGE_CURVE('',#6374,#6374,#6376,.T.);
#6374 = VERTEX_POINT('',#6375);
#6375 = CARTESIAN_POINT('',(69.,25.,6.3));
#6376 = CIRCLE('',#6377,6.7);
#6377 = AXIS2_PLACEMENT_3D('',#6378,#6379,#6380);
#6378 = CARTESIAN_POINT('',(69.,25.,13.));
#6379 = DIRECTION('',(-1.,-0.,-0.));
#6380 = DIRECTION('',(0.,0.,-1.));
#6381 = PLANE('',#6382);
#6382 = AXIS2_PLACEMENT_3D('',#6383,#6384,#6385);
#6383 = CARTESIAN_POINT('',(69.,0.,0.));
#6384 = DIRECTION('',(1.,0.,-0.));
#6385 = DIRECTION('',(0.,0.,1.));
#6386 = ADVANCED_FACE('',(#6387),#6398,.F.);
#6387 = FACE_BOUND('',#6388,.T.);
#6388 = EDGE_LOOP('',(#6389,#6390,#6391,#6397));
#6389 = ORIENTED_EDGE('',*,*,#6347,.F.);
#6390 = ORIENTED_EDGE('',*,*,#5857,.T.);
#6391 = ORIENTED_EDGE('',*,*,#6392,.T.);
#6392 = EDGE_CURVE('',#5850,#5403,#6393,.T.);
#6393 = LINE('',#6394,#6395);
#6394 = CARTESIAN_POINT('',(67.,-4.440892098501E-16,0.));
#6395 = VECTOR('',#6396,1.);
#6396 = DIRECTION('',(0.,0.,1.));
#6397 = ORIENTED_EDGE('',*,*,#5402,.T.);
#6398 = CYLINDRICAL_SURFACE('',#6399,2.);
#6399 = AXIS2_PLACEMENT_3D('',#6400,#6401,#6402);
#6400 = CARTESIAN_POINT('',(67.,2.,0.));
#6401 = DIRECTION('',(0.,0.,1.));
#6402 = DIRECTION('',(1.,0.,-0.));
#6403 = ADVANCED_FACE('',(#6404),#6456,.T.);
#6404 = FACE_BOUND('',#6405,.T.);
#6405 = EDGE_LOOP('',(#6406,#6407,#6408,#6409,#6410,#6411,#6419,#6427,
    #6433,#6434,#6442,#6450));
#6406 = ORIENTED_EDGE('',*,*,#5785,.F.);
#6407 = ORIENTED_EDGE('',*,*,#5984,.T.);
#6408 = ORIENTED_EDGE('',*,*,#5411,.F.);
#6409 = ORIENTED_EDGE('',*,*,#6392,.F.);
#6410 = ORIENTED_EDGE('',*,*,#5849,.F.);
#6411 = ORIENTED_EDGE('',*,*,#6412,.T.);
#6412 = EDGE_CURVE('',#5842,#6413,#6415,.T.);
#6413 = VERTEX_POINT('',#6414);
#6414 = CARTESIAN_POINT('',(54.,0.,19.3));
#6415 = LINE('',#6416,#6417);
#6416 = CARTESIAN_POINT('',(54.,0.,0.));
#6417 = VECTOR('',#6418,1.);
#6418 = DIRECTION('',(0.,0.,1.));
#6419 = ORIENTED_EDGE('',*,*,#6420,.F.);
#6420 = EDGE_CURVE('',#6421,#6413,#6423,.T.);
#6421 = VERTEX_POINT('',#6422);
#6422 = CARTESIAN_POINT('',(46.,0.,19.3));
#6423 = LINE('',#6424,#6425);
#6424 = CARTESIAN_POINT('',(46.,0.,19.3));
#6425 = VECTOR('',#6426,1.);
#6426 = DIRECTION('',(1.,0.,-0.));
#6427 = ORIENTED_EDGE('',*,*,#6428,.F.);
#6428 = EDGE_CURVE('',#5818,#6421,#6429,.T.);
#6429 = LINE('',#6430,#6431);
#6430 = CARTESIAN_POINT('',(46.,0.,0.));
#6431 = VECTOR('',#6432,1.);
#6432 = DIRECTION('',(0.,0.,1.));
#6433 = ORIENTED_EDGE('',*,*,#5817,.F.);
#6434 = ORIENTED_EDGE('',*,*,#6435,.T.);
#6435 = EDGE_CURVE('',#5810,#6436,#6438,.T.);
#6436 = VERTEX_POINT('',#6437);
#6437 = CARTESIAN_POINT('',(36.,0.,19.3));
#6438 = LINE('',#6439,#6440);
#6439 = CARTESIAN_POINT('',(36.,0.,0.));
#6440 = VECTOR('',#6441,1.);
#6441 = DIRECTION('',(0.,0.,1.));
#6442 = ORIENTED_EDGE('',*,*,#6443,.F.);
#6443 = EDGE_CURVE('',#6444,#6436,#6446,.T.);
#6444 = VERTEX_POINT('',#6445);
#6445 = CARTESIAN_POINT('',(28.,0.,19.3));
#6446 = LINE('',#6447,#6448);
#6447 = CARTESIAN_POINT('',(28.,0.,19.3));
#6448 = VECTOR('',#6449,1.);
#6449 = DIRECTION('',(1.,0.,-0.));
#6450 = ORIENTED_EDGE('',*,*,#6451,.F.);
#6451 = EDGE_CURVE('',#5786,#6444,#6452,.T.);
#6452 = LINE('',#6453,#6454);
#6453 = CARTESIAN_POINT('',(28.,0.,0.));
#6454 = VECTOR('',#6455,1.);
#6455 = DIRECTION('',(0.,0.,1.));
#6456 = PLANE('',#6457);
#6457 = AXIS2_PLACEMENT_3D('',#6458,#6459,#6460);
#6458 = CARTESIAN_POINT('',(0.,0.,0.));
#6459 = DIRECTION('',(-0.,1.,0.));
#6460 = DIRECTION('',(0.,0.,1.));
#6461 = ADVANCED_FACE('',(#6462),#6480,.F.);
#6462 = FACE_BOUND('',#6463,.F.);
#6463 = EDGE_LOOP('',(#6464,#6472,#6478,#6479));
#6464 = ORIENTED_EDGE('',*,*,#6465,.F.);
#6465 = EDGE_CURVE('',#6466,#6321,#6468,.T.);
#6466 = VERTEX_POINT('',#6467);
#6467 = CARTESIAN_POINT('',(59.,48.5,0.));
#6468 = LINE('',#6469,#6470);
#6469 = CARTESIAN_POINT('',(0.,48.5,0.));
#6470 = VECTOR('',#6471,1.);
#6471 = DIRECTION('',(1.,0.,-0.));
#6472 = ORIENTED_EDGE('',*,*,#6473,.T.);
#6473 = EDGE_CURVE('',#6466,#5687,#6474,.T.);
#6474 = LINE('',#6475,#6476);
#6475 = CARTESIAN_POINT('',(59.,48.5,0.));
#6476 = VECTOR('',#6477,1.);
#6477 = DIRECTION('',(0.,0.,1.));
#6478 = ORIENTED_EDGE('',*,*,#5694,.T.);
#6479 = ORIENTED_EDGE('',*,*,#6329,.F.);
#6480 = PLANE('',#6481);
#6481 = AXIS2_PLACEMENT_3D('',#6482,#6483,#6484);
#6482 = CARTESIAN_POINT('',(0.,48.5,0.));
#6483 = DIRECTION('',(-0.,1.,0.));
#6484 = DIRECTION('',(0.,0.,1.));
#6485 = ADVANCED_FACE('',(#6486),#6504,.T.);
#6486 = FACE_BOUND('',#6487,.T.);
#6487 = EDGE_LOOP('',(#6488,#6496,#6502,#6503));
#6488 = ORIENTED_EDGE('',*,*,#6489,.F.);
#6489 = EDGE_CURVE('',#6490,#5679,#6492,.T.);
#6490 = VERTEX_POINT('',#6491);
#6491 = CARTESIAN_POINT('',(59.,47.,0.));
#6492 = LINE('',#6493,#6494);
#6493 = CARTESIAN_POINT('',(59.,47.,0.));
#6494 = VECTOR('',#6495,1.);
#6495 = DIRECTION('',(0.,0.,1.));
#6496 = ORIENTED_EDGE('',*,*,#6497,.T.);
#6497 = EDGE_CURVE('',#6490,#6466,#6498,.T.);
#6498 = LINE('',#6499,#6500);
#6499 = CARTESIAN_POINT('',(59.,11.5,0.));
#6500 = VECTOR('',#6501,1.);
#6501 = DIRECTION('',(-0.,1.,0.));
#6502 = ORIENTED_EDGE('',*,*,#6473,.T.);
#6503 = ORIENTED_EDGE('',*,*,#5686,.F.);
#6504 = PLANE('',#6505);
#6505 = AXIS2_PLACEMENT_3D('',#6506,#6507,#6508);
#6506 = CARTESIAN_POINT('',(59.,11.5,0.));
#6507 = DIRECTION('',(1.,0.,-0.));
#6508 = DIRECTION('',(0.,0.,1.));
#6509 = ADVANCED_FACE('',(#6510),#6544,.T.);
#6510 = FACE_BOUND('',#6511,.T.);
#6511 = EDGE_LOOP('',(#6512,#6520,#6521,#6522,#6530,#6538));
#6512 = ORIENTED_EDGE('',*,*,#6513,.F.);
#6513 = EDGE_CURVE('',#6490,#6514,#6516,.T.);
#6514 = VERTEX_POINT('',#6515);
#6515 = CARTESIAN_POINT('',(60.1,47.,0.));
#6516 = LINE('',#6517,#6518);
#6517 = CARTESIAN_POINT('',(58.9,47.,0.));
#6518 = VECTOR('',#6519,1.);
#6519 = DIRECTION('',(1.,0.,-0.));
#6520 = ORIENTED_EDGE('',*,*,#6489,.T.);
#6521 = ORIENTED_EDGE('',*,*,#5678,.T.);
#6522 = ORIENTED_EDGE('',*,*,#6523,.T.);
#6523 = EDGE_CURVE('',#5671,#6524,#6526,.T.);
#6524 = VERTEX_POINT('',#6525);
#6525 = CARTESIAN_POINT('',(58.9,47.,19.3));
#6526 = LINE('',#6527,#6528);
#6527 = CARTESIAN_POINT('',(58.9,47.,0.));
#6528 = VECTOR('',#6529,1.);
#6529 = DIRECTION('',(0.,0.,1.));
#6530 = ORIENTED_EDGE('',*,*,#6531,.T.);
#6531 = EDGE_CURVE('',#6524,#6532,#6534,.T.);
#6532 = VERTEX_POINT('',#6533);
#6533 = CARTESIAN_POINT('',(60.1,47.,19.3));
#6534 = LINE('',#6535,#6536);
#6535 = CARTESIAN_POINT('',(58.9,47.,19.3));
#6536 = VECTOR('',#6537,1.);
#6537 = DIRECTION('',(1.,0.,-0.));
#6538 = ORIENTED_EDGE('',*,*,#6539,.F.);
#6539 = EDGE_CURVE('',#6514,#6532,#6540,.T.);
#6540 = LINE('',#6541,#6542);
#6541 = CARTESIAN_POINT('',(60.1,47.,0.));
#6542 = VECTOR('',#6543,1.);
#6543 = DIRECTION('',(0.,0.,1.));
#6544 = PLANE('',#6545);
#6545 = AXIS2_PLACEMENT_3D('',#6546,#6547,#6548);
#6546 = CARTESIAN_POINT('',(58.9,47.,0.));
#6547 = DIRECTION('',(-0.,1.,0.));
#6548 = DIRECTION('',(0.,0.,1.));
#6549 = ADVANCED_FACE('',(#6550),#6568,.F.);
#6550 = FACE_BOUND('',#6551,.F.);
#6551 = EDGE_LOOP('',(#6552,#6560,#6561,#6562));
#6552 = ORIENTED_EDGE('',*,*,#6553,.F.);
#6553 = EDGE_CURVE('',#5663,#6554,#6556,.T.);
#6554 = VERTEX_POINT('',#6555);
#6555 = CARTESIAN_POINT('',(58.9,43.,19.3));
#6556 = LINE('',#6557,#6558);
#6557 = CARTESIAN_POINT('',(58.9,43.,0.));
#6558 = VECTOR('',#6559,1.);
#6559 = DIRECTION('',(0.,0.,1.));
#6560 = ORIENTED_EDGE('',*,*,#5670,.T.);
#6561 = ORIENTED_EDGE('',*,*,#6523,.T.);
#6562 = ORIENTED_EDGE('',*,*,#6563,.F.);
#6563 = EDGE_CURVE('',#6554,#6524,#6564,.T.);
#6564 = LINE('',#6565,#6566);
#6565 = CARTESIAN_POINT('',(58.9,43.,19.3));
#6566 = VECTOR('',#6567,1.);
#6567 = DIRECTION('',(-0.,1.,0.));
#6568 = PLANE('',#6569);
#6569 = AXIS2_PLACEMENT_3D('',#6570,#6571,#6572);
#6570 = CARTESIAN_POINT('',(58.9,43.,0.));
#6571 = DIRECTION('',(1.,0.,-0.));
#6572 = DIRECTION('',(0.,0.,1.));
#6573 = ADVANCED_FACE('',(#6574),#6608,.F.);
#6574 = FACE_BOUND('',#6575,.F.);
#6575 = EDGE_LOOP('',(#6576,#6586,#6592,#6593,#6594,#6602));
#6576 = ORIENTED_EDGE('',*,*,#6577,.F.);
#6577 = EDGE_CURVE('',#6578,#6580,#6582,.T.);
#6578 = VERTEX_POINT('',#6579);
#6579 = CARTESIAN_POINT('',(59.,43.,0.));
#6580 = VERTEX_POINT('',#6581);
#6581 = CARTESIAN_POINT('',(60.1,43.,0.));
#6582 = LINE('',#6583,#6584);
#6583 = CARTESIAN_POINT('',(58.9,43.,0.));
#6584 = VECTOR('',#6585,1.);
#6585 = DIRECTION('',(1.,0.,-0.));
#6586 = ORIENTED_EDGE('',*,*,#6587,.T.);
#6587 = EDGE_CURVE('',#6578,#5655,#6588,.T.);
#6588 = LINE('',#6589,#6590);
#6589 = CARTESIAN_POINT('',(59.,43.,0.));
#6590 = VECTOR('',#6591,1.);
#6591 = DIRECTION('',(0.,0.,1.));
#6592 = ORIENTED_EDGE('',*,*,#5662,.T.);
#6593 = ORIENTED_EDGE('',*,*,#6553,.T.);
#6594 = ORIENTED_EDGE('',*,*,#6595,.T.);
#6595 = EDGE_CURVE('',#6554,#6596,#6598,.T.);
#6596 = VERTEX_POINT('',#6597);
#6597 = CARTESIAN_POINT('',(60.1,43.,19.3));
#6598 = LINE('',#6599,#6600);
#6599 = CARTESIAN_POINT('',(58.9,43.,19.3));
#6600 = VECTOR('',#6601,1.);
#6601 = DIRECTION('',(1.,0.,-0.));
#6602 = ORIENTED_EDGE('',*,*,#6603,.F.);
#6603 = EDGE_CURVE('',#6580,#6596,#6604,.T.);
#6604 = LINE('',#6605,#6606);
#6605 = CARTESIAN_POINT('',(60.1,43.,0.));
#6606 = VECTOR('',#6607,1.);
#6607 = DIRECTION('',(0.,0.,1.));
#6608 = PLANE('',#6609);
#6609 = AXIS2_PLACEMENT_3D('',#6610,#6611,#6612);
#6610 = CARTESIAN_POINT('',(58.9,43.,0.));
#6611 = DIRECTION('',(-0.,1.,0.));
#6612 = DIRECTION('',(0.,0.,1.));
#6613 = ADVANCED_FACE('',(#6614),#6632,.T.);
#6614 = FACE_BOUND('',#6615,.T.);
#6615 = EDGE_LOOP('',(#6616,#6624,#6630,#6631));
#6616 = ORIENTED_EDGE('',*,*,#6617,.F.);
#6617 = EDGE_CURVE('',#6618,#5647,#6620,.T.);
#6618 = VERTEX_POINT('',#6619);
#6619 = CARTESIAN_POINT('',(59.,13.,0.));
#6620 = LINE('',#6621,#6622);
#6621 = CARTESIAN_POINT('',(59.,13.,0.));
#6622 = VECTOR('',#6623,1.);
#6623 = DIRECTION('',(0.,0.,1.));
#6624 = ORIENTED_EDGE('',*,*,#6625,.T.);
#6625 = EDGE_CURVE('',#6618,#6578,#6626,.T.);
#6626 = LINE('',#6627,#6628);
#6627 = CARTESIAN_POINT('',(59.,11.5,0.));
#6628 = VECTOR('',#6629,1.);
#6629 = DIRECTION('',(-0.,1.,0.));
#6630 = ORIENTED_EDGE('',*,*,#6587,.T.);
#6631 = ORIENTED_EDGE('',*,*,#5654,.F.);
#6632 = PLANE('',#6633);
#6633 = AXIS2_PLACEMENT_3D('',#6634,#6635,#6636);
#6634 = CARTESIAN_POINT('',(59.,11.5,0.));
#6635 = DIRECTION('',(1.,0.,-0.));
#6636 = DIRECTION('',(0.,0.,1.));
#6637 = ADVANCED_FACE('',(#6638),#6649,.T.);
#6638 = FACE_BOUND('',#6639,.T.);
#6639 = EDGE_LOOP('',(#6640,#6646,#6647,#6648));
#6640 = ORIENTED_EDGE('',*,*,#6641,.F.);
#6641 = EDGE_CURVE('',#6618,#6357,#6642,.T.);
#6642 = LINE('',#6643,#6644);
#6643 = CARTESIAN_POINT('',(0.,13.,0.));
#6644 = VECTOR('',#6645,1.);
#6645 = DIRECTION('',(1.,0.,-0.));
#6646 = ORIENTED_EDGE('',*,*,#6617,.T.);
#6647 = ORIENTED_EDGE('',*,*,#5646,.T.);
#6648 = ORIENTED_EDGE('',*,*,#6356,.F.);
#6649 = PLANE('',#6650);
#6650 = AXIS2_PLACEMENT_3D('',#6651,#6652,#6653);
#6651 = CARTESIAN_POINT('',(0.,13.,0.));
#6652 = DIRECTION('',(-0.,1.,0.));
#6653 = DIRECTION('',(0.,0.,1.));
#6654 = ADVANCED_FACE('',(#6655),#6673,.F.);
#6655 = FACE_BOUND('',#6656,.F.);
#6656 = EDGE_LOOP('',(#6657,#6658,#6666,#6672));
#6657 = ORIENTED_EDGE('',*,*,#5744,.F.);
#6658 = ORIENTED_EDGE('',*,*,#6659,.T.);
#6659 = EDGE_CURVE('',#5745,#6660,#6662,.T.);
#6660 = VERTEX_POINT('',#6661);
#6661 = CARTESIAN_POINT('',(9.5,13.,9.5));
#6662 = LINE('',#6663,#6664);
#6663 = CARTESIAN_POINT('',(9.5,11.4,9.5));
#6664 = VECTOR('',#6665,1.);
#6665 = DIRECTION('',(-0.,1.,0.));
#6666 = ORIENTED_EDGE('',*,*,#6667,.F.);
#6667 = EDGE_CURVE('',#5615,#6660,#6668,.T.);
#6668 = LINE('',#6669,#6670);
#6669 = CARTESIAN_POINT('',(9.5,13.,4.75));
#6670 = VECTOR('',#6671,1.);
#6671 = DIRECTION('',(-0.,0.,-1.));
#6672 = ORIENTED_EDGE('',*,*,#5622,.F.);
#6673 = PLANE('',#6674);
#6674 = AXIS2_PLACEMENT_3D('',#6675,#6676,#6677);
#6675 = CARTESIAN_POINT('',(9.5,11.4,9.5));
#6676 = DIRECTION('',(1.,0.,-0.));
#6677 = DIRECTION('',(0.,0.,1.));
#6678 = ADVANCED_FACE('',(#6679),#6720,.T.);
#6679 = FACE_BOUND('',#6680,.T.);
#6680 = EDGE_LOOP('',(#6681,#6691,#6697,#6698,#6706,#6712,#6713,#6714));
#6681 = ORIENTED_EDGE('',*,*,#6682,.F.);
#6682 = EDGE_CURVE('',#6683,#6685,#6687,.T.);
#6683 = VERTEX_POINT('',#6684);
#6684 = CARTESIAN_POINT('',(1.5,13.,0.));
#6685 = VERTEX_POINT('',#6686);
#6686 = CARTESIAN_POINT('',(57.5,13.,0.));
#6687 = LINE('',#6688,#6689);
#6688 = CARTESIAN_POINT('',(0.,13.,0.));
#6689 = VECTOR('',#6690,1.);
#6690 = DIRECTION('',(1.,0.,-0.));
#6691 = ORIENTED_EDGE('',*,*,#6692,.T.);
#6692 = EDGE_CURVE('',#6683,#5551,#6693,.T.);
#6693 = LINE('',#6694,#6695);
#6694 = CARTESIAN_POINT('',(1.5,13.,0.));
#6695 = VECTOR('',#6696,1.);
#6696 = DIRECTION('',(0.,0.,1.));
#6697 = ORIENTED_EDGE('',*,*,#5550,.T.);
#6698 = ORIENTED_EDGE('',*,*,#6699,.T.);
#6699 = EDGE_CURVE('',#5543,#6700,#6702,.T.);
#6700 = VERTEX_POINT('',#6701);
#6701 = CARTESIAN_POINT('',(2.5,13.,9.5));
#6702 = LINE('',#6703,#6704);
#6703 = CARTESIAN_POINT('',(2.5,13.,4.75));
#6704 = VECTOR('',#6705,1.);
#6705 = DIRECTION('',(-0.,0.,-1.));
#6706 = ORIENTED_EDGE('',*,*,#6707,.T.);
#6707 = EDGE_CURVE('',#6700,#6660,#6708,.T.);
#6708 = LINE('',#6709,#6710);
#6709 = CARTESIAN_POINT('',(1.25,13.,9.5));
#6710 = VECTOR('',#6711,1.);
#6711 = DIRECTION('',(1.,0.,-0.));
#6712 = ORIENTED_EDGE('',*,*,#6667,.F.);
#6713 = ORIENTED_EDGE('',*,*,#5614,.T.);
#6714 = ORIENTED_EDGE('',*,*,#6715,.F.);
#6715 = EDGE_CURVE('',#6685,#5607,#6716,.T.);
#6716 = LINE('',#6717,#6718);
#6717 = CARTESIAN_POINT('',(57.5,13.,0.));
#6718 = VECTOR('',#6719,1.);
#6719 = DIRECTION('',(0.,0.,1.));
#6720 = PLANE('',#6721);
#6721 = AXIS2_PLACEMENT_3D('',#6722,#6723,#6724);
#6722 = CARTESIAN_POINT('',(0.,13.,0.));
#6723 = DIRECTION('',(-0.,1.,0.));
#6724 = DIRECTION('',(0.,0.,1.));
#6725 = ADVANCED_FACE('',(#6726),#6744,.F.);
#6726 = FACE_BOUND('',#6727,.F.);
#6727 = EDGE_LOOP('',(#6728,#6729,#6737,#6743));
#6728 = ORIENTED_EDGE('',*,*,#6715,.F.);
#6729 = ORIENTED_EDGE('',*,*,#6730,.T.);
#6730 = EDGE_CURVE('',#6685,#6731,#6733,.T.);
#6731 = VERTEX_POINT('',#6732);
#6732 = CARTESIAN_POINT('',(57.5,48.5,0.));
#6733 = LINE('',#6734,#6735);
#6734 = CARTESIAN_POINT('',(57.5,11.5,0.));
#6735 = VECTOR('',#6736,1.);
#6736 = DIRECTION('',(-0.,1.,0.));
#6737 = ORIENTED_EDGE('',*,*,#6738,.T.);
#6738 = EDGE_CURVE('',#6731,#5599,#6739,.T.);
#6739 = LINE('',#6740,#6741);
#6740 = CARTESIAN_POINT('',(57.5,48.5,0.));
#6741 = VECTOR('',#6742,1.);
#6742 = DIRECTION('',(0.,0.,1.));
#6743 = ORIENTED_EDGE('',*,*,#5606,.F.);
#6744 = PLANE('',#6745);
#6745 = AXIS2_PLACEMENT_3D('',#6746,#6747,#6748);
#6746 = CARTESIAN_POINT('',(57.5,11.5,0.));
#6747 = DIRECTION('',(1.,0.,-0.));
#6748 = DIRECTION('',(0.,0.,1.));
#6749 = ADVANCED_FACE('',(#6750),#6768,.F.);
#6750 = FACE_BOUND('',#6751,.F.);
#6751 = EDGE_LOOP('',(#6752,#6760,#6766,#6767));
#6752 = ORIENTED_EDGE('',*,*,#6753,.F.);
#6753 = EDGE_CURVE('',#6754,#6731,#6756,.T.);
#6754 = VERTEX_POINT('',#6755);
#6755 = CARTESIAN_POINT('',(1.5,48.5,0.));
#6756 = LINE('',#6757,#6758);
#6757 = CARTESIAN_POINT('',(0.,48.5,0.));
#6758 = VECTOR('',#6759,1.);
#6759 = DIRECTION('',(1.,0.,-0.));
#6760 = ORIENTED_EDGE('',*,*,#6761,.T.);
#6761 = EDGE_CURVE('',#6754,#5591,#6762,.T.);
#6762 = LINE('',#6763,#6764);
#6763 = CARTESIAN_POINT('',(1.5,48.5,0.));
#6764 = VECTOR('',#6765,1.);
#6765 = DIRECTION('',(0.,0.,1.));
#6766 = ORIENTED_EDGE('',*,*,#5598,.T.);
#6767 = ORIENTED_EDGE('',*,*,#6738,.F.);
#6768 = PLANE('',#6769);
#6769 = AXIS2_PLACEMENT_3D('',#6770,#6771,#6772);
#6770 = CARTESIAN_POINT('',(0.,48.5,0.));
#6771 = DIRECTION('',(-0.,1.,0.));
#6772 = DIRECTION('',(0.,0.,1.));
#6773 = ADVANCED_FACE('',(#6774),#6793,.T.);
#6774 = FACE_BOUND('',#6775,.T.);
#6775 = EDGE_LOOP('',(#6776,#6777,#6783,#6784,#6785,#6792));
#6776 = ORIENTED_EDGE('',*,*,#6692,.F.);
#6777 = ORIENTED_EDGE('',*,*,#6778,.T.);
#6778 = EDGE_CURVE('',#6683,#6754,#6779,.T.);
#6779 = LINE('',#6780,#6781);
#6780 = CARTESIAN_POINT('',(1.5,11.5,0.));
#6781 = VECTOR('',#6782,1.);
#6782 = DIRECTION('',(-0.,1.,0.));
#6783 = ORIENTED_EDGE('',*,*,#6761,.T.);
#6784 = ORIENTED_EDGE('',*,*,#5590,.F.);
#6785 = ORIENTED_EDGE('',*,*,#6786,.F.);
#6786 = EDGE_CURVE('',#5559,#5583,#6787,.T.);
#6787 = CIRCLE('',#6788,8.6);
#6788 = AXIS2_PLACEMENT_3D('',#6789,#6790,#6791);
#6789 = CARTESIAN_POINT('',(1.5,25.,19.5));
#6790 = DIRECTION('',(1.,0.,0.));
#6791 = DIRECTION('',(-0.,0.,1.));
#6792 = ORIENTED_EDGE('',*,*,#5558,.F.);
#6793 = PLANE('',#6794);
#6794 = AXIS2_PLACEMENT_3D('',#6795,#6796,#6797);
#6795 = CARTESIAN_POINT('',(1.5,11.5,0.));
#6796 = DIRECTION('',(1.,0.,-0.));
#6797 = DIRECTION('',(0.,0.,1.));
#6798 = ADVANCED_FACE('',(#6799),#6811,.F.);
#6799 = FACE_BOUND('',#6800,.F.);
#6800 = EDGE_LOOP('',(#6801,#6802,#6809,#6810));
#6801 = ORIENTED_EDGE('',*,*,#5566,.F.);
#6802 = ORIENTED_EDGE('',*,*,#6803,.T.);
#6803 = EDGE_CURVE('',#5567,#5575,#6804,.T.);
#6804 = CIRCLE('',#6805,8.6);
#6805 = AXIS2_PLACEMENT_3D('',#6806,#6807,#6808);
#6806 = CARTESIAN_POINT('',(0.3,25.,19.5));
#6807 = DIRECTION('',(1.,0.,0.));
#6808 = DIRECTION('',(-0.,0.,1.));
#6809 = ORIENTED_EDGE('',*,*,#5582,.T.);
#6810 = ORIENTED_EDGE('',*,*,#6786,.F.);
#6811 = CYLINDRICAL_SURFACE('',#6812,8.6);
#6812 = AXIS2_PLACEMENT_3D('',#6813,#6814,#6815);
#6813 = CARTESIAN_POINT('',(0.3,25.,19.5));
#6814 = DIRECTION('',(1.,0.,0.));
#6815 = DIRECTION('',(-0.,0.,1.));
#6816 = ADVANCED_FACE('',(#6817),#6821,.T.);
#6817 = FACE_BOUND('',#6818,.T.);
#6818 = EDGE_LOOP('',(#6819,#6820));
#6819 = ORIENTED_EDGE('',*,*,#5574,.F.);
#6820 = ORIENTED_EDGE('',*,*,#6803,.T.);
#6821 = PLANE('',#6822);
#6822 = AXIS2_PLACEMENT_3D('',#6823,#6824,#6825);
#6823 = CARTESIAN_POINT('',(0.3,25.,19.5));
#6824 = DIRECTION('',(1.,0.,0.));
#6825 = DIRECTION('',(-0.,0.,1.));
#6826 = ADVANCED_FACE('',(#6827),#6838,.T.);
#6827 = FACE_BOUND('',#6828,.T.);
#6828 = EDGE_LOOP('',(#6829,#6830,#6836,#6837));
#6829 = ORIENTED_EDGE('',*,*,#5760,.F.);
#6830 = ORIENTED_EDGE('',*,*,#6831,.T.);
#6831 = EDGE_CURVE('',#5753,#6700,#6832,.T.);
#6832 = LINE('',#6833,#6834);
#6833 = CARTESIAN_POINT('',(2.5,11.4,9.5));
#6834 = VECTOR('',#6835,1.);
#6835 = DIRECTION('',(-0.,1.,0.));
#6836 = ORIENTED_EDGE('',*,*,#6699,.F.);
#6837 = ORIENTED_EDGE('',*,*,#5542,.F.);
#6838 = PLANE('',#6839);
#6839 = AXIS2_PLACEMENT_3D('',#6840,#6841,#6842);
#6840 = CARTESIAN_POINT('',(2.5,11.4,9.5));
#6841 = DIRECTION('',(1.,0.,-0.));
#6842 = DIRECTION('',(0.,0.,1.));
#6843 = ADVANCED_FACE('',(#6844),#6850,.T.);
#6844 = FACE_BOUND('',#6845,.T.);
#6845 = EDGE_LOOP('',(#6846,#6847,#6848,#6849));
#6846 = ORIENTED_EDGE('',*,*,#6831,.F.);
#6847 = ORIENTED_EDGE('',*,*,#5752,.F.);
#6848 = ORIENTED_EDGE('',*,*,#6659,.T.);
#6849 = ORIENTED_EDGE('',*,*,#6707,.F.);
#6850 = PLANE('',#6851);
#6851 = AXIS2_PLACEMENT_3D('',#6852,#6853,#6854);
#6852 = CARTESIAN_POINT('',(2.5,11.4,9.5));
#6853 = DIRECTION('',(0.,0.,1.));
#6854 = DIRECTION('',(1.,0.,-0.));
#6855 = ADVANCED_FACE('',(#6856),#6874,.F.);
#6856 = FACE_BOUND('',#6857,.F.);
#6857 = EDGE_LOOP('',(#6858,#6859,#6860,#6868));
#6858 = ORIENTED_EDGE('',*,*,#6451,.F.);
#6859 = ORIENTED_EDGE('',*,*,#5793,.T.);
#6860 = ORIENTED_EDGE('',*,*,#6861,.T.);
#6861 = EDGE_CURVE('',#5794,#6862,#6864,.T.);
#6862 = VERTEX_POINT('',#6863);
#6863 = CARTESIAN_POINT('',(28.,0.7,19.3));
#6864 = LINE('',#6865,#6866);
#6865 = CARTESIAN_POINT('',(28.,0.7,0.));
#6866 = VECTOR('',#6867,1.);
#6867 = DIRECTION('',(0.,0.,1.));
#6868 = ORIENTED_EDGE('',*,*,#6869,.F.);
#6869 = EDGE_CURVE('',#6444,#6862,#6870,.T.);
#6870 = LINE('',#6871,#6872);
#6871 = CARTESIAN_POINT('',(28.,0.,19.3));
#6872 = VECTOR('',#6873,1.);
#6873 = DIRECTION('',(-0.,1.,0.));
#6874 = PLANE('',#6875);
#6875 = AXIS2_PLACEMENT_3D('',#6876,#6877,#6878);
#6876 = CARTESIAN_POINT('',(28.,0.,0.));
#6877 = DIRECTION('',(1.,0.,-0.));
#6878 = DIRECTION('',(0.,0.,1.));
#6879 = ADVANCED_FACE('',(#6880),#6898,.T.);
#6880 = FACE_BOUND('',#6881,.T.);
#6881 = EDGE_LOOP('',(#6882,#6883,#6884,#6892));
#6882 = ORIENTED_EDGE('',*,*,#5801,.F.);
#6883 = ORIENTED_EDGE('',*,*,#6861,.T.);
#6884 = ORIENTED_EDGE('',*,*,#6885,.T.);
#6885 = EDGE_CURVE('',#6862,#6886,#6888,.T.);
#6886 = VERTEX_POINT('',#6887);
#6887 = CARTESIAN_POINT('',(36.,0.7,19.3));
#6888 = LINE('',#6889,#6890);
#6889 = CARTESIAN_POINT('',(28.,0.7,19.3));
#6890 = VECTOR('',#6891,1.);
#6891 = DIRECTION('',(1.,0.,-0.));
#6892 = ORIENTED_EDGE('',*,*,#6893,.F.);
#6893 = EDGE_CURVE('',#5802,#6886,#6894,.T.);
#6894 = LINE('',#6895,#6896);
#6895 = CARTESIAN_POINT('',(36.,0.7,0.));
#6896 = VECTOR('',#6897,1.);
#6897 = DIRECTION('',(0.,0.,1.));
#6898 = PLANE('',#6899);
#6899 = AXIS2_PLACEMENT_3D('',#6900,#6901,#6902);
#6900 = CARTESIAN_POINT('',(28.,0.7,0.));
#6901 = DIRECTION('',(-0.,1.,0.));
#6902 = DIRECTION('',(0.,0.,1.));
#6903 = ADVANCED_FACE('',(#6904),#6915,.T.);
#6904 = FACE_BOUND('',#6905,.T.);
#6905 = EDGE_LOOP('',(#6906,#6907,#6908,#6909));
#6906 = ORIENTED_EDGE('',*,*,#6435,.F.);
#6907 = ORIENTED_EDGE('',*,*,#5809,.T.);
#6908 = ORIENTED_EDGE('',*,*,#6893,.T.);
#6909 = ORIENTED_EDGE('',*,*,#6910,.F.);
#6910 = EDGE_CURVE('',#6436,#6886,#6911,.T.);
#6911 = LINE('',#6912,#6913);
#6912 = CARTESIAN_POINT('',(36.,0.,19.3));
#6913 = VECTOR('',#6914,1.);
#6914 = DIRECTION('',(-0.,1.,0.));
#6915 = PLANE('',#6916);
#6916 = AXIS2_PLACEMENT_3D('',#6917,#6918,#6919);
#6917 = CARTESIAN_POINT('',(36.,0.,0.));
#6918 = DIRECTION('',(1.,0.,-0.));
#6919 = DIRECTION('',(0.,0.,1.));
#6920 = ADVANCED_FACE('',(#6921),#6939,.F.);
#6921 = FACE_BOUND('',#6922,.F.);
#6922 = EDGE_LOOP('',(#6923,#6924,#6925,#6933));
#6923 = ORIENTED_EDGE('',*,*,#6428,.F.);
#6924 = ORIENTED_EDGE('',*,*,#5825,.T.);
#6925 = ORIENTED_EDGE('',*,*,#6926,.T.);
#6926 = EDGE_CURVE('',#5826,#6927,#6929,.T.);
#6927 = VERTEX_POINT('',#6928);
#6928 = CARTESIAN_POINT('',(46.,0.7,19.3));
#6929 = LINE('',#6930,#6931);
#6930 = CARTESIAN_POINT('',(46.,0.7,0.));
#6931 = VECTOR('',#6932,1.);
#6932 = DIRECTION('',(0.,0.,1.));
#6933 = ORIENTED_EDGE('',*,*,#6934,.F.);
#6934 = EDGE_CURVE('',#6421,#6927,#6935,.T.);
#6935 = LINE('',#6936,#6937);
#6936 = CARTESIAN_POINT('',(46.,0.,19.3));
#6937 = VECTOR('',#6938,1.);
#6938 = DIRECTION('',(-0.,1.,0.));
#6939 = PLANE('',#6940);
#6940 = AXIS2_PLACEMENT_3D('',#6941,#6942,#6943);
#6941 = CARTESIAN_POINT('',(46.,0.,0.));
#6942 = DIRECTION('',(1.,0.,-0.));
#6943 = DIRECTION('',(0.,0.,1.));
#6944 = ADVANCED_FACE('',(#6945),#6963,.T.);
#6945 = FACE_BOUND('',#6946,.T.);
#6946 = EDGE_LOOP('',(#6947,#6948,#6949,#6957));
#6947 = ORIENTED_EDGE('',*,*,#5833,.F.);
#6948 = ORIENTED_EDGE('',*,*,#6926,.T.);
#6949 = ORIENTED_EDGE('',*,*,#6950,.T.);
#6950 = EDGE_CURVE('',#6927,#6951,#6953,.T.);
#6951 = VERTEX_POINT('',#6952);
#6952 = CARTESIAN_POINT('',(54.,0.7,19.3));
#6953 = LINE('',#6954,#6955);
#6954 = CARTESIAN_POINT('',(46.,0.7,19.3));
#6955 = VECTOR('',#6956,1.);
#6956 = DIRECTION('',(1.,0.,-0.));
#6957 = ORIENTED_EDGE('',*,*,#6958,.F.);
#6958 = EDGE_CURVE('',#5834,#6951,#6959,.T.);
#6959 = LINE('',#6960,#6961);
#6960 = CARTESIAN_POINT('',(54.,0.7,0.));
#6961 = VECTOR('',#6962,1.);
#6962 = DIRECTION('',(0.,0.,1.));
#6963 = PLANE('',#6964);
#6964 = AXIS2_PLACEMENT_3D('',#6965,#6966,#6967);
#6965 = CARTESIAN_POINT('',(46.,0.7,0.));
#6966 = DIRECTION('',(-0.,1.,0.));
#6967 = DIRECTION('',(0.,0.,1.));
#6968 = ADVANCED_FACE('',(#6969),#6980,.T.);
#6969 = FACE_BOUND('',#6970,.T.);
#6970 = EDGE_LOOP('',(#6971,#6972,#6973,#6974));
#6971 = ORIENTED_EDGE('',*,*,#6412,.F.);
#6972 = ORIENTED_EDGE('',*,*,#5841,.T.);
#6973 = ORIENTED_EDGE('',*,*,#6958,.T.);
#6974 = ORIENTED_EDGE('',*,*,#6975,.F.);
#6975 = EDGE_CURVE('',#6413,#6951,#6976,.T.);
#6976 = LINE('',#6977,#6978);
#6977 = CARTESIAN_POINT('',(54.,0.,19.3));
#6978 = VECTOR('',#6979,1.);
#6979 = DIRECTION('',(-0.,1.,0.));
#6980 = PLANE('',#6981);
#6981 = AXIS2_PLACEMENT_3D('',#6982,#6983,#6984);
#6982 = CARTESIAN_POINT('',(54.,0.,0.));
#6983 = DIRECTION('',(1.,0.,-0.));
#6984 = DIRECTION('',(0.,0.,1.));
#6985 = ADVANCED_FACE('',(#6986),#7005,.T.);
#6986 = FACE_BOUND('',#6987,.T.);
#6987 = EDGE_LOOP('',(#6988,#6997,#7003,#7004));
#6988 = ORIENTED_EDGE('',*,*,#6989,.F.);
#6989 = EDGE_CURVE('',#6990,#6990,#6992,.T.);
#6990 = VERTEX_POINT('',#6991);
#6991 = CARTESIAN_POINT('',(28.8,4.2,16.2));
#6992 = CIRCLE('',#6993,1.3);
#6993 = AXIS2_PLACEMENT_3D('',#6994,#6995,#6996);
#6994 = CARTESIAN_POINT('',(27.5,4.2,16.2));
#6995 = DIRECTION('',(0.,0.,1.));
#6996 = DIRECTION('',(1.,0.,-0.));
#6997 = ORIENTED_EDGE('',*,*,#6998,.F.);
#6998 = EDGE_CURVE('',#5876,#6990,#6999,.T.);
#6999 = LINE('',#7000,#7001);
#7000 = CARTESIAN_POINT('',(28.8,4.2,0.));
#7001 = VECTOR('',#7002,1.);
#7002 = DIRECTION('',(0.,0.,1.));
#7003 = ORIENTED_EDGE('',*,*,#5875,.T.);
#7004 = ORIENTED_EDGE('',*,*,#6998,.T.);
#7005 = CYLINDRICAL_SURFACE('',#7006,1.3);
#7006 = AXIS2_PLACEMENT_3D('',#7007,#7008,#7009);
#7007 = CARTESIAN_POINT('',(27.5,4.2,0.));
#7008 = DIRECTION('',(0.,0.,1.));
#7009 = DIRECTION('',(1.,0.,-0.));
#7010 = ADVANCED_FACE('',(#7011),#7030,.T.);
#7011 = FACE_BOUND('',#7012,.T.);
#7012 = EDGE_LOOP('',(#7013,#7022,#7028,#7029));
#7013 = ORIENTED_EDGE('',*,*,#7014,.F.);
#7014 = EDGE_CURVE('',#7015,#7015,#7017,.T.);
#7015 = VERTEX_POINT('',#7016);
#7016 = CARTESIAN_POINT('',(57.8,4.2,16.2));
#7017 = CIRCLE('',#7018,1.3);
#7018 = AXIS2_PLACEMENT_3D('',#7019,#7020,#7021);
#7019 = CARTESIAN_POINT('',(56.5,4.2,16.2));
#7020 = DIRECTION('',(0.,0.,1.));
#7021 = DIRECTION('',(1.,0.,-0.));
#7022 = ORIENTED_EDGE('',*,*,#7023,.F.);
#7023 = EDGE_CURVE('',#5887,#7015,#7024,.T.);
#7024 = LINE('',#7025,#7026);
#7025 = CARTESIAN_POINT('',(57.8,4.2,0.));
#7026 = VECTOR('',#7027,1.);
#7027 = DIRECTION('',(0.,0.,1.));
#7028 = ORIENTED_EDGE('',*,*,#5886,.T.);
#7029 = ORIENTED_EDGE('',*,*,#7023,.T.);
#7030 = CYLINDRICAL_SURFACE('',#7031,1.3);
#7031 = AXIS2_PLACEMENT_3D('',#7032,#7033,#7034);
#7032 = CARTESIAN_POINT('',(56.5,4.2,0.));
#7033 = DIRECTION('',(0.,0.,1.));
#7034 = DIRECTION('',(1.,0.,-0.));
#7035 = ADVANCED_FACE('',(#7036),#7061,.F.);
#7036 = FACE_BOUND('',#7037,.F.);
#7037 = EDGE_LOOP('',(#7038,#7039,#7047,#7055));
#7038 = ORIENTED_EDGE('',*,*,#5897,.F.);
#7039 = ORIENTED_EDGE('',*,*,#7040,.T.);
#7040 = EDGE_CURVE('',#5898,#7041,#7043,.T.);
#7041 = VERTEX_POINT('',#7042);
#7042 = CARTESIAN_POINT('',(23.9,3.,19.3));
#7043 = LINE('',#7044,#7045);
#7044 = CARTESIAN_POINT('',(23.9,3.,0.));
#7045 = VECTOR('',#7046,1.);
#7046 = DIRECTION('',(0.,0.,1.));
#7047 = ORIENTED_EDGE('',*,*,#7048,.T.);
#7048 = EDGE_CURVE('',#7041,#7049,#7051,.T.);
#7049 = VERTEX_POINT('',#7050);
#7050 = CARTESIAN_POINT('',(25.1,3.,19.3));
#7051 = LINE('',#7052,#7053);
#7052 = CARTESIAN_POINT('',(23.9,3.,19.3));
#7053 = VECTOR('',#7054,1.);
#7054 = DIRECTION('',(1.,0.,-0.));
#7055 = ORIENTED_EDGE('',*,*,#7056,.F.);
#7056 = EDGE_CURVE('',#5900,#7049,#7057,.T.);
#7057 = LINE('',#7058,#7059);
#7058 = CARTESIAN_POINT('',(25.1,3.,0.));
#7059 = VECTOR('',#7060,1.);
#7060 = DIRECTION('',(0.,0.,1.));
#7061 = PLANE('',#7062);
#7062 = AXIS2_PLACEMENT_3D('',#7063,#7064,#7065);
#7063 = CARTESIAN_POINT('',(23.9,3.,0.));
#7064 = DIRECTION('',(-0.,1.,0.));
#7065 = DIRECTION('',(0.,0.,1.));
#7066 = ADVANCED_FACE('',(#7067),#7085,.F.);
#7067 = FACE_BOUND('',#7068,.F.);
#7068 = EDGE_LOOP('',(#7069,#7070,#7071,#7079));
#7069 = ORIENTED_EDGE('',*,*,#7040,.F.);
#7070 = ORIENTED_EDGE('',*,*,#5907,.T.);
#7071 = ORIENTED_EDGE('',*,*,#7072,.T.);
#7072 = EDGE_CURVE('',#5908,#7073,#7075,.T.);
#7073 = VERTEX_POINT('',#7074);
#7074 = CARTESIAN_POINT('',(23.9,7.,19.3));
#7075 = LINE('',#7076,#7077);
#7076 = CARTESIAN_POINT('',(23.9,7.,0.));
#7077 = VECTOR('',#7078,1.);
#7078 = DIRECTION('',(0.,0.,1.));
#7079 = ORIENTED_EDGE('',*,*,#7080,.F.);
#7080 = EDGE_CURVE('',#7041,#7073,#7081,.T.);
#7081 = LINE('',#7082,#7083);
#7082 = CARTESIAN_POINT('',(23.9,3.,19.3));
#7083 = VECTOR('',#7084,1.);
#7084 = DIRECTION('',(-0.,1.,0.));
#7085 = PLANE('',#7086);
#7086 = AXIS2_PLACEMENT_3D('',#7087,#7088,#7089);
#7087 = CARTESIAN_POINT('',(23.9,3.,0.));
#7088 = DIRECTION('',(1.,0.,-0.));
#7089 = DIRECTION('',(0.,0.,1.));
#7090 = ADVANCED_FACE('',(#7091),#7109,.T.);
#7091 = FACE_BOUND('',#7092,.T.);
#7092 = EDGE_LOOP('',(#7093,#7094,#7095,#7103));
#7093 = ORIENTED_EDGE('',*,*,#7056,.F.);
#7094 = ORIENTED_EDGE('',*,*,#5923,.T.);
#7095 = ORIENTED_EDGE('',*,*,#7096,.T.);
#7096 = EDGE_CURVE('',#5916,#7097,#7099,.T.);
#7097 = VERTEX_POINT('',#7098);
#7098 = CARTESIAN_POINT('',(25.1,7.,19.3));
#7099 = LINE('',#7100,#7101);
#7100 = CARTESIAN_POINT('',(25.1,7.,0.));
#7101 = VECTOR('',#7102,1.);
#7102 = DIRECTION('',(0.,0.,1.));
#7103 = ORIENTED_EDGE('',*,*,#7104,.F.);
#7104 = EDGE_CURVE('',#7049,#7097,#7105,.T.);
#7105 = LINE('',#7106,#7107);
#7106 = CARTESIAN_POINT('',(25.1,3.,19.3));
#7107 = VECTOR('',#7108,1.);
#7108 = DIRECTION('',(-0.,1.,0.));
#7109 = PLANE('',#7110);
#7110 = AXIS2_PLACEMENT_3D('',#7111,#7112,#7113);
#7111 = CARTESIAN_POINT('',(25.1,3.,0.));
#7112 = DIRECTION('',(1.,0.,-0.));
#7113 = DIRECTION('',(0.,0.,1.));
#7114 = ADVANCED_FACE('',(#7115),#7126,.T.);
#7115 = FACE_BOUND('',#7116,.T.);
#7116 = EDGE_LOOP('',(#7117,#7118,#7119,#7125));
#7117 = ORIENTED_EDGE('',*,*,#5915,.F.);
#7118 = ORIENTED_EDGE('',*,*,#7072,.T.);
#7119 = ORIENTED_EDGE('',*,*,#7120,.T.);
#7120 = EDGE_CURVE('',#7073,#7097,#7121,.T.);
#7121 = LINE('',#7122,#7123);
#7122 = CARTESIAN_POINT('',(23.9,7.,19.3));
#7123 = VECTOR('',#7124,1.);
#7124 = DIRECTION('',(1.,0.,-0.));
#7125 = ORIENTED_EDGE('',*,*,#7096,.F.);
#7126 = PLANE('',#7127);
#7127 = AXIS2_PLACEMENT_3D('',#7128,#7129,#7130);
#7128 = CARTESIAN_POINT('',(23.9,7.,0.));
#7129 = DIRECTION('',(-0.,1.,0.));
#7130 = DIRECTION('',(0.,0.,1.));
#7131 = ADVANCED_FACE('',(#7132),#7151,.T.);
#7132 = FACE_BOUND('',#7133,.T.);
#7133 = EDGE_LOOP('',(#7134,#7143,#7149,#7150));
#7134 = ORIENTED_EDGE('',*,*,#7135,.F.);
#7135 = EDGE_CURVE('',#7136,#7136,#7138,.T.);
#7136 = VERTEX_POINT('',#7137);
#7137 = CARTESIAN_POINT('',(44.9,4.87,16.2));
#7138 = CIRCLE('',#7139,2.9);
#7139 = AXIS2_PLACEMENT_3D('',#7140,#7141,#7142);
#7140 = CARTESIAN_POINT('',(42.,4.87,16.2));
#7141 = DIRECTION('',(0.,0.,1.));
#7142 = DIRECTION('',(1.,0.,-0.));
#7143 = ORIENTED_EDGE('',*,*,#7144,.F.);
#7144 = EDGE_CURVE('',#5932,#7136,#7145,.T.);
#7145 = LINE('',#7146,#7147);
#7146 = CARTESIAN_POINT('',(44.9,4.87,0.));
#7147 = VECTOR('',#7148,1.);
#7148 = DIRECTION('',(0.,0.,1.));
#7149 = ORIENTED_EDGE('',*,*,#5931,.T.);
#7150 = ORIENTED_EDGE('',*,*,#7144,.T.);
#7151 = CYLINDRICAL_SURFACE('',#7152,2.9);
#7152 = AXIS2_PLACEMENT_3D('',#7153,#7154,#7155);
#7153 = CARTESIAN_POINT('',(42.,4.87,0.));
#7154 = DIRECTION('',(0.,0.,1.));
#7155 = DIRECTION('',(1.,0.,-0.));
#7156 = ADVANCED_FACE('',(#7157),#7182,.F.);
#7157 = FACE_BOUND('',#7158,.F.);
#7158 = EDGE_LOOP('',(#7159,#7160,#7168,#7176));
#7159 = ORIENTED_EDGE('',*,*,#5942,.F.);
#7160 = ORIENTED_EDGE('',*,*,#7161,.T.);
#7161 = EDGE_CURVE('',#5943,#7162,#7164,.T.);
#7162 = VERTEX_POINT('',#7163);
#7163 = CARTESIAN_POINT('',(58.9,3.,19.3));
#7164 = LINE('',#7165,#7166);
#7165 = CARTESIAN_POINT('',(58.9,3.,0.));
#7166 = VECTOR('',#7167,1.);
#7167 = DIRECTION('',(0.,0.,1.));
#7168 = ORIENTED_EDGE('',*,*,#7169,.T.);
#7169 = EDGE_CURVE('',#7162,#7170,#7172,.T.);
#7170 = VERTEX_POINT('',#7171);
#7171 = CARTESIAN_POINT('',(60.1,3.,19.3));
#7172 = LINE('',#7173,#7174);
#7173 = CARTESIAN_POINT('',(58.9,3.,19.3));
#7174 = VECTOR('',#7175,1.);
#7175 = DIRECTION('',(1.,0.,-0.));
#7176 = ORIENTED_EDGE('',*,*,#7177,.F.);
#7177 = EDGE_CURVE('',#5945,#7170,#7178,.T.);
#7178 = LINE('',#7179,#7180);
#7179 = CARTESIAN_POINT('',(60.1,3.,0.));
#7180 = VECTOR('',#7181,1.);
#7181 = DIRECTION('',(0.,0.,1.));
#7182 = PLANE('',#7183);
#7183 = AXIS2_PLACEMENT_3D('',#7184,#7185,#7186);
#7184 = CARTESIAN_POINT('',(58.9,3.,0.));
#7185 = DIRECTION('',(-0.,1.,0.));
#7186 = DIRECTION('',(0.,0.,1.));
#7187 = ADVANCED_FACE('',(#7188),#7206,.T.);
#7188 = FACE_BOUND('',#7189,.T.);
#7189 = EDGE_LOOP('',(#7190,#7191,#7192,#7200));
#7190 = ORIENTED_EDGE('',*,*,#7177,.F.);
#7191 = ORIENTED_EDGE('',*,*,#5968,.T.);
#7192 = ORIENTED_EDGE('',*,*,#7193,.T.);
#7193 = EDGE_CURVE('',#5961,#7194,#7196,.T.);
#7194 = VERTEX_POINT('',#7195);
#7195 = CARTESIAN_POINT('',(60.1,7.,19.3));
#7196 = LINE('',#7197,#7198);
#7197 = CARTESIAN_POINT('',(60.1,7.,0.));
#7198 = VECTOR('',#7199,1.);
#7199 = DIRECTION('',(0.,0.,1.));
#7200 = ORIENTED_EDGE('',*,*,#7201,.F.);
#7201 = EDGE_CURVE('',#7170,#7194,#7202,.T.);
#7202 = LINE('',#7203,#7204);
#7203 = CARTESIAN_POINT('',(60.1,3.,19.3));
#7204 = VECTOR('',#7205,1.);
#7205 = DIRECTION('',(-0.,1.,0.));
#7206 = PLANE('',#7207);
#7207 = AXIS2_PLACEMENT_3D('',#7208,#7209,#7210);
#7208 = CARTESIAN_POINT('',(60.1,3.,0.));
#7209 = DIRECTION('',(1.,0.,-0.));
#7210 = DIRECTION('',(0.,0.,1.));
#7211 = ADVANCED_FACE('',(#7212),#7230,.T.);
#7212 = FACE_BOUND('',#7213,.T.);
#7213 = EDGE_LOOP('',(#7214,#7215,#7223,#7229));
#7214 = ORIENTED_EDGE('',*,*,#5960,.F.);
#7215 = ORIENTED_EDGE('',*,*,#7216,.T.);
#7216 = EDGE_CURVE('',#5953,#7217,#7219,.T.);
#7217 = VERTEX_POINT('',#7218);
#7218 = CARTESIAN_POINT('',(58.9,7.,19.3));
#7219 = LINE('',#7220,#7221);
#7220 = CARTESIAN_POINT('',(58.9,7.,0.));
#7221 = VECTOR('',#7222,1.);
#7222 = DIRECTION('',(0.,0.,1.));
#7223 = ORIENTED_EDGE('',*,*,#7224,.T.);
#7224 = EDGE_CURVE('',#7217,#7194,#7225,.T.);
#7225 = LINE('',#7226,#7227);
#7226 = CARTESIAN_POINT('',(58.9,7.,19.3));
#7227 = VECTOR('',#7228,1.);
#7228 = DIRECTION('',(1.,0.,-0.));
#7229 = ORIENTED_EDGE('',*,*,#7193,.F.);
#7230 = PLANE('',#7231);
#7231 = AXIS2_PLACEMENT_3D('',#7232,#7233,#7234);
#7232 = CARTESIAN_POINT('',(58.9,7.,0.));
#7233 = DIRECTION('',(-0.,1.,0.));
#7234 = DIRECTION('',(0.,0.,1.));
#7235 = ADVANCED_FACE('',(#7236),#7247,.F.);
#7236 = FACE_BOUND('',#7237,.F.);
#7237 = EDGE_LOOP('',(#7238,#7239,#7240,#7241));
#7238 = ORIENTED_EDGE('',*,*,#7161,.F.);
#7239 = ORIENTED_EDGE('',*,*,#5952,.T.);
#7240 = ORIENTED_EDGE('',*,*,#7216,.T.);
#7241 = ORIENTED_EDGE('',*,*,#7242,.F.);
#7242 = EDGE_CURVE('',#7162,#7217,#7243,.T.);
#7243 = LINE('',#7244,#7245);
#7244 = CARTESIAN_POINT('',(58.9,3.,19.3));
#7245 = VECTOR('',#7246,1.);
#7246 = DIRECTION('',(-0.,1.,0.));
#7247 = PLANE('',#7248);
#7248 = AXIS2_PLACEMENT_3D('',#7249,#7250,#7251);
#7249 = CARTESIAN_POINT('',(58.9,3.,0.));
#7250 = DIRECTION('',(1.,0.,-0.));
#7251 = DIRECTION('',(0.,0.,1.));
#7252 = ADVANCED_FACE('',(#7253),#7256,.F.);
#7253 = FACE_BOUND('',#7254,.F.);
#7254 = EDGE_LOOP('',(#7255));
#7255 = ORIENTED_EDGE('',*,*,#5999,.T.);
#7256 = PLANE('',#7257);
#7257 = AXIS2_PLACEMENT_3D('',#7258,#7259,#7260);
#7258 = CARTESIAN_POINT('',(-4.6,-4.6,-9.));
#7259 = DIRECTION('',(1.,0.,-0.));
#7260 = DIRECTION('',(0.,0.,1.));
#7261 = ADVANCED_FACE('',(#7262),#7290,.F.);
#7262 = FACE_BOUND('',#7263,.F.);
#7263 = EDGE_LOOP('',(#7264,#7272,#7273,#7274,#7283));
#7264 = ORIENTED_EDGE('',*,*,#7265,.T.);
#7265 = EDGE_CURVE('',#7266,#6026,#7268,.T.);
#7266 = VERTEX_POINT('',#7267);
#7267 = CARTESIAN_POINT('',(69.4,25.,19.3));
#7268 = LINE('',#7269,#7270);
#7269 = CARTESIAN_POINT('',(68.,25.,19.3));
#7270 = VECTOR('',#7271,1.);
#7271 = DIRECTION('',(1.,0.,0.));
#7272 = ORIENTED_EDGE('',*,*,#6033,.F.);
#7273 = ORIENTED_EDGE('',*,*,#7265,.F.);
#7274 = ORIENTED_EDGE('',*,*,#7275,.F.);
#7275 = EDGE_CURVE('',#7276,#7266,#7278,.T.);
#7276 = VERTEX_POINT('',#7277);
#7277 = CARTESIAN_POINT('',(69.4,25.,6.7));
#7278 = CIRCLE('',#7279,6.3);
#7279 = AXIS2_PLACEMENT_3D('',#7280,#7281,#7282);
#7280 = CARTESIAN_POINT('',(69.4,25.,13.));
#7281 = DIRECTION('',(-1.,-0.,-0.));
#7282 = DIRECTION('',(0.,0.,-1.));
#7283 = ORIENTED_EDGE('',*,*,#7284,.F.);
#7284 = EDGE_CURVE('',#7266,#7276,#7285,.T.);
#7285 = CIRCLE('',#7286,6.3);
#7286 = AXIS2_PLACEMENT_3D('',#7287,#7288,#7289);
#7287 = CARTESIAN_POINT('',(69.4,25.,13.));
#7288 = DIRECTION('',(-1.,-0.,-0.));
#7289 = DIRECTION('',(0.,0.,-1.));
#7290 = CYLINDRICAL_SURFACE('',#7291,6.3);
#7291 = AXIS2_PLACEMENT_3D('',#7292,#7293,#7294);
#7292 = CARTESIAN_POINT('',(68.,25.,13.));
#7293 = DIRECTION('',(1.,0.,0.));
#7294 = DIRECTION('',(-0.,0.,1.));
#7295 = ADVANCED_FACE('',(#7296,#7299),#7302,.F.);
#7296 = FACE_BOUND('',#7297,.F.);
#7297 = EDGE_LOOP('',(#7298));
#7298 = ORIENTED_EDGE('',*,*,#6058,.T.);
#7299 = FACE_BOUND('',#7300,.F.);
#7300 = EDGE_LOOP('',(#7301));
#7301 = ORIENTED_EDGE('',*,*,#6183,.F.);
#7302 = PLANE('',#7303);
#7303 = AXIS2_PLACEMENT_3D('',#7304,#7305,#7306);
#7304 = CARTESIAN_POINT('',(73.5,-4.5,-3.5));
#7305 = DIRECTION('',(0.,0.,1.));
#7306 = DIRECTION('',(1.,0.,-0.));
#7307 = ADVANCED_FACE('',(#7308,#7311),#7314,.F.);
#7308 = FACE_BOUND('',#7309,.F.);
#7309 = EDGE_LOOP('',(#7310));
#7310 = ORIENTED_EDGE('',*,*,#6083,.T.);
#7311 = FACE_BOUND('',#7312,.F.);
#7312 = EDGE_LOOP('',(#7313));
#7313 = ORIENTED_EDGE('',*,*,#6158,.F.);
#7314 = PLANE('',#7315);
#7315 = AXIS2_PLACEMENT_3D('',#7316,#7317,#7318);
#7316 = CARTESIAN_POINT('',(-4.5,-4.5,-3.5));
#7317 = DIRECTION('',(0.,0.,1.));
#7318 = DIRECTION('',(1.,0.,-0.));
#7319 = ADVANCED_FACE('',(#7320,#7323),#7326,.F.);
#7320 = FACE_BOUND('',#7321,.F.);
#7321 = EDGE_LOOP('',(#7322));
#7322 = ORIENTED_EDGE('',*,*,#6108,.T.);
#7323 = FACE_BOUND('',#7324,.F.);
#7324 = EDGE_LOOP('',(#7325));
#7325 = ORIENTED_EDGE('',*,*,#6233,.F.);
#7326 = PLANE('',#7327);
#7327 = AXIS2_PLACEMENT_3D('',#7328,#7329,#7330);
#7328 = CARTESIAN_POINT('',(73.5,54.5,-3.5));
#7329 = DIRECTION('',(0.,0.,1.));
#7330 = DIRECTION('',(1.,0.,-0.));
#7331 = ADVANCED_FACE('',(#7332,#7335),#7338,.F.);
#7332 = FACE_BOUND('',#7333,.F.);
#7333 = EDGE_LOOP('',(#7334));
#7334 = ORIENTED_EDGE('',*,*,#6133,.T.);
#7335 = FACE_BOUND('',#7336,.F.);
#7336 = EDGE_LOOP('',(#7337));
#7337 = ORIENTED_EDGE('',*,*,#6208,.F.);
#7338 = PLANE('',#7339);
#7339 = AXIS2_PLACEMENT_3D('',#7340,#7341,#7342);
#7340 = CARTESIAN_POINT('',(-4.5,54.5,-3.5));
#7341 = DIRECTION('',(0.,0.,1.));
#7342 = DIRECTION('',(1.,0.,-0.));
#7343 = ADVANCED_FACE('',(#7344),#7369,.F.);
#7344 = FACE_BOUND('',#7345,.F.);
#7345 = EDGE_LOOP('',(#7346,#7356,#7362,#7363));
#7346 = ORIENTED_EDGE('',*,*,#7347,.F.);
#7347 = EDGE_CURVE('',#7348,#7350,#7352,.T.);
#7348 = VERTEX_POINT('',#7349);
#7349 = CARTESIAN_POINT('',(27.,49.1,13.6));
#7350 = VERTEX_POINT('',#7351);
#7351 = CARTESIAN_POINT('',(27.,49.1,19.3));
#7352 = LINE('',#7353,#7354);
#7353 = CARTESIAN_POINT('',(27.,49.1,13.6));
#7354 = VECTOR('',#7355,1.);
#7355 = DIRECTION('',(0.,0.,1.));
#7356 = ORIENTED_EDGE('',*,*,#7357,.T.);
#7357 = EDGE_CURVE('',#7348,#6273,#7358,.T.);
#7358 = LINE('',#7359,#7360);
#7359 = CARTESIAN_POINT('',(27.,49.1,13.6));
#7360 = VECTOR('',#7361,1.);
#7361 = DIRECTION('',(-0.,1.,0.));
#7362 = ORIENTED_EDGE('',*,*,#6272,.T.);
#7363 = ORIENTED_EDGE('',*,*,#7364,.F.);
#7364 = EDGE_CURVE('',#7350,#6275,#7365,.T.);
#7365 = LINE('',#7366,#7367);
#7366 = CARTESIAN_POINT('',(27.,49.1,19.3));
#7367 = VECTOR('',#7368,1.);
#7368 = DIRECTION('',(-0.,1.,0.));
#7369 = PLANE('',#7370);
#7370 = AXIS2_PLACEMENT_3D('',#7371,#7372,#7373);
#7371 = CARTESIAN_POINT('',(27.,49.1,13.6));
#7372 = DIRECTION('',(1.,0.,-0.));
#7373 = DIRECTION('',(0.,0.,1.));
#7374 = ADVANCED_FACE('',(#7375),#7457,.T.);
#7375 = FACE_BOUND('',#7376,.T.);
#7376 = EDGE_LOOP('',(#7377,#7378,#7386,#7394,#7402,#7410,#7418,#7426,
    #7434,#7442,#7450,#7456));
#7377 = ORIENTED_EDGE('',*,*,#7364,.F.);
#7378 = ORIENTED_EDGE('',*,*,#7379,.T.);
#7379 = EDGE_CURVE('',#7350,#7380,#7382,.T.);
#7380 = VERTEX_POINT('',#7381);
#7381 = CARTESIAN_POINT('',(28.,49.1,19.3));
#7382 = LINE('',#7383,#7384);
#7383 = CARTESIAN_POINT('',(27.,49.1,19.3));
#7384 = VECTOR('',#7385,1.);
#7385 = DIRECTION('',(1.,0.,-0.));
#7386 = ORIENTED_EDGE('',*,*,#7387,.F.);
#7387 = EDGE_CURVE('',#7388,#7380,#7390,.T.);
#7388 = VERTEX_POINT('',#7389);
#7389 = CARTESIAN_POINT('',(28.,48.3,19.3));
#7390 = LINE('',#7391,#7392);
#7391 = CARTESIAN_POINT('',(28.,48.3,19.3));
#7392 = VECTOR('',#7393,1.);
#7393 = DIRECTION('',(-0.,1.,0.));
#7394 = ORIENTED_EDGE('',*,*,#7395,.T.);
#7395 = EDGE_CURVE('',#7388,#7396,#7398,.T.);
#7396 = VERTEX_POINT('',#7397);
#7397 = CARTESIAN_POINT('',(32.,48.3,19.3));
#7398 = LINE('',#7399,#7400);
#7399 = CARTESIAN_POINT('',(28.,48.3,19.3));
#7400 = VECTOR('',#7401,1.);
#7401 = DIRECTION('',(1.,0.,-0.));
#7402 = ORIENTED_EDGE('',*,*,#7403,.T.);
#7403 = EDGE_CURVE('',#7396,#7404,#7406,.T.);
#7404 = VERTEX_POINT('',#7405);
#7405 = CARTESIAN_POINT('',(32.,49.1,19.3));
#7406 = LINE('',#7407,#7408);
#7407 = CARTESIAN_POINT('',(32.,48.3,19.3));
#7408 = VECTOR('',#7409,1.);
#7409 = DIRECTION('',(-0.,1.,0.));
#7410 = ORIENTED_EDGE('',*,*,#7411,.T.);
#7411 = EDGE_CURVE('',#7404,#7412,#7414,.T.);
#7412 = VERTEX_POINT('',#7413);
#7413 = CARTESIAN_POINT('',(43.,49.1,19.3));
#7414 = LINE('',#7415,#7416);
#7415 = CARTESIAN_POINT('',(27.,49.1,19.3));
#7416 = VECTOR('',#7417,1.);
#7417 = DIRECTION('',(1.,0.,-0.));
#7418 = ORIENTED_EDGE('',*,*,#7419,.F.);
#7419 = EDGE_CURVE('',#7420,#7412,#7422,.T.);
#7420 = VERTEX_POINT('',#7421);
#7421 = CARTESIAN_POINT('',(43.,48.3,19.3));
#7422 = LINE('',#7423,#7424);
#7423 = CARTESIAN_POINT('',(43.,48.3,19.3));
#7424 = VECTOR('',#7425,1.);
#7425 = DIRECTION('',(-0.,1.,0.));
#7426 = ORIENTED_EDGE('',*,*,#7427,.T.);
#7427 = EDGE_CURVE('',#7420,#7428,#7430,.T.);
#7428 = VERTEX_POINT('',#7429);
#7429 = CARTESIAN_POINT('',(47.,48.3,19.3));
#7430 = LINE('',#7431,#7432);
#7431 = CARTESIAN_POINT('',(43.,48.3,19.3));
#7432 = VECTOR('',#7433,1.);
#7433 = DIRECTION('',(1.,0.,-0.));
#7434 = ORIENTED_EDGE('',*,*,#7435,.T.);
#7435 = EDGE_CURVE('',#7428,#7436,#7438,.T.);
#7436 = VERTEX_POINT('',#7437);
#7437 = CARTESIAN_POINT('',(47.,49.1,19.3));
#7438 = LINE('',#7439,#7440);
#7439 = CARTESIAN_POINT('',(47.,48.3,19.3));
#7440 = VECTOR('',#7441,1.);
#7441 = DIRECTION('',(-0.,1.,0.));
#7442 = ORIENTED_EDGE('',*,*,#7443,.T.);
#7443 = EDGE_CURVE('',#7436,#7444,#7446,.T.);
#7444 = VERTEX_POINT('',#7445);
#7445 = CARTESIAN_POINT('',(57.,49.1,19.3));
#7446 = LINE('',#7447,#7448);
#7447 = CARTESIAN_POINT('',(27.,49.1,19.3));
#7448 = VECTOR('',#7449,1.);
#7449 = DIRECTION('',(1.,0.,-0.));
#7450 = ORIENTED_EDGE('',*,*,#7451,.T.);
#7451 = EDGE_CURVE('',#7444,#6291,#7452,.T.);
#7452 = LINE('',#7453,#7454);
#7453 = CARTESIAN_POINT('',(57.,49.1,19.3));
#7454 = VECTOR('',#7455,1.);
#7455 = DIRECTION('',(-0.,1.,0.));
#7456 = ORIENTED_EDGE('',*,*,#6298,.F.);
#7457 = PLANE('',#7458);
#7458 = AXIS2_PLACEMENT_3D('',#7459,#7460,#7461);
#7459 = CARTESIAN_POINT('',(41.778461538462,49.409692307692,19.3));
#7460 = DIRECTION('',(0.,0.,1.));
#7461 = DIRECTION('',(1.,0.,-0.));
#7462 = ADVANCED_FACE('',(#7463),#7481,.T.);
#7463 = FACE_BOUND('',#7464,.T.);
#7464 = EDGE_LOOP('',(#7465,#7473,#7479,#7480));
#7465 = ORIENTED_EDGE('',*,*,#7466,.F.);
#7466 = EDGE_CURVE('',#7467,#7444,#7469,.T.);
#7467 = VERTEX_POINT('',#7468);
#7468 = CARTESIAN_POINT('',(57.,49.1,13.6));
#7469 = LINE('',#7470,#7471);
#7470 = CARTESIAN_POINT('',(57.,49.1,13.6));
#7471 = VECTOR('',#7472,1.);
#7472 = DIRECTION('',(0.,0.,1.));
#7473 = ORIENTED_EDGE('',*,*,#7474,.T.);
#7474 = EDGE_CURVE('',#7467,#6283,#7475,.T.);
#7475 = LINE('',#7476,#7477);
#7476 = CARTESIAN_POINT('',(57.,49.1,13.6));
#7477 = VECTOR('',#7478,1.);
#7478 = DIRECTION('',(-0.,1.,0.));
#7479 = ORIENTED_EDGE('',*,*,#6290,.T.);
#7480 = ORIENTED_EDGE('',*,*,#7451,.F.);
#7481 = PLANE('',#7482);
#7482 = AXIS2_PLACEMENT_3D('',#7483,#7484,#7485);
#7483 = CARTESIAN_POINT('',(57.,49.1,13.6));
#7484 = DIRECTION('',(1.,0.,-0.));
#7485 = DIRECTION('',(0.,0.,1.));
#7486 = ADVANCED_FACE('',(#7487),#7498,.F.);
#7487 = FACE_BOUND('',#7488,.F.);
#7488 = EDGE_LOOP('',(#7489,#7490,#7496,#7497));
#7489 = ORIENTED_EDGE('',*,*,#7357,.F.);
#7490 = ORIENTED_EDGE('',*,*,#7491,.T.);
#7491 = EDGE_CURVE('',#7348,#7467,#7492,.T.);
#7492 = LINE('',#7493,#7494);
#7493 = CARTESIAN_POINT('',(27.,49.1,13.6));
#7494 = VECTOR('',#7495,1.);
#7495 = DIRECTION('',(1.,0.,-0.));
#7496 = ORIENTED_EDGE('',*,*,#7474,.T.);
#7497 = ORIENTED_EDGE('',*,*,#6282,.F.);
#7498 = PLANE('',#7499);
#7499 = AXIS2_PLACEMENT_3D('',#7500,#7501,#7502);
#7500 = CARTESIAN_POINT('',(27.,49.1,13.6));
#7501 = DIRECTION('',(0.,0.,1.));
#7502 = DIRECTION('',(1.,0.,-0.));
#7503 = ADVANCED_FACE('',(#7504),#7520,.T.);
#7504 = FACE_BOUND('',#7505,.T.);
#7505 = EDGE_LOOP('',(#7506,#7507,#7508,#7509,#7510,#7511,#7512,#7513,
    #7519));
#7506 = ORIENTED_EDGE('',*,*,#6625,.F.);
#7507 = ORIENTED_EDGE('',*,*,#6641,.T.);
#7508 = ORIENTED_EDGE('',*,*,#6364,.T.);
#7509 = ORIENTED_EDGE('',*,*,#6320,.T.);
#7510 = ORIENTED_EDGE('',*,*,#6465,.F.);
#7511 = ORIENTED_EDGE('',*,*,#6497,.F.);
#7512 = ORIENTED_EDGE('',*,*,#6513,.T.);
#7513 = ORIENTED_EDGE('',*,*,#7514,.F.);
#7514 = EDGE_CURVE('',#6580,#6514,#7515,.T.);
#7515 = LINE('',#7516,#7517);
#7516 = CARTESIAN_POINT('',(60.1,43.,0.));
#7517 = VECTOR('',#7518,1.);
#7518 = DIRECTION('',(-0.,1.,0.));
#7519 = ORIENTED_EDGE('',*,*,#6577,.F.);
#7520 = PLANE('',#7521);
#7521 = AXIS2_PLACEMENT_3D('',#7522,#7523,#7524);
#7522 = CARTESIAN_POINT('',(0.,0.,0.));
#7523 = DIRECTION('',(0.,0.,1.));
#7524 = DIRECTION('',(1.,0.,-0.));
#7525 = ADVANCED_FACE('',(#7526),#7538,.F.);
#7526 = FACE_BOUND('',#7527,.F.);
#7527 = EDGE_LOOP('',(#7528,#7534,#7535,#7536,#7537));
#7528 = ORIENTED_EDGE('',*,*,#7529,.T.);
#7529 = EDGE_CURVE('',#7276,#6374,#7530,.T.);
#7530 = LINE('',#7531,#7532);
#7531 = CARTESIAN_POINT('',(69.4,25.,6.7));
#7532 = VECTOR('',#7533,1.);
#7533 = DIRECTION('',(-0.707106781187,1.731912112471E-16,-0.707106781187
    ));
#7534 = ORIENTED_EDGE('',*,*,#6373,.F.);
#7535 = ORIENTED_EDGE('',*,*,#7529,.F.);
#7536 = ORIENTED_EDGE('',*,*,#7275,.T.);
#7537 = ORIENTED_EDGE('',*,*,#7284,.T.);
#7538 = CONICAL_SURFACE('',#7539,6.3,0.785398163397);
#7539 = AXIS2_PLACEMENT_3D('',#7540,#7541,#7542);
#7540 = CARTESIAN_POINT('',(69.4,25.,13.));
#7541 = DIRECTION('',(-1.,-0.,-0.));
#7542 = DIRECTION('',(0.,0.,-1.));
#7543 = ADVANCED_FACE('',(#7544),#7550,.T.);
#7544 = FACE_BOUND('',#7545,.T.);
#7545 = EDGE_LOOP('',(#7546,#7547,#7548,#7549));
#7546 = ORIENTED_EDGE('',*,*,#6869,.F.);
#7547 = ORIENTED_EDGE('',*,*,#6443,.T.);
#7548 = ORIENTED_EDGE('',*,*,#6910,.T.);
#7549 = ORIENTED_EDGE('',*,*,#6885,.F.);
#7550 = PLANE('',#7551);
#7551 = AXIS2_PLACEMENT_3D('',#7552,#7553,#7554);
#7552 = CARTESIAN_POINT('',(28.,0.,19.3));
#7553 = DIRECTION('',(0.,0.,1.));
#7554 = DIRECTION('',(1.,0.,-0.));
#7555 = ADVANCED_FACE('',(#7556),#7562,.T.);
#7556 = FACE_BOUND('',#7557,.T.);
#7557 = EDGE_LOOP('',(#7558,#7559,#7560,#7561));
#7558 = ORIENTED_EDGE('',*,*,#6934,.F.);
#7559 = ORIENTED_EDGE('',*,*,#6420,.T.);
#7560 = ORIENTED_EDGE('',*,*,#6975,.T.);
#7561 = ORIENTED_EDGE('',*,*,#6950,.F.);
#7562 = PLANE('',#7563);
#7563 = AXIS2_PLACEMENT_3D('',#7564,#7565,#7566);
#7564 = CARTESIAN_POINT('',(46.,0.,19.3));
#7565 = DIRECTION('',(0.,0.,1.));
#7566 = DIRECTION('',(1.,0.,-0.));
#7567 = ADVANCED_FACE('',(#7568),#7579,.T.);
#7568 = FACE_BOUND('',#7569,.T.);
#7569 = EDGE_LOOP('',(#7570,#7571,#7572,#7573));
#7570 = ORIENTED_EDGE('',*,*,#6603,.F.);
#7571 = ORIENTED_EDGE('',*,*,#7514,.T.);
#7572 = ORIENTED_EDGE('',*,*,#6539,.T.);
#7573 = ORIENTED_EDGE('',*,*,#7574,.F.);
#7574 = EDGE_CURVE('',#6596,#6532,#7575,.T.);
#7575 = LINE('',#7576,#7577);
#7576 = CARTESIAN_POINT('',(60.1,43.,19.3));
#7577 = VECTOR('',#7578,1.);
#7578 = DIRECTION('',(-0.,1.,0.));
#7579 = PLANE('',#7580);
#7580 = AXIS2_PLACEMENT_3D('',#7581,#7582,#7583);
#7581 = CARTESIAN_POINT('',(60.1,43.,0.));
#7582 = DIRECTION('',(1.,0.,-0.));
#7583 = DIRECTION('',(0.,0.,1.));
#7584 = ADVANCED_FACE('',(#7585),#7591,.T.);
#7585 = FACE_BOUND('',#7586,.T.);
#7586 = EDGE_LOOP('',(#7587,#7588,#7589,#7590));
#7587 = ORIENTED_EDGE('',*,*,#6563,.F.);
#7588 = ORIENTED_EDGE('',*,*,#6595,.T.);
#7589 = ORIENTED_EDGE('',*,*,#7574,.T.);
#7590 = ORIENTED_EDGE('',*,*,#6531,.F.);
#7591 = PLANE('',#7592);
#7592 = AXIS2_PLACEMENT_3D('',#7593,#7594,#7595);
#7593 = CARTESIAN_POINT('',(58.9,43.,19.3));
#7594 = DIRECTION('',(0.,0.,1.));
#7595 = DIRECTION('',(1.,0.,-0.));
#7596 = ADVANCED_FACE('',(#7597),#7603,.T.);
#7597 = FACE_BOUND('',#7598,.T.);
#7598 = EDGE_LOOP('',(#7599,#7600,#7601,#7602));
#7599 = ORIENTED_EDGE('',*,*,#6778,.F.);
#7600 = ORIENTED_EDGE('',*,*,#6682,.T.);
#7601 = ORIENTED_EDGE('',*,*,#6730,.T.);
#7602 = ORIENTED_EDGE('',*,*,#6753,.F.);
#7603 = PLANE('',#7604);
#7604 = AXIS2_PLACEMENT_3D('',#7605,#7606,#7607);
#7605 = CARTESIAN_POINT('',(0.,0.,0.));
#7606 = DIRECTION('',(0.,0.,1.));
#7607 = DIRECTION('',(1.,0.,-0.));
#7608 = ADVANCED_FACE('',(#7609),#7612,.T.);
#7609 = FACE_BOUND('',#7610,.T.);
#7610 = EDGE_LOOP('',(#7611));
#7611 = ORIENTED_EDGE('',*,*,#6989,.T.);
#7612 = PLANE('',#7613);
#7613 = AXIS2_PLACEMENT_3D('',#7614,#7615,#7616);
#7614 = CARTESIAN_POINT('',(27.5,4.2,16.2));
#7615 = DIRECTION('',(0.,0.,1.));
#7616 = DIRECTION('',(1.,0.,-0.));
#7617 = ADVANCED_FACE('',(#7618),#7621,.T.);
#7618 = FACE_BOUND('',#7619,.T.);
#7619 = EDGE_LOOP('',(#7620));
#7620 = ORIENTED_EDGE('',*,*,#7014,.T.);
#7621 = PLANE('',#7622);
#7622 = AXIS2_PLACEMENT_3D('',#7623,#7624,#7625);
#7623 = CARTESIAN_POINT('',(56.5,4.2,16.2));
#7624 = DIRECTION('',(0.,0.,1.));
#7625 = DIRECTION('',(1.,0.,-0.));
#7626 = ADVANCED_FACE('',(#7627),#7633,.T.);
#7627 = FACE_BOUND('',#7628,.T.);
#7628 = EDGE_LOOP('',(#7629,#7630,#7631,#7632));
#7629 = ORIENTED_EDGE('',*,*,#7080,.F.);
#7630 = ORIENTED_EDGE('',*,*,#7048,.T.);
#7631 = ORIENTED_EDGE('',*,*,#7104,.T.);
#7632 = ORIENTED_EDGE('',*,*,#7120,.F.);
#7633 = PLANE('',#7634);
#7634 = AXIS2_PLACEMENT_3D('',#7635,#7636,#7637);
#7635 = CARTESIAN_POINT('',(23.9,3.,19.3));
#7636 = DIRECTION('',(0.,0.,1.));
#7637 = DIRECTION('',(1.,0.,-0.));
#7638 = ADVANCED_FACE('',(#7639,#7642),#7653,.T.);
#7639 = FACE_BOUND('',#7640,.T.);
#7640 = EDGE_LOOP('',(#7641));
#7641 = ORIENTED_EDGE('',*,*,#7135,.T.);
#7642 = FACE_BOUND('',#7643,.T.);
#7643 = EDGE_LOOP('',(#7644));
#7644 = ORIENTED_EDGE('',*,*,#7645,.F.);
#7645 = EDGE_CURVE('',#7646,#7646,#7648,.T.);
#7646 = VERTEX_POINT('',#7647);
#7647 = CARTESIAN_POINT('',(43.05,4.87,16.2));
#7648 = CIRCLE('',#7649,1.05);
#7649 = AXIS2_PLACEMENT_3D('',#7650,#7651,#7652);
#7650 = CARTESIAN_POINT('',(42.,4.87,16.2));
#7651 = DIRECTION('',(0.,0.,1.));
#7652 = DIRECTION('',(1.,0.,-0.));
#7653 = PLANE('',#7654);
#7654 = AXIS2_PLACEMENT_3D('',#7655,#7656,#7657);
#7655 = CARTESIAN_POINT('',(42.,4.87,16.2));
#7656 = DIRECTION('',(0.,0.,1.));
#7657 = DIRECTION('',(1.,0.,-0.));
#7658 = ADVANCED_FACE('',(#7659),#7665,.T.);
#7659 = FACE_BOUND('',#7660,.T.);
#7660 = EDGE_LOOP('',(#7661,#7662,#7663,#7664));
#7661 = ORIENTED_EDGE('',*,*,#7242,.F.);
#7662 = ORIENTED_EDGE('',*,*,#7169,.T.);
#7663 = ORIENTED_EDGE('',*,*,#7201,.T.);
#7664 = ORIENTED_EDGE('',*,*,#7224,.F.);
#7665 = PLANE('',#7666);
#7666 = AXIS2_PLACEMENT_3D('',#7667,#7668,#7669);
#7667 = CARTESIAN_POINT('',(58.9,3.,19.3));
#7668 = DIRECTION('',(0.,0.,1.));
#7669 = DIRECTION('',(1.,0.,-0.));
#7670 = ADVANCED_FACE('',(#7671),#7723,.F.);
#7671 = FACE_BOUND('',#7672,.F.);
#7672 = EDGE_LOOP('',(#7673,#7674,#7675,#7676,#7677,#7678,#7686,#7694,
    #7700,#7701,#7709,#7717));
#7673 = ORIENTED_EDGE('',*,*,#7443,.T.);
#7674 = ORIENTED_EDGE('',*,*,#7466,.F.);
#7675 = ORIENTED_EDGE('',*,*,#7491,.F.);
#7676 = ORIENTED_EDGE('',*,*,#7347,.T.);
#7677 = ORIENTED_EDGE('',*,*,#7379,.T.);
#7678 = ORIENTED_EDGE('',*,*,#7679,.T.);
#7679 = EDGE_CURVE('',#7380,#7680,#7682,.T.);
#7680 = VERTEX_POINT('',#7681);
#7681 = CARTESIAN_POINT('',(28.,49.1,18.3));
#7682 = LINE('',#7683,#7684);
#7683 = CARTESIAN_POINT('',(28.,49.1,15.95));
#7684 = VECTOR('',#7685,1.);
#7685 = DIRECTION('',(-0.,0.,-1.));
#7686 = ORIENTED_EDGE('',*,*,#7687,.T.);
#7687 = EDGE_CURVE('',#7680,#7688,#7690,.T.);
#7688 = VERTEX_POINT('',#7689);
#7689 = CARTESIAN_POINT('',(32.,49.1,18.3));
#7690 = LINE('',#7691,#7692);
#7691 = CARTESIAN_POINT('',(27.5,49.1,18.3));
#7692 = VECTOR('',#7693,1.);
#7693 = DIRECTION('',(1.,0.,-0.));
#7694 = ORIENTED_EDGE('',*,*,#7695,.F.);
#7695 = EDGE_CURVE('',#7404,#7688,#7696,.T.);
#7696 = LINE('',#7697,#7698);
#7697 = CARTESIAN_POINT('',(32.,49.1,15.95));
#7698 = VECTOR('',#7699,1.);
#7699 = DIRECTION('',(-0.,0.,-1.));
#7700 = ORIENTED_EDGE('',*,*,#7411,.T.);
#7701 = ORIENTED_EDGE('',*,*,#7702,.T.);
#7702 = EDGE_CURVE('',#7412,#7703,#7705,.T.);
#7703 = VERTEX_POINT('',#7704);
#7704 = CARTESIAN_POINT('',(43.,49.1,18.3));
#7705 = LINE('',#7706,#7707);
#7706 = CARTESIAN_POINT('',(43.,49.1,15.95));
#7707 = VECTOR('',#7708,1.);
#7708 = DIRECTION('',(-0.,0.,-1.));
#7709 = ORIENTED_EDGE('',*,*,#7710,.T.);
#7710 = EDGE_CURVE('',#7703,#7711,#7713,.T.);
#7711 = VERTEX_POINT('',#7712);
#7712 = CARTESIAN_POINT('',(47.,49.1,18.3));
#7713 = LINE('',#7714,#7715);
#7714 = CARTESIAN_POINT('',(35.,49.1,18.3));
#7715 = VECTOR('',#7716,1.);
#7716 = DIRECTION('',(1.,0.,-0.));
#7717 = ORIENTED_EDGE('',*,*,#7718,.F.);
#7718 = EDGE_CURVE('',#7436,#7711,#7719,.T.);
#7719 = LINE('',#7720,#7721);
#7720 = CARTESIAN_POINT('',(47.,49.1,15.95));
#7721 = VECTOR('',#7722,1.);
#7722 = DIRECTION('',(-0.,0.,-1.));
#7723 = PLANE('',#7724);
#7724 = AXIS2_PLACEMENT_3D('',#7725,#7726,#7727);
#7725 = CARTESIAN_POINT('',(27.,49.1,13.6));
#7726 = DIRECTION('',(-0.,1.,0.));
#7727 = DIRECTION('',(0.,0.,1.));
#7728 = ADVANCED_FACE('',(#7729),#7747,.F.);
#7729 = FACE_BOUND('',#7730,.F.);
#7730 = EDGE_LOOP('',(#7731,#7732,#7740,#7746));
#7731 = ORIENTED_EDGE('',*,*,#7387,.F.);
#7732 = ORIENTED_EDGE('',*,*,#7733,.F.);
#7733 = EDGE_CURVE('',#7734,#7388,#7736,.T.);
#7734 = VERTEX_POINT('',#7735);
#7735 = CARTESIAN_POINT('',(28.,48.3,18.3));
#7736 = LINE('',#7737,#7738);
#7737 = CARTESIAN_POINT('',(28.,48.3,18.3));
#7738 = VECTOR('',#7739,1.);
#7739 = DIRECTION('',(0.,0.,1.));
#7740 = ORIENTED_EDGE('',*,*,#7741,.T.);
#7741 = EDGE_CURVE('',#7734,#7680,#7742,.T.);
#7742 = LINE('',#7743,#7744);
#7743 = CARTESIAN_POINT('',(28.,48.3,18.3));
#7744 = VECTOR('',#7745,1.);
#7745 = DIRECTION('',(-0.,1.,0.));
#7746 = ORIENTED_EDGE('',*,*,#7679,.F.);
#7747 = PLANE('',#7748);
#7748 = AXIS2_PLACEMENT_3D('',#7749,#7750,#7751);
#7749 = CARTESIAN_POINT('',(28.,48.3,18.3));
#7750 = DIRECTION('',(1.,0.,-0.));
#7751 = DIRECTION('',(0.,0.,1.));
#7752 = ADVANCED_FACE('',(#7753),#7771,.F.);
#7753 = FACE_BOUND('',#7754,.F.);
#7754 = EDGE_LOOP('',(#7755,#7763,#7764,#7765));
#7755 = ORIENTED_EDGE('',*,*,#7756,.F.);
#7756 = EDGE_CURVE('',#7734,#7757,#7759,.T.);
#7757 = VERTEX_POINT('',#7758);
#7758 = CARTESIAN_POINT('',(32.,48.3,18.3));
#7759 = LINE('',#7760,#7761);
#7760 = CARTESIAN_POINT('',(28.,48.3,18.3));
#7761 = VECTOR('',#7762,1.);
#7762 = DIRECTION('',(1.,0.,-0.));
#7763 = ORIENTED_EDGE('',*,*,#7733,.T.);
#7764 = ORIENTED_EDGE('',*,*,#7395,.T.);
#7765 = ORIENTED_EDGE('',*,*,#7766,.F.);
#7766 = EDGE_CURVE('',#7757,#7396,#7767,.T.);
#7767 = LINE('',#7768,#7769);
#7768 = CARTESIAN_POINT('',(32.,48.3,18.3));
#7769 = VECTOR('',#7770,1.);
#7770 = DIRECTION('',(0.,0.,1.));
#7771 = PLANE('',#7772);
#7772 = AXIS2_PLACEMENT_3D('',#7773,#7774,#7775);
#7773 = CARTESIAN_POINT('',(28.,48.3,18.3));
#7774 = DIRECTION('',(-0.,1.,0.));
#7775 = DIRECTION('',(0.,0.,1.));
#7776 = ADVANCED_FACE('',(#7777),#7788,.T.);
#7777 = FACE_BOUND('',#7778,.T.);
#7778 = EDGE_LOOP('',(#7779,#7780,#7781,#7787));
#7779 = ORIENTED_EDGE('',*,*,#7403,.F.);
#7780 = ORIENTED_EDGE('',*,*,#7766,.F.);
#7781 = ORIENTED_EDGE('',*,*,#7782,.T.);
#7782 = EDGE_CURVE('',#7757,#7688,#7783,.T.);
#7783 = LINE('',#7784,#7785);
#7784 = CARTESIAN_POINT('',(32.,48.3,18.3));
#7785 = VECTOR('',#7786,1.);
#7786 = DIRECTION('',(-0.,1.,0.));
#7787 = ORIENTED_EDGE('',*,*,#7695,.F.);
#7788 = PLANE('',#7789);
#7789 = AXIS2_PLACEMENT_3D('',#7790,#7791,#7792);
#7790 = CARTESIAN_POINT('',(32.,48.3,18.3));
#7791 = DIRECTION('',(1.,0.,-0.));
#7792 = DIRECTION('',(0.,0.,1.));
#7793 = ADVANCED_FACE('',(#7794),#7812,.F.);
#7794 = FACE_BOUND('',#7795,.F.);
#7795 = EDGE_LOOP('',(#7796,#7797,#7805,#7811));
#7796 = ORIENTED_EDGE('',*,*,#7419,.F.);
#7797 = ORIENTED_EDGE('',*,*,#7798,.F.);
#7798 = EDGE_CURVE('',#7799,#7420,#7801,.T.);
#7799 = VERTEX_POINT('',#7800);
#7800 = CARTESIAN_POINT('',(43.,48.3,18.3));
#7801 = LINE('',#7802,#7803);
#7802 = CARTESIAN_POINT('',(43.,48.3,18.3));
#7803 = VECTOR('',#7804,1.);
#7804 = DIRECTION('',(0.,0.,1.));
#7805 = ORIENTED_EDGE('',*,*,#7806,.T.);
#7806 = EDGE_CURVE('',#7799,#7703,#7807,.T.);
#7807 = LINE('',#7808,#7809);
#7808 = CARTESIAN_POINT('',(43.,48.3,18.3));
#7809 = VECTOR('',#7810,1.);
#7810 = DIRECTION('',(-0.,1.,0.));
#7811 = ORIENTED_EDGE('',*,*,#7702,.F.);
#7812 = PLANE('',#7813);
#7813 = AXIS2_PLACEMENT_3D('',#7814,#7815,#7816);
#7814 = CARTESIAN_POINT('',(43.,48.3,18.3));
#7815 = DIRECTION('',(1.,0.,-0.));
#7816 = DIRECTION('',(0.,0.,1.));
#7817 = ADVANCED_FACE('',(#7818),#7836,.F.);
#7818 = FACE_BOUND('',#7819,.F.);
#7819 = EDGE_LOOP('',(#7820,#7828,#7829,#7830));
#7820 = ORIENTED_EDGE('',*,*,#7821,.F.);
#7821 = EDGE_CURVE('',#7799,#7822,#7824,.T.);
#7822 = VERTEX_POINT('',#7823);
#7823 = CARTESIAN_POINT('',(47.,48.3,18.3));
#7824 = LINE('',#7825,#7826);
#7825 = CARTESIAN_POINT('',(43.,48.3,18.3));
#7826 = VECTOR('',#7827,1.);
#7827 = DIRECTION('',(1.,0.,-0.));
#7828 = ORIENTED_EDGE('',*,*,#7798,.T.);
#7829 = ORIENTED_EDGE('',*,*,#7427,.T.);
#7830 = ORIENTED_EDGE('',*,*,#7831,.F.);
#7831 = EDGE_CURVE('',#7822,#7428,#7832,.T.);
#7832 = LINE('',#7833,#7834);
#7833 = CARTESIAN_POINT('',(47.,48.3,18.3));
#7834 = VECTOR('',#7835,1.);
#7835 = DIRECTION('',(0.,0.,1.));
#7836 = PLANE('',#7837);
#7837 = AXIS2_PLACEMENT_3D('',#7838,#7839,#7840);
#7838 = CARTESIAN_POINT('',(43.,48.3,18.3));
#7839 = DIRECTION('',(-0.,1.,0.));
#7840 = DIRECTION('',(0.,0.,1.));
#7841 = ADVANCED_FACE('',(#7842),#7853,.T.);
#7842 = FACE_BOUND('',#7843,.T.);
#7843 = EDGE_LOOP('',(#7844,#7845,#7846,#7852));
#7844 = ORIENTED_EDGE('',*,*,#7435,.F.);
#7845 = ORIENTED_EDGE('',*,*,#7831,.F.);
#7846 = ORIENTED_EDGE('',*,*,#7847,.T.);
#7847 = EDGE_CURVE('',#7822,#7711,#7848,.T.);
#7848 = LINE('',#7849,#7850);
#7849 = CARTESIAN_POINT('',(47.,48.3,18.3));
#7850 = VECTOR('',#7851,1.);
#7851 = DIRECTION('',(-0.,1.,0.));
#7852 = ORIENTED_EDGE('',*,*,#7718,.F.);
#7853 = PLANE('',#7854);
#7854 = AXIS2_PLACEMENT_3D('',#7855,#7856,#7857);
#7855 = CARTESIAN_POINT('',(47.,48.3,18.3));
#7856 = DIRECTION('',(1.,0.,-0.));
#7857 = DIRECTION('',(0.,0.,1.));
#7858 = ADVANCED_FACE('',(#7859),#7878,.F.);
#7859 = FACE_BOUND('',#7860,.F.);
#7860 = EDGE_LOOP('',(#7861,#7862,#7870,#7877));
#7861 = ORIENTED_EDGE('',*,*,#7645,.F.);
#7862 = ORIENTED_EDGE('',*,*,#7863,.F.);
#7863 = EDGE_CURVE('',#7864,#7646,#7866,.T.);
#7864 = VERTEX_POINT('',#7865);
#7865 = CARTESIAN_POINT('',(43.05,4.87,10.2));
#7866 = LINE('',#7867,#7868);
#7867 = CARTESIAN_POINT('',(43.05,4.87,10.2));
#7868 = VECTOR('',#7869,1.);
#7869 = DIRECTION('',(0.,0.,1.));
#7870 = ORIENTED_EDGE('',*,*,#7871,.T.);
#7871 = EDGE_CURVE('',#7864,#7864,#7872,.T.);
#7872 = CIRCLE('',#7873,1.05);
#7873 = AXIS2_PLACEMENT_3D('',#7874,#7875,#7876);
#7874 = CARTESIAN_POINT('',(42.,4.87,10.2));
#7875 = DIRECTION('',(0.,0.,1.));
#7876 = DIRECTION('',(1.,0.,-0.));
#7877 = ORIENTED_EDGE('',*,*,#7863,.T.);
#7878 = CYLINDRICAL_SURFACE('',#7879,1.05);
#7879 = AXIS2_PLACEMENT_3D('',#7880,#7881,#7882);
#7880 = CARTESIAN_POINT('',(42.,4.87,10.2));
#7881 = DIRECTION('',(0.,0.,1.));
#7882 = DIRECTION('',(1.,0.,-0.));
#7883 = ADVANCED_FACE('',(#7884),#7890,.F.);
#7884 = FACE_BOUND('',#7885,.F.);
#7885 = EDGE_LOOP('',(#7886,#7887,#7888,#7889));
#7886 = ORIENTED_EDGE('',*,*,#7806,.F.);
#7887 = ORIENTED_EDGE('',*,*,#7821,.T.);
#7888 = ORIENTED_EDGE('',*,*,#7847,.T.);
#7889 = ORIENTED_EDGE('',*,*,#7710,.F.);
#7890 = PLANE('',#7891);
#7891 = AXIS2_PLACEMENT_3D('',#7892,#7893,#7894);
#7892 = CARTESIAN_POINT('',(43.,48.3,18.3));
#7893 = DIRECTION('',(0.,0.,1.));
#7894 = DIRECTION('',(1.,0.,-0.));
#7895 = ADVANCED_FACE('',(#7896),#7902,.F.);
#7896 = FACE_BOUND('',#7897,.F.);
#7897 = EDGE_LOOP('',(#7898,#7899,#7900,#7901));
#7898 = ORIENTED_EDGE('',*,*,#7741,.F.);
#7899 = ORIENTED_EDGE('',*,*,#7756,.T.);
#7900 = ORIENTED_EDGE('',*,*,#7782,.T.);
#7901 = ORIENTED_EDGE('',*,*,#7687,.F.);
#7902 = PLANE('',#7903);
#7903 = AXIS2_PLACEMENT_3D('',#7904,#7905,#7906);
#7904 = CARTESIAN_POINT('',(28.,48.3,18.3));
#7905 = DIRECTION('',(0.,0.,1.));
#7906 = DIRECTION('',(1.,0.,-0.));
#7907 = ADVANCED_FACE('',(#7908),#7911,.T.);
#7908 = FACE_BOUND('',#7909,.F.);
#7909 = EDGE_LOOP('',(#7910));
#7910 = ORIENTED_EDGE('',*,*,#7871,.F.);
#7911 = PLANE('',#7912);
#7912 = AXIS2_PLACEMENT_3D('',#7913,#7914,#7915);
#7913 = CARTESIAN_POINT('',(42.,4.87,10.2));
#7914 = DIRECTION('',(0.,0.,1.));
#7915 = DIRECTION('',(1.,0.,-0.));
#7916 = MANIFOLD_SOLID_BREP('',#7917);
#7917 = CLOSED_SHELL('',(#7918,#7966,#8279,#8304,#8706,#8723,#8740,#8772
    ,#8789,#8806,#8824,#8841,#8858,#8891,#8908,#8925,#8943,#8960,#8977,
    #9010,#9027,#9044,#9062,#9079,#9096,#9128,#9140,#9166,#9192,#9217,
    #9242,#9267,#9293,#9327,#9352,#9386,#9420,#9451,#9476,#9508,#9532,
    #9556,#9581,#9605,#9629,#9653,#9678,#9702,#9726,#9750,#9775,#9807,
    #9824,#9858,#9867,#9876,#9885,#9894,#9903,#9912,#9932,#9941,#9950,
    #9959,#9985,#10005,#10031,#10057,#10081,#10106,#10180,#10197,#10214,
    #10231,#10248,#10265,#10282,#10294,#10320,#10345,#10365,#10399,
    #10419,#10439,#10459,#10477,#10502,#10527,#10552,#10577,#10586,
    #10595,#10604));
#7918 = ADVANCED_FACE('',(#7919),#7961,.F.);
#7919 = FACE_BOUND('',#7920,.F.);
#7920 = EDGE_LOOP('',(#7921,#7931,#7939,#7947,#7955));
#7921 = ORIENTED_EDGE('',*,*,#7922,.F.);
#7922 = EDGE_CURVE('',#7923,#7925,#7927,.T.);
#7923 = VERTEX_POINT('',#7924);
#7924 = CARTESIAN_POINT('',(-4.6,2.,31.5));
#7925 = VERTEX_POINT('',#7926);
#7926 = CARTESIAN_POINT('',(-4.6,25.,31.5));
#7927 = LINE('',#7928,#7929);
#7928 = CARTESIAN_POINT('',(-4.6,-4.6,31.5));
#7929 = VECTOR('',#7930,1.);
#7930 = DIRECTION('',(-0.,1.,0.));
#7931 = ORIENTED_EDGE('',*,*,#7932,.F.);
#7932 = EDGE_CURVE('',#7933,#7923,#7935,.T.);
#7933 = VERTEX_POINT('',#7934);
#7934 = CARTESIAN_POINT('',(-4.6,2.,28.));
#7935 = LINE('',#7936,#7937);
#7936 = CARTESIAN_POINT('',(-4.6,2.,28.));
#7937 = VECTOR('',#7938,1.);
#7938 = DIRECTION('',(0.,0.,1.));
#7939 = ORIENTED_EDGE('',*,*,#7940,.T.);
#7940 = EDGE_CURVE('',#7933,#7941,#7943,.T.);
#7941 = VERTEX_POINT('',#7942);
#7942 = CARTESIAN_POINT('',(-4.6,48.,28.));
#7943 = LINE('',#7944,#7945);
#7944 = CARTESIAN_POINT('',(-4.6,-4.6,28.));
#7945 = VECTOR('',#7946,1.);
#7946 = DIRECTION('',(-0.,1.,0.));
#7947 = ORIENTED_EDGE('',*,*,#7948,.T.);
#7948 = EDGE_CURVE('',#7941,#7949,#7951,.T.);
#7949 = VERTEX_POINT('',#7950);
#7950 = CARTESIAN_POINT('',(-4.6,48.,31.5));
#7951 = LINE('',#7952,#7953);
#7952 = CARTESIAN_POINT('',(-4.6,48.,28.));
#7953 = VECTOR('',#7954,1.);
#7954 = DIRECTION('',(0.,0.,1.));
#7955 = ORIENTED_EDGE('',*,*,#7956,.F.);
#7956 = EDGE_CURVE('',#7925,#7949,#7957,.T.);
#7957 = LINE('',#7958,#7959);
#7958 = CARTESIAN_POINT('',(-4.6,-4.6,31.5));
#7959 = VECTOR('',#7960,1.);
#7960 = DIRECTION('',(-0.,1.,0.));
#7961 = PLANE('',#7962);
#7962 = AXIS2_PLACEMENT_3D('',#7963,#7964,#7965);
#7963 = CARTESIAN_POINT('',(-4.6,-4.6,28.));
#7964 = DIRECTION('',(1.,0.,-0.));
#7965 = DIRECTION('',(0.,0.,1.));
#7966 = ADVANCED_FACE('',(#7967,#8189,#8207,#8225,#8236,#8247,#8256),
  #8274,.T.);
#7967 = FACE_BOUND('',#7968,.T.);
#7968 = EDGE_LOOP('',(#7969,#7970,#7979,#7987,#7996,#8004,#8013,#8021,
    #8029,#8038,#8046,#8055,#8063,#8072,#8080,#8088,#8097,#8105,#8114,
    #8122,#8131,#8139,#8147,#8156,#8164,#8173,#8181,#8188));
#7969 = ORIENTED_EDGE('',*,*,#7922,.F.);
#7970 = ORIENTED_EDGE('',*,*,#7971,.T.);
#7971 = EDGE_CURVE('',#7923,#7972,#7974,.T.);
#7972 = VERTEX_POINT('',#7973);
#7973 = CARTESIAN_POINT('',(-4.5,0.855447685775,31.5));
#7974 = CIRCLE('',#7975,6.6);
#7975 = AXIS2_PLACEMENT_3D('',#7976,#7977,#7978);
#7976 = CARTESIAN_POINT('',(2.,2.,31.5));
#7977 = DIRECTION('',(0.,0.,1.));
#7978 = DIRECTION('',(0.,-1.,0.));
#7979 = ORIENTED_EDGE('',*,*,#7980,.F.);
#7980 = EDGE_CURVE('',#7981,#7972,#7983,.T.);
#7981 = VERTEX_POINT('',#7982);
#7982 = CARTESIAN_POINT('',(-4.5,-0.2,31.5));
#7983 = LINE('',#7984,#7985);
#7984 = CARTESIAN_POINT('',(-4.5,-4.5,31.5));
#7985 = VECTOR('',#7986,1.);
#7986 = DIRECTION('',(-0.,1.,0.));
#7987 = ORIENTED_EDGE('',*,*,#7988,.F.);
#7988 = EDGE_CURVE('',#7989,#7981,#7991,.T.);
#7989 = VERTEX_POINT('',#7990);
#7990 = CARTESIAN_POINT('',(-0.2,-4.5,31.5));
#7991 = CIRCLE('',#7992,4.3);
#7992 = AXIS2_PLACEMENT_3D('',#7993,#7994,#7995);
#7993 = CARTESIAN_POINT('',(-4.5,-4.5,31.5));
#7994 = DIRECTION('',(0.,0.,1.));
#7995 = DIRECTION('',(1.,0.,-0.));
#7996 = ORIENTED_EDGE('',*,*,#7997,.T.);
#7997 = EDGE_CURVE('',#7989,#7998,#8000,.T.);
#7998 = VERTEX_POINT('',#7999);
#7999 = CARTESIAN_POINT('',(0.855447685774,-4.5,31.5));
#8000 = LINE('',#8001,#8002);
#8001 = CARTESIAN_POINT('',(-4.5,-4.5,31.5));
#8002 = VECTOR('',#8003,1.);
#8003 = DIRECTION('',(1.,0.,-0.));
#8004 = ORIENTED_EDGE('',*,*,#8005,.T.);
#8005 = EDGE_CURVE('',#7998,#8006,#8008,.T.);
#8006 = VERTEX_POINT('',#8007);
#8007 = CARTESIAN_POINT('',(2.,-4.6,31.5));
#8008 = CIRCLE('',#8009,6.6);
#8009 = AXIS2_PLACEMENT_3D('',#8010,#8011,#8012);
#8010 = CARTESIAN_POINT('',(2.,2.,31.5));
#8011 = DIRECTION('',(0.,0.,1.));
#8012 = DIRECTION('',(0.,-1.,0.));
#8013 = ORIENTED_EDGE('',*,*,#8014,.T.);
#8014 = EDGE_CURVE('',#8006,#8015,#8017,.T.);
#8015 = VERTEX_POINT('',#8016);
#8016 = CARTESIAN_POINT('',(34.5,-4.6,31.5));
#8017 = LINE('',#8018,#8019);
#8018 = CARTESIAN_POINT('',(-4.6,-4.6,31.5));
#8019 = VECTOR('',#8020,1.);
#8020 = DIRECTION('',(1.,0.,-0.));
#8021 = ORIENTED_EDGE('',*,*,#8022,.T.);
#8022 = EDGE_CURVE('',#8015,#8023,#8025,.T.);
#8023 = VERTEX_POINT('',#8024);
#8024 = CARTESIAN_POINT('',(67.,-4.6,31.5));
#8025 = LINE('',#8026,#8027);
#8026 = CARTESIAN_POINT('',(-4.6,-4.6,31.5));
#8027 = VECTOR('',#8028,1.);
#8028 = DIRECTION('',(1.,0.,-0.));
#8029 = ORIENTED_EDGE('',*,*,#8030,.F.);
#8030 = EDGE_CURVE('',#8031,#8023,#8033,.T.);
#8031 = VERTEX_POINT('',#8032);
#8032 = CARTESIAN_POINT('',(68.144552314225,-4.5,31.5));
#8033 = CIRCLE('',#8034,6.6);
#8034 = AXIS2_PLACEMENT_3D('',#8035,#8036,#8037);
#8035 = CARTESIAN_POINT('',(67.,2.,31.5));
#8036 = DIRECTION('',(-0.,-0.,-1.));
#8037 = DIRECTION('',(0.,-1.,0.));
#8038 = ORIENTED_EDGE('',*,*,#8039,.T.);
#8039 = EDGE_CURVE('',#8031,#8040,#8042,.T.);
#8040 = VERTEX_POINT('',#8041);
#8041 = CARTESIAN_POINT('',(69.2,-4.5,31.5));
#8042 = LINE('',#8043,#8044);
#8043 = CARTESIAN_POINT('',(68.,-4.5,31.5));
#8044 = VECTOR('',#8045,1.);
#8045 = DIRECTION('',(1.,0.,-0.));
#8046 = ORIENTED_EDGE('',*,*,#8047,.F.);
#8047 = EDGE_CURVE('',#8048,#8040,#8050,.T.);
#8048 = VERTEX_POINT('',#8049);
#8049 = CARTESIAN_POINT('',(73.5,-0.2,31.5));
#8050 = CIRCLE('',#8051,4.3);
#8051 = AXIS2_PLACEMENT_3D('',#8052,#8053,#8054);
#8052 = CARTESIAN_POINT('',(73.5,-4.5,31.5));
#8053 = DIRECTION('',(0.,0.,1.));
#8054 = DIRECTION('',(1.,0.,-0.));
#8055 = ORIENTED_EDGE('',*,*,#8056,.T.);
#8056 = EDGE_CURVE('',#8048,#8057,#8059,.T.);
#8057 = VERTEX_POINT('',#8058);
#8058 = CARTESIAN_POINT('',(73.5,0.855447685775,31.5));
#8059 = LINE('',#8060,#8061);
#8060 = CARTESIAN_POINT('',(73.5,-4.5,31.5));
#8061 = VECTOR('',#8062,1.);
#8062 = DIRECTION('',(-0.,1.,0.));
#8063 = ORIENTED_EDGE('',*,*,#8064,.F.);
#8064 = EDGE_CURVE('',#8065,#8057,#8067,.T.);
#8065 = VERTEX_POINT('',#8066);
#8066 = CARTESIAN_POINT('',(73.6,2.,31.5));
#8067 = CIRCLE('',#8068,6.6);
#8068 = AXIS2_PLACEMENT_3D('',#8069,#8070,#8071);
#8069 = CARTESIAN_POINT('',(67.,2.,31.5));
#8070 = DIRECTION('',(-0.,-0.,-1.));
#8071 = DIRECTION('',(0.,-1.,0.));
#8072 = ORIENTED_EDGE('',*,*,#8073,.T.);
#8073 = EDGE_CURVE('',#8065,#8074,#8076,.T.);
#8074 = VERTEX_POINT('',#8075);
#8075 = CARTESIAN_POINT('',(73.6,25.,31.5));
#8076 = LINE('',#8077,#8078);
#8077 = CARTESIAN_POINT('',(73.6,-4.6,31.5));
#8078 = VECTOR('',#8079,1.);
#8079 = DIRECTION('',(-0.,1.,0.));
#8080 = ORIENTED_EDGE('',*,*,#8081,.T.);
#8081 = EDGE_CURVE('',#8074,#8082,#8084,.T.);
#8082 = VERTEX_POINT('',#8083);
#8083 = CARTESIAN_POINT('',(73.6,48.,31.5));
#8084 = LINE('',#8085,#8086);
#8085 = CARTESIAN_POINT('',(73.6,-4.6,31.5));
#8086 = VECTOR('',#8087,1.);
#8087 = DIRECTION('',(-0.,1.,0.));
#8088 = ORIENTED_EDGE('',*,*,#8089,.T.);
#8089 = EDGE_CURVE('',#8082,#8090,#8092,.T.);
#8090 = VERTEX_POINT('',#8091);
#8091 = CARTESIAN_POINT('',(73.5,49.144552314225,31.5));
#8092 = CIRCLE('',#8093,6.6);
#8093 = AXIS2_PLACEMENT_3D('',#8094,#8095,#8096);
#8094 = CARTESIAN_POINT('',(67.,48.,31.5));
#8095 = DIRECTION('',(0.,0.,1.));
#8096 = DIRECTION('',(0.,-1.,0.));
#8097 = ORIENTED_EDGE('',*,*,#8098,.T.);
#8098 = EDGE_CURVE('',#8090,#8099,#8101,.T.);
#8099 = VERTEX_POINT('',#8100);
#8100 = CARTESIAN_POINT('',(73.5,50.2,31.5));
#8101 = LINE('',#8102,#8103);
#8102 = CARTESIAN_POINT('',(73.5,49.,31.5));
#8103 = VECTOR('',#8104,1.);
#8104 = DIRECTION('',(-0.,1.,0.));
#8105 = ORIENTED_EDGE('',*,*,#8106,.F.);
#8106 = EDGE_CURVE('',#8107,#8099,#8109,.T.);
#8107 = VERTEX_POINT('',#8108);
#8108 = CARTESIAN_POINT('',(69.2,54.5,31.5));
#8109 = CIRCLE('',#8110,4.3);
#8110 = AXIS2_PLACEMENT_3D('',#8111,#8112,#8113);
#8111 = CARTESIAN_POINT('',(73.5,54.5,31.5));
#8112 = DIRECTION('',(0.,0.,1.));
#8113 = DIRECTION('',(1.,0.,-0.));
#8114 = ORIENTED_EDGE('',*,*,#8115,.F.);
#8115 = EDGE_CURVE('',#8116,#8107,#8118,.T.);
#8116 = VERTEX_POINT('',#8117);
#8117 = CARTESIAN_POINT('',(68.144552314225,54.5,31.5));
#8118 = LINE('',#8119,#8120);
#8119 = CARTESIAN_POINT('',(68.,54.5,31.5));
#8120 = VECTOR('',#8121,1.);
#8121 = DIRECTION('',(1.,0.,-0.));
#8122 = ORIENTED_EDGE('',*,*,#8123,.T.);
#8123 = EDGE_CURVE('',#8116,#8124,#8126,.T.);
#8124 = VERTEX_POINT('',#8125);
#8125 = CARTESIAN_POINT('',(67.,54.6,31.5));
#8126 = CIRCLE('',#8127,6.6);
#8127 = AXIS2_PLACEMENT_3D('',#8128,#8129,#8130);
#8128 = CARTESIAN_POINT('',(67.,48.,31.5));
#8129 = DIRECTION('',(0.,0.,1.));
#8130 = DIRECTION('',(0.,-1.,0.));
#8131 = ORIENTED_EDGE('',*,*,#8132,.F.);
#8132 = EDGE_CURVE('',#8133,#8124,#8135,.T.);
#8133 = VERTEX_POINT('',#8134);
#8134 = CARTESIAN_POINT('',(34.5,54.6,31.5));
#8135 = LINE('',#8136,#8137);
#8136 = CARTESIAN_POINT('',(-4.6,54.6,31.5));
#8137 = VECTOR('',#8138,1.);
#8138 = DIRECTION('',(1.,0.,-0.));
#8139 = ORIENTED_EDGE('',*,*,#8140,.F.);
#8140 = EDGE_CURVE('',#8141,#8133,#8143,.T.);
#8141 = VERTEX_POINT('',#8142);
#8142 = CARTESIAN_POINT('',(2.,54.6,31.5));
#8143 = LINE('',#8144,#8145);
#8144 = CARTESIAN_POINT('',(-4.6,54.6,31.5));
#8145 = VECTOR('',#8146,1.);
#8146 = DIRECTION('',(1.,0.,-0.));
#8147 = ORIENTED_EDGE('',*,*,#8148,.F.);
#8148 = EDGE_CURVE('',#8149,#8141,#8151,.T.);
#8149 = VERTEX_POINT('',#8150);
#8150 = CARTESIAN_POINT('',(0.855447685774,54.5,31.5));
#8151 = CIRCLE('',#8152,6.6);
#8152 = AXIS2_PLACEMENT_3D('',#8153,#8154,#8155);
#8153 = CARTESIAN_POINT('',(2.,48.,31.5));
#8154 = DIRECTION('',(-0.,-0.,-1.));
#8155 = DIRECTION('',(0.,-1.,0.));
#8156 = ORIENTED_EDGE('',*,*,#8157,.F.);
#8157 = EDGE_CURVE('',#8158,#8149,#8160,.T.);
#8158 = VERTEX_POINT('',#8159);
#8159 = CARTESIAN_POINT('',(-0.2,54.5,31.5));
#8160 = LINE('',#8161,#8162);
#8161 = CARTESIAN_POINT('',(-4.5,54.5,31.5));
#8162 = VECTOR('',#8163,1.);
#8163 = DIRECTION('',(1.,0.,-0.));
#8164 = ORIENTED_EDGE('',*,*,#8165,.F.);
#8165 = EDGE_CURVE('',#8166,#8158,#8168,.T.);
#8166 = VERTEX_POINT('',#8167);
#8167 = CARTESIAN_POINT('',(-4.5,50.2,31.5));
#8168 = CIRCLE('',#8169,4.3);
#8169 = AXIS2_PLACEMENT_3D('',#8170,#8171,#8172);
#8170 = CARTESIAN_POINT('',(-4.5,54.5,31.5));
#8171 = DIRECTION('',(0.,0.,1.));
#8172 = DIRECTION('',(1.,0.,-0.));
#8173 = ORIENTED_EDGE('',*,*,#8174,.F.);
#8174 = EDGE_CURVE('',#8175,#8166,#8177,.T.);
#8175 = VERTEX_POINT('',#8176);
#8176 = CARTESIAN_POINT('',(-4.5,49.144552314225,31.5));
#8177 = LINE('',#8178,#8179);
#8178 = CARTESIAN_POINT('',(-4.5,49.,31.5));
#8179 = VECTOR('',#8180,1.);
#8180 = DIRECTION('',(-0.,1.,0.));
#8181 = ORIENTED_EDGE('',*,*,#8182,.F.);
#8182 = EDGE_CURVE('',#7949,#8175,#8183,.T.);
#8183 = CIRCLE('',#8184,6.6);
#8184 = AXIS2_PLACEMENT_3D('',#8185,#8186,#8187);
#8185 = CARTESIAN_POINT('',(2.,48.,31.5));
#8186 = DIRECTION('',(-0.,-0.,-1.));
#8187 = DIRECTION('',(0.,-1.,0.));
#8188 = ORIENTED_EDGE('',*,*,#7956,.F.);
#8189 = FACE_BOUND('',#8190,.T.);
#8190 = EDGE_LOOP('',(#8191,#8200));
#8191 = ORIENTED_EDGE('',*,*,#8192,.F.);
#8192 = EDGE_CURVE('',#7925,#8193,#8195,.T.);
#8193 = VERTEX_POINT('',#8194);
#8194 = CARTESIAN_POINT('',(3.4,25.,31.5));
#8195 = CIRCLE('',#8196,4.);
#8196 = AXIS2_PLACEMENT_3D('',#8197,#8198,#8199);
#8197 = CARTESIAN_POINT('',(-0.6,25.,31.5));
#8198 = DIRECTION('',(0.,0.,1.));
#8199 = DIRECTION('',(1.,0.,-0.));
#8200 = ORIENTED_EDGE('',*,*,#8201,.F.);
#8201 = EDGE_CURVE('',#8193,#7925,#8202,.T.);
#8202 = CIRCLE('',#8203,4.);
#8203 = AXIS2_PLACEMENT_3D('',#8204,#8205,#8206);
#8204 = CARTESIAN_POINT('',(-0.6,25.,31.5));
#8205 = DIRECTION('',(0.,0.,1.));
#8206 = DIRECTION('',(1.,0.,-0.));
#8207 = FACE_BOUND('',#8208,.T.);
#8208 = EDGE_LOOP('',(#8209,#8218));
#8209 = ORIENTED_EDGE('',*,*,#8210,.F.);
#8210 = EDGE_CURVE('',#8015,#8211,#8213,.T.);
#8211 = VERTEX_POINT('',#8212);
#8212 = CARTESIAN_POINT('',(38.5,-0.6,31.5));
#8213 = CIRCLE('',#8214,4.);
#8214 = AXIS2_PLACEMENT_3D('',#8215,#8216,#8217);
#8215 = CARTESIAN_POINT('',(34.5,-0.6,31.5));
#8216 = DIRECTION('',(0.,0.,1.));
#8217 = DIRECTION('',(1.,0.,-0.));
#8218 = ORIENTED_EDGE('',*,*,#8219,.F.);
#8219 = EDGE_CURVE('',#8211,#8015,#8220,.T.);
#8220 = CIRCLE('',#8221,4.);
#8221 = AXIS2_PLACEMENT_3D('',#8222,#8223,#8224);
#8222 = CARTESIAN_POINT('',(34.5,-0.6,31.5));
#8223 = DIRECTION('',(0.,0.,1.));
#8224 = DIRECTION('',(1.,0.,-0.));
#8225 = FACE_BOUND('',#8226,.T.);
#8226 = EDGE_LOOP('',(#8227));
#8227 = ORIENTED_EDGE('',*,*,#8228,.F.);
#8228 = EDGE_CURVE('',#8229,#8229,#8231,.T.);
#8229 = VERTEX_POINT('',#8230);
#8230 = CARTESIAN_POINT('',(50.,12.,31.5));
#8231 = CIRCLE('',#8232,3.);
#8232 = AXIS2_PLACEMENT_3D('',#8233,#8234,#8235);
#8233 = CARTESIAN_POINT('',(47.,12.,31.5));
#8234 = DIRECTION('',(0.,0.,1.));
#8235 = DIRECTION('',(1.,0.,-0.));
#8236 = FACE_BOUND('',#8237,.T.);
#8237 = EDGE_LOOP('',(#8238));
#8238 = ORIENTED_EDGE('',*,*,#8239,.F.);
#8239 = EDGE_CURVE('',#8240,#8240,#8242,.T.);
#8240 = VERTEX_POINT('',#8241);
#8241 = CARTESIAN_POINT('',(38.5,25.,31.5));
#8242 = CIRCLE('',#8243,4.);
#8243 = AXIS2_PLACEMENT_3D('',#8244,#8245,#8246);
#8244 = CARTESIAN_POINT('',(34.5,25.,31.5));
#8245 = DIRECTION('',(0.,0.,1.));
#8246 = DIRECTION('',(1.,0.,-0.));
#8247 = FACE_BOUND('',#8248,.T.);
#8248 = EDGE_LOOP('',(#8249));
#8249 = ORIENTED_EDGE('',*,*,#8250,.F.);
#8250 = EDGE_CURVE('',#8074,#8074,#8251,.T.);
#8251 = CIRCLE('',#8252,4.);
#8252 = AXIS2_PLACEMENT_3D('',#8253,#8254,#8255);
#8253 = CARTESIAN_POINT('',(69.6,25.,31.5));
#8254 = DIRECTION('',(0.,0.,1.));
#8255 = DIRECTION('',(1.,0.,-0.));
#8256 = FACE_BOUND('',#8257,.T.);
#8257 = EDGE_LOOP('',(#8258,#8267));
#8258 = ORIENTED_EDGE('',*,*,#8259,.F.);
#8259 = EDGE_CURVE('',#8133,#8260,#8262,.T.);
#8260 = VERTEX_POINT('',#8261);
#8261 = CARTESIAN_POINT('',(38.5,50.6,31.5));
#8262 = CIRCLE('',#8263,4.);
#8263 = AXIS2_PLACEMENT_3D('',#8264,#8265,#8266);
#8264 = CARTESIAN_POINT('',(34.5,50.6,31.5));
#8265 = DIRECTION('',(0.,0.,1.));
#8266 = DIRECTION('',(1.,0.,-0.));
#8267 = ORIENTED_EDGE('',*,*,#8268,.F.);
#8268 = EDGE_CURVE('',#8260,#8133,#8269,.T.);
#8269 = CIRCLE('',#8270,4.);
#8270 = AXIS2_PLACEMENT_3D('',#8271,#8272,#8273);
#8271 = CARTESIAN_POINT('',(34.5,50.6,31.5));
#8272 = DIRECTION('',(0.,0.,1.));
#8273 = DIRECTION('',(1.,0.,-0.));
#8274 = PLANE('',#8275);
#8275 = AXIS2_PLACEMENT_3D('',#8276,#8277,#8278);
#8276 = CARTESIAN_POINT('',(34.860423634355,25.,31.5));
#8277 = DIRECTION('',(0.,0.,1.));
#8278 = DIRECTION('',(1.,0.,-0.));
#8279 = ADVANCED_FACE('',(#8280),#8299,.T.);
#8280 = FACE_BOUND('',#8281,.T.);
#8281 = EDGE_LOOP('',(#8282,#8283,#8292,#8298));
#8282 = ORIENTED_EDGE('',*,*,#7932,.F.);
#8283 = ORIENTED_EDGE('',*,*,#8284,.T.);
#8284 = EDGE_CURVE('',#7933,#8285,#8287,.T.);
#8285 = VERTEX_POINT('',#8286);
#8286 = CARTESIAN_POINT('',(-4.5,0.855447685775,28.));
#8287 = CIRCLE('',#8288,6.6);
#8288 = AXIS2_PLACEMENT_3D('',#8289,#8290,#8291);
#8289 = CARTESIAN_POINT('',(2.,2.,28.));
#8290 = DIRECTION('',(0.,0.,1.));
#8291 = DIRECTION('',(0.,-1.,0.));
#8292 = ORIENTED_EDGE('',*,*,#8293,.T.);
#8293 = EDGE_CURVE('',#8285,#7972,#8294,.T.);
#8294 = LINE('',#8295,#8296);
#8295 = CARTESIAN_POINT('',(-4.5,0.855447685774,28.));
#8296 = VECTOR('',#8297,1.);
#8297 = DIRECTION('',(0.,0.,1.));
#8298 = ORIENTED_EDGE('',*,*,#7971,.F.);
#8299 = CYLINDRICAL_SURFACE('',#8300,6.6);
#8300 = AXIS2_PLACEMENT_3D('',#8301,#8302,#8303);
#8301 = CARTESIAN_POINT('',(2.,2.,28.));
#8302 = DIRECTION('',(0.,0.,1.));
#8303 = DIRECTION('',(-1.,-0.,0.));
#8304 = ADVANCED_FACE('',(#8305,#8512,#8523,#8534,#8545,#8556,#8690),
  #8701,.T.);
#8305 = FACE_BOUND('',#8306,.T.);
#8306 = EDGE_LOOP('',(#8307,#8308,#8317,#8325,#8334,#8342,#8351,#8359,
    #8368,#8376,#8385,#8394,#8402,#8411,#8419,#8428,#8436,#8445,#8454,
    #8462,#8471,#8479,#8488,#8496,#8505,#8511));
#8307 = ORIENTED_EDGE('',*,*,#7940,.T.);
#8308 = ORIENTED_EDGE('',*,*,#8309,.T.);
#8309 = EDGE_CURVE('',#7941,#8310,#8312,.T.);
#8310 = VERTEX_POINT('',#8311);
#8311 = CARTESIAN_POINT('',(-4.5,49.144552314225,28.));
#8312 = CIRCLE('',#8313,6.6);
#8313 = AXIS2_PLACEMENT_3D('',#8314,#8315,#8316);
#8314 = CARTESIAN_POINT('',(2.,48.,28.));
#8315 = DIRECTION('',(-0.,-0.,-1.));
#8316 = DIRECTION('',(0.,-1.,0.));
#8317 = ORIENTED_EDGE('',*,*,#8318,.T.);
#8318 = EDGE_CURVE('',#8310,#8319,#8321,.T.);
#8319 = VERTEX_POINT('',#8320);
#8320 = CARTESIAN_POINT('',(-4.5,50.2,28.));
#8321 = LINE('',#8322,#8323);
#8322 = CARTESIAN_POINT('',(-4.5,49.,28.));
#8323 = VECTOR('',#8324,1.);
#8324 = DIRECTION('',(-0.,1.,0.));
#8325 = ORIENTED_EDGE('',*,*,#8326,.F.);
#8326 = EDGE_CURVE('',#8327,#8319,#8329,.T.);
#8327 = VERTEX_POINT('',#8328);
#8328 = CARTESIAN_POINT('',(-0.2,54.5,28.));
#8329 = CIRCLE('',#8330,4.3);
#8330 = AXIS2_PLACEMENT_3D('',#8331,#8332,#8333);
#8331 = CARTESIAN_POINT('',(-4.5,54.5,28.));
#8332 = DIRECTION('',(0.,0.,1.));
#8333 = DIRECTION('',(1.,0.,-0.));
#8334 = ORIENTED_EDGE('',*,*,#8335,.T.);
#8335 = EDGE_CURVE('',#8327,#8336,#8338,.T.);
#8336 = VERTEX_POINT('',#8337);
#8337 = CARTESIAN_POINT('',(0.855447685774,54.5,28.));
#8338 = LINE('',#8339,#8340);
#8339 = CARTESIAN_POINT('',(-4.5,54.5,28.));
#8340 = VECTOR('',#8341,1.);
#8341 = DIRECTION('',(1.,0.,-0.));
#8342 = ORIENTED_EDGE('',*,*,#8343,.T.);
#8343 = EDGE_CURVE('',#8336,#8344,#8346,.T.);
#8344 = VERTEX_POINT('',#8345);
#8345 = CARTESIAN_POINT('',(2.,54.6,28.));
#8346 = CIRCLE('',#8347,6.6);
#8347 = AXIS2_PLACEMENT_3D('',#8348,#8349,#8350);
#8348 = CARTESIAN_POINT('',(2.,48.,28.));
#8349 = DIRECTION('',(-0.,-0.,-1.));
#8350 = DIRECTION('',(0.,-1.,0.));
#8351 = ORIENTED_EDGE('',*,*,#8352,.T.);
#8352 = EDGE_CURVE('',#8344,#8353,#8355,.T.);
#8353 = VERTEX_POINT('',#8354);
#8354 = CARTESIAN_POINT('',(67.,54.6,28.));
#8355 = LINE('',#8356,#8357);
#8356 = CARTESIAN_POINT('',(-4.6,54.6,28.));
#8357 = VECTOR('',#8358,1.);
#8358 = DIRECTION('',(1.,0.,-0.));
#8359 = ORIENTED_EDGE('',*,*,#8360,.F.);
#8360 = EDGE_CURVE('',#8361,#8353,#8363,.T.);
#8361 = VERTEX_POINT('',#8362);
#8362 = CARTESIAN_POINT('',(68.144552314225,54.5,28.));
#8363 = CIRCLE('',#8364,6.6);
#8364 = AXIS2_PLACEMENT_3D('',#8365,#8366,#8367);
#8365 = CARTESIAN_POINT('',(67.,48.,28.));
#8366 = DIRECTION('',(0.,0.,1.));
#8367 = DIRECTION('',(0.,-1.,0.));
#8368 = ORIENTED_EDGE('',*,*,#8369,.T.);
#8369 = EDGE_CURVE('',#8361,#8370,#8372,.T.);
#8370 = VERTEX_POINT('',#8371);
#8371 = CARTESIAN_POINT('',(69.2,54.5,28.));
#8372 = LINE('',#8373,#8374);
#8373 = CARTESIAN_POINT('',(68.,54.5,28.));
#8374 = VECTOR('',#8375,1.);
#8375 = DIRECTION('',(1.,0.,-0.));
#8376 = ORIENTED_EDGE('',*,*,#8377,.F.);
#8377 = EDGE_CURVE('',#8378,#8370,#8380,.T.);
#8378 = VERTEX_POINT('',#8379);
#8379 = CARTESIAN_POINT('',(77.8,54.5,28.));
#8380 = CIRCLE('',#8381,4.3);
#8381 = AXIS2_PLACEMENT_3D('',#8382,#8383,#8384);
#8382 = CARTESIAN_POINT('',(73.5,54.5,28.));
#8383 = DIRECTION('',(0.,0.,1.));
#8384 = DIRECTION('',(1.,0.,-0.));
#8385 = ORIENTED_EDGE('',*,*,#8386,.F.);
#8386 = EDGE_CURVE('',#8387,#8378,#8389,.T.);
#8387 = VERTEX_POINT('',#8388);
#8388 = CARTESIAN_POINT('',(73.5,50.2,28.));
#8389 = CIRCLE('',#8390,4.3);
#8390 = AXIS2_PLACEMENT_3D('',#8391,#8392,#8393);
#8391 = CARTESIAN_POINT('',(73.5,54.5,28.));
#8392 = DIRECTION('',(0.,0.,1.));
#8393 = DIRECTION('',(1.,0.,-0.));
#8394 = ORIENTED_EDGE('',*,*,#8395,.F.);
#8395 = EDGE_CURVE('',#8396,#8387,#8398,.T.);
#8396 = VERTEX_POINT('',#8397);
#8397 = CARTESIAN_POINT('',(73.5,49.144552314225,28.));
#8398 = LINE('',#8399,#8400);
#8399 = CARTESIAN_POINT('',(73.5,49.,28.));
#8400 = VECTOR('',#8401,1.);
#8401 = DIRECTION('',(-0.,1.,0.));
#8402 = ORIENTED_EDGE('',*,*,#8403,.F.);
#8403 = EDGE_CURVE('',#8404,#8396,#8406,.T.);
#8404 = VERTEX_POINT('',#8405);
#8405 = CARTESIAN_POINT('',(73.6,48.,28.));
#8406 = CIRCLE('',#8407,6.6);
#8407 = AXIS2_PLACEMENT_3D('',#8408,#8409,#8410);
#8408 = CARTESIAN_POINT('',(67.,48.,28.));
#8409 = DIRECTION('',(0.,0.,1.));
#8410 = DIRECTION('',(0.,-1.,0.));
#8411 = ORIENTED_EDGE('',*,*,#8412,.F.);
#8412 = EDGE_CURVE('',#8413,#8404,#8415,.T.);
#8413 = VERTEX_POINT('',#8414);
#8414 = CARTESIAN_POINT('',(73.6,2.,28.));
#8415 = LINE('',#8416,#8417);
#8416 = CARTESIAN_POINT('',(73.6,-4.6,28.));
#8417 = VECTOR('',#8418,1.);
#8418 = DIRECTION('',(-0.,1.,0.));
#8419 = ORIENTED_EDGE('',*,*,#8420,.T.);
#8420 = EDGE_CURVE('',#8413,#8421,#8423,.T.);
#8421 = VERTEX_POINT('',#8422);
#8422 = CARTESIAN_POINT('',(73.5,0.855447685775,28.));
#8423 = CIRCLE('',#8424,6.6);
#8424 = AXIS2_PLACEMENT_3D('',#8425,#8426,#8427);
#8425 = CARTESIAN_POINT('',(67.,2.,28.));
#8426 = DIRECTION('',(-0.,-0.,-1.));
#8427 = DIRECTION('',(0.,-1.,0.));
#8428 = ORIENTED_EDGE('',*,*,#8429,.F.);
#8429 = EDGE_CURVE('',#8430,#8421,#8432,.T.);
#8430 = VERTEX_POINT('',#8431);
#8431 = CARTESIAN_POINT('',(73.5,-0.2,28.));
#8432 = LINE('',#8433,#8434);
#8433 = CARTESIAN_POINT('',(73.5,-4.5,28.));
#8434 = VECTOR('',#8435,1.);
#8435 = DIRECTION('',(-0.,1.,0.));
#8436 = ORIENTED_EDGE('',*,*,#8437,.F.);
#8437 = EDGE_CURVE('',#8438,#8430,#8440,.T.);
#8438 = VERTEX_POINT('',#8439);
#8439 = CARTESIAN_POINT('',(77.8,-4.5,28.));
#8440 = CIRCLE('',#8441,4.3);
#8441 = AXIS2_PLACEMENT_3D('',#8442,#8443,#8444);
#8442 = CARTESIAN_POINT('',(73.5,-4.5,28.));
#8443 = DIRECTION('',(0.,0.,1.));
#8444 = DIRECTION('',(1.,0.,-0.));
#8445 = ORIENTED_EDGE('',*,*,#8446,.F.);
#8446 = EDGE_CURVE('',#8447,#8438,#8449,.T.);
#8447 = VERTEX_POINT('',#8448);
#8448 = CARTESIAN_POINT('',(69.2,-4.5,28.));
#8449 = CIRCLE('',#8450,4.3);
#8450 = AXIS2_PLACEMENT_3D('',#8451,#8452,#8453);
#8451 = CARTESIAN_POINT('',(73.5,-4.5,28.));
#8452 = DIRECTION('',(0.,0.,1.));
#8453 = DIRECTION('',(1.,0.,-0.));
#8454 = ORIENTED_EDGE('',*,*,#8455,.F.);
#8455 = EDGE_CURVE('',#8456,#8447,#8458,.T.);
#8456 = VERTEX_POINT('',#8457);
#8457 = CARTESIAN_POINT('',(68.144552314225,-4.5,28.));
#8458 = LINE('',#8459,#8460);
#8459 = CARTESIAN_POINT('',(68.,-4.5,28.));
#8460 = VECTOR('',#8461,1.);
#8461 = DIRECTION('',(1.,0.,-0.));
#8462 = ORIENTED_EDGE('',*,*,#8463,.T.);
#8463 = EDGE_CURVE('',#8456,#8464,#8466,.T.);
#8464 = VERTEX_POINT('',#8465);
#8465 = CARTESIAN_POINT('',(67.,-4.6,28.));
#8466 = CIRCLE('',#8467,6.6);
#8467 = AXIS2_PLACEMENT_3D('',#8468,#8469,#8470);
#8468 = CARTESIAN_POINT('',(67.,2.,28.));
#8469 = DIRECTION('',(-0.,-0.,-1.));
#8470 = DIRECTION('',(0.,-1.,0.));
#8471 = ORIENTED_EDGE('',*,*,#8472,.F.);
#8472 = EDGE_CURVE('',#8473,#8464,#8475,.T.);
#8473 = VERTEX_POINT('',#8474);
#8474 = CARTESIAN_POINT('',(2.,-4.6,28.));
#8475 = LINE('',#8476,#8477);
#8476 = CARTESIAN_POINT('',(-4.6,-4.6,28.));
#8477 = VECTOR('',#8478,1.);
#8478 = DIRECTION('',(1.,0.,-0.));
#8479 = ORIENTED_EDGE('',*,*,#8480,.F.);
#8480 = EDGE_CURVE('',#8481,#8473,#8483,.T.);
#8481 = VERTEX_POINT('',#8482);
#8482 = CARTESIAN_POINT('',(0.855447685774,-4.5,28.));
#8483 = CIRCLE('',#8484,6.6);
#8484 = AXIS2_PLACEMENT_3D('',#8485,#8486,#8487);
#8485 = CARTESIAN_POINT('',(2.,2.,28.));
#8486 = DIRECTION('',(0.,0.,1.));
#8487 = DIRECTION('',(0.,-1.,0.));
#8488 = ORIENTED_EDGE('',*,*,#8489,.F.);
#8489 = EDGE_CURVE('',#8490,#8481,#8492,.T.);
#8490 = VERTEX_POINT('',#8491);
#8491 = CARTESIAN_POINT('',(-0.2,-4.5,28.));
#8492 = LINE('',#8493,#8494);
#8493 = CARTESIAN_POINT('',(-4.5,-4.5,28.));
#8494 = VECTOR('',#8495,1.);
#8495 = DIRECTION('',(1.,0.,-0.));
#8496 = ORIENTED_EDGE('',*,*,#8497,.F.);
#8497 = EDGE_CURVE('',#8498,#8490,#8500,.T.);
#8498 = VERTEX_POINT('',#8499);
#8499 = CARTESIAN_POINT('',(-4.5,-0.2,28.));
#8500 = CIRCLE('',#8501,4.3);
#8501 = AXIS2_PLACEMENT_3D('',#8502,#8503,#8504);
#8502 = CARTESIAN_POINT('',(-4.5,-4.5,28.));
#8503 = DIRECTION('',(0.,0.,1.));
#8504 = DIRECTION('',(1.,0.,-0.));
#8505 = ORIENTED_EDGE('',*,*,#8506,.T.);
#8506 = EDGE_CURVE('',#8498,#8285,#8507,.T.);
#8507 = LINE('',#8508,#8509);
#8508 = CARTESIAN_POINT('',(-4.5,-4.5,28.));
#8509 = VECTOR('',#8510,1.);
#8510 = DIRECTION('',(-0.,1.,0.));
#8511 = ORIENTED_EDGE('',*,*,#8284,.F.);
#8512 = FACE_BOUND('',#8513,.T.);
#8513 = EDGE_LOOP('',(#8514));
#8514 = ORIENTED_EDGE('',*,*,#8515,.F.);
#8515 = EDGE_CURVE('',#8516,#8516,#8518,.T.);
#8516 = VERTEX_POINT('',#8517);
#8517 = CARTESIAN_POINT('',(70.6,-4.5,28.));
#8518 = CIRCLE('',#8519,2.9);
#8519 = AXIS2_PLACEMENT_3D('',#8520,#8521,#8522);
#8520 = CARTESIAN_POINT('',(73.5,-4.5,28.));
#8521 = DIRECTION('',(-0.,0.,-1.));
#8522 = DIRECTION('',(-1.,0.,0.));
#8523 = FACE_BOUND('',#8524,.T.);
#8524 = EDGE_LOOP('',(#8525));
#8525 = ORIENTED_EDGE('',*,*,#8526,.T.);
#8526 = EDGE_CURVE('',#8527,#8527,#8529,.T.);
#8527 = VERTEX_POINT('',#8528);
#8528 = CARTESIAN_POINT('',(50.5,12.,28.));
#8529 = CIRCLE('',#8530,3.5);
#8530 = AXIS2_PLACEMENT_3D('',#8531,#8532,#8533);
#8531 = CARTESIAN_POINT('',(47.,12.,28.));
#8532 = DIRECTION('',(0.,0.,1.));
#8533 = DIRECTION('',(1.,0.,-0.));
#8534 = FACE_BOUND('',#8535,.T.);
#8535 = EDGE_LOOP('',(#8536));
#8536 = ORIENTED_EDGE('',*,*,#8537,.F.);
#8537 = EDGE_CURVE('',#8538,#8538,#8540,.T.);
#8538 = VERTEX_POINT('',#8539);
#8539 = CARTESIAN_POINT('',(-7.4,-4.5,28.));
#8540 = CIRCLE('',#8541,2.9);
#8541 = AXIS2_PLACEMENT_3D('',#8542,#8543,#8544);
#8542 = CARTESIAN_POINT('',(-4.5,-4.5,28.));
#8543 = DIRECTION('',(-0.,0.,-1.));
#8544 = DIRECTION('',(-1.,0.,0.));
#8545 = FACE_BOUND('',#8546,.T.);
#8546 = EDGE_LOOP('',(#8547));
#8547 = ORIENTED_EDGE('',*,*,#8548,.F.);
#8548 = EDGE_CURVE('',#8549,#8549,#8551,.T.);
#8549 = VERTEX_POINT('',#8550);
#8550 = CARTESIAN_POINT('',(70.6,54.5,28.));
#8551 = CIRCLE('',#8552,2.9);
#8552 = AXIS2_PLACEMENT_3D('',#8553,#8554,#8555);
#8553 = CARTESIAN_POINT('',(73.5,54.5,28.));
#8554 = DIRECTION('',(-0.,0.,-1.));
#8555 = DIRECTION('',(-1.,0.,0.));
#8556 = FACE_BOUND('',#8557,.T.);
#8557 = EDGE_LOOP('',(#8558,#8568,#8577,#8585,#8594,#8602,#8611,#8619,
    #8628,#8636,#8644,#8652,#8660,#8668,#8676,#8684));
#8558 = ORIENTED_EDGE('',*,*,#8559,.F.);
#8559 = EDGE_CURVE('',#8560,#8562,#8564,.T.);
#8560 = VERTEX_POINT('',#8561);
#8561 = CARTESIAN_POINT('',(0.7,2.7,28.));
#8562 = VERTEX_POINT('',#8563);
#8563 = CARTESIAN_POINT('',(0.7,38.,28.));
#8564 = LINE('',#8565,#8566);
#8565 = CARTESIAN_POINT('',(0.7,0.7,28.));
#8566 = VECTOR('',#8567,1.);
#8567 = DIRECTION('',(-0.,1.,0.));
#8568 = ORIENTED_EDGE('',*,*,#8569,.T.);
#8569 = EDGE_CURVE('',#8560,#8570,#8572,.T.);
#8570 = VERTEX_POINT('',#8571);
#8571 = CARTESIAN_POINT('',(2.7,0.7,28.));
#8572 = CIRCLE('',#8573,2.);
#8573 = AXIS2_PLACEMENT_3D('',#8574,#8575,#8576);
#8574 = CARTESIAN_POINT('',(2.7,2.7,28.));
#8575 = DIRECTION('',(0.,0.,1.));
#8576 = DIRECTION('',(0.,-1.,0.));
#8577 = ORIENTED_EDGE('',*,*,#8578,.T.);
#8578 = EDGE_CURVE('',#8570,#8579,#8581,.T.);
#8579 = VERTEX_POINT('',#8580);
#8580 = CARTESIAN_POINT('',(66.3,0.7,28.));
#8581 = LINE('',#8582,#8583);
#8582 = CARTESIAN_POINT('',(0.7,0.7,28.));
#8583 = VECTOR('',#8584,1.);
#8584 = DIRECTION('',(1.,0.,-0.));
#8585 = ORIENTED_EDGE('',*,*,#8586,.F.);
#8586 = EDGE_CURVE('',#8587,#8579,#8589,.T.);
#8587 = VERTEX_POINT('',#8588);
#8588 = CARTESIAN_POINT('',(68.3,2.7,28.));
#8589 = CIRCLE('',#8590,2.);
#8590 = AXIS2_PLACEMENT_3D('',#8591,#8592,#8593);
#8591 = CARTESIAN_POINT('',(66.3,2.7,28.));
#8592 = DIRECTION('',(-0.,-0.,-1.));
#8593 = DIRECTION('',(0.,-1.,0.));
#8594 = ORIENTED_EDGE('',*,*,#8595,.T.);
#8595 = EDGE_CURVE('',#8587,#8596,#8598,.T.);
#8596 = VERTEX_POINT('',#8597);
#8597 = CARTESIAN_POINT('',(68.3,47.3,28.));
#8598 = LINE('',#8599,#8600);
#8599 = CARTESIAN_POINT('',(68.3,0.7,28.));
#8600 = VECTOR('',#8601,1.);
#8601 = DIRECTION('',(-0.,1.,0.));
#8602 = ORIENTED_EDGE('',*,*,#8603,.T.);
#8603 = EDGE_CURVE('',#8596,#8604,#8606,.T.);
#8604 = VERTEX_POINT('',#8605);
#8605 = CARTESIAN_POINT('',(66.3,49.3,28.));
#8606 = CIRCLE('',#8607,2.);
#8607 = AXIS2_PLACEMENT_3D('',#8608,#8609,#8610);
#8608 = CARTESIAN_POINT('',(66.3,47.3,28.));
#8609 = DIRECTION('',(0.,0.,1.));
#8610 = DIRECTION('',(0.,-1.,0.));
#8611 = ORIENTED_EDGE('',*,*,#8612,.F.);
#8612 = EDGE_CURVE('',#8613,#8604,#8615,.T.);
#8613 = VERTEX_POINT('',#8614);
#8614 = CARTESIAN_POINT('',(2.7,49.3,28.));
#8615 = LINE('',#8616,#8617);
#8616 = CARTESIAN_POINT('',(0.7,49.3,28.));
#8617 = VECTOR('',#8618,1.);
#8618 = DIRECTION('',(1.,0.,-0.));
#8619 = ORIENTED_EDGE('',*,*,#8620,.F.);
#8620 = EDGE_CURVE('',#8621,#8613,#8623,.T.);
#8621 = VERTEX_POINT('',#8622);
#8622 = CARTESIAN_POINT('',(0.7,47.3,28.));
#8623 = CIRCLE('',#8624,2.);
#8624 = AXIS2_PLACEMENT_3D('',#8625,#8626,#8627);
#8625 = CARTESIAN_POINT('',(2.7,47.3,28.));
#8626 = DIRECTION('',(-0.,-0.,-1.));
#8627 = DIRECTION('',(0.,-1.,0.));
#8628 = ORIENTED_EDGE('',*,*,#8629,.F.);
#8629 = EDGE_CURVE('',#8630,#8621,#8632,.T.);
#8630 = VERTEX_POINT('',#8631);
#8631 = CARTESIAN_POINT('',(0.7,42.,28.));
#8632 = LINE('',#8633,#8634);
#8633 = CARTESIAN_POINT('',(0.7,0.7,28.));
#8634 = VECTOR('',#8635,1.);
#8635 = DIRECTION('',(-0.,1.,0.));
#8636 = ORIENTED_EDGE('',*,*,#8637,.T.);
#8637 = EDGE_CURVE('',#8630,#8638,#8640,.T.);
#8638 = VERTEX_POINT('',#8639);
#8639 = CARTESIAN_POINT('',(2.3,42.,28.));
#8640 = LINE('',#8641,#8642);
#8641 = CARTESIAN_POINT('',(-1.,42.,28.));
#8642 = VECTOR('',#8643,1.);
#8643 = DIRECTION('',(1.,0.,-0.));
#8644 = ORIENTED_EDGE('',*,*,#8645,.T.);
#8645 = EDGE_CURVE('',#8638,#8646,#8648,.T.);
#8646 = VERTEX_POINT('',#8647);
#8647 = CARTESIAN_POINT('',(2.3,47.7,28.));
#8648 = LINE('',#8649,#8650);
#8649 = CARTESIAN_POINT('',(2.3,1.5,28.));
#8650 = VECTOR('',#8651,1.);
#8651 = DIRECTION('',(-0.,1.,0.));
#8652 = ORIENTED_EDGE('',*,*,#8653,.F.);
#8653 = EDGE_CURVE('',#8654,#8646,#8656,.T.);
#8654 = VERTEX_POINT('',#8655);
#8655 = CARTESIAN_POINT('',(66.7,47.7,28.));
#8656 = LINE('',#8657,#8658);
#8657 = CARTESIAN_POINT('',(1.5,47.7,28.));
#8658 = VECTOR('',#8659,1.);
#8659 = DIRECTION('',(-1.,-0.,0.));
#8660 = ORIENTED_EDGE('',*,*,#8661,.F.);
#8661 = EDGE_CURVE('',#8662,#8654,#8664,.T.);
#8662 = VERTEX_POINT('',#8663);
#8663 = CARTESIAN_POINT('',(66.7,2.3,28.));
#8664 = LINE('',#8665,#8666);
#8665 = CARTESIAN_POINT('',(66.7,1.5,28.));
#8666 = VECTOR('',#8667,1.);
#8667 = DIRECTION('',(-0.,1.,0.));
#8668 = ORIENTED_EDGE('',*,*,#8669,.T.);
#8669 = EDGE_CURVE('',#8662,#8670,#8672,.T.);
#8670 = VERTEX_POINT('',#8671);
#8671 = CARTESIAN_POINT('',(2.3,2.3,28.));
#8672 = LINE('',#8673,#8674);
#8673 = CARTESIAN_POINT('',(1.5,2.3,28.));
#8674 = VECTOR('',#8675,1.);
#8675 = DIRECTION('',(-1.,-0.,0.));
#8676 = ORIENTED_EDGE('',*,*,#8677,.T.);
#8677 = EDGE_CURVE('',#8670,#8678,#8680,.T.);
#8678 = VERTEX_POINT('',#8679);
#8679 = CARTESIAN_POINT('',(2.3,38.,28.));
#8680 = LINE('',#8681,#8682);
#8681 = CARTESIAN_POINT('',(2.3,1.5,28.));
#8682 = VECTOR('',#8683,1.);
#8683 = DIRECTION('',(-0.,1.,0.));
#8684 = ORIENTED_EDGE('',*,*,#8685,.F.);
#8685 = EDGE_CURVE('',#8562,#8678,#8686,.T.);
#8686 = LINE('',#8687,#8688);
#8687 = CARTESIAN_POINT('',(-1.,38.,28.));
#8688 = VECTOR('',#8689,1.);
#8689 = DIRECTION('',(1.,0.,-0.));
#8690 = FACE_BOUND('',#8691,.T.);
#8691 = EDGE_LOOP('',(#8692));
#8692 = ORIENTED_EDGE('',*,*,#8693,.F.);
#8693 = EDGE_CURVE('',#8694,#8694,#8696,.T.);
#8694 = VERTEX_POINT('',#8695);
#8695 = CARTESIAN_POINT('',(-7.4,54.5,28.));
#8696 = CIRCLE('',#8697,2.9);
#8697 = AXIS2_PLACEMENT_3D('',#8698,#8699,#8700);
#8698 = CARTESIAN_POINT('',(-4.5,54.5,28.));
#8699 = DIRECTION('',(-0.,0.,-1.));
#8700 = DIRECTION('',(-1.,0.,0.));
#8701 = PLANE('',#8702);
#8702 = AXIS2_PLACEMENT_3D('',#8703,#8704,#8705);
#8703 = CARTESIAN_POINT('',(34.860423634355,25.,28.));
#8704 = DIRECTION('',(-0.,-0.,-1.));
#8705 = DIRECTION('',(-1.,0.,0.));
#8706 = ADVANCED_FACE('',(#8707),#8718,.T.);
#8707 = FACE_BOUND('',#8708,.F.);
#8708 = EDGE_LOOP('',(#8709,#8710,#8711,#8717));
#8709 = ORIENTED_EDGE('',*,*,#7948,.F.);
#8710 = ORIENTED_EDGE('',*,*,#8309,.T.);
#8711 = ORIENTED_EDGE('',*,*,#8712,.T.);
#8712 = EDGE_CURVE('',#8310,#8175,#8713,.T.);
#8713 = LINE('',#8714,#8715);
#8714 = CARTESIAN_POINT('',(-4.5,49.144552314226,28.));
#8715 = VECTOR('',#8716,1.);
#8716 = DIRECTION('',(0.,0.,1.));
#8717 = ORIENTED_EDGE('',*,*,#8182,.F.);
#8718 = CYLINDRICAL_SURFACE('',#8719,6.6);
#8719 = AXIS2_PLACEMENT_3D('',#8720,#8721,#8722);
#8720 = CARTESIAN_POINT('',(2.,48.,28.));
#8721 = DIRECTION('',(0.,0.,1.));
#8722 = DIRECTION('',(-1.,-0.,0.));
#8723 = ADVANCED_FACE('',(#8724),#8735,.F.);
#8724 = FACE_BOUND('',#8725,.F.);
#8725 = EDGE_LOOP('',(#8726,#8727,#8728,#8734));
#8726 = ORIENTED_EDGE('',*,*,#8712,.F.);
#8727 = ORIENTED_EDGE('',*,*,#8318,.T.);
#8728 = ORIENTED_EDGE('',*,*,#8729,.T.);
#8729 = EDGE_CURVE('',#8319,#8166,#8730,.T.);
#8730 = LINE('',#8731,#8732);
#8731 = CARTESIAN_POINT('',(-4.5,50.2,28.));
#8732 = VECTOR('',#8733,1.);
#8733 = DIRECTION('',(0.,0.,1.));
#8734 = ORIENTED_EDGE('',*,*,#8174,.F.);
#8735 = PLANE('',#8736);
#8736 = AXIS2_PLACEMENT_3D('',#8737,#8738,#8739);
#8737 = CARTESIAN_POINT('',(-4.5,49.,28.));
#8738 = DIRECTION('',(1.,0.,-0.));
#8739 = DIRECTION('',(0.,0.,1.));
#8740 = ADVANCED_FACE('',(#8741),#8767,.T.);
#8741 = FACE_BOUND('',#8742,.T.);
#8742 = EDGE_LOOP('',(#8743,#8749,#8750,#8751,#8752,#8759,#8766));
#8743 = ORIENTED_EDGE('',*,*,#8744,.F.);
#8744 = EDGE_CURVE('',#8327,#8158,#8745,.T.);
#8745 = LINE('',#8746,#8747);
#8746 = CARTESIAN_POINT('',(-0.2,54.5,28.));
#8747 = VECTOR('',#8748,1.);
#8748 = DIRECTION('',(0.,0.,1.));
#8749 = ORIENTED_EDGE('',*,*,#8326,.T.);
#8750 = ORIENTED_EDGE('',*,*,#8729,.T.);
#8751 = ORIENTED_EDGE('',*,*,#8165,.T.);
#8752 = ORIENTED_EDGE('',*,*,#8753,.T.);
#8753 = EDGE_CURVE('',#8158,#8754,#8756,.T.);
#8754 = VERTEX_POINT('',#8755);
#8755 = CARTESIAN_POINT('',(-0.2,54.5,39.5));
#8756 = B_SPLINE_CURVE_WITH_KNOTS('',1,(#8757,#8758),.UNSPECIFIED.,.F.,
  .F.,(2,2),(1.000000000001E-02,8.01),.PIECEWISE_BEZIER_KNOTS.);
#8757 = CARTESIAN_POINT('',(-0.2,54.5,31.5));
#8758 = CARTESIAN_POINT('',(-0.2,54.5,39.5));
#8759 = ORIENTED_EDGE('',*,*,#8760,.F.);
#8760 = EDGE_CURVE('',#8754,#8754,#8761,.T.);
#8761 = CIRCLE('',#8762,4.3);
#8762 = AXIS2_PLACEMENT_3D('',#8763,#8764,#8765);
#8763 = CARTESIAN_POINT('',(-4.5,54.5,39.5));
#8764 = DIRECTION('',(0.,0.,1.));
#8765 = DIRECTION('',(1.,0.,-0.));
#8766 = ORIENTED_EDGE('',*,*,#8753,.F.);
#8767 = CYLINDRICAL_SURFACE('',#8768,4.3);
#8768 = AXIS2_PLACEMENT_3D('',#8769,#8770,#8771);
#8769 = CARTESIAN_POINT('',(-4.5,54.5,31.49));
#8770 = DIRECTION('',(0.,0.,1.));
#8771 = DIRECTION('',(1.,0.,-0.));
#8772 = ADVANCED_FACE('',(#8773),#8784,.T.);
#8773 = FACE_BOUND('',#8774,.T.);
#8774 = EDGE_LOOP('',(#8775,#8776,#8777,#8778));
#8775 = ORIENTED_EDGE('',*,*,#8335,.F.);
#8776 = ORIENTED_EDGE('',*,*,#8744,.T.);
#8777 = ORIENTED_EDGE('',*,*,#8157,.T.);
#8778 = ORIENTED_EDGE('',*,*,#8779,.F.);
#8779 = EDGE_CURVE('',#8336,#8149,#8780,.T.);
#8780 = LINE('',#8781,#8782);
#8781 = CARTESIAN_POINT('',(0.855447685774,54.5,28.));
#8782 = VECTOR('',#8783,1.);
#8783 = DIRECTION('',(0.,0.,1.));
#8784 = PLANE('',#8785);
#8785 = AXIS2_PLACEMENT_3D('',#8786,#8787,#8788);
#8786 = CARTESIAN_POINT('',(-4.5,54.5,28.));
#8787 = DIRECTION('',(-0.,1.,0.));
#8788 = DIRECTION('',(0.,0.,1.));
#8789 = ADVANCED_FACE('',(#8790),#8801,.T.);
#8790 = FACE_BOUND('',#8791,.F.);
#8791 = EDGE_LOOP('',(#8792,#8793,#8794,#8800));
#8792 = ORIENTED_EDGE('',*,*,#8779,.F.);
#8793 = ORIENTED_EDGE('',*,*,#8343,.T.);
#8794 = ORIENTED_EDGE('',*,*,#8795,.T.);
#8795 = EDGE_CURVE('',#8344,#8141,#8796,.T.);
#8796 = LINE('',#8797,#8798);
#8797 = CARTESIAN_POINT('',(2.,54.6,28.));
#8798 = VECTOR('',#8799,1.);
#8799 = DIRECTION('',(0.,0.,1.));
#8800 = ORIENTED_EDGE('',*,*,#8148,.F.);
#8801 = CYLINDRICAL_SURFACE('',#8802,6.6);
#8802 = AXIS2_PLACEMENT_3D('',#8803,#8804,#8805);
#8803 = CARTESIAN_POINT('',(2.,48.,28.));
#8804 = DIRECTION('',(0.,0.,1.));
#8805 = DIRECTION('',(-1.,-0.,0.));
#8806 = ADVANCED_FACE('',(#8807),#8819,.T.);
#8807 = FACE_BOUND('',#8808,.T.);
#8808 = EDGE_LOOP('',(#8809,#8810,#8811,#8812,#8813));
#8809 = ORIENTED_EDGE('',*,*,#8352,.F.);
#8810 = ORIENTED_EDGE('',*,*,#8795,.T.);
#8811 = ORIENTED_EDGE('',*,*,#8140,.T.);
#8812 = ORIENTED_EDGE('',*,*,#8132,.T.);
#8813 = ORIENTED_EDGE('',*,*,#8814,.F.);
#8814 = EDGE_CURVE('',#8353,#8124,#8815,.T.);
#8815 = LINE('',#8816,#8817);
#8816 = CARTESIAN_POINT('',(67.,54.6,28.));
#8817 = VECTOR('',#8818,1.);
#8818 = DIRECTION('',(0.,0.,1.));
#8819 = PLANE('',#8820);
#8820 = AXIS2_PLACEMENT_3D('',#8821,#8822,#8823);
#8821 = CARTESIAN_POINT('',(-4.6,54.6,28.));
#8822 = DIRECTION('',(-0.,1.,0.));
#8823 = DIRECTION('',(0.,0.,1.));
#8824 = ADVANCED_FACE('',(#8825),#8836,.T.);
#8825 = FACE_BOUND('',#8826,.T.);
#8826 = EDGE_LOOP('',(#8827,#8833,#8834,#8835));
#8827 = ORIENTED_EDGE('',*,*,#8828,.F.);
#8828 = EDGE_CURVE('',#8361,#8116,#8829,.T.);
#8829 = LINE('',#8830,#8831);
#8830 = CARTESIAN_POINT('',(68.144552314226,54.5,28.));
#8831 = VECTOR('',#8832,1.);
#8832 = DIRECTION('',(0.,0.,1.));
#8833 = ORIENTED_EDGE('',*,*,#8360,.T.);
#8834 = ORIENTED_EDGE('',*,*,#8814,.T.);
#8835 = ORIENTED_EDGE('',*,*,#8123,.F.);
#8836 = CYLINDRICAL_SURFACE('',#8837,6.6);
#8837 = AXIS2_PLACEMENT_3D('',#8838,#8839,#8840);
#8838 = CARTESIAN_POINT('',(67.,48.,28.));
#8839 = DIRECTION('',(0.,0.,1.));
#8840 = DIRECTION('',(1.,0.,-0.));
#8841 = ADVANCED_FACE('',(#8842),#8853,.T.);
#8842 = FACE_BOUND('',#8843,.T.);
#8843 = EDGE_LOOP('',(#8844,#8845,#8846,#8847));
#8844 = ORIENTED_EDGE('',*,*,#8369,.F.);
#8845 = ORIENTED_EDGE('',*,*,#8828,.T.);
#8846 = ORIENTED_EDGE('',*,*,#8115,.T.);
#8847 = ORIENTED_EDGE('',*,*,#8848,.F.);
#8848 = EDGE_CURVE('',#8370,#8107,#8849,.T.);
#8849 = LINE('',#8850,#8851);
#8850 = CARTESIAN_POINT('',(69.2,54.5,28.));
#8851 = VECTOR('',#8852,1.);
#8852 = DIRECTION('',(0.,0.,1.));
#8853 = PLANE('',#8854);
#8854 = AXIS2_PLACEMENT_3D('',#8855,#8856,#8857);
#8855 = CARTESIAN_POINT('',(68.,54.5,28.));
#8856 = DIRECTION('',(-0.,1.,0.));
#8857 = DIRECTION('',(0.,0.,1.));
#8858 = ADVANCED_FACE('',(#8859),#8886,.T.);
#8859 = FACE_BOUND('',#8860,.T.);
#8860 = EDGE_LOOP('',(#8861,#8867,#8868,#8875,#8882,#8883,#8884,#8885));
#8861 = ORIENTED_EDGE('',*,*,#8862,.F.);
#8862 = EDGE_CURVE('',#8387,#8099,#8863,.T.);
#8863 = LINE('',#8864,#8865);
#8864 = CARTESIAN_POINT('',(73.5,50.2,28.));
#8865 = VECTOR('',#8866,1.);
#8866 = DIRECTION('',(0.,0.,1.));
#8867 = ORIENTED_EDGE('',*,*,#8386,.T.);
#8868 = ORIENTED_EDGE('',*,*,#8869,.T.);
#8869 = EDGE_CURVE('',#8378,#8870,#8872,.T.);
#8870 = VERTEX_POINT('',#8871);
#8871 = CARTESIAN_POINT('',(77.8,54.5,39.5));
#8872 = B_SPLINE_CURVE_WITH_KNOTS('',1,(#8873,#8874),.UNSPECIFIED.,.F.,
  .F.,(2,2),(-3.49,8.01),.PIECEWISE_BEZIER_KNOTS.);
#8873 = CARTESIAN_POINT('',(77.8,54.5,28.));
#8874 = CARTESIAN_POINT('',(77.8,54.5,39.5));
#8875 = ORIENTED_EDGE('',*,*,#8876,.F.);
#8876 = EDGE_CURVE('',#8870,#8870,#8877,.T.);
#8877 = CIRCLE('',#8878,4.3);
#8878 = AXIS2_PLACEMENT_3D('',#8879,#8880,#8881);
#8879 = CARTESIAN_POINT('',(73.5,54.5,39.5));
#8880 = DIRECTION('',(0.,0.,1.));
#8881 = DIRECTION('',(1.,0.,-0.));
#8882 = ORIENTED_EDGE('',*,*,#8869,.F.);
#8883 = ORIENTED_EDGE('',*,*,#8377,.T.);
#8884 = ORIENTED_EDGE('',*,*,#8848,.T.);
#8885 = ORIENTED_EDGE('',*,*,#8106,.T.);
#8886 = CYLINDRICAL_SURFACE('',#8887,4.3);
#8887 = AXIS2_PLACEMENT_3D('',#8888,#8889,#8890);
#8888 = CARTESIAN_POINT('',(73.5,54.5,31.49));
#8889 = DIRECTION('',(0.,0.,1.));
#8890 = DIRECTION('',(1.,0.,-0.));
#8891 = ADVANCED_FACE('',(#8892),#8903,.T.);
#8892 = FACE_BOUND('',#8893,.T.);
#8893 = EDGE_LOOP('',(#8894,#8900,#8901,#8902));
#8894 = ORIENTED_EDGE('',*,*,#8895,.F.);
#8895 = EDGE_CURVE('',#8396,#8090,#8896,.T.);
#8896 = LINE('',#8897,#8898);
#8897 = CARTESIAN_POINT('',(73.5,49.144552314226,28.));
#8898 = VECTOR('',#8899,1.);
#8899 = DIRECTION('',(0.,0.,1.));
#8900 = ORIENTED_EDGE('',*,*,#8395,.T.);
#8901 = ORIENTED_EDGE('',*,*,#8862,.T.);
#8902 = ORIENTED_EDGE('',*,*,#8098,.F.);
#8903 = PLANE('',#8904);
#8904 = AXIS2_PLACEMENT_3D('',#8905,#8906,#8907);
#8905 = CARTESIAN_POINT('',(73.5,49.,28.));
#8906 = DIRECTION('',(1.,0.,-0.));
#8907 = DIRECTION('',(0.,0.,1.));
#8908 = ADVANCED_FACE('',(#8909),#8920,.T.);
#8909 = FACE_BOUND('',#8910,.T.);
#8910 = EDGE_LOOP('',(#8911,#8917,#8918,#8919));
#8911 = ORIENTED_EDGE('',*,*,#8912,.F.);
#8912 = EDGE_CURVE('',#8404,#8082,#8913,.T.);
#8913 = LINE('',#8914,#8915);
#8914 = CARTESIAN_POINT('',(73.6,48.,28.));
#8915 = VECTOR('',#8916,1.);
#8916 = DIRECTION('',(0.,0.,1.));
#8917 = ORIENTED_EDGE('',*,*,#8403,.T.);
#8918 = ORIENTED_EDGE('',*,*,#8895,.T.);
#8919 = ORIENTED_EDGE('',*,*,#8089,.F.);
#8920 = CYLINDRICAL_SURFACE('',#8921,6.6);
#8921 = AXIS2_PLACEMENT_3D('',#8922,#8923,#8924);
#8922 = CARTESIAN_POINT('',(67.,48.,28.));
#8923 = DIRECTION('',(0.,0.,1.));
#8924 = DIRECTION('',(1.,0.,-0.));
#8925 = ADVANCED_FACE('',(#8926),#8938,.T.);
#8926 = FACE_BOUND('',#8927,.T.);
#8927 = EDGE_LOOP('',(#8928,#8929,#8935,#8936,#8937));
#8928 = ORIENTED_EDGE('',*,*,#8073,.F.);
#8929 = ORIENTED_EDGE('',*,*,#8930,.F.);
#8930 = EDGE_CURVE('',#8413,#8065,#8931,.T.);
#8931 = LINE('',#8932,#8933);
#8932 = CARTESIAN_POINT('',(73.6,2.,28.));
#8933 = VECTOR('',#8934,1.);
#8934 = DIRECTION('',(0.,0.,1.));
#8935 = ORIENTED_EDGE('',*,*,#8412,.T.);
#8936 = ORIENTED_EDGE('',*,*,#8912,.T.);
#8937 = ORIENTED_EDGE('',*,*,#8081,.F.);
#8938 = PLANE('',#8939);
#8939 = AXIS2_PLACEMENT_3D('',#8940,#8941,#8942);
#8940 = CARTESIAN_POINT('',(73.6,-4.6,28.));
#8941 = DIRECTION('',(1.,0.,-0.));
#8942 = DIRECTION('',(0.,0.,1.));
#8943 = ADVANCED_FACE('',(#8944),#8955,.T.);
#8944 = FACE_BOUND('',#8945,.F.);
#8945 = EDGE_LOOP('',(#8946,#8947,#8948,#8954));
#8946 = ORIENTED_EDGE('',*,*,#8930,.F.);
#8947 = ORIENTED_EDGE('',*,*,#8420,.T.);
#8948 = ORIENTED_EDGE('',*,*,#8949,.T.);
#8949 = EDGE_CURVE('',#8421,#8057,#8950,.T.);
#8950 = LINE('',#8951,#8952);
#8951 = CARTESIAN_POINT('',(73.5,0.855447685774,28.));
#8952 = VECTOR('',#8953,1.);
#8953 = DIRECTION('',(0.,0.,1.));
#8954 = ORIENTED_EDGE('',*,*,#8064,.F.);
#8955 = CYLINDRICAL_SURFACE('',#8956,6.6);
#8956 = AXIS2_PLACEMENT_3D('',#8957,#8958,#8959);
#8957 = CARTESIAN_POINT('',(67.,2.,28.));
#8958 = DIRECTION('',(0.,0.,1.));
#8959 = DIRECTION('',(1.,0.,-0.));
#8960 = ADVANCED_FACE('',(#8961),#8972,.T.);
#8961 = FACE_BOUND('',#8962,.T.);
#8962 = EDGE_LOOP('',(#8963,#8969,#8970,#8971));
#8963 = ORIENTED_EDGE('',*,*,#8964,.F.);
#8964 = EDGE_CURVE('',#8430,#8048,#8965,.T.);
#8965 = LINE('',#8966,#8967);
#8966 = CARTESIAN_POINT('',(73.5,-0.2,28.));
#8967 = VECTOR('',#8968,1.);
#8968 = DIRECTION('',(0.,0.,1.));
#8969 = ORIENTED_EDGE('',*,*,#8429,.T.);
#8970 = ORIENTED_EDGE('',*,*,#8949,.T.);
#8971 = ORIENTED_EDGE('',*,*,#8056,.F.);
#8972 = PLANE('',#8973);
#8973 = AXIS2_PLACEMENT_3D('',#8974,#8975,#8976);
#8974 = CARTESIAN_POINT('',(73.5,-4.5,28.));
#8975 = DIRECTION('',(1.,0.,-0.));
#8976 = DIRECTION('',(0.,0.,1.));
#8977 = ADVANCED_FACE('',(#8978),#9005,.T.);
#8978 = FACE_BOUND('',#8979,.T.);
#8979 = EDGE_LOOP('',(#8980,#8986,#8987,#8994,#9001,#9002,#9003,#9004));
#8980 = ORIENTED_EDGE('',*,*,#8981,.F.);
#8981 = EDGE_CURVE('',#8447,#8040,#8982,.T.);
#8982 = LINE('',#8983,#8984);
#8983 = CARTESIAN_POINT('',(69.2,-4.5,28.));
#8984 = VECTOR('',#8985,1.);
#8985 = DIRECTION('',(0.,0.,1.));
#8986 = ORIENTED_EDGE('',*,*,#8446,.T.);
#8987 = ORIENTED_EDGE('',*,*,#8988,.T.);
#8988 = EDGE_CURVE('',#8438,#8989,#8991,.T.);
#8989 = VERTEX_POINT('',#8990);
#8990 = CARTESIAN_POINT('',(77.8,-4.5,39.5));
#8991 = B_SPLINE_CURVE_WITH_KNOTS('',1,(#8992,#8993),.UNSPECIFIED.,.F.,
  .F.,(2,2),(-3.49,8.01),.PIECEWISE_BEZIER_KNOTS.);
#8992 = CARTESIAN_POINT('',(77.8,-4.5,28.));
#8993 = CARTESIAN_POINT('',(77.8,-4.5,39.5));
#8994 = ORIENTED_EDGE('',*,*,#8995,.F.);
#8995 = EDGE_CURVE('',#8989,#8989,#8996,.T.);
#8996 = CIRCLE('',#8997,4.3);
#8997 = AXIS2_PLACEMENT_3D('',#8998,#8999,#9000);
#8998 = CARTESIAN_POINT('',(73.5,-4.5,39.5));
#8999 = DIRECTION('',(0.,0.,1.));
#9000 = DIRECTION('',(1.,0.,-0.));
#9001 = ORIENTED_EDGE('',*,*,#8988,.F.);
#9002 = ORIENTED_EDGE('',*,*,#8437,.T.);
#9003 = ORIENTED_EDGE('',*,*,#8964,.T.);
#9004 = ORIENTED_EDGE('',*,*,#8047,.T.);
#9005 = CYLINDRICAL_SURFACE('',#9006,4.3);
#9006 = AXIS2_PLACEMENT_3D('',#9007,#9008,#9009);
#9007 = CARTESIAN_POINT('',(73.5,-4.5,31.49));
#9008 = DIRECTION('',(0.,0.,1.));
#9009 = DIRECTION('',(1.,0.,-0.));
#9010 = ADVANCED_FACE('',(#9011),#9022,.F.);
#9011 = FACE_BOUND('',#9012,.F.);
#9012 = EDGE_LOOP('',(#9013,#9014,#9020,#9021));
#9013 = ORIENTED_EDGE('',*,*,#8455,.F.);
#9014 = ORIENTED_EDGE('',*,*,#9015,.T.);
#9015 = EDGE_CURVE('',#8456,#8031,#9016,.T.);
#9016 = LINE('',#9017,#9018);
#9017 = CARTESIAN_POINT('',(68.144552314226,-4.5,28.));
#9018 = VECTOR('',#9019,1.);
#9019 = DIRECTION('',(0.,0.,1.));
#9020 = ORIENTED_EDGE('',*,*,#8039,.T.);
#9021 = ORIENTED_EDGE('',*,*,#8981,.F.);
#9022 = PLANE('',#9023);
#9023 = AXIS2_PLACEMENT_3D('',#9024,#9025,#9026);
#9024 = CARTESIAN_POINT('',(68.,-4.5,28.));
#9025 = DIRECTION('',(-0.,1.,0.));
#9026 = DIRECTION('',(0.,0.,1.));
#9027 = ADVANCED_FACE('',(#9028),#9039,.T.);
#9028 = FACE_BOUND('',#9029,.F.);
#9029 = EDGE_LOOP('',(#9030,#9031,#9032,#9038));
#9030 = ORIENTED_EDGE('',*,*,#9015,.F.);
#9031 = ORIENTED_EDGE('',*,*,#8463,.T.);
#9032 = ORIENTED_EDGE('',*,*,#9033,.T.);
#9033 = EDGE_CURVE('',#8464,#8023,#9034,.T.);
#9034 = LINE('',#9035,#9036);
#9035 = CARTESIAN_POINT('',(67.,-4.6,28.));
#9036 = VECTOR('',#9037,1.);
#9037 = DIRECTION('',(0.,0.,1.));
#9038 = ORIENTED_EDGE('',*,*,#8030,.F.);
#9039 = CYLINDRICAL_SURFACE('',#9040,6.6);
#9040 = AXIS2_PLACEMENT_3D('',#9041,#9042,#9043);
#9041 = CARTESIAN_POINT('',(67.,2.,28.));
#9042 = DIRECTION('',(0.,0.,1.));
#9043 = DIRECTION('',(1.,0.,-0.));
#9044 = ADVANCED_FACE('',(#9045),#9057,.F.);
#9045 = FACE_BOUND('',#9046,.F.);
#9046 = EDGE_LOOP('',(#9047,#9048,#9054,#9055,#9056));
#9047 = ORIENTED_EDGE('',*,*,#8472,.F.);
#9048 = ORIENTED_EDGE('',*,*,#9049,.T.);
#9049 = EDGE_CURVE('',#8473,#8006,#9050,.T.);
#9050 = LINE('',#9051,#9052);
#9051 = CARTESIAN_POINT('',(2.,-4.6,28.));
#9052 = VECTOR('',#9053,1.);
#9053 = DIRECTION('',(0.,0.,1.));
#9054 = ORIENTED_EDGE('',*,*,#8014,.T.);
#9055 = ORIENTED_EDGE('',*,*,#8022,.T.);
#9056 = ORIENTED_EDGE('',*,*,#9033,.F.);
#9057 = PLANE('',#9058);
#9058 = AXIS2_PLACEMENT_3D('',#9059,#9060,#9061);
#9059 = CARTESIAN_POINT('',(-4.6,-4.6,28.));
#9060 = DIRECTION('',(-0.,1.,0.));
#9061 = DIRECTION('',(0.,0.,1.));
#9062 = ADVANCED_FACE('',(#9063),#9074,.T.);
#9063 = FACE_BOUND('',#9064,.T.);
#9064 = EDGE_LOOP('',(#9065,#9071,#9072,#9073));
#9065 = ORIENTED_EDGE('',*,*,#9066,.F.);
#9066 = EDGE_CURVE('',#8481,#7998,#9067,.T.);
#9067 = LINE('',#9068,#9069);
#9068 = CARTESIAN_POINT('',(0.855447685774,-4.5,28.));
#9069 = VECTOR('',#9070,1.);
#9070 = DIRECTION('',(0.,0.,1.));
#9071 = ORIENTED_EDGE('',*,*,#8480,.T.);
#9072 = ORIENTED_EDGE('',*,*,#9049,.T.);
#9073 = ORIENTED_EDGE('',*,*,#8005,.F.);
#9074 = CYLINDRICAL_SURFACE('',#9075,6.6);
#9075 = AXIS2_PLACEMENT_3D('',#9076,#9077,#9078);
#9076 = CARTESIAN_POINT('',(2.,2.,28.));
#9077 = DIRECTION('',(0.,0.,1.));
#9078 = DIRECTION('',(-1.,-0.,0.));
#9079 = ADVANCED_FACE('',(#9080),#9091,.F.);
#9080 = FACE_BOUND('',#9081,.F.);
#9081 = EDGE_LOOP('',(#9082,#9083,#9089,#9090));
#9082 = ORIENTED_EDGE('',*,*,#8489,.F.);
#9083 = ORIENTED_EDGE('',*,*,#9084,.T.);
#9084 = EDGE_CURVE('',#8490,#7989,#9085,.T.);
#9085 = LINE('',#9086,#9087);
#9086 = CARTESIAN_POINT('',(-0.2,-4.5,28.));
#9087 = VECTOR('',#9088,1.);
#9088 = DIRECTION('',(0.,0.,1.));
#9089 = ORIENTED_EDGE('',*,*,#7997,.T.);
#9090 = ORIENTED_EDGE('',*,*,#9066,.F.);
#9091 = PLANE('',#9092);
#9092 = AXIS2_PLACEMENT_3D('',#9093,#9094,#9095);
#9093 = CARTESIAN_POINT('',(-4.5,-4.5,28.));
#9094 = DIRECTION('',(-0.,1.,0.));
#9095 = DIRECTION('',(0.,0.,1.));
#9096 = ADVANCED_FACE('',(#9097),#9123,.T.);
#9097 = FACE_BOUND('',#9098,.T.);
#9098 = EDGE_LOOP('',(#9099,#9100,#9101,#9108,#9115,#9116,#9117));
#9099 = ORIENTED_EDGE('',*,*,#8497,.T.);
#9100 = ORIENTED_EDGE('',*,*,#9084,.T.);
#9101 = ORIENTED_EDGE('',*,*,#9102,.T.);
#9102 = EDGE_CURVE('',#7989,#9103,#9105,.T.);
#9103 = VERTEX_POINT('',#9104);
#9104 = CARTESIAN_POINT('',(-0.2,-4.5,39.5));
#9105 = B_SPLINE_CURVE_WITH_KNOTS('',1,(#9106,#9107),.UNSPECIFIED.,.F.,
  .F.,(2,2),(1.E-02,8.01),.PIECEWISE_BEZIER_KNOTS.);
#9106 = CARTESIAN_POINT('',(-0.2,-4.5,31.5));
#9107 = CARTESIAN_POINT('',(-0.2,-4.5,39.5));
#9108 = ORIENTED_EDGE('',*,*,#9109,.F.);
#9109 = EDGE_CURVE('',#9103,#9103,#9110,.T.);
#9110 = CIRCLE('',#9111,4.3);
#9111 = AXIS2_PLACEMENT_3D('',#9112,#9113,#9114);
#9112 = CARTESIAN_POINT('',(-4.5,-4.5,39.5));
#9113 = DIRECTION('',(0.,0.,1.));
#9114 = DIRECTION('',(1.,0.,-0.));
#9115 = ORIENTED_EDGE('',*,*,#9102,.F.);
#9116 = ORIENTED_EDGE('',*,*,#7988,.T.);
#9117 = ORIENTED_EDGE('',*,*,#9118,.F.);
#9118 = EDGE_CURVE('',#8498,#7981,#9119,.T.);
#9119 = LINE('',#9120,#9121);
#9120 = CARTESIAN_POINT('',(-4.5,-0.2,28.));
#9121 = VECTOR('',#9122,1.);
#9122 = DIRECTION('',(0.,0.,1.));
#9123 = CYLINDRICAL_SURFACE('',#9124,4.3);
#9124 = AXIS2_PLACEMENT_3D('',#9125,#9126,#9127);
#9125 = CARTESIAN_POINT('',(-4.5,-4.5,31.49));
#9126 = DIRECTION('',(0.,0.,1.));
#9127 = DIRECTION('',(1.,0.,-0.));
#9128 = ADVANCED_FACE('',(#9129),#9135,.F.);
#9129 = FACE_BOUND('',#9130,.F.);
#9130 = EDGE_LOOP('',(#9131,#9132,#9133,#9134));
#9131 = ORIENTED_EDGE('',*,*,#9118,.F.);
#9132 = ORIENTED_EDGE('',*,*,#8506,.T.);
#9133 = ORIENTED_EDGE('',*,*,#8293,.T.);
#9134 = ORIENTED_EDGE('',*,*,#7980,.F.);
#9135 = PLANE('',#9136);
#9136 = AXIS2_PLACEMENT_3D('',#9137,#9138,#9139);
#9137 = CARTESIAN_POINT('',(-4.5,-4.5,28.));
#9138 = DIRECTION('',(1.,0.,-0.));
#9139 = DIRECTION('',(0.,0.,1.));
#9140 = ADVANCED_FACE('',(#9141),#9161,.T.);
#9141 = FACE_BOUND('',#9142,.T.);
#9142 = EDGE_LOOP('',(#9143,#9151,#9158,#9159,#9160));
#9143 = ORIENTED_EDGE('',*,*,#9144,.T.);
#9144 = EDGE_CURVE('',#8193,#9145,#9147,.T.);
#9145 = VERTEX_POINT('',#9146);
#9146 = CARTESIAN_POINT('',(3.4,25.,39.5));
#9147 = LINE('',#9148,#9149);
#9148 = CARTESIAN_POINT('',(3.4,25.,31.49));
#9149 = VECTOR('',#9150,1.);
#9150 = DIRECTION('',(0.,0.,1.));
#9151 = ORIENTED_EDGE('',*,*,#9152,.F.);
#9152 = EDGE_CURVE('',#9145,#9145,#9153,.T.);
#9153 = CIRCLE('',#9154,4.);
#9154 = AXIS2_PLACEMENT_3D('',#9155,#9156,#9157);
#9155 = CARTESIAN_POINT('',(-0.6,25.,39.5));
#9156 = DIRECTION('',(0.,0.,1.));
#9157 = DIRECTION('',(1.,0.,-0.));
#9158 = ORIENTED_EDGE('',*,*,#9144,.F.);
#9159 = ORIENTED_EDGE('',*,*,#8201,.T.);
#9160 = ORIENTED_EDGE('',*,*,#8192,.T.);
#9161 = CYLINDRICAL_SURFACE('',#9162,4.);
#9162 = AXIS2_PLACEMENT_3D('',#9163,#9164,#9165);
#9163 = CARTESIAN_POINT('',(-0.6,25.,31.49));
#9164 = DIRECTION('',(0.,0.,1.));
#9165 = DIRECTION('',(1.,0.,-0.));
#9166 = ADVANCED_FACE('',(#9167),#9187,.T.);
#9167 = FACE_BOUND('',#9168,.T.);
#9168 = EDGE_LOOP('',(#9169,#9177,#9184,#9185,#9186));
#9169 = ORIENTED_EDGE('',*,*,#9170,.T.);
#9170 = EDGE_CURVE('',#8211,#9171,#9173,.T.);
#9171 = VERTEX_POINT('',#9172);
#9172 = CARTESIAN_POINT('',(38.5,-0.6,39.5));
#9173 = LINE('',#9174,#9175);
#9174 = CARTESIAN_POINT('',(38.5,-0.6,31.49));
#9175 = VECTOR('',#9176,1.);
#9176 = DIRECTION('',(0.,0.,1.));
#9177 = ORIENTED_EDGE('',*,*,#9178,.F.);
#9178 = EDGE_CURVE('',#9171,#9171,#9179,.T.);
#9179 = CIRCLE('',#9180,4.);
#9180 = AXIS2_PLACEMENT_3D('',#9181,#9182,#9183);
#9181 = CARTESIAN_POINT('',(34.5,-0.6,39.5));
#9182 = DIRECTION('',(0.,0.,1.));
#9183 = DIRECTION('',(1.,0.,-0.));
#9184 = ORIENTED_EDGE('',*,*,#9170,.F.);
#9185 = ORIENTED_EDGE('',*,*,#8219,.T.);
#9186 = ORIENTED_EDGE('',*,*,#8210,.T.);
#9187 = CYLINDRICAL_SURFACE('',#9188,4.);
#9188 = AXIS2_PLACEMENT_3D('',#9189,#9190,#9191);
#9189 = CARTESIAN_POINT('',(34.5,-0.6,31.49));
#9190 = DIRECTION('',(0.,0.,1.));
#9191 = DIRECTION('',(1.,0.,-0.));
#9192 = ADVANCED_FACE('',(#9193),#9212,.F.);
#9193 = FACE_BOUND('',#9194,.F.);
#9194 = EDGE_LOOP('',(#9195,#9196,#9204,#9211));
#9195 = ORIENTED_EDGE('',*,*,#8228,.F.);
#9196 = ORIENTED_EDGE('',*,*,#9197,.F.);
#9197 = EDGE_CURVE('',#9198,#8229,#9200,.T.);
#9198 = VERTEX_POINT('',#9199);
#9199 = CARTESIAN_POINT('',(50.,12.,30.3));
#9200 = LINE('',#9201,#9202);
#9201 = CARTESIAN_POINT('',(50.,12.,30.3));
#9202 = VECTOR('',#9203,1.);
#9203 = DIRECTION('',(0.,0.,1.));
#9204 = ORIENTED_EDGE('',*,*,#9205,.T.);
#9205 = EDGE_CURVE('',#9198,#9198,#9206,.T.);
#9206 = CIRCLE('',#9207,3.);
#9207 = AXIS2_PLACEMENT_3D('',#9208,#9209,#9210);
#9208 = CARTESIAN_POINT('',(47.,12.,30.3));
#9209 = DIRECTION('',(0.,0.,1.));
#9210 = DIRECTION('',(1.,0.,-0.));
#9211 = ORIENTED_EDGE('',*,*,#9197,.T.);
#9212 = CYLINDRICAL_SURFACE('',#9213,3.);
#9213 = AXIS2_PLACEMENT_3D('',#9214,#9215,#9216);
#9214 = CARTESIAN_POINT('',(47.,12.,30.3));
#9215 = DIRECTION('',(0.,0.,1.));
#9216 = DIRECTION('',(1.,0.,-0.));
#9217 = ADVANCED_FACE('',(#9218),#9237,.T.);
#9218 = FACE_BOUND('',#9219,.T.);
#9219 = EDGE_LOOP('',(#9220,#9228,#9235,#9236));
#9220 = ORIENTED_EDGE('',*,*,#9221,.T.);
#9221 = EDGE_CURVE('',#8240,#9222,#9224,.T.);
#9222 = VERTEX_POINT('',#9223);
#9223 = CARTESIAN_POINT('',(38.5,25.,39.5));
#9224 = LINE('',#9225,#9226);
#9225 = CARTESIAN_POINT('',(38.5,25.,31.49));
#9226 = VECTOR('',#9227,1.);
#9227 = DIRECTION('',(0.,0.,1.));
#9228 = ORIENTED_EDGE('',*,*,#9229,.F.);
#9229 = EDGE_CURVE('',#9222,#9222,#9230,.T.);
#9230 = CIRCLE('',#9231,4.);
#9231 = AXIS2_PLACEMENT_3D('',#9232,#9233,#9234);
#9232 = CARTESIAN_POINT('',(34.5,25.,39.5));
#9233 = DIRECTION('',(0.,0.,1.));
#9234 = DIRECTION('',(1.,0.,-0.));
#9235 = ORIENTED_EDGE('',*,*,#9221,.F.);
#9236 = ORIENTED_EDGE('',*,*,#8239,.T.);
#9237 = CYLINDRICAL_SURFACE('',#9238,4.);
#9238 = AXIS2_PLACEMENT_3D('',#9239,#9240,#9241);
#9239 = CARTESIAN_POINT('',(34.5,25.,31.49));
#9240 = DIRECTION('',(0.,0.,1.));
#9241 = DIRECTION('',(1.,0.,-0.));
#9242 = ADVANCED_FACE('',(#9243),#9262,.T.);
#9243 = FACE_BOUND('',#9244,.T.);
#9244 = EDGE_LOOP('',(#9245,#9253,#9260,#9261));
#9245 = ORIENTED_EDGE('',*,*,#9246,.T.);
#9246 = EDGE_CURVE('',#8074,#9247,#9249,.T.);
#9247 = VERTEX_POINT('',#9248);
#9248 = CARTESIAN_POINT('',(73.6,25.,39.5));
#9249 = LINE('',#9250,#9251);
#9250 = CARTESIAN_POINT('',(73.6,25.,31.49));
#9251 = VECTOR('',#9252,1.);
#9252 = DIRECTION('',(0.,0.,1.));
#9253 = ORIENTED_EDGE('',*,*,#9254,.F.);
#9254 = EDGE_CURVE('',#9247,#9247,#9255,.T.);
#9255 = CIRCLE('',#9256,4.);
#9256 = AXIS2_PLACEMENT_3D('',#9257,#9258,#9259);
#9257 = CARTESIAN_POINT('',(69.6,25.,39.5));
#9258 = DIRECTION('',(0.,0.,1.));
#9259 = DIRECTION('',(1.,0.,-0.));
#9260 = ORIENTED_EDGE('',*,*,#9246,.F.);
#9261 = ORIENTED_EDGE('',*,*,#8250,.T.);
#9262 = CYLINDRICAL_SURFACE('',#9263,4.);
#9263 = AXIS2_PLACEMENT_3D('',#9264,#9265,#9266);
#9264 = CARTESIAN_POINT('',(69.6,25.,31.49));
#9265 = DIRECTION('',(0.,0.,1.));
#9266 = DIRECTION('',(1.,0.,-0.));
#9267 = ADVANCED_FACE('',(#9268),#9288,.T.);
#9268 = FACE_BOUND('',#9269,.T.);
#9269 = EDGE_LOOP('',(#9270,#9278,#9285,#9286,#9287));
#9270 = ORIENTED_EDGE('',*,*,#9271,.T.);
#9271 = EDGE_CURVE('',#8260,#9272,#9274,.T.);
#9272 = VERTEX_POINT('',#9273);
#9273 = CARTESIAN_POINT('',(38.5,50.6,39.5));
#9274 = LINE('',#9275,#9276);
#9275 = CARTESIAN_POINT('',(38.5,50.6,31.49));
#9276 = VECTOR('',#9277,1.);
#9277 = DIRECTION('',(0.,0.,1.));
#9278 = ORIENTED_EDGE('',*,*,#9279,.F.);
#9279 = EDGE_CURVE('',#9272,#9272,#9280,.T.);
#9280 = CIRCLE('',#9281,4.);
#9281 = AXIS2_PLACEMENT_3D('',#9282,#9283,#9284);
#9282 = CARTESIAN_POINT('',(34.5,50.6,39.5));
#9283 = DIRECTION('',(0.,0.,1.));
#9284 = DIRECTION('',(1.,0.,-0.));
#9285 = ORIENTED_EDGE('',*,*,#9271,.F.);
#9286 = ORIENTED_EDGE('',*,*,#8268,.T.);
#9287 = ORIENTED_EDGE('',*,*,#8259,.T.);
#9288 = CYLINDRICAL_SURFACE('',#9289,4.);
#9289 = AXIS2_PLACEMENT_3D('',#9290,#9291,#9292);
#9290 = CARTESIAN_POINT('',(34.5,50.6,31.49));
#9291 = DIRECTION('',(0.,0.,1.));
#9292 = DIRECTION('',(1.,0.,-0.));
#9293 = ADVANCED_FACE('',(#9294),#9322,.F.);
#9294 = FACE_BOUND('',#9295,.F.);
#9295 = EDGE_LOOP('',(#9296,#9304,#9305,#9306,#9315));
#9296 = ORIENTED_EDGE('',*,*,#9297,.T.);
#9297 = EDGE_CURVE('',#9298,#8516,#9300,.T.);
#9298 = VERTEX_POINT('',#9299);
#9299 = CARTESIAN_POINT('',(71.1,-4.5,28.5));
#9300 = LINE('',#9301,#9302);
#9301 = CARTESIAN_POINT('',(71.1,-4.5,28.5));
#9302 = VECTOR('',#9303,1.);
#9303 = DIRECTION('',(-0.707106781187,-1.731912112471E-16,
    -0.707106781187));
#9304 = ORIENTED_EDGE('',*,*,#8515,.F.);
#9305 = ORIENTED_EDGE('',*,*,#9297,.F.);
#9306 = ORIENTED_EDGE('',*,*,#9307,.T.);
#9307 = EDGE_CURVE('',#9298,#9308,#9310,.T.);
#9308 = VERTEX_POINT('',#9309);
#9309 = CARTESIAN_POINT('',(75.9,-4.5,28.5));
#9310 = CIRCLE('',#9311,2.4);
#9311 = AXIS2_PLACEMENT_3D('',#9312,#9313,#9314);
#9312 = CARTESIAN_POINT('',(73.5,-4.5,28.5));
#9313 = DIRECTION('',(-0.,0.,-1.));
#9314 = DIRECTION('',(-1.,0.,0.));
#9315 = ORIENTED_EDGE('',*,*,#9316,.T.);
#9316 = EDGE_CURVE('',#9308,#9298,#9317,.T.);
#9317 = CIRCLE('',#9318,2.4);
#9318 = AXIS2_PLACEMENT_3D('',#9319,#9320,#9321);
#9319 = CARTESIAN_POINT('',(73.5,-4.5,28.5));
#9320 = DIRECTION('',(-0.,0.,-1.));
#9321 = DIRECTION('',(-1.,0.,0.));
#9322 = CONICAL_SURFACE('',#9323,2.4,0.785398163397);
#9323 = AXIS2_PLACEMENT_3D('',#9324,#9325,#9326);
#9324 = CARTESIAN_POINT('',(73.5,-4.5,28.5));
#9325 = DIRECTION('',(-0.,-0.,-1.));
#9326 = DIRECTION('',(-1.,0.,0.));
#9327 = ADVANCED_FACE('',(#9328),#9347,.T.);
#9328 = FACE_BOUND('',#9329,.T.);
#9329 = EDGE_LOOP('',(#9330,#9331,#9339,#9346));
#9330 = ORIENTED_EDGE('',*,*,#8526,.F.);
#9331 = ORIENTED_EDGE('',*,*,#9332,.F.);
#9332 = EDGE_CURVE('',#9333,#8527,#9335,.T.);
#9333 = VERTEX_POINT('',#9334);
#9334 = CARTESIAN_POINT('',(50.5,12.,23.));
#9335 = LINE('',#9336,#9337);
#9336 = CARTESIAN_POINT('',(50.5,12.,23.));
#9337 = VECTOR('',#9338,1.);
#9338 = DIRECTION('',(0.,0.,1.));
#9339 = ORIENTED_EDGE('',*,*,#9340,.T.);
#9340 = EDGE_CURVE('',#9333,#9333,#9341,.T.);
#9341 = CIRCLE('',#9342,3.5);
#9342 = AXIS2_PLACEMENT_3D('',#9343,#9344,#9345);
#9343 = CARTESIAN_POINT('',(47.,12.,23.));
#9344 = DIRECTION('',(0.,0.,1.));
#9345 = DIRECTION('',(1.,0.,-0.));
#9346 = ORIENTED_EDGE('',*,*,#9332,.T.);
#9347 = CYLINDRICAL_SURFACE('',#9348,3.5);
#9348 = AXIS2_PLACEMENT_3D('',#9349,#9350,#9351);
#9349 = CARTESIAN_POINT('',(47.,12.,23.));
#9350 = DIRECTION('',(0.,0.,1.));
#9351 = DIRECTION('',(1.,0.,-0.));
#9352 = ADVANCED_FACE('',(#9353),#9381,.F.);
#9353 = FACE_BOUND('',#9354,.F.);
#9354 = EDGE_LOOP('',(#9355,#9363,#9364,#9365,#9374));
#9355 = ORIENTED_EDGE('',*,*,#9356,.T.);
#9356 = EDGE_CURVE('',#9357,#8538,#9359,.T.);
#9357 = VERTEX_POINT('',#9358);
#9358 = CARTESIAN_POINT('',(-6.9,-4.5,28.5));
#9359 = LINE('',#9360,#9361);
#9360 = CARTESIAN_POINT('',(-6.9,-4.5,28.5));
#9361 = VECTOR('',#9362,1.);
#9362 = DIRECTION('',(-0.707106781187,-1.731912112471E-16,
    -0.707106781187));
#9363 = ORIENTED_EDGE('',*,*,#8537,.F.);
#9364 = ORIENTED_EDGE('',*,*,#9356,.F.);
#9365 = ORIENTED_EDGE('',*,*,#9366,.T.);
#9366 = EDGE_CURVE('',#9357,#9367,#9369,.T.);
#9367 = VERTEX_POINT('',#9368);
#9368 = CARTESIAN_POINT('',(-2.1,-4.5,28.5));
#9369 = CIRCLE('',#9370,2.4);
#9370 = AXIS2_PLACEMENT_3D('',#9371,#9372,#9373);
#9371 = CARTESIAN_POINT('',(-4.5,-4.5,28.5));
#9372 = DIRECTION('',(-0.,0.,-1.));
#9373 = DIRECTION('',(-1.,0.,0.));
#9374 = ORIENTED_EDGE('',*,*,#9375,.T.);
#9375 = EDGE_CURVE('',#9367,#9357,#9376,.T.);
#9376 = CIRCLE('',#9377,2.4);
#9377 = AXIS2_PLACEMENT_3D('',#9378,#9379,#9380);
#9378 = CARTESIAN_POINT('',(-4.5,-4.5,28.5));
#9379 = DIRECTION('',(-0.,0.,-1.));
#9380 = DIRECTION('',(-1.,0.,0.));
#9381 = CONICAL_SURFACE('',#9382,2.4,0.785398163397);
#9382 = AXIS2_PLACEMENT_3D('',#9383,#9384,#9385);
#9383 = CARTESIAN_POINT('',(-4.5,-4.5,28.5));
#9384 = DIRECTION('',(-0.,-0.,-1.));
#9385 = DIRECTION('',(-1.,0.,0.));
#9386 = ADVANCED_FACE('',(#9387),#9415,.F.);
#9387 = FACE_BOUND('',#9388,.F.);
#9388 = EDGE_LOOP('',(#9389,#9397,#9398,#9399,#9408));
#9389 = ORIENTED_EDGE('',*,*,#9390,.T.);
#9390 = EDGE_CURVE('',#9391,#8549,#9393,.T.);
#9391 = VERTEX_POINT('',#9392);
#9392 = CARTESIAN_POINT('',(71.1,54.5,28.5));
#9393 = LINE('',#9394,#9395);
#9394 = CARTESIAN_POINT('',(71.1,54.5,28.5));
#9395 = VECTOR('',#9396,1.);
#9396 = DIRECTION('',(-0.707106781187,-1.731912112471E-16,
    -0.707106781187));
#9397 = ORIENTED_EDGE('',*,*,#8548,.F.);
#9398 = ORIENTED_EDGE('',*,*,#9390,.F.);
#9399 = ORIENTED_EDGE('',*,*,#9400,.T.);
#9400 = EDGE_CURVE('',#9391,#9401,#9403,.T.);
#9401 = VERTEX_POINT('',#9402);
#9402 = CARTESIAN_POINT('',(75.9,54.5,28.5));
#9403 = CIRCLE('',#9404,2.4);
#9404 = AXIS2_PLACEMENT_3D('',#9405,#9406,#9407);
#9405 = CARTESIAN_POINT('',(73.5,54.5,28.5));
#9406 = DIRECTION('',(-0.,0.,-1.));
#9407 = DIRECTION('',(-1.,0.,0.));
#9408 = ORIENTED_EDGE('',*,*,#9409,.T.);
#9409 = EDGE_CURVE('',#9401,#9391,#9410,.T.);
#9410 = CIRCLE('',#9411,2.4);
#9411 = AXIS2_PLACEMENT_3D('',#9412,#9413,#9414);
#9412 = CARTESIAN_POINT('',(73.5,54.5,28.5));
#9413 = DIRECTION('',(-0.,0.,-1.));
#9414 = DIRECTION('',(-1.,0.,0.));
#9415 = CONICAL_SURFACE('',#9416,2.4,0.785398163397);
#9416 = AXIS2_PLACEMENT_3D('',#9417,#9418,#9419);
#9417 = CARTESIAN_POINT('',(73.5,54.5,28.5));
#9418 = DIRECTION('',(-0.,-0.,-1.));
#9419 = DIRECTION('',(-1.,0.,0.));
#9420 = ADVANCED_FACE('',(#9421),#9446,.F.);
#9421 = FACE_BOUND('',#9422,.F.);
#9422 = EDGE_LOOP('',(#9423,#9431,#9439,#9445));
#9423 = ORIENTED_EDGE('',*,*,#9424,.F.);
#9424 = EDGE_CURVE('',#9425,#8560,#9427,.T.);
#9425 = VERTEX_POINT('',#9426);
#9426 = CARTESIAN_POINT('',(0.7,2.7,26.5));
#9427 = LINE('',#9428,#9429);
#9428 = CARTESIAN_POINT('',(0.7,2.7,26.));
#9429 = VECTOR('',#9430,1.);
#9430 = DIRECTION('',(0.,0.,1.));
#9431 = ORIENTED_EDGE('',*,*,#9432,.T.);
#9432 = EDGE_CURVE('',#9425,#9433,#9435,.T.);
#9433 = VERTEX_POINT('',#9434);
#9434 = CARTESIAN_POINT('',(0.7,38.,26.5));
#9435 = LINE('',#9436,#9437);
#9436 = CARTESIAN_POINT('',(0.7,2.7,26.5));
#9437 = VECTOR('',#9438,1.);
#9438 = DIRECTION('',(-0.,1.,0.));
#9439 = ORIENTED_EDGE('',*,*,#9440,.T.);
#9440 = EDGE_CURVE('',#9433,#8562,#9441,.T.);
#9441 = LINE('',#9442,#9443);
#9442 = CARTESIAN_POINT('',(0.7,38.,25.5));
#9443 = VECTOR('',#9444,1.);
#9444 = DIRECTION('',(0.,0.,1.));
#9445 = ORIENTED_EDGE('',*,*,#8559,.F.);
#9446 = PLANE('',#9447);
#9447 = AXIS2_PLACEMENT_3D('',#9448,#9449,#9450);
#9448 = CARTESIAN_POINT('',(0.7,0.7,26.));
#9449 = DIRECTION('',(1.,0.,-0.));
#9450 = DIRECTION('',(0.,0.,1.));
#9451 = ADVANCED_FACE('',(#9452),#9471,.T.);
#9452 = FACE_BOUND('',#9453,.T.);
#9453 = EDGE_LOOP('',(#9454,#9455,#9464,#9470));
#9454 = ORIENTED_EDGE('',*,*,#9424,.F.);
#9455 = ORIENTED_EDGE('',*,*,#9456,.F.);
#9456 = EDGE_CURVE('',#9457,#9425,#9459,.T.);
#9457 = VERTEX_POINT('',#9458);
#9458 = CARTESIAN_POINT('',(2.7,0.7,26.5));
#9459 = CIRCLE('',#9460,2.);
#9460 = AXIS2_PLACEMENT_3D('',#9461,#9462,#9463);
#9461 = CARTESIAN_POINT('',(2.7,2.7,26.5));
#9462 = DIRECTION('',(-0.,0.,-1.));
#9463 = DIRECTION('',(-2.22044604925E-16,-1.,0.));
#9464 = ORIENTED_EDGE('',*,*,#9465,.T.);
#9465 = EDGE_CURVE('',#9457,#8570,#9466,.T.);
#9466 = LINE('',#9467,#9468);
#9467 = CARTESIAN_POINT('',(2.7,0.7,26.));
#9468 = VECTOR('',#9469,1.);
#9469 = DIRECTION('',(0.,0.,1.));
#9470 = ORIENTED_EDGE('',*,*,#8569,.F.);
#9471 = CYLINDRICAL_SURFACE('',#9472,2.);
#9472 = AXIS2_PLACEMENT_3D('',#9473,#9474,#9475);
#9473 = CARTESIAN_POINT('',(2.7,2.7,26.));
#9474 = DIRECTION('',(0.,0.,1.));
#9475 = DIRECTION('',(-1.,-0.,0.));
#9476 = ADVANCED_FACE('',(#9477),#9503,.T.);
#9477 = FACE_BOUND('',#9478,.T.);
#9478 = EDGE_LOOP('',(#9479,#9480,#9488,#9496,#9502));
#9479 = ORIENTED_EDGE('',*,*,#8685,.T.);
#9480 = ORIENTED_EDGE('',*,*,#9481,.F.);
#9481 = EDGE_CURVE('',#9482,#8678,#9484,.T.);
#9482 = VERTEX_POINT('',#9483);
#9483 = CARTESIAN_POINT('',(2.3,38.,26.));
#9484 = LINE('',#9485,#9486);
#9485 = CARTESIAN_POINT('',(2.3,38.,25.));
#9486 = VECTOR('',#9487,1.);
#9487 = DIRECTION('',(0.,0.,1.));
#9488 = ORIENTED_EDGE('',*,*,#9489,.T.);
#9489 = EDGE_CURVE('',#9482,#9490,#9492,.T.);
#9490 = VERTEX_POINT('',#9491);
#9491 = CARTESIAN_POINT('',(1.2,38.,26.));
#9492 = LINE('',#9493,#9494);
#9493 = CARTESIAN_POINT('',(-0.15,38.,26.));
#9494 = VECTOR('',#9495,1.);
#9495 = DIRECTION('',(-1.,-0.,0.));
#9496 = ORIENTED_EDGE('',*,*,#9497,.F.);
#9497 = EDGE_CURVE('',#9433,#9490,#9498,.T.);
#9498 = LINE('',#9499,#9500);
#9499 = CARTESIAN_POINT('',(0.775,38.,26.425));
#9500 = VECTOR('',#9501,1.);
#9501 = DIRECTION('',(0.707106781187,0.,-0.707106781187));
#9502 = ORIENTED_EDGE('',*,*,#9440,.T.);
#9503 = PLANE('',#9504);
#9504 = AXIS2_PLACEMENT_3D('',#9505,#9506,#9507);
#9505 = CARTESIAN_POINT('',(-1.,38.,25.));
#9506 = DIRECTION('',(-0.,1.,0.));
#9507 = DIRECTION('',(0.,0.,1.));
#9508 = ADVANCED_FACE('',(#9509),#9527,.F.);
#9509 = FACE_BOUND('',#9510,.F.);
#9510 = EDGE_LOOP('',(#9511,#9512,#9513,#9521));
#9511 = ORIENTED_EDGE('',*,*,#9465,.T.);
#9512 = ORIENTED_EDGE('',*,*,#8578,.T.);
#9513 = ORIENTED_EDGE('',*,*,#9514,.F.);
#9514 = EDGE_CURVE('',#9515,#8579,#9517,.T.);
#9515 = VERTEX_POINT('',#9516);
#9516 = CARTESIAN_POINT('',(66.3,0.7,26.5));
#9517 = LINE('',#9518,#9519);
#9518 = CARTESIAN_POINT('',(66.3,0.7,26.));
#9519 = VECTOR('',#9520,1.);
#9520 = DIRECTION('',(0.,0.,1.));
#9521 = ORIENTED_EDGE('',*,*,#9522,.T.);
#9522 = EDGE_CURVE('',#9515,#9457,#9523,.T.);
#9523 = LINE('',#9524,#9525);
#9524 = CARTESIAN_POINT('',(66.3,0.7,26.5));
#9525 = VECTOR('',#9526,1.);
#9526 = DIRECTION('',(-1.,-0.,0.));
#9527 = PLANE('',#9528);
#9528 = AXIS2_PLACEMENT_3D('',#9529,#9530,#9531);
#9529 = CARTESIAN_POINT('',(0.7,0.7,26.));
#9530 = DIRECTION('',(-0.,1.,0.));
#9531 = DIRECTION('',(0.,0.,1.));
#9532 = ADVANCED_FACE('',(#9533),#9551,.T.);
#9533 = FACE_BOUND('',#9534,.T.);
#9534 = EDGE_LOOP('',(#9535,#9543,#9549,#9550));
#9535 = ORIENTED_EDGE('',*,*,#9536,.F.);
#9536 = EDGE_CURVE('',#9537,#8670,#9539,.T.);
#9537 = VERTEX_POINT('',#9538);
#9538 = CARTESIAN_POINT('',(2.3,2.3,26.));
#9539 = LINE('',#9540,#9541);
#9540 = CARTESIAN_POINT('',(2.3,2.3,25.));
#9541 = VECTOR('',#9542,1.);
#9542 = DIRECTION('',(0.,0.,1.));
#9543 = ORIENTED_EDGE('',*,*,#9544,.T.);
#9544 = EDGE_CURVE('',#9537,#9482,#9545,.T.);
#9545 = LINE('',#9546,#9547);
#9546 = CARTESIAN_POINT('',(2.3,1.5,26.));
#9547 = VECTOR('',#9548,1.);
#9548 = DIRECTION('',(-0.,1.,0.));
#9549 = ORIENTED_EDGE('',*,*,#9481,.T.);
#9550 = ORIENTED_EDGE('',*,*,#8677,.F.);
#9551 = PLANE('',#9552);
#9552 = AXIS2_PLACEMENT_3D('',#9553,#9554,#9555);
#9553 = CARTESIAN_POINT('',(2.3,2.3,25.));
#9554 = DIRECTION('',(1.,0.,-0.));
#9555 = DIRECTION('',(0.,0.,1.));
#9556 = ADVANCED_FACE('',(#9557),#9576,.T.);
#9557 = FACE_BOUND('',#9558,.F.);
#9558 = EDGE_LOOP('',(#9559,#9567,#9574,#9575));
#9559 = ORIENTED_EDGE('',*,*,#9560,.F.);
#9560 = EDGE_CURVE('',#9561,#8587,#9563,.T.);
#9561 = VERTEX_POINT('',#9562);
#9562 = CARTESIAN_POINT('',(68.3,2.7,26.5));
#9563 = LINE('',#9564,#9565);
#9564 = CARTESIAN_POINT('',(68.3,2.7,26.));
#9565 = VECTOR('',#9566,1.);
#9566 = DIRECTION('',(0.,0.,1.));
#9567 = ORIENTED_EDGE('',*,*,#9568,.T.);
#9568 = EDGE_CURVE('',#9561,#9515,#9569,.T.);
#9569 = CIRCLE('',#9570,2.);
#9570 = AXIS2_PLACEMENT_3D('',#9571,#9572,#9573);
#9571 = CARTESIAN_POINT('',(66.3,2.7,26.5));
#9572 = DIRECTION('',(0.,-0.,-1.));
#9573 = DIRECTION('',(1.,2.22044604925E-16,-0.));
#9574 = ORIENTED_EDGE('',*,*,#9514,.T.);
#9575 = ORIENTED_EDGE('',*,*,#8586,.F.);
#9576 = CYLINDRICAL_SURFACE('',#9577,2.);
#9577 = AXIS2_PLACEMENT_3D('',#9578,#9579,#9580);
#9578 = CARTESIAN_POINT('',(66.3,2.7,26.));
#9579 = DIRECTION('',(0.,0.,1.));
#9580 = DIRECTION('',(1.,0.,-0.));
#9581 = ADVANCED_FACE('',(#9582),#9600,.T.);
#9582 = FACE_BOUND('',#9583,.T.);
#9583 = EDGE_LOOP('',(#9584,#9592,#9598,#9599));
#9584 = ORIENTED_EDGE('',*,*,#9585,.F.);
#9585 = EDGE_CURVE('',#9586,#8662,#9588,.T.);
#9586 = VERTEX_POINT('',#9587);
#9587 = CARTESIAN_POINT('',(66.7,2.3,26.));
#9588 = LINE('',#9589,#9590);
#9589 = CARTESIAN_POINT('',(66.7,2.3,25.));
#9590 = VECTOR('',#9591,1.);
#9591 = DIRECTION('',(0.,0.,1.));
#9592 = ORIENTED_EDGE('',*,*,#9593,.T.);
#9593 = EDGE_CURVE('',#9586,#9537,#9594,.T.);
#9594 = LINE('',#9595,#9596);
#9595 = CARTESIAN_POINT('',(1.5,2.3,26.));
#9596 = VECTOR('',#9597,1.);
#9597 = DIRECTION('',(-1.,-0.,0.));
#9598 = ORIENTED_EDGE('',*,*,#9536,.T.);
#9599 = ORIENTED_EDGE('',*,*,#8669,.F.);
#9600 = PLANE('',#9601);
#9601 = AXIS2_PLACEMENT_3D('',#9602,#9603,#9604);
#9602 = CARTESIAN_POINT('',(2.3,2.3,25.));
#9603 = DIRECTION('',(-0.,1.,0.));
#9604 = DIRECTION('',(0.,0.,1.));
#9605 = ADVANCED_FACE('',(#9606),#9624,.T.);
#9606 = FACE_BOUND('',#9607,.T.);
#9607 = EDGE_LOOP('',(#9608,#9609,#9617,#9623));
#9608 = ORIENTED_EDGE('',*,*,#9560,.F.);
#9609 = ORIENTED_EDGE('',*,*,#9610,.F.);
#9610 = EDGE_CURVE('',#9611,#9561,#9613,.T.);
#9611 = VERTEX_POINT('',#9612);
#9612 = CARTESIAN_POINT('',(68.3,47.3,26.5));
#9613 = LINE('',#9614,#9615);
#9614 = CARTESIAN_POINT('',(68.3,47.3,26.5));
#9615 = VECTOR('',#9616,1.);
#9616 = DIRECTION('',(0.,-1.,-0.));
#9617 = ORIENTED_EDGE('',*,*,#9618,.T.);
#9618 = EDGE_CURVE('',#9611,#8596,#9619,.T.);
#9619 = LINE('',#9620,#9621);
#9620 = CARTESIAN_POINT('',(68.3,47.3,26.));
#9621 = VECTOR('',#9622,1.);
#9622 = DIRECTION('',(0.,0.,1.));
#9623 = ORIENTED_EDGE('',*,*,#8595,.F.);
#9624 = PLANE('',#9625);
#9625 = AXIS2_PLACEMENT_3D('',#9626,#9627,#9628);
#9626 = CARTESIAN_POINT('',(68.3,0.7,26.));
#9627 = DIRECTION('',(1.,0.,-0.));
#9628 = DIRECTION('',(0.,0.,1.));
#9629 = ADVANCED_FACE('',(#9630),#9648,.F.);
#9630 = FACE_BOUND('',#9631,.F.);
#9631 = EDGE_LOOP('',(#9632,#9633,#9641,#9647));
#9632 = ORIENTED_EDGE('',*,*,#9585,.F.);
#9633 = ORIENTED_EDGE('',*,*,#9634,.T.);
#9634 = EDGE_CURVE('',#9586,#9635,#9637,.T.);
#9635 = VERTEX_POINT('',#9636);
#9636 = CARTESIAN_POINT('',(66.7,47.7,26.));
#9637 = LINE('',#9638,#9639);
#9638 = CARTESIAN_POINT('',(66.7,1.5,26.));
#9639 = VECTOR('',#9640,1.);
#9640 = DIRECTION('',(-0.,1.,0.));
#9641 = ORIENTED_EDGE('',*,*,#9642,.T.);
#9642 = EDGE_CURVE('',#9635,#8654,#9643,.T.);
#9643 = LINE('',#9644,#9645);
#9644 = CARTESIAN_POINT('',(66.7,47.7,25.));
#9645 = VECTOR('',#9646,1.);
#9646 = DIRECTION('',(0.,0.,1.));
#9647 = ORIENTED_EDGE('',*,*,#8661,.F.);
#9648 = PLANE('',#9649);
#9649 = AXIS2_PLACEMENT_3D('',#9650,#9651,#9652);
#9650 = CARTESIAN_POINT('',(66.7,2.3,25.));
#9651 = DIRECTION('',(1.,0.,-0.));
#9652 = DIRECTION('',(0.,0.,1.));
#9653 = ADVANCED_FACE('',(#9654),#9673,.T.);
#9654 = FACE_BOUND('',#9655,.T.);
#9655 = EDGE_LOOP('',(#9656,#9657,#9666,#9672));
#9656 = ORIENTED_EDGE('',*,*,#9618,.F.);
#9657 = ORIENTED_EDGE('',*,*,#9658,.F.);
#9658 = EDGE_CURVE('',#9659,#9611,#9661,.T.);
#9659 = VERTEX_POINT('',#9660);
#9660 = CARTESIAN_POINT('',(66.3,49.3,26.5));
#9661 = CIRCLE('',#9662,2.);
#9662 = AXIS2_PLACEMENT_3D('',#9663,#9664,#9665);
#9663 = CARTESIAN_POINT('',(66.3,47.3,26.5));
#9664 = DIRECTION('',(0.,-0.,-1.));
#9665 = DIRECTION('',(0.,1.,-0.));
#9666 = ORIENTED_EDGE('',*,*,#9667,.T.);
#9667 = EDGE_CURVE('',#9659,#8604,#9668,.T.);
#9668 = LINE('',#9669,#9670);
#9669 = CARTESIAN_POINT('',(66.3,49.3,26.));
#9670 = VECTOR('',#9671,1.);
#9671 = DIRECTION('',(0.,0.,1.));
#9672 = ORIENTED_EDGE('',*,*,#8603,.F.);
#9673 = CYLINDRICAL_SURFACE('',#9674,2.);
#9674 = AXIS2_PLACEMENT_3D('',#9675,#9676,#9677);
#9675 = CARTESIAN_POINT('',(66.3,47.3,26.));
#9676 = DIRECTION('',(0.,0.,1.));
#9677 = DIRECTION('',(1.,0.,-0.));
#9678 = ADVANCED_FACE('',(#9679),#9697,.F.);
#9679 = FACE_BOUND('',#9680,.F.);
#9680 = EDGE_LOOP('',(#9681,#9682,#9690,#9696));
#9681 = ORIENTED_EDGE('',*,*,#9642,.F.);
#9682 = ORIENTED_EDGE('',*,*,#9683,.T.);
#9683 = EDGE_CURVE('',#9635,#9684,#9686,.T.);
#9684 = VERTEX_POINT('',#9685);
#9685 = CARTESIAN_POINT('',(2.3,47.7,26.));
#9686 = LINE('',#9687,#9688);
#9687 = CARTESIAN_POINT('',(1.5,47.7,26.));
#9688 = VECTOR('',#9689,1.);
#9689 = DIRECTION('',(-1.,-0.,0.));
#9690 = ORIENTED_EDGE('',*,*,#9691,.T.);
#9691 = EDGE_CURVE('',#9684,#8646,#9692,.T.);
#9692 = LINE('',#9693,#9694);
#9693 = CARTESIAN_POINT('',(2.3,47.7,25.));
#9694 = VECTOR('',#9695,1.);
#9695 = DIRECTION('',(0.,0.,1.));
#9696 = ORIENTED_EDGE('',*,*,#8653,.F.);
#9697 = PLANE('',#9698);
#9698 = AXIS2_PLACEMENT_3D('',#9699,#9700,#9701);
#9699 = CARTESIAN_POINT('',(2.3,47.7,25.));
#9700 = DIRECTION('',(-0.,1.,0.));
#9701 = DIRECTION('',(0.,0.,1.));
#9702 = ADVANCED_FACE('',(#9703),#9721,.T.);
#9703 = FACE_BOUND('',#9704,.T.);
#9704 = EDGE_LOOP('',(#9705,#9713,#9714,#9715));
#9705 = ORIENTED_EDGE('',*,*,#9706,.T.);
#9706 = EDGE_CURVE('',#9707,#8613,#9709,.T.);
#9707 = VERTEX_POINT('',#9708);
#9708 = CARTESIAN_POINT('',(2.7,49.3,26.5));
#9709 = LINE('',#9710,#9711);
#9710 = CARTESIAN_POINT('',(2.7,49.3,26.));
#9711 = VECTOR('',#9712,1.);
#9712 = DIRECTION('',(0.,0.,1.));
#9713 = ORIENTED_EDGE('',*,*,#8612,.T.);
#9714 = ORIENTED_EDGE('',*,*,#9667,.F.);
#9715 = ORIENTED_EDGE('',*,*,#9716,.F.);
#9716 = EDGE_CURVE('',#9707,#9659,#9717,.T.);
#9717 = LINE('',#9718,#9719);
#9718 = CARTESIAN_POINT('',(2.7,49.3,26.5));
#9719 = VECTOR('',#9720,1.);
#9720 = DIRECTION('',(1.,0.,-0.));
#9721 = PLANE('',#9722);
#9722 = AXIS2_PLACEMENT_3D('',#9723,#9724,#9725);
#9723 = CARTESIAN_POINT('',(0.7,49.3,26.));
#9724 = DIRECTION('',(-0.,1.,0.));
#9725 = DIRECTION('',(0.,0.,1.));
#9726 = ADVANCED_FACE('',(#9727),#9745,.T.);
#9727 = FACE_BOUND('',#9728,.T.);
#9728 = EDGE_LOOP('',(#9729,#9737,#9743,#9744));
#9729 = ORIENTED_EDGE('',*,*,#9730,.F.);
#9730 = EDGE_CURVE('',#9731,#8638,#9733,.T.);
#9731 = VERTEX_POINT('',#9732);
#9732 = CARTESIAN_POINT('',(2.3,42.,26.));
#9733 = LINE('',#9734,#9735);
#9734 = CARTESIAN_POINT('',(2.3,42.,25.));
#9735 = VECTOR('',#9736,1.);
#9736 = DIRECTION('',(0.,0.,1.));
#9737 = ORIENTED_EDGE('',*,*,#9738,.T.);
#9738 = EDGE_CURVE('',#9731,#9684,#9739,.T.);
#9739 = LINE('',#9740,#9741);
#9740 = CARTESIAN_POINT('',(2.3,1.5,26.));
#9741 = VECTOR('',#9742,1.);
#9742 = DIRECTION('',(-0.,1.,0.));
#9743 = ORIENTED_EDGE('',*,*,#9691,.T.);
#9744 = ORIENTED_EDGE('',*,*,#8645,.F.);
#9745 = PLANE('',#9746);
#9746 = AXIS2_PLACEMENT_3D('',#9747,#9748,#9749);
#9747 = CARTESIAN_POINT('',(2.3,2.3,25.));
#9748 = DIRECTION('',(1.,0.,-0.));
#9749 = DIRECTION('',(0.,0.,1.));
#9750 = ADVANCED_FACE('',(#9751),#9770,.T.);
#9751 = FACE_BOUND('',#9752,.F.);
#9752 = EDGE_LOOP('',(#9753,#9761,#9768,#9769));
#9753 = ORIENTED_EDGE('',*,*,#9754,.F.);
#9754 = EDGE_CURVE('',#9755,#8621,#9757,.T.);
#9755 = VERTEX_POINT('',#9756);
#9756 = CARTESIAN_POINT('',(0.7,47.3,26.5));
#9757 = LINE('',#9758,#9759);
#9758 = CARTESIAN_POINT('',(0.7,47.3,26.));
#9759 = VECTOR('',#9760,1.);
#9760 = DIRECTION('',(0.,0.,1.));
#9761 = ORIENTED_EDGE('',*,*,#9762,.T.);
#9762 = EDGE_CURVE('',#9755,#9707,#9763,.T.);
#9763 = CIRCLE('',#9764,2.);
#9764 = AXIS2_PLACEMENT_3D('',#9765,#9766,#9767);
#9765 = CARTESIAN_POINT('',(2.7,47.3,26.5));
#9766 = DIRECTION('',(-0.,0.,-1.));
#9767 = DIRECTION('',(-1.,0.,0.));
#9768 = ORIENTED_EDGE('',*,*,#9706,.T.);
#9769 = ORIENTED_EDGE('',*,*,#8620,.F.);
#9770 = CYLINDRICAL_SURFACE('',#9771,2.);
#9771 = AXIS2_PLACEMENT_3D('',#9772,#9773,#9774);
#9772 = CARTESIAN_POINT('',(2.7,47.3,26.));
#9773 = DIRECTION('',(0.,0.,1.));
#9774 = DIRECTION('',(-1.,-0.,0.));
#9775 = ADVANCED_FACE('',(#9776),#9802,.F.);
#9776 = FACE_BOUND('',#9777,.F.);
#9777 = EDGE_LOOP('',(#9778,#9779,#9780,#9788,#9796));
#9778 = ORIENTED_EDGE('',*,*,#8637,.T.);
#9779 = ORIENTED_EDGE('',*,*,#9730,.F.);
#9780 = ORIENTED_EDGE('',*,*,#9781,.T.);
#9781 = EDGE_CURVE('',#9731,#9782,#9784,.T.);
#9782 = VERTEX_POINT('',#9783);
#9783 = CARTESIAN_POINT('',(1.2,42.,26.));
#9784 = LINE('',#9785,#9786);
#9785 = CARTESIAN_POINT('',(-0.15,42.,26.));
#9786 = VECTOR('',#9787,1.);
#9787 = DIRECTION('',(-1.,-0.,0.));
#9788 = ORIENTED_EDGE('',*,*,#9789,.F.);
#9789 = EDGE_CURVE('',#9790,#9782,#9792,.T.);
#9790 = VERTEX_POINT('',#9791);
#9791 = CARTESIAN_POINT('',(0.7,42.,26.5));
#9792 = LINE('',#9793,#9794);
#9793 = CARTESIAN_POINT('',(0.775,42.,26.425));
#9794 = VECTOR('',#9795,1.);
#9795 = DIRECTION('',(0.707106781187,0.,-0.707106781187));
#9796 = ORIENTED_EDGE('',*,*,#9797,.T.);
#9797 = EDGE_CURVE('',#9790,#8630,#9798,.T.);
#9798 = LINE('',#9799,#9800);
#9799 = CARTESIAN_POINT('',(0.7,42.,25.5));
#9800 = VECTOR('',#9801,1.);
#9801 = DIRECTION('',(0.,0.,1.));
#9802 = PLANE('',#9803);
#9803 = AXIS2_PLACEMENT_3D('',#9804,#9805,#9806);
#9804 = CARTESIAN_POINT('',(-1.,42.,25.));
#9805 = DIRECTION('',(-0.,1.,0.));
#9806 = DIRECTION('',(0.,0.,1.));
#9807 = ADVANCED_FACE('',(#9808),#9819,.F.);
#9808 = FACE_BOUND('',#9809,.F.);
#9809 = EDGE_LOOP('',(#9810,#9811,#9817,#9818));
#9810 = ORIENTED_EDGE('',*,*,#9797,.F.);
#9811 = ORIENTED_EDGE('',*,*,#9812,.T.);
#9812 = EDGE_CURVE('',#9790,#9755,#9813,.T.);
#9813 = LINE('',#9814,#9815);
#9814 = CARTESIAN_POINT('',(0.7,2.7,26.5));
#9815 = VECTOR('',#9816,1.);
#9816 = DIRECTION('',(-0.,1.,0.));
#9817 = ORIENTED_EDGE('',*,*,#9754,.T.);
#9818 = ORIENTED_EDGE('',*,*,#8629,.F.);
#9819 = PLANE('',#9820);
#9820 = AXIS2_PLACEMENT_3D('',#9821,#9822,#9823);
#9821 = CARTESIAN_POINT('',(0.7,0.7,26.));
#9822 = DIRECTION('',(1.,0.,-0.));
#9823 = DIRECTION('',(0.,0.,1.));
#9824 = ADVANCED_FACE('',(#9825),#9853,.F.);
#9825 = FACE_BOUND('',#9826,.F.);
#9826 = EDGE_LOOP('',(#9827,#9835,#9836,#9837,#9846));
#9827 = ORIENTED_EDGE('',*,*,#9828,.T.);
#9828 = EDGE_CURVE('',#9829,#8694,#9831,.T.);
#9829 = VERTEX_POINT('',#9830);
#9830 = CARTESIAN_POINT('',(-6.9,54.5,28.5));
#9831 = LINE('',#9832,#9833);
#9832 = CARTESIAN_POINT('',(-6.9,54.5,28.5));
#9833 = VECTOR('',#9834,1.);
#9834 = DIRECTION('',(-0.707106781187,-1.731912112471E-16,
    -0.707106781187));
#9835 = ORIENTED_EDGE('',*,*,#8693,.F.);
#9836 = ORIENTED_EDGE('',*,*,#9828,.F.);
#9837 = ORIENTED_EDGE('',*,*,#9838,.T.);
#9838 = EDGE_CURVE('',#9829,#9839,#9841,.T.);
#9839 = VERTEX_POINT('',#9840);
#9840 = CARTESIAN_POINT('',(-2.1,54.5,28.5));
#9841 = CIRCLE('',#9842,2.4);
#9842 = AXIS2_PLACEMENT_3D('',#9843,#9844,#9845);
#9843 = CARTESIAN_POINT('',(-4.5,54.5,28.5));
#9844 = DIRECTION('',(-0.,0.,-1.));
#9845 = DIRECTION('',(-1.,0.,0.));
#9846 = ORIENTED_EDGE('',*,*,#9847,.T.);
#9847 = EDGE_CURVE('',#9839,#9829,#9848,.T.);
#9848 = CIRCLE('',#9849,2.4);
#9849 = AXIS2_PLACEMENT_3D('',#9850,#9851,#9852);
#9850 = CARTESIAN_POINT('',(-4.5,54.5,28.5));
#9851 = DIRECTION('',(-0.,0.,-1.));
#9852 = DIRECTION('',(-1.,0.,0.));
#9853 = CONICAL_SURFACE('',#9854,2.4,0.785398163397);
#9854 = AXIS2_PLACEMENT_3D('',#9855,#9856,#9857);
#9855 = CARTESIAN_POINT('',(-4.5,54.5,28.5));
#9856 = DIRECTION('',(-0.,-0.,-1.));
#9857 = DIRECTION('',(-1.,0.,0.));
#9858 = ADVANCED_FACE('',(#9859),#9862,.T.);
#9859 = FACE_BOUND('',#9860,.T.);
#9860 = EDGE_LOOP('',(#9861));
#9861 = ORIENTED_EDGE('',*,*,#8760,.T.);
#9862 = PLANE('',#9863);
#9863 = AXIS2_PLACEMENT_3D('',#9864,#9865,#9866);
#9864 = CARTESIAN_POINT('',(-4.5,54.5,39.5));
#9865 = DIRECTION('',(0.,0.,1.));
#9866 = DIRECTION('',(1.,0.,-0.));
#9867 = ADVANCED_FACE('',(#9868),#9871,.T.);
#9868 = FACE_BOUND('',#9869,.T.);
#9869 = EDGE_LOOP('',(#9870));
#9870 = ORIENTED_EDGE('',*,*,#8876,.T.);
#9871 = PLANE('',#9872);
#9872 = AXIS2_PLACEMENT_3D('',#9873,#9874,#9875);
#9873 = CARTESIAN_POINT('',(73.5,54.5,39.5));
#9874 = DIRECTION('',(0.,0.,1.));
#9875 = DIRECTION('',(1.,0.,-0.));
#9876 = ADVANCED_FACE('',(#9877),#9880,.T.);
#9877 = FACE_BOUND('',#9878,.T.);
#9878 = EDGE_LOOP('',(#9879));
#9879 = ORIENTED_EDGE('',*,*,#8995,.T.);
#9880 = PLANE('',#9881);
#9881 = AXIS2_PLACEMENT_3D('',#9882,#9883,#9884);
#9882 = CARTESIAN_POINT('',(73.5,-4.5,39.5));
#9883 = DIRECTION('',(0.,0.,1.));
#9884 = DIRECTION('',(1.,0.,-0.));
#9885 = ADVANCED_FACE('',(#9886),#9889,.T.);
#9886 = FACE_BOUND('',#9887,.T.);
#9887 = EDGE_LOOP('',(#9888));
#9888 = ORIENTED_EDGE('',*,*,#9109,.T.);
#9889 = PLANE('',#9890);
#9890 = AXIS2_PLACEMENT_3D('',#9891,#9892,#9893);
#9891 = CARTESIAN_POINT('',(-4.5,-4.5,39.5));
#9892 = DIRECTION('',(0.,0.,1.));
#9893 = DIRECTION('',(1.,0.,-0.));
#9894 = ADVANCED_FACE('',(#9895),#9898,.T.);
#9895 = FACE_BOUND('',#9896,.T.);
#9896 = EDGE_LOOP('',(#9897));
#9897 = ORIENTED_EDGE('',*,*,#9152,.T.);
#9898 = PLANE('',#9899);
#9899 = AXIS2_PLACEMENT_3D('',#9900,#9901,#9902);
#9900 = CARTESIAN_POINT('',(-0.6,25.,39.5));
#9901 = DIRECTION('',(0.,0.,1.));
#9902 = DIRECTION('',(1.,0.,-0.));
#9903 = ADVANCED_FACE('',(#9904),#9907,.T.);
#9904 = FACE_BOUND('',#9905,.T.);
#9905 = EDGE_LOOP('',(#9906));
#9906 = ORIENTED_EDGE('',*,*,#9178,.T.);
#9907 = PLANE('',#9908);
#9908 = AXIS2_PLACEMENT_3D('',#9909,#9910,#9911);
#9909 = CARTESIAN_POINT('',(34.5,-0.6,39.5));
#9910 = DIRECTION('',(0.,0.,1.));
#9911 = DIRECTION('',(1.,0.,-0.));
#9912 = ADVANCED_FACE('',(#9913,#9916),#9927,.T.);
#9913 = FACE_BOUND('',#9914,.T.);
#9914 = EDGE_LOOP('',(#9915));
#9915 = ORIENTED_EDGE('',*,*,#9205,.T.);
#9916 = FACE_BOUND('',#9917,.T.);
#9917 = EDGE_LOOP('',(#9918));
#9918 = ORIENTED_EDGE('',*,*,#9919,.F.);
#9919 = EDGE_CURVE('',#9920,#9920,#9922,.T.);
#9920 = VERTEX_POINT('',#9921);
#9921 = CARTESIAN_POINT('',(49.,12.,30.3));
#9922 = CIRCLE('',#9923,2.);
#9923 = AXIS2_PLACEMENT_3D('',#9924,#9925,#9926);
#9924 = CARTESIAN_POINT('',(47.,12.,30.3));
#9925 = DIRECTION('',(0.,0.,1.));
#9926 = DIRECTION('',(1.,0.,-0.));
#9927 = PLANE('',#9928);
#9928 = AXIS2_PLACEMENT_3D('',#9929,#9930,#9931);
#9929 = CARTESIAN_POINT('',(47.,12.,30.3));
#9930 = DIRECTION('',(0.,0.,1.));
#9931 = DIRECTION('',(1.,0.,-0.));
#9932 = ADVANCED_FACE('',(#9933),#9936,.T.);
#9933 = FACE_BOUND('',#9934,.T.);
#9934 = EDGE_LOOP('',(#9935));
#9935 = ORIENTED_EDGE('',*,*,#9229,.T.);
#9936 = PLANE('',#9937);
#9937 = AXIS2_PLACEMENT_3D('',#9938,#9939,#9940);
#9938 = CARTESIAN_POINT('',(34.5,25.,39.5));
#9939 = DIRECTION('',(0.,0.,1.));
#9940 = DIRECTION('',(1.,0.,-0.));
#9941 = ADVANCED_FACE('',(#9942),#9945,.T.);
#9942 = FACE_BOUND('',#9943,.T.);
#9943 = EDGE_LOOP('',(#9944));
#9944 = ORIENTED_EDGE('',*,*,#9254,.T.);
#9945 = PLANE('',#9946);
#9946 = AXIS2_PLACEMENT_3D('',#9947,#9948,#9949);
#9947 = CARTESIAN_POINT('',(69.6,25.,39.5));
#9948 = DIRECTION('',(0.,0.,1.));
#9949 = DIRECTION('',(1.,0.,-0.));
#9950 = ADVANCED_FACE('',(#9951),#9954,.T.);
#9951 = FACE_BOUND('',#9952,.T.);
#9952 = EDGE_LOOP('',(#9953));
#9953 = ORIENTED_EDGE('',*,*,#9279,.T.);
#9954 = PLANE('',#9955);
#9955 = AXIS2_PLACEMENT_3D('',#9956,#9957,#9958);
#9956 = CARTESIAN_POINT('',(34.5,50.6,39.5));
#9957 = DIRECTION('',(0.,0.,1.));
#9958 = DIRECTION('',(1.,0.,-0.));
#9959 = ADVANCED_FACE('',(#9960),#9980,.F.);
#9960 = FACE_BOUND('',#9961,.F.);
#9961 = EDGE_LOOP('',(#9962,#9963,#9971,#9978,#9979));
#9962 = ORIENTED_EDGE('',*,*,#9316,.F.);
#9963 = ORIENTED_EDGE('',*,*,#9964,.T.);
#9964 = EDGE_CURVE('',#9308,#9965,#9967,.T.);
#9965 = VERTEX_POINT('',#9966);
#9966 = CARTESIAN_POINT('',(75.9,-4.5,29.));
#9967 = LINE('',#9968,#9969);
#9968 = CARTESIAN_POINT('',(75.9,-4.5,27.99));
#9969 = VECTOR('',#9970,1.);
#9970 = DIRECTION('',(0.,0.,1.));
#9971 = ORIENTED_EDGE('',*,*,#9972,.F.);
#9972 = EDGE_CURVE('',#9965,#9965,#9973,.T.);
#9973 = CIRCLE('',#9974,2.4);
#9974 = AXIS2_PLACEMENT_3D('',#9975,#9976,#9977);
#9975 = CARTESIAN_POINT('',(73.5,-4.5,29.));
#9976 = DIRECTION('',(0.,0.,1.));
#9977 = DIRECTION('',(1.,0.,-0.));
#9978 = ORIENTED_EDGE('',*,*,#9964,.F.);
#9979 = ORIENTED_EDGE('',*,*,#9307,.F.);
#9980 = CYLINDRICAL_SURFACE('',#9981,2.4);
#9981 = AXIS2_PLACEMENT_3D('',#9982,#9983,#9984);
#9982 = CARTESIAN_POINT('',(73.5,-4.5,27.99));
#9983 = DIRECTION('',(0.,0.,1.));
#9984 = DIRECTION('',(1.,0.,-0.));
#9985 = ADVANCED_FACE('',(#9986,#9989),#10000,.F.);
#9986 = FACE_BOUND('',#9987,.F.);
#9987 = EDGE_LOOP('',(#9988));
#9988 = ORIENTED_EDGE('',*,*,#9340,.T.);
#9989 = FACE_BOUND('',#9990,.F.);
#9990 = EDGE_LOOP('',(#9991));
#9991 = ORIENTED_EDGE('',*,*,#9992,.T.);
#9992 = EDGE_CURVE('',#9993,#9993,#9995,.T.);
#9993 = VERTEX_POINT('',#9994);
#9994 = CARTESIAN_POINT('',(45.,12.,23.));
#9995 = CIRCLE('',#9996,2.);
#9996 = AXIS2_PLACEMENT_3D('',#9997,#9998,#9999);
#9997 = CARTESIAN_POINT('',(47.,12.,23.));
#9998 = DIRECTION('',(-0.,0.,-1.));
#9999 = DIRECTION('',(-1.,0.,0.));
#10000 = PLANE('',#10001);
#10001 = AXIS2_PLACEMENT_3D('',#10002,#10003,#10004);
#10002 = CARTESIAN_POINT('',(47.,12.,23.));
#10003 = DIRECTION('',(0.,0.,1.));
#10004 = DIRECTION('',(1.,0.,-0.));
#10005 = ADVANCED_FACE('',(#10006),#10026,.F.);
#10006 = FACE_BOUND('',#10007,.F.);
#10007 = EDGE_LOOP('',(#10008,#10009,#10017,#10024,#10025));
#10008 = ORIENTED_EDGE('',*,*,#9375,.F.);
#10009 = ORIENTED_EDGE('',*,*,#10010,.T.);
#10010 = EDGE_CURVE('',#9367,#10011,#10013,.T.);
#10011 = VERTEX_POINT('',#10012);
#10012 = CARTESIAN_POINT('',(-2.1,-4.5,29.));
#10013 = LINE('',#10014,#10015);
#10014 = CARTESIAN_POINT('',(-2.1,-4.5,27.99));
#10015 = VECTOR('',#10016,1.);
#10016 = DIRECTION('',(0.,0.,1.));
#10017 = ORIENTED_EDGE('',*,*,#10018,.F.);
#10018 = EDGE_CURVE('',#10011,#10011,#10019,.T.);
#10019 = CIRCLE('',#10020,2.4);
#10020 = AXIS2_PLACEMENT_3D('',#10021,#10022,#10023);
#10021 = CARTESIAN_POINT('',(-4.5,-4.5,29.));
#10022 = DIRECTION('',(0.,0.,1.));
#10023 = DIRECTION('',(1.,0.,-0.));
#10024 = ORIENTED_EDGE('',*,*,#10010,.F.);
#10025 = ORIENTED_EDGE('',*,*,#9366,.F.);
#10026 = CYLINDRICAL_SURFACE('',#10027,2.4);
#10027 = AXIS2_PLACEMENT_3D('',#10028,#10029,#10030);
#10028 = CARTESIAN_POINT('',(-4.5,-4.5,27.99));
#10029 = DIRECTION('',(0.,0.,1.));
#10030 = DIRECTION('',(1.,0.,-0.));
#10031 = ADVANCED_FACE('',(#10032),#10052,.F.);
#10032 = FACE_BOUND('',#10033,.F.);
#10033 = EDGE_LOOP('',(#10034,#10035,#10043,#10050,#10051));
#10034 = ORIENTED_EDGE('',*,*,#9409,.F.);
#10035 = ORIENTED_EDGE('',*,*,#10036,.T.);
#10036 = EDGE_CURVE('',#9401,#10037,#10039,.T.);
#10037 = VERTEX_POINT('',#10038);
#10038 = CARTESIAN_POINT('',(75.9,54.5,29.));
#10039 = LINE('',#10040,#10041);
#10040 = CARTESIAN_POINT('',(75.9,54.5,27.99));
#10041 = VECTOR('',#10042,1.);
#10042 = DIRECTION('',(0.,0.,1.));
#10043 = ORIENTED_EDGE('',*,*,#10044,.F.);
#10044 = EDGE_CURVE('',#10037,#10037,#10045,.T.);
#10045 = CIRCLE('',#10046,2.4);
#10046 = AXIS2_PLACEMENT_3D('',#10047,#10048,#10049);
#10047 = CARTESIAN_POINT('',(73.5,54.5,29.));
#10048 = DIRECTION('',(0.,0.,1.));
#10049 = DIRECTION('',(1.,0.,-0.));
#10050 = ORIENTED_EDGE('',*,*,#10036,.F.);
#10051 = ORIENTED_EDGE('',*,*,#9400,.F.);
#10052 = CYLINDRICAL_SURFACE('',#10053,2.4);
#10053 = AXIS2_PLACEMENT_3D('',#10054,#10055,#10056);
#10054 = CARTESIAN_POINT('',(73.5,54.5,27.99));
#10055 = DIRECTION('',(0.,0.,1.));
#10056 = DIRECTION('',(1.,0.,-0.));
#10057 = ADVANCED_FACE('',(#10058),#10076,.T.);
#10058 = FACE_BOUND('',#10059,.T.);
#10059 = EDGE_LOOP('',(#10060,#10068,#10069,#10070));
#10060 = ORIENTED_EDGE('',*,*,#10061,.F.);
#10061 = EDGE_CURVE('',#9425,#10062,#10064,.T.);
#10062 = VERTEX_POINT('',#10063);
#10063 = CARTESIAN_POINT('',(1.2,2.7,26.));
#10064 = LINE('',#10065,#10066);
#10065 = CARTESIAN_POINT('',(0.95,2.7,26.25));
#10066 = VECTOR('',#10067,1.);
#10067 = DIRECTION('',(0.707106781187,0.,-0.707106781187));
#10068 = ORIENTED_EDGE('',*,*,#9432,.T.);
#10069 = ORIENTED_EDGE('',*,*,#9497,.T.);
#10070 = ORIENTED_EDGE('',*,*,#10071,.F.);
#10071 = EDGE_CURVE('',#10062,#9490,#10072,.T.);
#10072 = LINE('',#10073,#10074);
#10073 = CARTESIAN_POINT('',(1.2,2.7,26.));
#10074 = VECTOR('',#10075,1.);
#10075 = DIRECTION('',(-0.,1.,0.));
#10076 = PLANE('',#10077);
#10077 = AXIS2_PLACEMENT_3D('',#10078,#10079,#10080);
#10078 = CARTESIAN_POINT('',(0.95,2.7,26.25));
#10079 = DIRECTION('',(-0.707106781187,0.,-0.707106781187));
#10080 = DIRECTION('',(0.,1.,0.));
#10081 = ADVANCED_FACE('',(#10082),#10101,.T.);
#10082 = FACE_BOUND('',#10083,.T.);
#10083 = EDGE_LOOP('',(#10084,#10092,#10093,#10094));
#10084 = ORIENTED_EDGE('',*,*,#10085,.F.);
#10085 = EDGE_CURVE('',#9457,#10086,#10088,.T.);
#10086 = VERTEX_POINT('',#10087);
#10087 = CARTESIAN_POINT('',(2.7,1.2,26.));
#10088 = LINE('',#10089,#10090);
#10089 = CARTESIAN_POINT('',(2.7,0.95,26.25));
#10090 = VECTOR('',#10091,1.);
#10091 = DIRECTION('',(-0.,0.707106781187,-0.707106781187));
#10092 = ORIENTED_EDGE('',*,*,#9456,.T.);
#10093 = ORIENTED_EDGE('',*,*,#10061,.T.);
#10094 = ORIENTED_EDGE('',*,*,#10095,.F.);
#10095 = EDGE_CURVE('',#10086,#10062,#10096,.T.);
#10096 = CIRCLE('',#10097,1.5);
#10097 = AXIS2_PLACEMENT_3D('',#10098,#10099,#10100);
#10098 = CARTESIAN_POINT('',(2.7,2.7,26.));
#10099 = DIRECTION('',(-0.,0.,-1.));
#10100 = DIRECTION('',(-2.22044604925E-16,-1.,0.));
#10101 = CONICAL_SURFACE('',#10102,2.,0.785398163397);
#10102 = AXIS2_PLACEMENT_3D('',#10103,#10104,#10105);
#10103 = CARTESIAN_POINT('',(2.7,2.7,26.5));
#10104 = DIRECTION('',(0.,0.,1.));
#10105 = DIRECTION('',(-2.22044604925E-16,-1.,0.));
#10106 = ADVANCED_FACE('',(#10107),#10175,.F.);
#10107 = FACE_BOUND('',#10108,.F.);
#10108 = EDGE_LOOP('',(#10109,#10110,#10111,#10119,#10128,#10136,#10145,
    #10153,#10162,#10168,#10169,#10170,#10171,#10172,#10173,#10174));
#10109 = ORIENTED_EDGE('',*,*,#10071,.F.);
#10110 = ORIENTED_EDGE('',*,*,#10095,.F.);
#10111 = ORIENTED_EDGE('',*,*,#10112,.F.);
#10112 = EDGE_CURVE('',#10113,#10086,#10115,.T.);
#10113 = VERTEX_POINT('',#10114);
#10114 = CARTESIAN_POINT('',(66.3,1.2,26.));
#10115 = LINE('',#10116,#10117);
#10116 = CARTESIAN_POINT('',(66.3,1.2,26.));
#10117 = VECTOR('',#10118,1.);
#10118 = DIRECTION('',(-1.,-0.,0.));
#10119 = ORIENTED_EDGE('',*,*,#10120,.F.);
#10120 = EDGE_CURVE('',#10121,#10113,#10123,.T.);
#10121 = VERTEX_POINT('',#10122);
#10122 = CARTESIAN_POINT('',(67.8,2.7,26.));
#10123 = CIRCLE('',#10124,1.5);
#10124 = AXIS2_PLACEMENT_3D('',#10125,#10126,#10127);
#10125 = CARTESIAN_POINT('',(66.3,2.7,26.));
#10126 = DIRECTION('',(0.,-0.,-1.));
#10127 = DIRECTION('',(1.,2.22044604925E-16,-0.));
#10128 = ORIENTED_EDGE('',*,*,#10129,.F.);
#10129 = EDGE_CURVE('',#10130,#10121,#10132,.T.);
#10130 = VERTEX_POINT('',#10131);
#10131 = CARTESIAN_POINT('',(67.8,47.3,26.));
#10132 = LINE('',#10133,#10134);
#10133 = CARTESIAN_POINT('',(67.8,47.3,26.));
#10134 = VECTOR('',#10135,1.);
#10135 = DIRECTION('',(0.,-1.,-0.));
#10136 = ORIENTED_EDGE('',*,*,#10137,.F.);
#10137 = EDGE_CURVE('',#10138,#10130,#10140,.T.);
#10138 = VERTEX_POINT('',#10139);
#10139 = CARTESIAN_POINT('',(66.3,48.8,26.));
#10140 = CIRCLE('',#10141,1.5);
#10141 = AXIS2_PLACEMENT_3D('',#10142,#10143,#10144);
#10142 = CARTESIAN_POINT('',(66.3,47.3,26.));
#10143 = DIRECTION('',(0.,-0.,-1.));
#10144 = DIRECTION('',(0.,1.,-0.));
#10145 = ORIENTED_EDGE('',*,*,#10146,.F.);
#10146 = EDGE_CURVE('',#10147,#10138,#10149,.T.);
#10147 = VERTEX_POINT('',#10148);
#10148 = CARTESIAN_POINT('',(2.7,48.8,26.));
#10149 = LINE('',#10150,#10151);
#10150 = CARTESIAN_POINT('',(2.7,48.8,26.));
#10151 = VECTOR('',#10152,1.);
#10152 = DIRECTION('',(1.,0.,-0.));
#10153 = ORIENTED_EDGE('',*,*,#10154,.F.);
#10154 = EDGE_CURVE('',#10155,#10147,#10157,.T.);
#10155 = VERTEX_POINT('',#10156);
#10156 = CARTESIAN_POINT('',(1.2,47.3,26.));
#10157 = CIRCLE('',#10158,1.5);
#10158 = AXIS2_PLACEMENT_3D('',#10159,#10160,#10161);
#10159 = CARTESIAN_POINT('',(2.7,47.3,26.));
#10160 = DIRECTION('',(-0.,0.,-1.));
#10161 = DIRECTION('',(-1.,0.,0.));
#10162 = ORIENTED_EDGE('',*,*,#10163,.F.);
#10163 = EDGE_CURVE('',#9782,#10155,#10164,.T.);
#10164 = LINE('',#10165,#10166);
#10165 = CARTESIAN_POINT('',(1.2,2.7,26.));
#10166 = VECTOR('',#10167,1.);
#10167 = DIRECTION('',(-0.,1.,0.));
#10168 = ORIENTED_EDGE('',*,*,#9781,.F.);
#10169 = ORIENTED_EDGE('',*,*,#9738,.T.);
#10170 = ORIENTED_EDGE('',*,*,#9683,.F.);
#10171 = ORIENTED_EDGE('',*,*,#9634,.F.);
#10172 = ORIENTED_EDGE('',*,*,#9593,.T.);
#10173 = ORIENTED_EDGE('',*,*,#9544,.T.);
#10174 = ORIENTED_EDGE('',*,*,#9489,.T.);
#10175 = PLANE('',#10176);
#10176 = AXIS2_PLACEMENT_3D('',#10177,#10178,#10179);
#10177 = CARTESIAN_POINT('',(0.7,0.7,26.));
#10178 = DIRECTION('',(0.,0.,1.));
#10179 = DIRECTION('',(1.,0.,-0.));
#10180 = ADVANCED_FACE('',(#10181),#10192,.T.);
#10181 = FACE_BOUND('',#10182,.T.);
#10182 = EDGE_LOOP('',(#10183,#10189,#10190,#10191));
#10183 = ORIENTED_EDGE('',*,*,#10184,.F.);
#10184 = EDGE_CURVE('',#9515,#10113,#10185,.T.);
#10185 = LINE('',#10186,#10187);
#10186 = CARTESIAN_POINT('',(66.3,0.7,26.5));
#10187 = VECTOR('',#10188,1.);
#10188 = DIRECTION('',(-2.003070486802E-16,0.707106781187,
    -0.707106781187));
#10189 = ORIENTED_EDGE('',*,*,#9522,.T.);
#10190 = ORIENTED_EDGE('',*,*,#10085,.T.);
#10191 = ORIENTED_EDGE('',*,*,#10112,.F.);
#10192 = PLANE('',#10193);
#10193 = AXIS2_PLACEMENT_3D('',#10194,#10195,#10196);
#10194 = CARTESIAN_POINT('',(66.3,0.95,26.25));
#10195 = DIRECTION('',(0.,-0.707106781187,-0.707106781187));
#10196 = DIRECTION('',(-1.,-0.,0.));
#10197 = ADVANCED_FACE('',(#10198),#10209,.T.);
#10198 = FACE_BOUND('',#10199,.T.);
#10199 = EDGE_LOOP('',(#10200,#10206,#10207,#10208));
#10200 = ORIENTED_EDGE('',*,*,#10201,.F.);
#10201 = EDGE_CURVE('',#9561,#10121,#10202,.T.);
#10202 = LINE('',#10203,#10204);
#10203 = CARTESIAN_POINT('',(68.05,2.7,26.25));
#10204 = VECTOR('',#10205,1.);
#10205 = DIRECTION('',(-0.707106781187,-0.,-0.707106781187));
#10206 = ORIENTED_EDGE('',*,*,#9568,.T.);
#10207 = ORIENTED_EDGE('',*,*,#10184,.T.);
#10208 = ORIENTED_EDGE('',*,*,#10120,.F.);
#10209 = CONICAL_SURFACE('',#10210,2.,0.785398163397);
#10210 = AXIS2_PLACEMENT_3D('',#10211,#10212,#10213);
#10211 = CARTESIAN_POINT('',(66.3,2.7,26.5));
#10212 = DIRECTION('',(0.,0.,1.));
#10213 = DIRECTION('',(1.,2.22044604925E-16,-0.));
#10214 = ADVANCED_FACE('',(#10215),#10226,.F.);
#10215 = FACE_BOUND('',#10216,.T.);
#10216 = EDGE_LOOP('',(#10217,#10223,#10224,#10225));
#10217 = ORIENTED_EDGE('',*,*,#10218,.F.);
#10218 = EDGE_CURVE('',#9611,#10130,#10219,.T.);
#10219 = LINE('',#10220,#10221);
#10220 = CARTESIAN_POINT('',(68.3,47.3,26.5));
#10221 = VECTOR('',#10222,1.);
#10222 = DIRECTION('',(-0.707106781187,-4.329780281177E-17,
    -0.707106781187));
#10223 = ORIENTED_EDGE('',*,*,#9610,.T.);
#10224 = ORIENTED_EDGE('',*,*,#10201,.T.);
#10225 = ORIENTED_EDGE('',*,*,#10129,.F.);
#10226 = PLANE('',#10227);
#10227 = AXIS2_PLACEMENT_3D('',#10228,#10229,#10230);
#10228 = CARTESIAN_POINT('',(68.05,47.3,26.25));
#10229 = DIRECTION('',(-0.707106781187,0.,0.707106781187));
#10230 = DIRECTION('',(0.,1.,-0.));
#10231 = ADVANCED_FACE('',(#10232),#10243,.T.);
#10232 = FACE_BOUND('',#10233,.T.);
#10233 = EDGE_LOOP('',(#10234,#10240,#10241,#10242));
#10234 = ORIENTED_EDGE('',*,*,#10235,.F.);
#10235 = EDGE_CURVE('',#9659,#10138,#10236,.T.);
#10236 = LINE('',#10237,#10238);
#10237 = CARTESIAN_POINT('',(66.3,49.05,26.25));
#10238 = VECTOR('',#10239,1.);
#10239 = DIRECTION('',(0.,-0.707106781187,-0.707106781187));
#10240 = ORIENTED_EDGE('',*,*,#9658,.T.);
#10241 = ORIENTED_EDGE('',*,*,#10218,.T.);
#10242 = ORIENTED_EDGE('',*,*,#10137,.F.);
#10243 = CONICAL_SURFACE('',#10244,2.,0.785398163397);
#10244 = AXIS2_PLACEMENT_3D('',#10245,#10246,#10247);
#10245 = CARTESIAN_POINT('',(66.3,47.3,26.5));
#10246 = DIRECTION('',(0.,0.,1.));
#10247 = DIRECTION('',(0.,1.,0.));
#10248 = ADVANCED_FACE('',(#10249),#10260,.F.);
#10249 = FACE_BOUND('',#10250,.T.);
#10250 = EDGE_LOOP('',(#10251,#10257,#10258,#10259));
#10251 = ORIENTED_EDGE('',*,*,#10252,.F.);
#10252 = EDGE_CURVE('',#9707,#10147,#10253,.T.);
#10253 = LINE('',#10254,#10255);
#10254 = CARTESIAN_POINT('',(2.7,49.3,26.5));
#10255 = VECTOR('',#10256,1.);
#10256 = DIRECTION('',(4.329780281177E-17,-0.707106781187,
    -0.707106781187));
#10257 = ORIENTED_EDGE('',*,*,#9716,.T.);
#10258 = ORIENTED_EDGE('',*,*,#10235,.T.);
#10259 = ORIENTED_EDGE('',*,*,#10146,.F.);
#10260 = PLANE('',#10261);
#10261 = AXIS2_PLACEMENT_3D('',#10262,#10263,#10264);
#10262 = CARTESIAN_POINT('',(2.7,49.05,26.25));
#10263 = DIRECTION('',(0.,-0.707106781187,0.707106781187));
#10264 = DIRECTION('',(-1.,-0.,-0.));
#10265 = ADVANCED_FACE('',(#10266),#10277,.T.);
#10266 = FACE_BOUND('',#10267,.T.);
#10267 = EDGE_LOOP('',(#10268,#10274,#10275,#10276));
#10268 = ORIENTED_EDGE('',*,*,#10269,.F.);
#10269 = EDGE_CURVE('',#9755,#10155,#10270,.T.);
#10270 = LINE('',#10271,#10272);
#10271 = CARTESIAN_POINT('',(0.95,47.3,26.25));
#10272 = VECTOR('',#10273,1.);
#10273 = DIRECTION('',(0.707106781187,0.,-0.707106781187));
#10274 = ORIENTED_EDGE('',*,*,#9762,.T.);
#10275 = ORIENTED_EDGE('',*,*,#10252,.T.);
#10276 = ORIENTED_EDGE('',*,*,#10154,.F.);
#10277 = CONICAL_SURFACE('',#10278,2.,0.785398163397);
#10278 = AXIS2_PLACEMENT_3D('',#10279,#10280,#10281);
#10279 = CARTESIAN_POINT('',(2.7,47.3,26.5));
#10280 = DIRECTION('',(0.,0.,1.));
#10281 = DIRECTION('',(-1.,0.,0.));
#10282 = ADVANCED_FACE('',(#10283),#10289,.T.);
#10283 = FACE_BOUND('',#10284,.T.);
#10284 = EDGE_LOOP('',(#10285,#10286,#10287,#10288));
#10285 = ORIENTED_EDGE('',*,*,#9789,.F.);
#10286 = ORIENTED_EDGE('',*,*,#9812,.T.);
#10287 = ORIENTED_EDGE('',*,*,#10269,.T.);
#10288 = ORIENTED_EDGE('',*,*,#10163,.F.);
#10289 = PLANE('',#10290);
#10290 = AXIS2_PLACEMENT_3D('',#10291,#10292,#10293);
#10291 = CARTESIAN_POINT('',(0.95,2.7,26.25));
#10292 = DIRECTION('',(-0.707106781187,0.,-0.707106781187));
#10293 = DIRECTION('',(0.,1.,0.));
#10294 = ADVANCED_FACE('',(#10295),#10315,.F.);
#10295 = FACE_BOUND('',#10296,.F.);
#10296 = EDGE_LOOP('',(#10297,#10298,#10306,#10313,#10314));
#10297 = ORIENTED_EDGE('',*,*,#9847,.F.);
#10298 = ORIENTED_EDGE('',*,*,#10299,.T.);
#10299 = EDGE_CURVE('',#9839,#10300,#10302,.T.);
#10300 = VERTEX_POINT('',#10301);
#10301 = CARTESIAN_POINT('',(-2.1,54.5,29.));
#10302 = LINE('',#10303,#10304);
#10303 = CARTESIAN_POINT('',(-2.1,54.5,27.99));
#10304 = VECTOR('',#10305,1.);
#10305 = DIRECTION('',(0.,0.,1.));
#10306 = ORIENTED_EDGE('',*,*,#10307,.F.);
#10307 = EDGE_CURVE('',#10300,#10300,#10308,.T.);
#10308 = CIRCLE('',#10309,2.4);
#10309 = AXIS2_PLACEMENT_3D('',#10310,#10311,#10312);
#10310 = CARTESIAN_POINT('',(-4.5,54.5,29.));
#10311 = DIRECTION('',(0.,0.,1.));
#10312 = DIRECTION('',(1.,0.,-0.));
#10313 = ORIENTED_EDGE('',*,*,#10299,.F.);
#10314 = ORIENTED_EDGE('',*,*,#9838,.F.);
#10315 = CYLINDRICAL_SURFACE('',#10316,2.4);
#10316 = AXIS2_PLACEMENT_3D('',#10317,#10318,#10319);
#10317 = CARTESIAN_POINT('',(-4.5,54.5,27.99));
#10318 = DIRECTION('',(0.,0.,1.));
#10319 = DIRECTION('',(1.,0.,-0.));
#10320 = ADVANCED_FACE('',(#10321),#10340,.F.);
#10321 = FACE_BOUND('',#10322,.F.);
#10322 = EDGE_LOOP('',(#10323,#10324,#10332,#10339));
#10323 = ORIENTED_EDGE('',*,*,#9919,.F.);
#10324 = ORIENTED_EDGE('',*,*,#10325,.F.);
#10325 = EDGE_CURVE('',#10326,#9920,#10328,.T.);
#10326 = VERTEX_POINT('',#10327);
#10327 = CARTESIAN_POINT('',(48.6,12.,29.9));
#10328 = LINE('',#10329,#10330);
#10329 = CARTESIAN_POINT('',(48.6,12.,29.9));
#10330 = VECTOR('',#10331,1.);
#10331 = DIRECTION('',(0.707106781187,-1.731912112471E-16,0.707106781187
    ));
#10332 = ORIENTED_EDGE('',*,*,#10333,.T.);
#10333 = EDGE_CURVE('',#10326,#10326,#10334,.T.);
#10334 = CIRCLE('',#10335,1.6);
#10335 = AXIS2_PLACEMENT_3D('',#10336,#10337,#10338);
#10336 = CARTESIAN_POINT('',(47.,12.,29.9));
#10337 = DIRECTION('',(0.,0.,1.));
#10338 = DIRECTION('',(1.,0.,-0.));
#10339 = ORIENTED_EDGE('',*,*,#10325,.T.);
#10340 = CONICAL_SURFACE('',#10341,1.6,0.785398163397);
#10341 = AXIS2_PLACEMENT_3D('',#10342,#10343,#10344);
#10342 = CARTESIAN_POINT('',(47.,12.,29.9));
#10343 = DIRECTION('',(0.,0.,1.));
#10344 = DIRECTION('',(1.,0.,-0.));
#10345 = ADVANCED_FACE('',(#10346,#10349),#10360,.F.);
#10346 = FACE_BOUND('',#10347,.F.);
#10347 = EDGE_LOOP('',(#10348));
#10348 = ORIENTED_EDGE('',*,*,#9972,.T.);
#10349 = FACE_BOUND('',#10350,.F.);
#10350 = EDGE_LOOP('',(#10351));
#10351 = ORIENTED_EDGE('',*,*,#10352,.F.);
#10352 = EDGE_CURVE('',#10353,#10353,#10355,.T.);
#10353 = VERTEX_POINT('',#10354);
#10354 = CARTESIAN_POINT('',(75.5,-4.5,29.));
#10355 = CIRCLE('',#10356,2.);
#10356 = AXIS2_PLACEMENT_3D('',#10357,#10358,#10359);
#10357 = CARTESIAN_POINT('',(73.5,-4.5,29.));
#10358 = DIRECTION('',(0.,0.,1.));
#10359 = DIRECTION('',(1.,0.,-0.));
#10360 = PLANE('',#10361);
#10361 = AXIS2_PLACEMENT_3D('',#10362,#10363,#10364);
#10362 = CARTESIAN_POINT('',(73.5,-4.5,29.));
#10363 = DIRECTION('',(0.,0.,1.));
#10364 = DIRECTION('',(1.,0.,-0.));
#10365 = ADVANCED_FACE('',(#10366),#10394,.F.);
#10366 = FACE_BOUND('',#10367,.F.);
#10367 = EDGE_LOOP('',(#10368,#10376,#10377,#10378,#10387));
#10368 = ORIENTED_EDGE('',*,*,#10369,.T.);
#10369 = EDGE_CURVE('',#10370,#9993,#10372,.T.);
#10370 = VERTEX_POINT('',#10371);
#10371 = CARTESIAN_POINT('',(45.4,12.,23.4));
#10372 = LINE('',#10373,#10374);
#10373 = CARTESIAN_POINT('',(45.4,12.,23.4));
#10374 = VECTOR('',#10375,1.);
#10375 = DIRECTION('',(-0.707106781187,-1.731912112471E-16,
    -0.707106781187));
#10376 = ORIENTED_EDGE('',*,*,#9992,.F.);
#10377 = ORIENTED_EDGE('',*,*,#10369,.F.);
#10378 = ORIENTED_EDGE('',*,*,#10379,.T.);
#10379 = EDGE_CURVE('',#10370,#10380,#10382,.T.);
#10380 = VERTEX_POINT('',#10381);
#10381 = CARTESIAN_POINT('',(48.6,12.,23.4));
#10382 = CIRCLE('',#10383,1.6);
#10383 = AXIS2_PLACEMENT_3D('',#10384,#10385,#10386);
#10384 = CARTESIAN_POINT('',(47.,12.,23.4));
#10385 = DIRECTION('',(-0.,0.,-1.));
#10386 = DIRECTION('',(-1.,0.,0.));
#10387 = ORIENTED_EDGE('',*,*,#10388,.T.);
#10388 = EDGE_CURVE('',#10380,#10370,#10389,.T.);
#10389 = CIRCLE('',#10390,1.6);
#10390 = AXIS2_PLACEMENT_3D('',#10391,#10392,#10393);
#10391 = CARTESIAN_POINT('',(47.,12.,23.4));
#10392 = DIRECTION('',(-0.,0.,-1.));
#10393 = DIRECTION('',(-1.,0.,0.));
#10394 = CONICAL_SURFACE('',#10395,1.6,0.785398163397);
#10395 = AXIS2_PLACEMENT_3D('',#10396,#10397,#10398);
#10396 = CARTESIAN_POINT('',(47.,12.,23.4));
#10397 = DIRECTION('',(-0.,-0.,-1.));
#10398 = DIRECTION('',(-1.,0.,0.));
#10399 = ADVANCED_FACE('',(#10400,#10403),#10414,.F.);
#10400 = FACE_BOUND('',#10401,.F.);
#10401 = EDGE_LOOP('',(#10402));
#10402 = ORIENTED_EDGE('',*,*,#10018,.T.);
#10403 = FACE_BOUND('',#10404,.F.);
#10404 = EDGE_LOOP('',(#10405));
#10405 = ORIENTED_EDGE('',*,*,#10406,.F.);
#10406 = EDGE_CURVE('',#10407,#10407,#10409,.T.);
#10407 = VERTEX_POINT('',#10408);
#10408 = CARTESIAN_POINT('',(-2.5,-4.5,29.));
#10409 = CIRCLE('',#10410,2.);
#10410 = AXIS2_PLACEMENT_3D('',#10411,#10412,#10413);
#10411 = CARTESIAN_POINT('',(-4.5,-4.5,29.));
#10412 = DIRECTION('',(0.,0.,1.));
#10413 = DIRECTION('',(1.,0.,-0.));
#10414 = PLANE('',#10415);
#10415 = AXIS2_PLACEMENT_3D('',#10416,#10417,#10418);
#10416 = CARTESIAN_POINT('',(-4.5,-4.5,29.));
#10417 = DIRECTION('',(0.,0.,1.));
#10418 = DIRECTION('',(1.,0.,-0.));
#10419 = ADVANCED_FACE('',(#10420,#10423),#10434,.F.);
#10420 = FACE_BOUND('',#10421,.F.);
#10421 = EDGE_LOOP('',(#10422));
#10422 = ORIENTED_EDGE('',*,*,#10044,.T.);
#10423 = FACE_BOUND('',#10424,.F.);
#10424 = EDGE_LOOP('',(#10425));
#10425 = ORIENTED_EDGE('',*,*,#10426,.F.);
#10426 = EDGE_CURVE('',#10427,#10427,#10429,.T.);
#10427 = VERTEX_POINT('',#10428);
#10428 = CARTESIAN_POINT('',(75.5,54.5,29.));
#10429 = CIRCLE('',#10430,2.);
#10430 = AXIS2_PLACEMENT_3D('',#10431,#10432,#10433);
#10431 = CARTESIAN_POINT('',(73.5,54.5,29.));
#10432 = DIRECTION('',(0.,0.,1.));
#10433 = DIRECTION('',(1.,0.,-0.));
#10434 = PLANE('',#10435);
#10435 = AXIS2_PLACEMENT_3D('',#10436,#10437,#10438);
#10436 = CARTESIAN_POINT('',(73.5,54.5,29.));
#10437 = DIRECTION('',(0.,0.,1.));
#10438 = DIRECTION('',(1.,0.,-0.));
#10439 = ADVANCED_FACE('',(#10440,#10443),#10454,.F.);
#10440 = FACE_BOUND('',#10441,.F.);
#10441 = EDGE_LOOP('',(#10442));
#10442 = ORIENTED_EDGE('',*,*,#10307,.T.);
#10443 = FACE_BOUND('',#10444,.F.);
#10444 = EDGE_LOOP('',(#10445));
#10445 = ORIENTED_EDGE('',*,*,#10446,.F.);
#10446 = EDGE_CURVE('',#10447,#10447,#10449,.T.);
#10447 = VERTEX_POINT('',#10448);
#10448 = CARTESIAN_POINT('',(-2.5,54.5,29.));
#10449 = CIRCLE('',#10450,2.);
#10450 = AXIS2_PLACEMENT_3D('',#10451,#10452,#10453);
#10451 = CARTESIAN_POINT('',(-4.5,54.5,29.));
#10452 = DIRECTION('',(0.,0.,1.));
#10453 = DIRECTION('',(1.,0.,-0.));
#10454 = PLANE('',#10455);
#10455 = AXIS2_PLACEMENT_3D('',#10456,#10457,#10458);
#10456 = CARTESIAN_POINT('',(-4.5,54.5,29.));
#10457 = DIRECTION('',(0.,0.,1.));
#10458 = DIRECTION('',(1.,0.,-0.));
#10459 = ADVANCED_FACE('',(#10460),#10472,.F.);
#10460 = FACE_BOUND('',#10461,.F.);
#10461 = EDGE_LOOP('',(#10462,#10468,#10469,#10470,#10471));
#10462 = ORIENTED_EDGE('',*,*,#10463,.T.);
#10463 = EDGE_CURVE('',#10380,#10326,#10464,.T.);
#10464 = LINE('',#10465,#10466);
#10465 = CARTESIAN_POINT('',(48.6,12.,22.));
#10466 = VECTOR('',#10467,1.);
#10467 = DIRECTION('',(0.,0.,1.));
#10468 = ORIENTED_EDGE('',*,*,#10333,.F.);
#10469 = ORIENTED_EDGE('',*,*,#10463,.F.);
#10470 = ORIENTED_EDGE('',*,*,#10379,.F.);
#10471 = ORIENTED_EDGE('',*,*,#10388,.F.);
#10472 = CYLINDRICAL_SURFACE('',#10473,1.6);
#10473 = AXIS2_PLACEMENT_3D('',#10474,#10475,#10476);
#10474 = CARTESIAN_POINT('',(47.,12.,22.));
#10475 = DIRECTION('',(0.,0.,1.));
#10476 = DIRECTION('',(1.,0.,-0.));
#10477 = ADVANCED_FACE('',(#10478),#10497,.F.);
#10478 = FACE_BOUND('',#10479,.F.);
#10479 = EDGE_LOOP('',(#10480,#10481,#10489,#10496));
#10480 = ORIENTED_EDGE('',*,*,#10352,.T.);
#10481 = ORIENTED_EDGE('',*,*,#10482,.T.);
#10482 = EDGE_CURVE('',#10353,#10483,#10485,.T.);
#10483 = VERTEX_POINT('',#10484);
#10484 = CARTESIAN_POINT('',(75.5,-4.5,35.));
#10485 = LINE('',#10486,#10487);
#10486 = CARTESIAN_POINT('',(75.5,-4.5,27.99));
#10487 = VECTOR('',#10488,1.);
#10488 = DIRECTION('',(0.,0.,1.));
#10489 = ORIENTED_EDGE('',*,*,#10490,.F.);
#10490 = EDGE_CURVE('',#10483,#10483,#10491,.T.);
#10491 = CIRCLE('',#10492,2.);
#10492 = AXIS2_PLACEMENT_3D('',#10493,#10494,#10495);
#10493 = CARTESIAN_POINT('',(73.5,-4.5,35.));
#10494 = DIRECTION('',(0.,0.,1.));
#10495 = DIRECTION('',(1.,0.,-0.));
#10496 = ORIENTED_EDGE('',*,*,#10482,.F.);
#10497 = CYLINDRICAL_SURFACE('',#10498,2.);
#10498 = AXIS2_PLACEMENT_3D('',#10499,#10500,#10501);
#10499 = CARTESIAN_POINT('',(73.5,-4.5,27.99));
#10500 = DIRECTION('',(0.,0.,1.));
#10501 = DIRECTION('',(1.,0.,-0.));
#10502 = ADVANCED_FACE('',(#10503),#10522,.F.);
#10503 = FACE_BOUND('',#10504,.F.);
#10504 = EDGE_LOOP('',(#10505,#10506,#10514,#10521));
#10505 = ORIENTED_EDGE('',*,*,#10406,.T.);
#10506 = ORIENTED_EDGE('',*,*,#10507,.T.);
#10507 = EDGE_CURVE('',#10407,#10508,#10510,.T.);
#10508 = VERTEX_POINT('',#10509);
#10509 = CARTESIAN_POINT('',(-2.5,-4.5,35.));
#10510 = LINE('',#10511,#10512);
#10511 = CARTESIAN_POINT('',(-2.5,-4.5,27.99));
#10512 = VECTOR('',#10513,1.);
#10513 = DIRECTION('',(0.,0.,1.));
#10514 = ORIENTED_EDGE('',*,*,#10515,.F.);
#10515 = EDGE_CURVE('',#10508,#10508,#10516,.T.);
#10516 = CIRCLE('',#10517,2.);
#10517 = AXIS2_PLACEMENT_3D('',#10518,#10519,#10520);
#10518 = CARTESIAN_POINT('',(-4.5,-4.5,35.));
#10519 = DIRECTION('',(0.,0.,1.));
#10520 = DIRECTION('',(1.,0.,-0.));
#10521 = ORIENTED_EDGE('',*,*,#10507,.F.);
#10522 = CYLINDRICAL_SURFACE('',#10523,2.);
#10523 = AXIS2_PLACEMENT_3D('',#10524,#10525,#10526);
#10524 = CARTESIAN_POINT('',(-4.5,-4.5,27.99));
#10525 = DIRECTION('',(0.,0.,1.));
#10526 = DIRECTION('',(1.,0.,-0.));
#10527 = ADVANCED_FACE('',(#10528),#10547,.F.);
#10528 = FACE_BOUND('',#10529,.F.);
#10529 = EDGE_LOOP('',(#10530,#10531,#10539,#10546));
#10530 = ORIENTED_EDGE('',*,*,#10426,.T.);
#10531 = ORIENTED_EDGE('',*,*,#10532,.T.);
#10532 = EDGE_CURVE('',#10427,#10533,#10535,.T.);
#10533 = VERTEX_POINT('',#10534);
#10534 = CARTESIAN_POINT('',(75.5,54.5,35.));
#10535 = LINE('',#10536,#10537);
#10536 = CARTESIAN_POINT('',(75.5,54.5,27.99));
#10537 = VECTOR('',#10538,1.);
#10538 = DIRECTION('',(0.,0.,1.));
#10539 = ORIENTED_EDGE('',*,*,#10540,.F.);
#10540 = EDGE_CURVE('',#10533,#10533,#10541,.T.);
#10541 = CIRCLE('',#10542,2.);
#10542 = AXIS2_PLACEMENT_3D('',#10543,#10544,#10545);
#10543 = CARTESIAN_POINT('',(73.5,54.5,35.));
#10544 = DIRECTION('',(0.,0.,1.));
#10545 = DIRECTION('',(1.,0.,-0.));
#10546 = ORIENTED_EDGE('',*,*,#10532,.F.);
#10547 = CYLINDRICAL_SURFACE('',#10548,2.);
#10548 = AXIS2_PLACEMENT_3D('',#10549,#10550,#10551);
#10549 = CARTESIAN_POINT('',(73.5,54.5,27.99));
#10550 = DIRECTION('',(0.,0.,1.));
#10551 = DIRECTION('',(1.,0.,-0.));
#10552 = ADVANCED_FACE('',(#10553),#10572,.F.);
#10553 = FACE_BOUND('',#10554,.F.);
#10554 = EDGE_LOOP('',(#10555,#10556,#10564,#10571));
#10555 = ORIENTED_EDGE('',*,*,#10446,.T.);
#10556 = ORIENTED_EDGE('',*,*,#10557,.T.);
#10557 = EDGE_CURVE('',#10447,#10558,#10560,.T.);
#10558 = VERTEX_POINT('',#10559);
#10559 = CARTESIAN_POINT('',(-2.5,54.5,35.));
#10560 = LINE('',#10561,#10562);
#10561 = CARTESIAN_POINT('',(-2.5,54.5,27.99));
#10562 = VECTOR('',#10563,1.);
#10563 = DIRECTION('',(0.,0.,1.));
#10564 = ORIENTED_EDGE('',*,*,#10565,.F.);
#10565 = EDGE_CURVE('',#10558,#10558,#10566,.T.);
#10566 = CIRCLE('',#10567,2.);
#10567 = AXIS2_PLACEMENT_3D('',#10568,#10569,#10570);
#10568 = CARTESIAN_POINT('',(-4.5,54.5,35.));
#10569 = DIRECTION('',(0.,0.,1.));
#10570 = DIRECTION('',(1.,0.,-0.));
#10571 = ORIENTED_EDGE('',*,*,#10557,.F.);
#10572 = CYLINDRICAL_SURFACE('',#10573,2.);
#10573 = AXIS2_PLACEMENT_3D('',#10574,#10575,#10576);
#10574 = CARTESIAN_POINT('',(-4.5,54.5,27.99));
#10575 = DIRECTION('',(0.,0.,1.));
#10576 = DIRECTION('',(1.,0.,-0.));
#10577 = ADVANCED_FACE('',(#10578),#10581,.F.);
#10578 = FACE_BOUND('',#10579,.F.);
#10579 = EDGE_LOOP('',(#10580));
#10580 = ORIENTED_EDGE('',*,*,#10490,.T.);
#10581 = PLANE('',#10582);
#10582 = AXIS2_PLACEMENT_3D('',#10583,#10584,#10585);
#10583 = CARTESIAN_POINT('',(73.5,-4.5,35.));
#10584 = DIRECTION('',(0.,0.,1.));
#10585 = DIRECTION('',(1.,0.,-0.));
#10586 = ADVANCED_FACE('',(#10587),#10590,.F.);
#10587 = FACE_BOUND('',#10588,.F.);
#10588 = EDGE_LOOP('',(#10589));
#10589 = ORIENTED_EDGE('',*,*,#10515,.T.);
#10590 = PLANE('',#10591);
#10591 = AXIS2_PLACEMENT_3D('',#10592,#10593,#10594);
#10592 = CARTESIAN_POINT('',(-4.5,-4.5,35.));
#10593 = DIRECTION('',(0.,0.,1.));
#10594 = DIRECTION('',(1.,0.,-0.));
#10595 = ADVANCED_FACE('',(#10596),#10599,.F.);
#10596 = FACE_BOUND('',#10597,.F.);
#10597 = EDGE_LOOP('',(#10598));
#10598 = ORIENTED_EDGE('',*,*,#10540,.T.);
#10599 = PLANE('',#10600);
#10600 = AXIS2_PLACEMENT_3D('',#10601,#10602,#10603);
#10601 = CARTESIAN_POINT('',(73.5,54.5,35.));
#10602 = DIRECTION('',(0.,0.,1.));
#10603 = DIRECTION('',(1.,0.,-0.));
#10604 = ADVANCED_FACE('',(#10605),#10608,.F.);
#10605 = FACE_BOUND('',#10606,.F.);
#10606 = EDGE_LOOP('',(#10607));
#10607 = ORIENTED_EDGE('',*,*,#10565,.T.);
#10608 = PLANE('',#10609);
#10609 = AXIS2_PLACEMENT_3D('',#10610,#10611,#10612);
#10610 = CARTESIAN_POINT('',(-4.5,54.5,35.));
#10611 = DIRECTION('',(0.,0.,1.));
#10612 = DIRECTION('',(1.,0.,-0.));
#10613 = MANIFOLD_SOLID_BREP('',#10614);
#10614 = CLOSED_SHELL('',(#10615,#10655,#10686,#10826,#10851,#10875,
    #10899,#10946,#10970,#10994,#11019,#11059,#11083,#11108,#11132,
    #11157,#11197,#11214,#11238,#11271,#11288,#11305,#11430,#11461,
    #11485,#11509,#11526,#11538,#11563,#11572,#11597,#11606,#11631,
    #11640,#11665,#11674,#11699,#11708,#11720));
#10615 = ADVANCED_FACE('',(#10616),#10650,.F.);
#10616 = FACE_BOUND('',#10617,.F.);
#10617 = EDGE_LOOP('',(#10618,#10628,#10636,#10644));
#10618 = ORIENTED_EDGE('',*,*,#10619,.F.);
#10619 = EDGE_CURVE('',#10620,#10622,#10624,.T.);
#10620 = VERTEX_POINT('',#10621);
#10621 = CARTESIAN_POINT('',(0.4,11.8,13.2));
#10622 = VERTEX_POINT('',#10623);
#10623 = CARTESIAN_POINT('',(0.4,38.,13.2));
#10624 = LINE('',#10625,#10626);
#10625 = CARTESIAN_POINT('',(0.4,9.8,13.2));
#10626 = VECTOR('',#10627,1.);
#10627 = DIRECTION('',(-0.,1.,0.));
#10628 = ORIENTED_EDGE('',*,*,#10629,.F.);
#10629 = EDGE_CURVE('',#10630,#10620,#10632,.T.);
#10630 = VERTEX_POINT('',#10631);
#10631 = CARTESIAN_POINT('',(0.4,11.8,12.));
#10632 = LINE('',#10633,#10634);
#10633 = CARTESIAN_POINT('',(0.4,11.8,12.));
#10634 = VECTOR('',#10635,1.);
#10635 = DIRECTION('',(0.,0.,1.));
#10636 = ORIENTED_EDGE('',*,*,#10637,.T.);
#10637 = EDGE_CURVE('',#10630,#10638,#10640,.T.);
#10638 = VERTEX_POINT('',#10639);
#10639 = CARTESIAN_POINT('',(0.4,38.,12.));
#10640 = LINE('',#10641,#10642);
#10641 = CARTESIAN_POINT('',(0.4,9.8,12.));
#10642 = VECTOR('',#10643,1.);
#10643 = DIRECTION('',(-0.,1.,0.));
#10644 = ORIENTED_EDGE('',*,*,#10645,.T.);
#10645 = EDGE_CURVE('',#10638,#10622,#10646,.T.);
#10646 = LINE('',#10647,#10648);
#10647 = CARTESIAN_POINT('',(0.4,38.,11.));
#10648 = VECTOR('',#10649,1.);
#10649 = DIRECTION('',(0.,0.,1.));
#10650 = PLANE('',#10651);
#10651 = AXIS2_PLACEMENT_3D('',#10652,#10653,#10654);
#10652 = CARTESIAN_POINT('',(0.4,9.8,12.));
#10653 = DIRECTION('',(1.,0.,-0.));
#10654 = DIRECTION('',(0.,0.,1.));
#10655 = ADVANCED_FACE('',(#10656),#10681,.T.);
#10656 = FACE_BOUND('',#10657,.T.);
#10657 = EDGE_LOOP('',(#10658,#10668,#10674,#10675));
#10658 = ORIENTED_EDGE('',*,*,#10659,.F.);
#10659 = EDGE_CURVE('',#10660,#10662,#10664,.T.);
#10660 = VERTEX_POINT('',#10661);
#10661 = CARTESIAN_POINT('',(2.,38.,12.));
#10662 = VERTEX_POINT('',#10663);
#10663 = CARTESIAN_POINT('',(2.,38.,13.2));
#10664 = LINE('',#10665,#10666);
#10665 = CARTESIAN_POINT('',(2.,38.,10.));
#10666 = VECTOR('',#10667,1.);
#10667 = DIRECTION('',(0.,0.,1.));
#10668 = ORIENTED_EDGE('',*,*,#10669,.T.);
#10669 = EDGE_CURVE('',#10660,#10638,#10670,.T.);
#10670 = LINE('',#10671,#10672);
#10671 = CARTESIAN_POINT('',(0.2,38.,12.));
#10672 = VECTOR('',#10673,1.);
#10673 = DIRECTION('',(-1.,-0.,0.));
#10674 = ORIENTED_EDGE('',*,*,#10645,.T.);
#10675 = ORIENTED_EDGE('',*,*,#10676,.F.);
#10676 = EDGE_CURVE('',#10662,#10622,#10677,.T.);
#10677 = LINE('',#10678,#10679);
#10678 = CARTESIAN_POINT('',(0.2,38.,13.2));
#10679 = VECTOR('',#10680,1.);
#10680 = DIRECTION('',(-1.,-0.,0.));
#10681 = PLANE('',#10682);
#10682 = AXIS2_PLACEMENT_3D('',#10683,#10684,#10685);
#10683 = CARTESIAN_POINT('',(0.,38.,10.));
#10684 = DIRECTION('',(-0.,1.,0.));
#10685 = DIRECTION('',(0.,0.,1.));
#10686 = ADVANCED_FACE('',(#10687),#10821,.F.);
#10687 = FACE_BOUND('',#10688,.F.);
#10688 = EDGE_LOOP('',(#10689,#10690,#10699,#10707,#10715,#10723,#10731,
    #10739,#10747,#10755,#10764,#10772,#10781,#10789,#10798,#10806,
    #10814,#10820));
#10689 = ORIENTED_EDGE('',*,*,#10637,.F.);
#10690 = ORIENTED_EDGE('',*,*,#10691,.T.);
#10691 = EDGE_CURVE('',#10630,#10692,#10694,.T.);
#10692 = VERTEX_POINT('',#10693);
#10693 = CARTESIAN_POINT('',(1.4,10.067949192431,12.));
#10694 = CIRCLE('',#10695,2.);
#10695 = AXIS2_PLACEMENT_3D('',#10696,#10697,#10698);
#10696 = CARTESIAN_POINT('',(2.4,11.8,12.));
#10697 = DIRECTION('',(0.,0.,1.));
#10698 = DIRECTION('',(0.,-1.,0.));
#10699 = ORIENTED_EDGE('',*,*,#10700,.T.);
#10700 = EDGE_CURVE('',#10692,#10701,#10703,.T.);
#10701 = VERTEX_POINT('',#10702);
#10702 = CARTESIAN_POINT('',(1.4,11.1,12.));
#10703 = LINE('',#10704,#10705);
#10704 = CARTESIAN_POINT('',(1.4,9.8,12.));
#10705 = VECTOR('',#10706,1.);
#10706 = DIRECTION('',(-0.,1.,0.));
#10707 = ORIENTED_EDGE('',*,*,#10708,.F.);
#10708 = EDGE_CURVE('',#10709,#10701,#10711,.T.);
#10709 = VERTEX_POINT('',#10710);
#10710 = CARTESIAN_POINT('',(2.5,11.1,12.));
#10711 = LINE('',#10712,#10713);
#10712 = CARTESIAN_POINT('',(0.9,11.1,12.));
#10713 = VECTOR('',#10714,1.);
#10714 = DIRECTION('',(-1.,-0.,0.));
#10715 = ORIENTED_EDGE('',*,*,#10716,.T.);
#10716 = EDGE_CURVE('',#10709,#10717,#10719,.T.);
#10717 = VERTEX_POINT('',#10718);
#10718 = CARTESIAN_POINT('',(2.5,14.5,12.));
#10719 = LINE('',#10720,#10721);
#10720 = CARTESIAN_POINT('',(2.5,9.15,12.));
#10721 = VECTOR('',#10722,1.);
#10722 = DIRECTION('',(-0.,1.,0.));
#10723 = ORIENTED_EDGE('',*,*,#10724,.F.);
#10724 = EDGE_CURVE('',#10725,#10717,#10727,.T.);
#10725 = VERTEX_POINT('',#10726);
#10726 = CARTESIAN_POINT('',(9.5,14.5,12.));
#10727 = LINE('',#10728,#10729);
#10728 = CARTESIAN_POINT('',(1.45,14.5,12.));
#10729 = VECTOR('',#10730,1.);
#10730 = DIRECTION('',(-1.,-0.,0.));
#10731 = ORIENTED_EDGE('',*,*,#10732,.F.);
#10732 = EDGE_CURVE('',#10733,#10725,#10735,.T.);
#10733 = VERTEX_POINT('',#10734);
#10734 = CARTESIAN_POINT('',(9.5,11.1,12.));
#10735 = LINE('',#10736,#10737);
#10736 = CARTESIAN_POINT('',(9.5,9.15,12.));
#10737 = VECTOR('',#10738,1.);
#10738 = DIRECTION('',(-0.,1.,0.));
#10739 = ORIENTED_EDGE('',*,*,#10740,.F.);
#10740 = EDGE_CURVE('',#10741,#10733,#10743,.T.);
#10741 = VERTEX_POINT('',#10742);
#10742 = CARTESIAN_POINT('',(57.8,11.1,12.));
#10743 = LINE('',#10744,#10745);
#10744 = CARTESIAN_POINT('',(0.9,11.1,12.));
#10745 = VECTOR('',#10746,1.);
#10746 = DIRECTION('',(-1.,-0.,0.));
#10747 = ORIENTED_EDGE('',*,*,#10748,.F.);
#10748 = EDGE_CURVE('',#10749,#10741,#10751,.T.);
#10749 = VERTEX_POINT('',#10750);
#10750 = CARTESIAN_POINT('',(57.8,10.067949192431,12.));
#10751 = LINE('',#10752,#10753);
#10752 = CARTESIAN_POINT('',(57.8,9.8,12.));
#10753 = VECTOR('',#10754,1.);
#10754 = DIRECTION('',(-0.,1.,0.));
#10755 = ORIENTED_EDGE('',*,*,#10756,.F.);
#10756 = EDGE_CURVE('',#10757,#10749,#10759,.T.);
#10757 = VERTEX_POINT('',#10758);
#10758 = CARTESIAN_POINT('',(58.8,11.8,12.));
#10759 = CIRCLE('',#10760,2.);
#10760 = AXIS2_PLACEMENT_3D('',#10761,#10762,#10763);
#10761 = CARTESIAN_POINT('',(56.8,11.8,12.));
#10762 = DIRECTION('',(-0.,-0.,-1.));
#10763 = DIRECTION('',(0.,-1.,0.));
#10764 = ORIENTED_EDGE('',*,*,#10765,.T.);
#10765 = EDGE_CURVE('',#10757,#10766,#10768,.T.);
#10766 = VERTEX_POINT('',#10767);
#10767 = CARTESIAN_POINT('',(58.8,45.7,12.));
#10768 = LINE('',#10769,#10770);
#10769 = CARTESIAN_POINT('',(58.8,9.8,12.));
#10770 = VECTOR('',#10771,1.);
#10771 = DIRECTION('',(-0.,1.,0.));
#10772 = ORIENTED_EDGE('',*,*,#10773,.T.);
#10773 = EDGE_CURVE('',#10766,#10774,#10776,.T.);
#10774 = VERTEX_POINT('',#10775);
#10775 = CARTESIAN_POINT('',(56.8,47.7,12.));
#10776 = CIRCLE('',#10777,2.);
#10777 = AXIS2_PLACEMENT_3D('',#10778,#10779,#10780);
#10778 = CARTESIAN_POINT('',(56.8,45.7,12.));
#10779 = DIRECTION('',(0.,0.,1.));
#10780 = DIRECTION('',(0.,-1.,0.));
#10781 = ORIENTED_EDGE('',*,*,#10782,.F.);
#10782 = EDGE_CURVE('',#10783,#10774,#10785,.T.);
#10783 = VERTEX_POINT('',#10784);
#10784 = CARTESIAN_POINT('',(2.4,47.7,12.));
#10785 = LINE('',#10786,#10787);
#10786 = CARTESIAN_POINT('',(0.4,47.7,12.));
#10787 = VECTOR('',#10788,1.);
#10788 = DIRECTION('',(1.,0.,-0.));
#10789 = ORIENTED_EDGE('',*,*,#10790,.F.);
#10790 = EDGE_CURVE('',#10791,#10783,#10793,.T.);
#10791 = VERTEX_POINT('',#10792);
#10792 = CARTESIAN_POINT('',(0.4,45.7,12.));
#10793 = CIRCLE('',#10794,2.);
#10794 = AXIS2_PLACEMENT_3D('',#10795,#10796,#10797);
#10795 = CARTESIAN_POINT('',(2.4,45.7,12.));
#10796 = DIRECTION('',(-0.,-0.,-1.));
#10797 = DIRECTION('',(0.,-1.,0.));
#10798 = ORIENTED_EDGE('',*,*,#10799,.F.);
#10799 = EDGE_CURVE('',#10800,#10791,#10802,.T.);
#10800 = VERTEX_POINT('',#10801);
#10801 = CARTESIAN_POINT('',(0.4,42.,12.));
#10802 = LINE('',#10803,#10804);
#10803 = CARTESIAN_POINT('',(0.4,9.8,12.));
#10804 = VECTOR('',#10805,1.);
#10805 = DIRECTION('',(-0.,1.,0.));
#10806 = ORIENTED_EDGE('',*,*,#10807,.F.);
#10807 = EDGE_CURVE('',#10808,#10800,#10810,.T.);
#10808 = VERTEX_POINT('',#10809);
#10809 = CARTESIAN_POINT('',(2.,42.,12.));
#10810 = LINE('',#10811,#10812);
#10811 = CARTESIAN_POINT('',(0.2,42.,12.));
#10812 = VECTOR('',#10813,1.);
#10813 = DIRECTION('',(-1.,-0.,0.));
#10814 = ORIENTED_EDGE('',*,*,#10815,.F.);
#10815 = EDGE_CURVE('',#10660,#10808,#10816,.T.);
#10816 = LINE('',#10817,#10818);
#10817 = CARTESIAN_POINT('',(2.,23.9,12.));
#10818 = VECTOR('',#10819,1.);
#10819 = DIRECTION('',(-0.,1.,0.));
#10820 = ORIENTED_EDGE('',*,*,#10669,.T.);
#10821 = PLANE('',#10822);
#10822 = AXIS2_PLACEMENT_3D('',#10823,#10824,#10825);
#10823 = CARTESIAN_POINT('',(0.4,9.8,12.));
#10824 = DIRECTION('',(0.,0.,1.));
#10825 = DIRECTION('',(1.,0.,-0.));
#10826 = ADVANCED_FACE('',(#10827),#10846,.T.);
#10827 = FACE_BOUND('',#10828,.T.);
#10828 = EDGE_LOOP('',(#10829,#10830,#10831,#10839));
#10829 = ORIENTED_EDGE('',*,*,#10629,.F.);
#10830 = ORIENTED_EDGE('',*,*,#10691,.T.);
#10831 = ORIENTED_EDGE('',*,*,#10832,.T.);
#10832 = EDGE_CURVE('',#10692,#10833,#10835,.T.);
#10833 = VERTEX_POINT('',#10834);
#10834 = CARTESIAN_POINT('',(1.4,10.067949192431,13.2));
#10835 = LINE('',#10836,#10837);
#10836 = CARTESIAN_POINT('',(1.4,10.067949192431,12.));
#10837 = VECTOR('',#10838,1.);
#10838 = DIRECTION('',(0.,0.,1.));
#10839 = ORIENTED_EDGE('',*,*,#10840,.F.);
#10840 = EDGE_CURVE('',#10620,#10833,#10841,.T.);
#10841 = CIRCLE('',#10842,2.);
#10842 = AXIS2_PLACEMENT_3D('',#10843,#10844,#10845);
#10843 = CARTESIAN_POINT('',(2.4,11.8,13.2));
#10844 = DIRECTION('',(0.,0.,1.));
#10845 = DIRECTION('',(0.,-1.,0.));
#10846 = CYLINDRICAL_SURFACE('',#10847,2.);
#10847 = AXIS2_PLACEMENT_3D('',#10848,#10849,#10850);
#10848 = CARTESIAN_POINT('',(2.4,11.8,12.));
#10849 = DIRECTION('',(0.,0.,1.));
#10850 = DIRECTION('',(-1.,-0.,0.));
#10851 = ADVANCED_FACE('',(#10852),#10870,.F.);
#10852 = FACE_BOUND('',#10853,.F.);
#10853 = EDGE_LOOP('',(#10854,#10855,#10856,#10864));
#10854 = ORIENTED_EDGE('',*,*,#10659,.F.);
#10855 = ORIENTED_EDGE('',*,*,#10815,.T.);
#10856 = ORIENTED_EDGE('',*,*,#10857,.T.);
#10857 = EDGE_CURVE('',#10808,#10858,#10860,.T.);
#10858 = VERTEX_POINT('',#10859);
#10859 = CARTESIAN_POINT('',(2.,42.,13.2));
#10860 = LINE('',#10861,#10862);
#10861 = CARTESIAN_POINT('',(2.,42.,10.));
#10862 = VECTOR('',#10863,1.);
#10863 = DIRECTION('',(0.,0.,1.));
#10864 = ORIENTED_EDGE('',*,*,#10865,.F.);
#10865 = EDGE_CURVE('',#10662,#10858,#10866,.T.);
#10866 = LINE('',#10867,#10868);
#10867 = CARTESIAN_POINT('',(2.,23.9,13.2));
#10868 = VECTOR('',#10869,1.);
#10869 = DIRECTION('',(-0.,1.,0.));
#10870 = PLANE('',#10871);
#10871 = AXIS2_PLACEMENT_3D('',#10872,#10873,#10874);
#10872 = CARTESIAN_POINT('',(2.,38.,10.));
#10873 = DIRECTION('',(1.,0.,-0.));
#10874 = DIRECTION('',(0.,0.,1.));
#10875 = ADVANCED_FACE('',(#10876),#10894,.F.);
#10876 = FACE_BOUND('',#10877,.F.);
#10877 = EDGE_LOOP('',(#10878,#10879,#10880,#10888));
#10878 = ORIENTED_EDGE('',*,*,#10857,.F.);
#10879 = ORIENTED_EDGE('',*,*,#10807,.T.);
#10880 = ORIENTED_EDGE('',*,*,#10881,.T.);
#10881 = EDGE_CURVE('',#10800,#10882,#10884,.T.);
#10882 = VERTEX_POINT('',#10883);
#10883 = CARTESIAN_POINT('',(0.4,42.,13.2));
#10884 = LINE('',#10885,#10886);
#10885 = CARTESIAN_POINT('',(0.4,42.,11.));
#10886 = VECTOR('',#10887,1.);
#10887 = DIRECTION('',(0.,0.,1.));
#10888 = ORIENTED_EDGE('',*,*,#10889,.F.);
#10889 = EDGE_CURVE('',#10858,#10882,#10890,.T.);
#10890 = LINE('',#10891,#10892);
#10891 = CARTESIAN_POINT('',(0.2,42.,13.2));
#10892 = VECTOR('',#10893,1.);
#10893 = DIRECTION('',(-1.,-0.,0.));
#10894 = PLANE('',#10895);
#10895 = AXIS2_PLACEMENT_3D('',#10896,#10897,#10898);
#10896 = CARTESIAN_POINT('',(0.,42.,10.));
#10897 = DIRECTION('',(-0.,1.,0.));
#10898 = DIRECTION('',(0.,0.,1.));
#10899 = ADVANCED_FACE('',(#10900),#10941,.T.);
#10900 = FACE_BOUND('',#10901,.T.);
#10901 = EDGE_LOOP('',(#10902,#10910,#10918,#10926,#10934,#10940));
#10902 = ORIENTED_EDGE('',*,*,#10903,.T.);
#10903 = EDGE_CURVE('',#10717,#10904,#10906,.T.);
#10904 = VERTEX_POINT('',#10905);
#10905 = CARTESIAN_POINT('',(2.5,14.5,13.2));
#10906 = LINE('',#10907,#10908);
#10907 = CARTESIAN_POINT('',(2.5,14.5,9.));
#10908 = VECTOR('',#10909,1.);
#10909 = DIRECTION('',(0.,0.,1.));
#10910 = ORIENTED_EDGE('',*,*,#10911,.F.);
#10911 = EDGE_CURVE('',#10912,#10904,#10914,.T.);
#10912 = VERTEX_POINT('',#10913);
#10913 = CARTESIAN_POINT('',(2.5,9.8,13.2));
#10914 = LINE('',#10915,#10916);
#10915 = CARTESIAN_POINT('',(2.5,9.15,13.2));
#10916 = VECTOR('',#10917,1.);
#10917 = DIRECTION('',(-0.,1.,0.));
#10918 = ORIENTED_EDGE('',*,*,#10919,.T.);
#10919 = EDGE_CURVE('',#10912,#10920,#10922,.T.);
#10920 = VERTEX_POINT('',#10921);
#10921 = CARTESIAN_POINT('',(2.5,9.8,10.5));
#10922 = LINE('',#10923,#10924);
#10923 = CARTESIAN_POINT('',(2.5,9.8,10.5));
#10924 = VECTOR('',#10925,1.);
#10925 = DIRECTION('',(-0.,0.,-1.));
#10926 = ORIENTED_EDGE('',*,*,#10927,.T.);
#10927 = EDGE_CURVE('',#10920,#10928,#10930,.T.);
#10928 = VERTEX_POINT('',#10929);
#10929 = CARTESIAN_POINT('',(2.5,11.1,10.5));
#10930 = LINE('',#10931,#10932);
#10931 = CARTESIAN_POINT('',(2.5,9.15,10.5));
#10932 = VECTOR('',#10933,1.);
#10933 = DIRECTION('',(-0.,1.,0.));
#10934 = ORIENTED_EDGE('',*,*,#10935,.F.);
#10935 = EDGE_CURVE('',#10709,#10928,#10936,.T.);
#10936 = LINE('',#10937,#10938);
#10937 = CARTESIAN_POINT('',(2.5,11.1,9.75));
#10938 = VECTOR('',#10939,1.);
#10939 = DIRECTION('',(-0.,0.,-1.));
#10940 = ORIENTED_EDGE('',*,*,#10716,.T.);
#10941 = PLANE('',#10942);
#10942 = AXIS2_PLACEMENT_3D('',#10943,#10944,#10945);
#10943 = CARTESIAN_POINT('',(2.5,8.5,9.));
#10944 = DIRECTION('',(1.,0.,-0.));
#10945 = DIRECTION('',(0.,0.,1.));
#10946 = ADVANCED_FACE('',(#10947),#10965,.F.);
#10947 = FACE_BOUND('',#10948,.F.);
#10948 = EDGE_LOOP('',(#10949,#10957,#10958,#10959));
#10949 = ORIENTED_EDGE('',*,*,#10950,.F.);
#10950 = EDGE_CURVE('',#10882,#10951,#10953,.T.);
#10951 = VERTEX_POINT('',#10952);
#10952 = CARTESIAN_POINT('',(0.4,45.7,13.2));
#10953 = LINE('',#10954,#10955);
#10954 = CARTESIAN_POINT('',(0.4,9.8,13.2));
#10955 = VECTOR('',#10956,1.);
#10956 = DIRECTION('',(-0.,1.,0.));
#10957 = ORIENTED_EDGE('',*,*,#10881,.F.);
#10958 = ORIENTED_EDGE('',*,*,#10799,.T.);
#10959 = ORIENTED_EDGE('',*,*,#10960,.T.);
#10960 = EDGE_CURVE('',#10791,#10951,#10961,.T.);
#10961 = LINE('',#10962,#10963);
#10962 = CARTESIAN_POINT('',(0.4,45.7,12.));
#10963 = VECTOR('',#10964,1.);
#10964 = DIRECTION('',(0.,0.,1.));
#10965 = PLANE('',#10966);
#10966 = AXIS2_PLACEMENT_3D('',#10967,#10968,#10969);
#10967 = CARTESIAN_POINT('',(0.4,9.8,12.));
#10968 = DIRECTION('',(1.,0.,-0.));
#10969 = DIRECTION('',(0.,0.,1.));
#10970 = ADVANCED_FACE('',(#10971),#10989,.F.);
#10971 = FACE_BOUND('',#10972,.F.);
#10972 = EDGE_LOOP('',(#10973,#10981,#10982,#10983));
#10973 = ORIENTED_EDGE('',*,*,#10974,.F.);
#10974 = EDGE_CURVE('',#10725,#10975,#10977,.T.);
#10975 = VERTEX_POINT('',#10976);
#10976 = CARTESIAN_POINT('',(9.5,14.5,13.2));
#10977 = LINE('',#10978,#10979);
#10978 = CARTESIAN_POINT('',(9.5,14.5,9.));
#10979 = VECTOR('',#10980,1.);
#10980 = DIRECTION('',(0.,0.,1.));
#10981 = ORIENTED_EDGE('',*,*,#10724,.T.);
#10982 = ORIENTED_EDGE('',*,*,#10903,.T.);
#10983 = ORIENTED_EDGE('',*,*,#10984,.F.);
#10984 = EDGE_CURVE('',#10975,#10904,#10985,.T.);
#10985 = LINE('',#10986,#10987);
#10986 = CARTESIAN_POINT('',(1.45,14.5,13.2));
#10987 = VECTOR('',#10988,1.);
#10988 = DIRECTION('',(-1.,-0.,0.));
#10989 = PLANE('',#10990);
#10990 = AXIS2_PLACEMENT_3D('',#10991,#10992,#10993);
#10991 = CARTESIAN_POINT('',(2.5,14.5,9.));
#10992 = DIRECTION('',(-0.,1.,0.));
#10993 = DIRECTION('',(0.,0.,1.));
#10994 = ADVANCED_FACE('',(#10995),#11014,.T.);
#10995 = FACE_BOUND('',#10996,.F.);
#10996 = EDGE_LOOP('',(#10997,#10998,#11006,#11013));
#10997 = ORIENTED_EDGE('',*,*,#10790,.T.);
#10998 = ORIENTED_EDGE('',*,*,#10999,.T.);
#10999 = EDGE_CURVE('',#10783,#11000,#11002,.T.);
#11000 = VERTEX_POINT('',#11001);
#11001 = CARTESIAN_POINT('',(2.4,47.7,13.2));
#11002 = LINE('',#11003,#11004);
#11003 = CARTESIAN_POINT('',(2.4,47.7,12.));
#11004 = VECTOR('',#11005,1.);
#11005 = DIRECTION('',(0.,0.,1.));
#11006 = ORIENTED_EDGE('',*,*,#11007,.F.);
#11007 = EDGE_CURVE('',#10951,#11000,#11008,.T.);
#11008 = CIRCLE('',#11009,2.);
#11009 = AXIS2_PLACEMENT_3D('',#11010,#11011,#11012);
#11010 = CARTESIAN_POINT('',(2.4,45.7,13.2));
#11011 = DIRECTION('',(-0.,-0.,-1.));
#11012 = DIRECTION('',(0.,-1.,0.));
#11013 = ORIENTED_EDGE('',*,*,#10960,.F.);
#11014 = CYLINDRICAL_SURFACE('',#11015,2.);
#11015 = AXIS2_PLACEMENT_3D('',#11016,#11017,#11018);
#11016 = CARTESIAN_POINT('',(2.4,45.7,12.));
#11017 = DIRECTION('',(0.,0.,1.));
#11018 = DIRECTION('',(-1.,-0.,0.));
#11019 = ADVANCED_FACE('',(#11020),#11054,.F.);
#11020 = FACE_BOUND('',#11021,.F.);
#11021 = EDGE_LOOP('',(#11022,#11023,#11031,#11039,#11047,#11053));
#11022 = ORIENTED_EDGE('',*,*,#10974,.T.);
#11023 = ORIENTED_EDGE('',*,*,#11024,.F.);
#11024 = EDGE_CURVE('',#11025,#10975,#11027,.T.);
#11025 = VERTEX_POINT('',#11026);
#11026 = CARTESIAN_POINT('',(9.5,9.8,13.2));
#11027 = LINE('',#11028,#11029);
#11028 = CARTESIAN_POINT('',(9.5,9.15,13.2));
#11029 = VECTOR('',#11030,1.);
#11030 = DIRECTION('',(-0.,1.,0.));
#11031 = ORIENTED_EDGE('',*,*,#11032,.T.);
#11032 = EDGE_CURVE('',#11025,#11033,#11035,.T.);
#11033 = VERTEX_POINT('',#11034);
#11034 = CARTESIAN_POINT('',(9.5,9.8,10.5));
#11035 = LINE('',#11036,#11037);
#11036 = CARTESIAN_POINT('',(9.5,9.8,9.75));
#11037 = VECTOR('',#11038,1.);
#11038 = DIRECTION('',(-0.,0.,-1.));
#11039 = ORIENTED_EDGE('',*,*,#11040,.T.);
#11040 = EDGE_CURVE('',#11033,#11041,#11043,.T.);
#11041 = VERTEX_POINT('',#11042);
#11042 = CARTESIAN_POINT('',(9.5,11.1,10.5));
#11043 = LINE('',#11044,#11045);
#11044 = CARTESIAN_POINT('',(9.5,9.15,10.5));
#11045 = VECTOR('',#11046,1.);
#11046 = DIRECTION('',(-0.,1.,0.));
#11047 = ORIENTED_EDGE('',*,*,#11048,.F.);
#11048 = EDGE_CURVE('',#10733,#11041,#11049,.T.);
#11049 = LINE('',#11050,#11051);
#11050 = CARTESIAN_POINT('',(9.5,11.1,9.75));
#11051 = VECTOR('',#11052,1.);
#11052 = DIRECTION('',(-0.,0.,-1.));
#11053 = ORIENTED_EDGE('',*,*,#10732,.T.);
#11054 = PLANE('',#11055);
#11055 = AXIS2_PLACEMENT_3D('',#11056,#11057,#11058);
#11056 = CARTESIAN_POINT('',(9.5,8.5,9.));
#11057 = DIRECTION('',(1.,0.,-0.));
#11058 = DIRECTION('',(0.,0.,1.));
#11059 = ADVANCED_FACE('',(#11060),#11078,.T.);
#11060 = FACE_BOUND('',#11061,.T.);
#11061 = EDGE_LOOP('',(#11062,#11063,#11064,#11072));
#11062 = ORIENTED_EDGE('',*,*,#10782,.F.);
#11063 = ORIENTED_EDGE('',*,*,#10999,.T.);
#11064 = ORIENTED_EDGE('',*,*,#11065,.T.);
#11065 = EDGE_CURVE('',#11000,#11066,#11068,.T.);
#11066 = VERTEX_POINT('',#11067);
#11067 = CARTESIAN_POINT('',(56.8,47.7,13.2));
#11068 = LINE('',#11069,#11070);
#11069 = CARTESIAN_POINT('',(0.4,47.7,13.2));
#11070 = VECTOR('',#11071,1.);
#11071 = DIRECTION('',(1.,0.,-0.));
#11072 = ORIENTED_EDGE('',*,*,#11073,.F.);
#11073 = EDGE_CURVE('',#10774,#11066,#11074,.T.);
#11074 = LINE('',#11075,#11076);
#11075 = CARTESIAN_POINT('',(56.8,47.7,12.));
#11076 = VECTOR('',#11077,1.);
#11077 = DIRECTION('',(0.,0.,1.));
#11078 = PLANE('',#11079);
#11079 = AXIS2_PLACEMENT_3D('',#11080,#11081,#11082);
#11080 = CARTESIAN_POINT('',(0.4,47.7,12.));
#11081 = DIRECTION('',(-0.,1.,0.));
#11082 = DIRECTION('',(0.,0.,1.));
#11083 = ADVANCED_FACE('',(#11084),#11103,.T.);
#11084 = FACE_BOUND('',#11085,.T.);
#11085 = EDGE_LOOP('',(#11086,#11087,#11088,#11097));
#11086 = ORIENTED_EDGE('',*,*,#10773,.T.);
#11087 = ORIENTED_EDGE('',*,*,#11073,.T.);
#11088 = ORIENTED_EDGE('',*,*,#11089,.F.);
#11089 = EDGE_CURVE('',#11090,#11066,#11092,.T.);
#11090 = VERTEX_POINT('',#11091);
#11091 = CARTESIAN_POINT('',(58.8,45.7,13.2));
#11092 = CIRCLE('',#11093,2.);
#11093 = AXIS2_PLACEMENT_3D('',#11094,#11095,#11096);
#11094 = CARTESIAN_POINT('',(56.8,45.7,13.2));
#11095 = DIRECTION('',(0.,0.,1.));
#11096 = DIRECTION('',(0.,-1.,0.));
#11097 = ORIENTED_EDGE('',*,*,#11098,.F.);
#11098 = EDGE_CURVE('',#10766,#11090,#11099,.T.);
#11099 = LINE('',#11100,#11101);
#11100 = CARTESIAN_POINT('',(58.8,45.7,12.));
#11101 = VECTOR('',#11102,1.);
#11102 = DIRECTION('',(0.,0.,1.));
#11103 = CYLINDRICAL_SURFACE('',#11104,2.);
#11104 = AXIS2_PLACEMENT_3D('',#11105,#11106,#11107);
#11105 = CARTESIAN_POINT('',(56.8,45.7,12.));
#11106 = DIRECTION('',(0.,0.,1.));
#11107 = DIRECTION('',(1.,0.,-0.));
#11108 = ADVANCED_FACE('',(#11109),#11127,.T.);
#11109 = FACE_BOUND('',#11110,.T.);
#11110 = EDGE_LOOP('',(#11111,#11119,#11125,#11126));
#11111 = ORIENTED_EDGE('',*,*,#11112,.F.);
#11112 = EDGE_CURVE('',#11113,#11090,#11115,.T.);
#11113 = VERTEX_POINT('',#11114);
#11114 = CARTESIAN_POINT('',(58.8,11.8,13.2));
#11115 = LINE('',#11116,#11117);
#11116 = CARTESIAN_POINT('',(58.8,9.8,13.2));
#11117 = VECTOR('',#11118,1.);
#11118 = DIRECTION('',(-0.,1.,0.));
#11119 = ORIENTED_EDGE('',*,*,#11120,.F.);
#11120 = EDGE_CURVE('',#10757,#11113,#11121,.T.);
#11121 = LINE('',#11122,#11123);
#11122 = CARTESIAN_POINT('',(58.8,11.8,12.));
#11123 = VECTOR('',#11124,1.);
#11124 = DIRECTION('',(0.,0.,1.));
#11125 = ORIENTED_EDGE('',*,*,#10765,.T.);
#11126 = ORIENTED_EDGE('',*,*,#11098,.T.);
#11127 = PLANE('',#11128);
#11128 = AXIS2_PLACEMENT_3D('',#11129,#11130,#11131);
#11129 = CARTESIAN_POINT('',(58.8,9.8,12.));
#11130 = DIRECTION('',(1.,0.,-0.));
#11131 = DIRECTION('',(0.,0.,1.));
#11132 = ADVANCED_FACE('',(#11133),#11152,.T.);
#11133 = FACE_BOUND('',#11134,.F.);
#11134 = EDGE_LOOP('',(#11135,#11136,#11137,#11145));
#11135 = ORIENTED_EDGE('',*,*,#11120,.F.);
#11136 = ORIENTED_EDGE('',*,*,#10756,.T.);
#11137 = ORIENTED_EDGE('',*,*,#11138,.T.);
#11138 = EDGE_CURVE('',#10749,#11139,#11141,.T.);
#11139 = VERTEX_POINT('',#11140);
#11140 = CARTESIAN_POINT('',(57.8,10.067949192431,13.2));
#11141 = LINE('',#11142,#11143);
#11142 = CARTESIAN_POINT('',(57.8,10.067949192431,12.));
#11143 = VECTOR('',#11144,1.);
#11144 = DIRECTION('',(0.,0.,1.));
#11145 = ORIENTED_EDGE('',*,*,#11146,.F.);
#11146 = EDGE_CURVE('',#11113,#11139,#11147,.T.);
#11147 = CIRCLE('',#11148,2.);
#11148 = AXIS2_PLACEMENT_3D('',#11149,#11150,#11151);
#11149 = CARTESIAN_POINT('',(56.8,11.8,13.2));
#11150 = DIRECTION('',(-0.,-0.,-1.));
#11151 = DIRECTION('',(0.,-1.,0.));
#11152 = CYLINDRICAL_SURFACE('',#11153,2.);
#11153 = AXIS2_PLACEMENT_3D('',#11154,#11155,#11156);
#11154 = CARTESIAN_POINT('',(56.8,11.8,12.));
#11155 = DIRECTION('',(0.,0.,1.));
#11156 = DIRECTION('',(1.,0.,-0.));
#11157 = ADVANCED_FACE('',(#11158),#11192,.T.);
#11158 = FACE_BOUND('',#11159,.T.);
#11159 = EDGE_LOOP('',(#11160,#11168,#11176,#11184,#11190,#11191));
#11160 = ORIENTED_EDGE('',*,*,#11161,.F.);
#11161 = EDGE_CURVE('',#11162,#11139,#11164,.T.);
#11162 = VERTEX_POINT('',#11163);
#11163 = CARTESIAN_POINT('',(57.8,9.8,13.2));
#11164 = LINE('',#11165,#11166);
#11165 = CARTESIAN_POINT('',(57.8,9.8,13.2));
#11166 = VECTOR('',#11167,1.);
#11167 = DIRECTION('',(-0.,1.,0.));
#11168 = ORIENTED_EDGE('',*,*,#11169,.F.);
#11169 = EDGE_CURVE('',#11170,#11162,#11172,.T.);
#11170 = VERTEX_POINT('',#11171);
#11171 = CARTESIAN_POINT('',(57.8,9.8,10.5));
#11172 = LINE('',#11173,#11174);
#11173 = CARTESIAN_POINT('',(57.8,9.8,10.5));
#11174 = VECTOR('',#11175,1.);
#11175 = DIRECTION('',(0.,0.,1.));
#11176 = ORIENTED_EDGE('',*,*,#11177,.T.);
#11177 = EDGE_CURVE('',#11170,#11178,#11180,.T.);
#11178 = VERTEX_POINT('',#11179);
#11179 = CARTESIAN_POINT('',(57.8,11.1,10.5));
#11180 = LINE('',#11181,#11182);
#11181 = CARTESIAN_POINT('',(57.8,9.8,10.5));
#11182 = VECTOR('',#11183,1.);
#11183 = DIRECTION('',(-0.,1.,0.));
#11184 = ORIENTED_EDGE('',*,*,#11185,.T.);
#11185 = EDGE_CURVE('',#11178,#10741,#11186,.T.);
#11186 = LINE('',#11187,#11188);
#11187 = CARTESIAN_POINT('',(57.8,11.1,10.5));
#11188 = VECTOR('',#11189,1.);
#11189 = DIRECTION('',(0.,0.,1.));
#11190 = ORIENTED_EDGE('',*,*,#10748,.F.);
#11191 = ORIENTED_EDGE('',*,*,#11138,.T.);
#11192 = PLANE('',#11193);
#11193 = AXIS2_PLACEMENT_3D('',#11194,#11195,#11196);
#11194 = CARTESIAN_POINT('',(57.8,9.8,10.5));
#11195 = DIRECTION('',(1.,0.,-0.));
#11196 = DIRECTION('',(0.,0.,1.));
#11197 = ADVANCED_FACE('',(#11198),#11209,.T.);
#11198 = FACE_BOUND('',#11199,.T.);
#11199 = EDGE_LOOP('',(#11200,#11201,#11207,#11208));
#11200 = ORIENTED_EDGE('',*,*,#11185,.F.);
#11201 = ORIENTED_EDGE('',*,*,#11202,.F.);
#11202 = EDGE_CURVE('',#11041,#11178,#11203,.T.);
#11203 = LINE('',#11204,#11205);
#11204 = CARTESIAN_POINT('',(1.4,11.1,10.5));
#11205 = VECTOR('',#11206,1.);
#11206 = DIRECTION('',(1.,0.,-0.));
#11207 = ORIENTED_EDGE('',*,*,#11048,.F.);
#11208 = ORIENTED_EDGE('',*,*,#10740,.F.);
#11209 = PLANE('',#11210);
#11210 = AXIS2_PLACEMENT_3D('',#11211,#11212,#11213);
#11211 = CARTESIAN_POINT('',(1.4,11.1,10.5));
#11212 = DIRECTION('',(-0.,1.,0.));
#11213 = DIRECTION('',(0.,0.,1.));
#11214 = ADVANCED_FACE('',(#11215),#11233,.T.);
#11215 = FACE_BOUND('',#11216,.T.);
#11216 = EDGE_LOOP('',(#11217,#11218,#11226,#11232));
#11217 = ORIENTED_EDGE('',*,*,#10935,.T.);
#11218 = ORIENTED_EDGE('',*,*,#11219,.F.);
#11219 = EDGE_CURVE('',#11220,#10928,#11222,.T.);
#11220 = VERTEX_POINT('',#11221);
#11221 = CARTESIAN_POINT('',(1.4,11.1,10.5));
#11222 = LINE('',#11223,#11224);
#11223 = CARTESIAN_POINT('',(1.4,11.1,10.5));
#11224 = VECTOR('',#11225,1.);
#11225 = DIRECTION('',(1.,0.,-0.));
#11226 = ORIENTED_EDGE('',*,*,#11227,.T.);
#11227 = EDGE_CURVE('',#11220,#10701,#11228,.T.);
#11228 = LINE('',#11229,#11230);
#11229 = CARTESIAN_POINT('',(1.4,11.1,10.5));
#11230 = VECTOR('',#11231,1.);
#11231 = DIRECTION('',(0.,0.,1.));
#11232 = ORIENTED_EDGE('',*,*,#10708,.F.);
#11233 = PLANE('',#11234);
#11234 = AXIS2_PLACEMENT_3D('',#11235,#11236,#11237);
#11235 = CARTESIAN_POINT('',(1.4,11.1,10.5));
#11236 = DIRECTION('',(-0.,1.,0.));
#11237 = DIRECTION('',(0.,0.,1.));
#11238 = ADVANCED_FACE('',(#11239),#11266,.F.);
#11239 = FACE_BOUND('',#11240,.F.);
#11240 = EDGE_LOOP('',(#11241,#11249,#11257,#11263,#11264,#11265));
#11241 = ORIENTED_EDGE('',*,*,#11242,.F.);
#11242 = EDGE_CURVE('',#11243,#10833,#11245,.T.);
#11243 = VERTEX_POINT('',#11244);
#11244 = CARTESIAN_POINT('',(1.4,9.8,13.2));
#11245 = LINE('',#11246,#11247);
#11246 = CARTESIAN_POINT('',(1.4,9.8,13.2));
#11247 = VECTOR('',#11248,1.);
#11248 = DIRECTION('',(-0.,1.,0.));
#11249 = ORIENTED_EDGE('',*,*,#11250,.F.);
#11250 = EDGE_CURVE('',#11251,#11243,#11253,.T.);
#11251 = VERTEX_POINT('',#11252);
#11252 = CARTESIAN_POINT('',(1.4,9.8,10.5));
#11253 = LINE('',#11254,#11255);
#11254 = CARTESIAN_POINT('',(1.4,9.8,10.5));
#11255 = VECTOR('',#11256,1.);
#11256 = DIRECTION('',(0.,0.,1.));
#11257 = ORIENTED_EDGE('',*,*,#11258,.T.);
#11258 = EDGE_CURVE('',#11251,#11220,#11259,.T.);
#11259 = LINE('',#11260,#11261);
#11260 = CARTESIAN_POINT('',(1.4,9.8,10.5));
#11261 = VECTOR('',#11262,1.);
#11262 = DIRECTION('',(-0.,1.,0.));
#11263 = ORIENTED_EDGE('',*,*,#11227,.T.);
#11264 = ORIENTED_EDGE('',*,*,#10700,.F.);
#11265 = ORIENTED_EDGE('',*,*,#10832,.T.);
#11266 = PLANE('',#11267);
#11267 = AXIS2_PLACEMENT_3D('',#11268,#11269,#11270);
#11268 = CARTESIAN_POINT('',(1.4,9.8,10.5));
#11269 = DIRECTION('',(1.,0.,-0.));
#11270 = DIRECTION('',(0.,0.,1.));
#11271 = ADVANCED_FACE('',(#11272),#11283,.F.);
#11272 = FACE_BOUND('',#11273,.F.);
#11273 = EDGE_LOOP('',(#11274,#11275,#11276,#11282));
#11274 = ORIENTED_EDGE('',*,*,#11219,.F.);
#11275 = ORIENTED_EDGE('',*,*,#11258,.F.);
#11276 = ORIENTED_EDGE('',*,*,#11277,.T.);
#11277 = EDGE_CURVE('',#11251,#10920,#11278,.T.);
#11278 = LINE('',#11279,#11280);
#11279 = CARTESIAN_POINT('',(1.4,9.8,10.5));
#11280 = VECTOR('',#11281,1.);
#11281 = DIRECTION('',(1.,0.,-0.));
#11282 = ORIENTED_EDGE('',*,*,#10927,.T.);
#11283 = PLANE('',#11284);
#11284 = AXIS2_PLACEMENT_3D('',#11285,#11286,#11287);
#11285 = CARTESIAN_POINT('',(1.4,9.8,10.5));
#11286 = DIRECTION('',(0.,0.,1.));
#11287 = DIRECTION('',(1.,0.,-0.));
#11288 = ADVANCED_FACE('',(#11289),#11300,.F.);
#11289 = FACE_BOUND('',#11290,.F.);
#11290 = EDGE_LOOP('',(#11291,#11292,#11293,#11299));
#11291 = ORIENTED_EDGE('',*,*,#11202,.F.);
#11292 = ORIENTED_EDGE('',*,*,#11040,.F.);
#11293 = ORIENTED_EDGE('',*,*,#11294,.T.);
#11294 = EDGE_CURVE('',#11033,#11170,#11295,.T.);
#11295 = LINE('',#11296,#11297);
#11296 = CARTESIAN_POINT('',(1.4,9.8,10.5));
#11297 = VECTOR('',#11298,1.);
#11298 = DIRECTION('',(1.,0.,-0.));
#11299 = ORIENTED_EDGE('',*,*,#11177,.T.);
#11300 = PLANE('',#11301);
#11301 = AXIS2_PLACEMENT_3D('',#11302,#11303,#11304);
#11302 = CARTESIAN_POINT('',(1.4,9.8,10.5));
#11303 = DIRECTION('',(0.,0.,1.));
#11304 = DIRECTION('',(1.,0.,-0.));
#11305 = ADVANCED_FACE('',(#11306,#11336,#11370,#11381,#11392,#11403,
    #11414),#11425,.T.);
#11306 = FACE_BOUND('',#11307,.T.);
#11307 = EDGE_LOOP('',(#11308,#11309,#11310,#11311,#11317,#11318,#11319,
    #11320,#11326,#11327,#11328,#11329,#11330,#11331,#11332,#11333,
    #11334,#11335));
#11308 = ORIENTED_EDGE('',*,*,#10619,.F.);
#11309 = ORIENTED_EDGE('',*,*,#10840,.T.);
#11310 = ORIENTED_EDGE('',*,*,#11242,.F.);
#11311 = ORIENTED_EDGE('',*,*,#11312,.T.);
#11312 = EDGE_CURVE('',#11243,#10912,#11313,.T.);
#11313 = LINE('',#11314,#11315);
#11314 = CARTESIAN_POINT('',(1.4,9.8,13.2));
#11315 = VECTOR('',#11316,1.);
#11316 = DIRECTION('',(1.,0.,-0.));
#11317 = ORIENTED_EDGE('',*,*,#10911,.T.);
#11318 = ORIENTED_EDGE('',*,*,#10984,.F.);
#11319 = ORIENTED_EDGE('',*,*,#11024,.F.);
#11320 = ORIENTED_EDGE('',*,*,#11321,.T.);
#11321 = EDGE_CURVE('',#11025,#11162,#11322,.T.);
#11322 = LINE('',#11323,#11324);
#11323 = CARTESIAN_POINT('',(0.4,9.8,13.2));
#11324 = VECTOR('',#11325,1.);
#11325 = DIRECTION('',(1.,0.,-0.));
#11326 = ORIENTED_EDGE('',*,*,#11161,.T.);
#11327 = ORIENTED_EDGE('',*,*,#11146,.F.);
#11328 = ORIENTED_EDGE('',*,*,#11112,.T.);
#11329 = ORIENTED_EDGE('',*,*,#11089,.T.);
#11330 = ORIENTED_EDGE('',*,*,#11065,.F.);
#11331 = ORIENTED_EDGE('',*,*,#11007,.F.);
#11332 = ORIENTED_EDGE('',*,*,#10950,.F.);
#11333 = ORIENTED_EDGE('',*,*,#10889,.F.);
#11334 = ORIENTED_EDGE('',*,*,#10865,.F.);
#11335 = ORIENTED_EDGE('',*,*,#10676,.T.);
#11336 = FACE_BOUND('',#11337,.T.);
#11337 = EDGE_LOOP('',(#11338,#11348,#11356,#11364));
#11338 = ORIENTED_EDGE('',*,*,#11339,.T.);
#11339 = EDGE_CURVE('',#11340,#11342,#11344,.T.);
#11340 = VERTEX_POINT('',#11341);
#11341 = CARTESIAN_POINT('',(25.1,41.7,13.2));
#11342 = VERTEX_POINT('',#11343);
#11343 = CARTESIAN_POINT('',(23.9,41.7,13.2));
#11344 = LINE('',#11345,#11346);
#11345 = CARTESIAN_POINT('',(12.15,41.7,13.2));
#11346 = VECTOR('',#11347,1.);
#11347 = DIRECTION('',(-1.,-0.,0.));
#11348 = ORIENTED_EDGE('',*,*,#11349,.T.);
#11349 = EDGE_CURVE('',#11342,#11350,#11352,.T.);
#11350 = VERTEX_POINT('',#11351);
#11351 = CARTESIAN_POINT('',(23.9,45.7,13.2));
#11352 = LINE('',#11353,#11354);
#11353 = CARTESIAN_POINT('',(23.9,25.75,13.2));
#11354 = VECTOR('',#11355,1.);
#11355 = DIRECTION('',(-0.,1.,0.));
#11356 = ORIENTED_EDGE('',*,*,#11357,.F.);
#11357 = EDGE_CURVE('',#11358,#11350,#11360,.T.);
#11358 = VERTEX_POINT('',#11359);
#11359 = CARTESIAN_POINT('',(25.1,45.7,13.2));
#11360 = LINE('',#11361,#11362);
#11361 = CARTESIAN_POINT('',(12.15,45.7,13.2));
#11362 = VECTOR('',#11363,1.);
#11363 = DIRECTION('',(-1.,-0.,0.));
#11364 = ORIENTED_EDGE('',*,*,#11365,.F.);
#11365 = EDGE_CURVE('',#11340,#11358,#11366,.T.);
#11366 = LINE('',#11367,#11368);
#11367 = CARTESIAN_POINT('',(25.1,25.75,13.2));
#11368 = VECTOR('',#11369,1.);
#11369 = DIRECTION('',(-0.,1.,0.));
#11370 = FACE_BOUND('',#11371,.T.);
#11371 = EDGE_LOOP('',(#11372));
#11372 = ORIENTED_EDGE('',*,*,#11373,.F.);
#11373 = EDGE_CURVE('',#11374,#11374,#11376,.T.);
#11374 = VERTEX_POINT('',#11375);
#11375 = CARTESIAN_POINT('',(28.8,23.7,13.2));
#11376 = CIRCLE('',#11377,1.3);
#11377 = AXIS2_PLACEMENT_3D('',#11378,#11379,#11380);
#11378 = CARTESIAN_POINT('',(27.5,23.7,13.2));
#11379 = DIRECTION('',(0.,0.,1.));
#11380 = DIRECTION('',(1.,0.,-0.));
#11381 = FACE_BOUND('',#11382,.T.);
#11382 = EDGE_LOOP('',(#11383));
#11383 = ORIENTED_EDGE('',*,*,#11384,.F.);
#11384 = EDGE_CURVE('',#11385,#11385,#11387,.T.);
#11385 = VERTEX_POINT('',#11386);
#11386 = CARTESIAN_POINT('',(57.8,23.7,13.2));
#11387 = CIRCLE('',#11388,1.3);
#11388 = AXIS2_PLACEMENT_3D('',#11389,#11390,#11391);
#11389 = CARTESIAN_POINT('',(56.5,23.7,13.2));
#11390 = DIRECTION('',(0.,0.,1.));
#11391 = DIRECTION('',(1.,0.,-0.));
#11392 = FACE_BOUND('',#11393,.T.);
#11393 = EDGE_LOOP('',(#11394));
#11394 = ORIENTED_EDGE('',*,*,#11395,.F.);
#11395 = EDGE_CURVE('',#11396,#11396,#11398,.T.);
#11396 = VERTEX_POINT('',#11397);
#11397 = CARTESIAN_POINT('',(45.3,28.7,13.2));
#11398 = CIRCLE('',#11399,1.3);
#11399 = AXIS2_PLACEMENT_3D('',#11400,#11401,#11402);
#11400 = CARTESIAN_POINT('',(44.,28.7,13.2));
#11401 = DIRECTION('',(0.,0.,1.));
#11402 = DIRECTION('',(1.,0.,-0.));
#11403 = FACE_BOUND('',#11404,.T.);
#11404 = EDGE_LOOP('',(#11405));
#11405 = ORIENTED_EDGE('',*,*,#11406,.F.);
#11406 = EDGE_CURVE('',#11407,#11407,#11409,.T.);
#11407 = VERTEX_POINT('',#11408);
#11408 = CARTESIAN_POINT('',(28.8,46.2,13.2));
#11409 = CIRCLE('',#11410,1.3);
#11410 = AXIS2_PLACEMENT_3D('',#11411,#11412,#11413);
#11411 = CARTESIAN_POINT('',(27.5,46.2,13.2));
#11412 = DIRECTION('',(0.,0.,1.));
#11413 = DIRECTION('',(1.,0.,-0.));
#11414 = FACE_BOUND('',#11415,.T.);
#11415 = EDGE_LOOP('',(#11416));
#11416 = ORIENTED_EDGE('',*,*,#11417,.F.);
#11417 = EDGE_CURVE('',#11418,#11418,#11420,.T.);
#11418 = VERTEX_POINT('',#11419);
#11419 = CARTESIAN_POINT('',(57.8,46.2,13.2));
#11420 = CIRCLE('',#11421,1.3);
#11421 = AXIS2_PLACEMENT_3D('',#11422,#11423,#11424);
#11422 = CARTESIAN_POINT('',(56.5,46.2,13.2));
#11423 = DIRECTION('',(0.,0.,1.));
#11424 = DIRECTION('',(1.,0.,-0.));
#11425 = PLANE('',#11426);
#11426 = AXIS2_PLACEMENT_3D('',#11427,#11428,#11429);
#11427 = CARTESIAN_POINT('',(28.084428020369,28.271620168209,13.2));
#11428 = DIRECTION('',(0.,0.,1.));
#11429 = DIRECTION('',(1.,0.,-0.));
#11430 = ADVANCED_FACE('',(#11431),#11456,.F.);
#11431 = FACE_BOUND('',#11432,.F.);
#11432 = EDGE_LOOP('',(#11433,#11441,#11442,#11450));
#11433 = ORIENTED_EDGE('',*,*,#11434,.F.);
#11434 = EDGE_CURVE('',#11340,#11435,#11437,.T.);
#11435 = VERTEX_POINT('',#11436);
#11436 = CARTESIAN_POINT('',(25.1,41.7,19.29));
#11437 = LINE('',#11438,#11439);
#11438 = CARTESIAN_POINT('',(25.1,41.7,13.19));
#11439 = VECTOR('',#11440,1.);
#11440 = DIRECTION('',(0.,0.,1.));
#11441 = ORIENTED_EDGE('',*,*,#11339,.T.);
#11442 = ORIENTED_EDGE('',*,*,#11443,.T.);
#11443 = EDGE_CURVE('',#11342,#11444,#11446,.T.);
#11444 = VERTEX_POINT('',#11445);
#11445 = CARTESIAN_POINT('',(23.9,41.7,19.29));
#11446 = LINE('',#11447,#11448);
#11447 = CARTESIAN_POINT('',(23.9,41.7,13.19));
#11448 = VECTOR('',#11449,1.);
#11449 = DIRECTION('',(0.,0.,1.));
#11450 = ORIENTED_EDGE('',*,*,#11451,.T.);
#11451 = EDGE_CURVE('',#11444,#11435,#11452,.T.);
#11452 = LINE('',#11453,#11454);
#11453 = CARTESIAN_POINT('',(23.9,41.7,19.29));
#11454 = VECTOR('',#11455,1.);
#11455 = DIRECTION('',(1.,0.,-0.));
#11456 = PLANE('',#11457);
#11457 = AXIS2_PLACEMENT_3D('',#11458,#11459,#11460);
#11458 = CARTESIAN_POINT('',(23.9,41.7,13.19));
#11459 = DIRECTION('',(-0.,1.,0.));
#11460 = DIRECTION('',(0.,0.,1.));
#11461 = ADVANCED_FACE('',(#11462),#11480,.T.);
#11462 = FACE_BOUND('',#11463,.T.);
#11463 = EDGE_LOOP('',(#11464,#11465,#11466,#11474));
#11464 = ORIENTED_EDGE('',*,*,#11434,.F.);
#11465 = ORIENTED_EDGE('',*,*,#11365,.T.);
#11466 = ORIENTED_EDGE('',*,*,#11467,.T.);
#11467 = EDGE_CURVE('',#11358,#11468,#11470,.T.);
#11468 = VERTEX_POINT('',#11469);
#11469 = CARTESIAN_POINT('',(25.1,45.7,19.29));
#11470 = LINE('',#11471,#11472);
#11471 = CARTESIAN_POINT('',(25.1,45.7,13.19));
#11472 = VECTOR('',#11473,1.);
#11473 = DIRECTION('',(0.,0.,1.));
#11474 = ORIENTED_EDGE('',*,*,#11475,.F.);
#11475 = EDGE_CURVE('',#11435,#11468,#11476,.T.);
#11476 = LINE('',#11477,#11478);
#11477 = CARTESIAN_POINT('',(25.1,41.7,19.29));
#11478 = VECTOR('',#11479,1.);
#11479 = DIRECTION('',(-0.,1.,0.));
#11480 = PLANE('',#11481);
#11481 = AXIS2_PLACEMENT_3D('',#11482,#11483,#11484);
#11482 = CARTESIAN_POINT('',(25.1,41.7,13.19));
#11483 = DIRECTION('',(1.,0.,-0.));
#11484 = DIRECTION('',(0.,0.,1.));
#11485 = ADVANCED_FACE('',(#11486),#11504,.T.);
#11486 = FACE_BOUND('',#11487,.T.);
#11487 = EDGE_LOOP('',(#11488,#11489,#11490,#11498));
#11488 = ORIENTED_EDGE('',*,*,#11467,.F.);
#11489 = ORIENTED_EDGE('',*,*,#11357,.T.);
#11490 = ORIENTED_EDGE('',*,*,#11491,.T.);
#11491 = EDGE_CURVE('',#11350,#11492,#11494,.T.);
#11492 = VERTEX_POINT('',#11493);
#11493 = CARTESIAN_POINT('',(23.9,45.7,19.29));
#11494 = LINE('',#11495,#11496);
#11495 = CARTESIAN_POINT('',(23.9,45.7,13.19));
#11496 = VECTOR('',#11497,1.);
#11497 = DIRECTION('',(0.,0.,1.));
#11498 = ORIENTED_EDGE('',*,*,#11499,.T.);
#11499 = EDGE_CURVE('',#11492,#11468,#11500,.T.);
#11500 = LINE('',#11501,#11502);
#11501 = CARTESIAN_POINT('',(23.9,45.7,19.29));
#11502 = VECTOR('',#11503,1.);
#11503 = DIRECTION('',(1.,0.,-0.));
#11504 = PLANE('',#11505);
#11505 = AXIS2_PLACEMENT_3D('',#11506,#11507,#11508);
#11506 = CARTESIAN_POINT('',(23.9,45.7,13.19));
#11507 = DIRECTION('',(-0.,1.,0.));
#11508 = DIRECTION('',(0.,0.,1.));
#11509 = ADVANCED_FACE('',(#11510),#11521,.F.);
#11510 = FACE_BOUND('',#11511,.F.);
#11511 = EDGE_LOOP('',(#11512,#11513,#11514,#11515));
#11512 = ORIENTED_EDGE('',*,*,#11443,.F.);
#11513 = ORIENTED_EDGE('',*,*,#11349,.T.);
#11514 = ORIENTED_EDGE('',*,*,#11491,.T.);
#11515 = ORIENTED_EDGE('',*,*,#11516,.F.);
#11516 = EDGE_CURVE('',#11444,#11492,#11517,.T.);
#11517 = LINE('',#11518,#11519);
#11518 = CARTESIAN_POINT('',(23.9,41.7,19.29));
#11519 = VECTOR('',#11520,1.);
#11520 = DIRECTION('',(-0.,1.,0.));
#11521 = PLANE('',#11522);
#11522 = AXIS2_PLACEMENT_3D('',#11523,#11524,#11525);
#11523 = CARTESIAN_POINT('',(23.9,41.7,13.19));
#11524 = DIRECTION('',(1.,0.,-0.));
#11525 = DIRECTION('',(0.,0.,1.));
#11526 = ADVANCED_FACE('',(#11527),#11533,.T.);
#11527 = FACE_BOUND('',#11528,.T.);
#11528 = EDGE_LOOP('',(#11529,#11530,#11531,#11532));
#11529 = ORIENTED_EDGE('',*,*,#11516,.F.);
#11530 = ORIENTED_EDGE('',*,*,#11451,.T.);
#11531 = ORIENTED_EDGE('',*,*,#11475,.T.);
#11532 = ORIENTED_EDGE('',*,*,#11499,.F.);
#11533 = PLANE('',#11534);
#11534 = AXIS2_PLACEMENT_3D('',#11535,#11536,#11537);
#11535 = CARTESIAN_POINT('',(23.9,41.7,19.29));
#11536 = DIRECTION('',(0.,0.,1.));
#11537 = DIRECTION('',(1.,0.,-0.));
#11538 = ADVANCED_FACE('',(#11539),#11558,.T.);
#11539 = FACE_BOUND('',#11540,.T.);
#11540 = EDGE_LOOP('',(#11541,#11549,#11556,#11557));
#11541 = ORIENTED_EDGE('',*,*,#11542,.T.);
#11542 = EDGE_CURVE('',#11374,#11543,#11545,.T.);
#11543 = VERTEX_POINT('',#11544);
#11544 = CARTESIAN_POINT('',(28.8,23.7,16.2));
#11545 = LINE('',#11546,#11547);
#11546 = CARTESIAN_POINT('',(28.8,23.7,13.19));
#11547 = VECTOR('',#11548,1.);
#11548 = DIRECTION('',(0.,0.,1.));
#11549 = ORIENTED_EDGE('',*,*,#11550,.F.);
#11550 = EDGE_CURVE('',#11543,#11543,#11551,.T.);
#11551 = CIRCLE('',#11552,1.3);
#11552 = AXIS2_PLACEMENT_3D('',#11553,#11554,#11555);
#11553 = CARTESIAN_POINT('',(27.5,23.7,16.2));
#11554 = DIRECTION('',(0.,0.,1.));
#11555 = DIRECTION('',(1.,0.,-0.));
#11556 = ORIENTED_EDGE('',*,*,#11542,.F.);
#11557 = ORIENTED_EDGE('',*,*,#11373,.T.);
#11558 = CYLINDRICAL_SURFACE('',#11559,1.3);
#11559 = AXIS2_PLACEMENT_3D('',#11560,#11561,#11562);
#11560 = CARTESIAN_POINT('',(27.5,23.7,13.19));
#11561 = DIRECTION('',(0.,0.,1.));
#11562 = DIRECTION('',(1.,0.,-0.));
#11563 = ADVANCED_FACE('',(#11564),#11567,.T.);
#11564 = FACE_BOUND('',#11565,.T.);
#11565 = EDGE_LOOP('',(#11566));
#11566 = ORIENTED_EDGE('',*,*,#11550,.T.);
#11567 = PLANE('',#11568);
#11568 = AXIS2_PLACEMENT_3D('',#11569,#11570,#11571);
#11569 = CARTESIAN_POINT('',(27.5,23.7,16.2));
#11570 = DIRECTION('',(0.,0.,1.));
#11571 = DIRECTION('',(1.,0.,-0.));
#11572 = ADVANCED_FACE('',(#11573),#11592,.T.);
#11573 = FACE_BOUND('',#11574,.T.);
#11574 = EDGE_LOOP('',(#11575,#11583,#11590,#11591));
#11575 = ORIENTED_EDGE('',*,*,#11576,.T.);
#11576 = EDGE_CURVE('',#11385,#11577,#11579,.T.);
#11577 = VERTEX_POINT('',#11578);
#11578 = CARTESIAN_POINT('',(57.8,23.7,16.2));
#11579 = LINE('',#11580,#11581);
#11580 = CARTESIAN_POINT('',(57.8,23.7,13.19));
#11581 = VECTOR('',#11582,1.);
#11582 = DIRECTION('',(0.,0.,1.));
#11583 = ORIENTED_EDGE('',*,*,#11584,.F.);
#11584 = EDGE_CURVE('',#11577,#11577,#11585,.T.);
#11585 = CIRCLE('',#11586,1.3);
#11586 = AXIS2_PLACEMENT_3D('',#11587,#11588,#11589);
#11587 = CARTESIAN_POINT('',(56.5,23.7,16.2));
#11588 = DIRECTION('',(0.,0.,1.));
#11589 = DIRECTION('',(1.,0.,-0.));
#11590 = ORIENTED_EDGE('',*,*,#11576,.F.);
#11591 = ORIENTED_EDGE('',*,*,#11384,.T.);
#11592 = CYLINDRICAL_SURFACE('',#11593,1.3);
#11593 = AXIS2_PLACEMENT_3D('',#11594,#11595,#11596);
#11594 = CARTESIAN_POINT('',(56.5,23.7,13.19));
#11595 = DIRECTION('',(0.,0.,1.));
#11596 = DIRECTION('',(1.,0.,-0.));
#11597 = ADVANCED_FACE('',(#11598),#11601,.T.);
#11598 = FACE_BOUND('',#11599,.T.);
#11599 = EDGE_LOOP('',(#11600));
#11600 = ORIENTED_EDGE('',*,*,#11584,.T.);
#11601 = PLANE('',#11602);
#11602 = AXIS2_PLACEMENT_3D('',#11603,#11604,#11605);
#11603 = CARTESIAN_POINT('',(56.5,23.7,16.2));
#11604 = DIRECTION('',(0.,0.,1.));
#11605 = DIRECTION('',(1.,0.,-0.));
#11606 = ADVANCED_FACE('',(#11607),#11626,.T.);
#11607 = FACE_BOUND('',#11608,.T.);
#11608 = EDGE_LOOP('',(#11609,#11617,#11624,#11625));
#11609 = ORIENTED_EDGE('',*,*,#11610,.T.);
#11610 = EDGE_CURVE('',#11396,#11611,#11613,.T.);
#11611 = VERTEX_POINT('',#11612);
#11612 = CARTESIAN_POINT('',(45.3,28.7,16.2));
#11613 = LINE('',#11614,#11615);
#11614 = CARTESIAN_POINT('',(45.3,28.7,13.19));
#11615 = VECTOR('',#11616,1.);
#11616 = DIRECTION('',(0.,0.,1.));
#11617 = ORIENTED_EDGE('',*,*,#11618,.F.);
#11618 = EDGE_CURVE('',#11611,#11611,#11619,.T.);
#11619 = CIRCLE('',#11620,1.3);
#11620 = AXIS2_PLACEMENT_3D('',#11621,#11622,#11623);
#11621 = CARTESIAN_POINT('',(44.,28.7,16.2));
#11622 = DIRECTION('',(0.,0.,1.));
#11623 = DIRECTION('',(1.,0.,-0.));
#11624 = ORIENTED_EDGE('',*,*,#11610,.F.);
#11625 = ORIENTED_EDGE('',*,*,#11395,.T.);
#11626 = CYLINDRICAL_SURFACE('',#11627,1.3);
#11627 = AXIS2_PLACEMENT_3D('',#11628,#11629,#11630);
#11628 = CARTESIAN_POINT('',(44.,28.7,13.19));
#11629 = DIRECTION('',(0.,0.,1.));
#11630 = DIRECTION('',(1.,0.,-0.));
#11631 = ADVANCED_FACE('',(#11632),#11635,.T.);
#11632 = FACE_BOUND('',#11633,.T.);
#11633 = EDGE_LOOP('',(#11634));
#11634 = ORIENTED_EDGE('',*,*,#11618,.T.);
#11635 = PLANE('',#11636);
#11636 = AXIS2_PLACEMENT_3D('',#11637,#11638,#11639);
#11637 = CARTESIAN_POINT('',(44.,28.7,16.2));
#11638 = DIRECTION('',(0.,0.,1.));
#11639 = DIRECTION('',(1.,0.,-0.));
#11640 = ADVANCED_FACE('',(#11641),#11660,.T.);
#11641 = FACE_BOUND('',#11642,.T.);
#11642 = EDGE_LOOP('',(#11643,#11651,#11658,#11659));
#11643 = ORIENTED_EDGE('',*,*,#11644,.T.);
#11644 = EDGE_CURVE('',#11407,#11645,#11647,.T.);
#11645 = VERTEX_POINT('',#11646);
#11646 = CARTESIAN_POINT('',(28.8,46.2,16.2));
#11647 = LINE('',#11648,#11649);
#11648 = CARTESIAN_POINT('',(28.8,46.2,13.19));
#11649 = VECTOR('',#11650,1.);
#11650 = DIRECTION('',(0.,0.,1.));
#11651 = ORIENTED_EDGE('',*,*,#11652,.F.);
#11652 = EDGE_CURVE('',#11645,#11645,#11653,.T.);
#11653 = CIRCLE('',#11654,1.3);
#11654 = AXIS2_PLACEMENT_3D('',#11655,#11656,#11657);
#11655 = CARTESIAN_POINT('',(27.5,46.2,16.2));
#11656 = DIRECTION('',(0.,0.,1.));
#11657 = DIRECTION('',(1.,0.,-0.));
#11658 = ORIENTED_EDGE('',*,*,#11644,.F.);
#11659 = ORIENTED_EDGE('',*,*,#11406,.T.);
#11660 = CYLINDRICAL_SURFACE('',#11661,1.3);
#11661 = AXIS2_PLACEMENT_3D('',#11662,#11663,#11664);
#11662 = CARTESIAN_POINT('',(27.5,46.2,13.19));
#11663 = DIRECTION('',(0.,0.,1.));
#11664 = DIRECTION('',(1.,0.,-0.));
#11665 = ADVANCED_FACE('',(#11666),#11669,.T.);
#11666 = FACE_BOUND('',#11667,.T.);
#11667 = EDGE_LOOP('',(#11668));
#11668 = ORIENTED_EDGE('',*,*,#11652,.T.);
#11669 = PLANE('',#11670);
#11670 = AXIS2_PLACEMENT_3D('',#11671,#11672,#11673);
#11671 = CARTESIAN_POINT('',(27.5,46.2,16.2));
#11672 = DIRECTION('',(0.,0.,1.));
#11673 = DIRECTION('',(1.,0.,-0.));
#11674 = ADVANCED_FACE('',(#11675),#11694,.T.);
#11675 = FACE_BOUND('',#11676,.T.);
#11676 = EDGE_LOOP('',(#11677,#11685,#11692,#11693));
#11677 = ORIENTED_EDGE('',*,*,#11678,.T.);
#11678 = EDGE_CURVE('',#11418,#11679,#11681,.T.);
#11679 = VERTEX_POINT('',#11680);
#11680 = CARTESIAN_POINT('',(57.8,46.2,16.2));
#11681 = LINE('',#11682,#11683);
#11682 = CARTESIAN_POINT('',(57.8,46.2,13.19));
#11683 = VECTOR('',#11684,1.);
#11684 = DIRECTION('',(0.,0.,1.));
#11685 = ORIENTED_EDGE('',*,*,#11686,.F.);
#11686 = EDGE_CURVE('',#11679,#11679,#11687,.T.);
#11687 = CIRCLE('',#11688,1.3);
#11688 = AXIS2_PLACEMENT_3D('',#11689,#11690,#11691);
#11689 = CARTESIAN_POINT('',(56.5,46.2,16.2));
#11690 = DIRECTION('',(0.,0.,1.));
#11691 = DIRECTION('',(1.,0.,-0.));
#11692 = ORIENTED_EDGE('',*,*,#11678,.F.);
#11693 = ORIENTED_EDGE('',*,*,#11417,.T.);
#11694 = CYLINDRICAL_SURFACE('',#11695,1.3);
#11695 = AXIS2_PLACEMENT_3D('',#11696,#11697,#11698);
#11696 = CARTESIAN_POINT('',(56.5,46.2,13.19));
#11697 = DIRECTION('',(0.,0.,1.));
#11698 = DIRECTION('',(1.,0.,-0.));
#11699 = ADVANCED_FACE('',(#11700),#11703,.T.);
#11700 = FACE_BOUND('',#11701,.T.);
#11701 = EDGE_LOOP('',(#11702));
#11702 = ORIENTED_EDGE('',*,*,#11686,.T.);
#11703 = PLANE('',#11704);
#11704 = AXIS2_PLACEMENT_3D('',#11705,#11706,#11707);
#11705 = CARTESIAN_POINT('',(56.5,46.2,16.2));
#11706 = DIRECTION('',(0.,0.,1.));
#11707 = DIRECTION('',(1.,0.,-0.));
#11708 = ADVANCED_FACE('',(#11709),#11715,.T.);
#11709 = FACE_BOUND('',#11710,.T.);
#11710 = EDGE_LOOP('',(#11711,#11712,#11713,#11714));
#11711 = ORIENTED_EDGE('',*,*,#10919,.F.);
#11712 = ORIENTED_EDGE('',*,*,#11312,.F.);
#11713 = ORIENTED_EDGE('',*,*,#11250,.F.);
#11714 = ORIENTED_EDGE('',*,*,#11277,.T.);
#11715 = PLANE('',#11716);
#11716 = AXIS2_PLACEMENT_3D('',#11717,#11718,#11719);
#11717 = CARTESIAN_POINT('',(1.95,9.8,11.85));
#11718 = DIRECTION('',(-0.,-1.,-0.));
#11719 = DIRECTION('',(0.,0.,-1.));
#11720 = ADVANCED_FACE('',(#11721),#11727,.T.);
#11721 = FACE_BOUND('',#11722,.T.);
#11722 = EDGE_LOOP('',(#11723,#11724,#11725,#11726));
#11723 = ORIENTED_EDGE('',*,*,#11321,.F.);
#11724 = ORIENTED_EDGE('',*,*,#11032,.T.);
#11725 = ORIENTED_EDGE('',*,*,#11294,.T.);
#11726 = ORIENTED_EDGE('',*,*,#11169,.T.);
#11727 = PLANE('',#11728);
#11728 = AXIS2_PLACEMENT_3D('',#11729,#11730,#11731);
#11729 = CARTESIAN_POINT('',(33.65,9.8,11.85));
#11730 = DIRECTION('',(-0.,-1.,-0.));
#11731 = DIRECTION('',(0.,0.,-1.));
#11732 = MANIFOLD_SOLID_BREP('',#11733);
#11733 = CLOSED_SHELL('',(#11734,#11796,#11837,#11901,#11960,#11985,
    #11995,#12029,#12091,#12141,#12189,#12205,#12263,#12294,#12325,
    #12356,#12387,#12418,#12449,#12480,#12511,#12542,#12559,#12588,
    #12674,#12705,#12746,#12780,#12797,#12828,#12859,#12890,#12921,
    #12952,#12983,#13014,#13045,#13076,#13107,#13141,#13158,#13187,
    #13205));
#11734 = ADVANCED_FACE('',(#11735,#11780),#11791,.F.);
#11735 = FACE_BOUND('',#11736,.F.);
#11736 = EDGE_LOOP('',(#11737,#11748,#11757,#11765,#11774));
#11737 = ORIENTED_EDGE('',*,*,#11738,.T.);
#11738 = EDGE_CURVE('',#11739,#11741,#11743,.T.);
#11739 = VERTEX_POINT('',#11740);
#11740 = CARTESIAN_POINT('',(12.5,91.464365076099,-74.85509188163));
#11741 = VERTEX_POINT('',#11742);
#11742 = CARTESIAN_POINT('',(9.5,93.27128129211,-75.89831544534));
#11743 = CIRCLE('',#11744,3.2);
#11744 = AXIS2_PLACEMENT_3D('',#11745,#11746,#11747);
#11745 = CARTESIAN_POINT('',(9.5,90.5,-74.29831544534));
#11746 = DIRECTION('',(0.,0.5,0.866025403784));
#11747 = DIRECTION('',(0.,0.866025403784,-0.5));
#11748 = ORIENTED_EDGE('',*,*,#11749,.T.);
#11749 = EDGE_CURVE('',#11741,#11750,#11752,.T.);
#11750 = VERTEX_POINT('',#11751);
#11751 = CARTESIAN_POINT('',(6.5,91.464365076099,-74.85509188163));
#11752 = CIRCLE('',#11753,3.2);
#11753 = AXIS2_PLACEMENT_3D('',#11754,#11755,#11756);
#11754 = CARTESIAN_POINT('',(9.5,90.5,-74.29831544534));
#11755 = DIRECTION('',(0.,0.5,0.866025403784));
#11756 = DIRECTION('',(0.,0.866025403784,-0.5));
#11757 = ORIENTED_EDGE('',*,*,#11758,.F.);
#11758 = EDGE_CURVE('',#11759,#11750,#11761,.T.);
#11759 = VERTEX_POINT('',#11760);
#11760 = CARTESIAN_POINT('',(6.5,89.535634923901,-73.74153900906));
#11761 = LINE('',#11762,#11763);
#11762 = CARTESIAN_POINT('',(6.5,75.526203813233,-65.65319018612));
#11763 = VECTOR('',#11764,1.);
#11764 = DIRECTION('',(0.,0.866025403784,-0.5));
#11765 = ORIENTED_EDGE('',*,*,#11766,.T.);
#11766 = EDGE_CURVE('',#11759,#11767,#11769,.T.);
#11767 = VERTEX_POINT('',#11768);
#11768 = CARTESIAN_POINT('',(12.5,89.535634923901,-73.74153900906));
#11769 = CIRCLE('',#11770,3.2);
#11770 = AXIS2_PLACEMENT_3D('',#11771,#11772,#11773);
#11771 = CARTESIAN_POINT('',(9.5,90.5,-74.29831544534));
#11772 = DIRECTION('',(0.,0.5,0.866025403784));
#11773 = DIRECTION('',(0.,0.866025403784,-0.5));
#11774 = ORIENTED_EDGE('',*,*,#11775,.T.);
#11775 = EDGE_CURVE('',#11767,#11739,#11776,.T.);
#11776 = LINE('',#11777,#11778);
#11777 = CARTESIAN_POINT('',(12.5,75.526203813233,-65.65319018612));
#11778 = VECTOR('',#11779,1.);
#11779 = DIRECTION('',(0.,0.866025403784,-0.5));
#11780 = FACE_BOUND('',#11781,.F.);
#11781 = EDGE_LOOP('',(#11782));
#11782 = ORIENTED_EDGE('',*,*,#11783,.F.);
#11783 = EDGE_CURVE('',#11784,#11784,#11786,.T.);
#11784 = VERTEX_POINT('',#11785);
#11785 = CARTESIAN_POINT('',(9.5,92.924871130596,-75.69831544534));
#11786 = CIRCLE('',#11787,2.8);
#11787 = AXIS2_PLACEMENT_3D('',#11788,#11789,#11790);
#11788 = CARTESIAN_POINT('',(9.5,90.5,-74.29831544534));
#11789 = DIRECTION('',(0.,0.5,0.866025403784));
#11790 = DIRECTION('',(0.,0.866025403784,-0.5));
#11791 = PLANE('',#11792);
#11792 = AXIS2_PLACEMENT_3D('',#11793,#11794,#11795);
#11793 = CARTESIAN_POINT('',(9.5,90.5,-74.29831544534));
#11794 = DIRECTION('',(0.,0.5,0.866025403784));
#11795 = DIRECTION('',(0.,0.866025403784,-0.5));
#11796 = ADVANCED_FACE('',(#11797),#11832,.F.);
#11797 = FACE_BOUND('',#11798,.F.);
#11798 = EDGE_LOOP('',(#11799,#11807,#11808,#11815,#11816,#11823,#11824,
    #11825));
#11799 = ORIENTED_EDGE('',*,*,#11800,.T.);
#11800 = EDGE_CURVE('',#11801,#11741,#11803,.T.);
#11801 = VERTEX_POINT('',#11802);
#11802 = CARTESIAN_POINT('',(9.5,92.724871130596,-76.04472560686));
#11803 = LINE('',#11804,#11805);
#11804 = CARTESIAN_POINT('',(9.5,92.724871130596,-76.04472560686));
#11805 = VECTOR('',#11806,1.);
#11806 = DIRECTION('',(1.731912112471E-16,0.965925826289,0.258819045103)
  );
#11807 = ORIENTED_EDGE('',*,*,#11738,.F.);
#11808 = ORIENTED_EDGE('',*,*,#11809,.F.);
#11809 = EDGE_CURVE('',#11767,#11739,#11810,.T.);
#11810 = CIRCLE('',#11811,3.2);
#11811 = AXIS2_PLACEMENT_3D('',#11812,#11813,#11814);
#11812 = CARTESIAN_POINT('',(9.5,90.5,-74.29831544534));
#11813 = DIRECTION('',(0.,0.5,0.866025403784));
#11814 = DIRECTION('',(0.,0.866025403784,-0.5));
#11815 = ORIENTED_EDGE('',*,*,#11766,.F.);
#11816 = ORIENTED_EDGE('',*,*,#11817,.F.);
#11817 = EDGE_CURVE('',#11750,#11759,#11818,.T.);
#11818 = CIRCLE('',#11819,3.2);
#11819 = AXIS2_PLACEMENT_3D('',#11820,#11821,#11822);
#11820 = CARTESIAN_POINT('',(9.5,90.5,-74.29831544534));
#11821 = DIRECTION('',(0.,0.5,0.866025403784));
#11822 = DIRECTION('',(0.,0.866025403784,-0.5));
#11823 = ORIENTED_EDGE('',*,*,#11749,.F.);
#11824 = ORIENTED_EDGE('',*,*,#11800,.F.);
#11825 = ORIENTED_EDGE('',*,*,#11826,.T.);
#11826 = EDGE_CURVE('',#11801,#11801,#11827,.T.);
#11827 = CIRCLE('',#11828,2.8);
#11828 = AXIS2_PLACEMENT_3D('',#11829,#11830,#11831);
#11829 = CARTESIAN_POINT('',(9.5,90.3,-74.64472560686));
#11830 = DIRECTION('',(0.,0.5,0.866025403784));
#11831 = DIRECTION('',(0.,0.866025403784,-0.5));
#11832 = CONICAL_SURFACE('',#11833,2.8,0.785398163397);
#11833 = AXIS2_PLACEMENT_3D('',#11834,#11835,#11836);
#11834 = CARTESIAN_POINT('',(9.5,90.3,-74.64472560686));
#11835 = DIRECTION('',(0.,0.5,0.866025403784));
#11836 = DIRECTION('',(0.,0.866025403784,-0.5));
#11837 = ADVANCED_FACE('',(#11838),#11896,.T.);
#11838 = FACE_BOUND('',#11839,.T.);
#11839 = EDGE_LOOP('',(#11840,#11848,#11857,#11866,#11872,#11873,#11881,
    #11889,#11895));
#11840 = ORIENTED_EDGE('',*,*,#11841,.F.);
#11841 = EDGE_CURVE('',#11842,#11767,#11844,.T.);
#11842 = VERTEX_POINT('',#11843);
#11843 = CARTESIAN_POINT('',(12.5,85.022774424948,-71.13603778517));
#11844 = LINE('',#11845,#11846);
#11845 = CARTESIAN_POINT('',(12.5,75.526203813233,-65.65319018612));
#11846 = VECTOR('',#11847,1.);
#11847 = DIRECTION('',(0.,0.866025403784,-0.5));
#11848 = ORIENTED_EDGE('',*,*,#11849,.T.);
#11849 = EDGE_CURVE('',#11842,#11850,#11852,.T.);
#11850 = VERTEX_POINT('',#11851);
#11851 = CARTESIAN_POINT('',(9.5,96.562177826491,-77.79831544534));
#11852 = CIRCLE('',#11853,7.);
#11853 = AXIS2_PLACEMENT_3D('',#11854,#11855,#11856);
#11854 = CARTESIAN_POINT('',(9.5,90.5,-74.29831544534));
#11855 = DIRECTION('',(0.,0.5,0.866025403784));
#11856 = DIRECTION('',(0.,0.866025403784,-0.5));
#11857 = ORIENTED_EDGE('',*,*,#11858,.T.);
#11858 = EDGE_CURVE('',#11850,#11859,#11861,.T.);
#11859 = VERTEX_POINT('',#11860);
#11860 = CARTESIAN_POINT('',(6.5,85.022774424948,-71.13603778517));
#11861 = CIRCLE('',#11862,7.);
#11862 = AXIS2_PLACEMENT_3D('',#11863,#11864,#11865);
#11863 = CARTESIAN_POINT('',(9.5,90.5,-74.29831544534));
#11864 = DIRECTION('',(0.,0.5,0.866025403784));
#11865 = DIRECTION('',(0.,0.866025403784,-0.5));
#11866 = ORIENTED_EDGE('',*,*,#11867,.T.);
#11867 = EDGE_CURVE('',#11859,#11759,#11868,.T.);
#11868 = LINE('',#11869,#11870);
#11869 = CARTESIAN_POINT('',(6.5,75.526203813233,-65.65319018612));
#11870 = VECTOR('',#11871,1.);
#11871 = DIRECTION('',(0.,0.866025403784,-0.5));
#11872 = ORIENTED_EDGE('',*,*,#11817,.F.);
#11873 = ORIENTED_EDGE('',*,*,#11874,.T.);
#11874 = EDGE_CURVE('',#11750,#11875,#11877,.T.);
#11875 = VERTEX_POINT('',#11876);
#11876 = CARTESIAN_POINT('',(6.5,95.140556806349,-76.97754216668));
#11877 = LINE('',#11878,#11879);
#11878 = CARTESIAN_POINT('',(6.5,75.526203813233,-65.65319018612));
#11879 = VECTOR('',#11880,1.);
#11880 = DIRECTION('',(0.,0.866025403784,-0.5));
#11881 = ORIENTED_EDGE('',*,*,#11882,.T.);
#11882 = EDGE_CURVE('',#11875,#11883,#11885,.T.);
#11883 = VERTEX_POINT('',#11884);
#11884 = CARTESIAN_POINT('',(12.5,95.140556806349,-76.97754216668));
#11885 = LINE('',#11886,#11887);
#11886 = CARTESIAN_POINT('',(8.,95.140556806349,-76.97754216668));
#11887 = VECTOR('',#11888,1.);
#11888 = DIRECTION('',(1.,0.,-0.));
#11889 = ORIENTED_EDGE('',*,*,#11890,.F.);
#11890 = EDGE_CURVE('',#11739,#11883,#11891,.T.);
#11891 = LINE('',#11892,#11893);
#11892 = CARTESIAN_POINT('',(12.5,75.526203813233,-65.65319018612));
#11893 = VECTOR('',#11894,1.);
#11894 = DIRECTION('',(0.,0.866025403784,-0.5));
#11895 = ORIENTED_EDGE('',*,*,#11809,.F.);
#11896 = PLANE('',#11897);
#11897 = AXIS2_PLACEMENT_3D('',#11898,#11899,#11900);
#11898 = CARTESIAN_POINT('',(9.5,90.5,-74.29831544534));
#11899 = DIRECTION('',(0.,0.5,0.866025403784));
#11900 = DIRECTION('',(0.,0.866025403784,-0.5));
#11901 = ADVANCED_FACE('',(#11902,#11927),#11955,.T.);
#11902 = FACE_BOUND('',#11903,.T.);
#11903 = EDGE_LOOP('',(#11904,#11912,#11920,#11926));
#11904 = ORIENTED_EDGE('',*,*,#11905,.F.);
#11905 = EDGE_CURVE('',#11906,#11875,#11908,.T.);
#11906 = VERTEX_POINT('',#11907);
#11907 = CARTESIAN_POINT('',(6.5,68.6,17.));
#11908 = LINE('',#11909,#11910);
#11909 = CARTESIAN_POINT('',(6.5,68.6,17.));
#11910 = VECTOR('',#11911,1.);
#11911 = DIRECTION('',(0.,0.271783332376,-0.962358467642));
#11912 = ORIENTED_EDGE('',*,*,#11913,.T.);
#11913 = EDGE_CURVE('',#11906,#11914,#11916,.T.);
#11914 = VERTEX_POINT('',#11915);
#11915 = CARTESIAN_POINT('',(12.5,68.6,17.));
#11916 = LINE('',#11917,#11918);
#11917 = CARTESIAN_POINT('',(6.5,68.6,17.));
#11918 = VECTOR('',#11919,1.);
#11919 = DIRECTION('',(1.,0.,0.));
#11920 = ORIENTED_EDGE('',*,*,#11921,.T.);
#11921 = EDGE_CURVE('',#11914,#11883,#11922,.T.);
#11922 = LINE('',#11923,#11924);
#11923 = CARTESIAN_POINT('',(12.5,68.6,17.));
#11924 = VECTOR('',#11925,1.);
#11925 = DIRECTION('',(0.,0.271783332376,-0.962358467642));
#11926 = ORIENTED_EDGE('',*,*,#11882,.F.);
#11927 = FACE_BOUND('',#11928,.T.);
#11928 = EDGE_LOOP('',(#11929,#11940,#11948));
#11929 = ORIENTED_EDGE('',*,*,#11930,.F.);
#11930 = EDGE_CURVE('',#11931,#11933,#11935,.T.);
#11931 = VERTEX_POINT('',#11932);
#11932 = CARTESIAN_POINT('',(12.181752558897,92.802753695144,
    -68.69960768084));
#11933 = VERTEX_POINT('',#11934);
#11934 = CARTESIAN_POINT('',(9.5,94.170150675154,-73.54142800454));
#11935 = ELLIPSE('',#11936,3.907610118803,2.8);
#11936 = AXIS2_PLACEMENT_3D('',#11937,#11938,#11939);
#11937 = CARTESIAN_POINT('',(9.5,93.108127375441,-69.78090631847));
#11938 = DIRECTION('',(-0.,0.962358467642,0.271783332376));
#11939 = DIRECTION('',(0.,-0.271783332376,0.962358467642));
#11940 = ORIENTED_EDGE('',*,*,#11941,.F.);
#11941 = EDGE_CURVE('',#11942,#11931,#11944,.T.);
#11942 = VERTEX_POINT('',#11943);
#11943 = CARTESIAN_POINT('',(6.818247441103,92.802753695144,
    -68.69960768084));
#11944 = LINE('',#11945,#11946);
#11945 = CARTESIAN_POINT('',(8.,92.802753695144,-68.69960768084));
#11946 = VECTOR('',#11947,1.);
#11947 = DIRECTION('',(1.,0.,-0.));
#11948 = ORIENTED_EDGE('',*,*,#11949,.F.);
#11949 = EDGE_CURVE('',#11933,#11942,#11950,.T.);
#11950 = ELLIPSE('',#11951,3.907610118803,2.8);
#11951 = AXIS2_PLACEMENT_3D('',#11952,#11953,#11954);
#11952 = CARTESIAN_POINT('',(9.5,93.108127375441,-69.78090631847));
#11953 = DIRECTION('',(-0.,0.962358467642,0.271783332376));
#11954 = DIRECTION('',(0.,-0.271783332376,0.962358467642));
#11955 = PLANE('',#11956);
#11956 = AXIS2_PLACEMENT_3D('',#11957,#11958,#11959);
#11957 = CARTESIAN_POINT('',(6.5,68.6,17.));
#11958 = DIRECTION('',(-0.,0.962358467642,0.271783332376));
#11959 = DIRECTION('',(0.,0.271783332376,-0.962358467642));
#11960 = ADVANCED_FACE('',(#11961),#11980,.F.);
#11961 = FACE_BOUND('',#11962,.F.);
#11962 = EDGE_LOOP('',(#11963,#11970,#11971,#11977,#11978,#11979));
#11963 = ORIENTED_EDGE('',*,*,#11964,.F.);
#11964 = EDGE_CURVE('',#11942,#11931,#11965,.T.);
#11965 = CIRCLE('',#11966,2.8);
#11966 = AXIS2_PLACEMENT_3D('',#11967,#11968,#11969);
#11967 = CARTESIAN_POINT('',(9.5,93.5,-69.10216302264));
#11968 = DIRECTION('',(0.,0.5,0.866025403784));
#11969 = DIRECTION('',(0.,0.866025403784,-0.5));
#11970 = ORIENTED_EDGE('',*,*,#11949,.F.);
#11971 = ORIENTED_EDGE('',*,*,#11972,.F.);
#11972 = EDGE_CURVE('',#11784,#11933,#11973,.T.);
#11973 = LINE('',#11974,#11975);
#11974 = CARTESIAN_POINT('',(9.5,85.424871130596,-88.68869650211));
#11975 = VECTOR('',#11976,1.);
#11976 = DIRECTION('',(0.,0.5,0.866025403784));
#11977 = ORIENTED_EDGE('',*,*,#11783,.T.);
#11978 = ORIENTED_EDGE('',*,*,#11972,.T.);
#11979 = ORIENTED_EDGE('',*,*,#11930,.F.);
#11980 = CYLINDRICAL_SURFACE('',#11981,2.8);
#11981 = AXIS2_PLACEMENT_3D('',#11982,#11983,#11984);
#11982 = CARTESIAN_POINT('',(9.5,83.,-87.28869650211));
#11983 = DIRECTION('',(0.,0.5,0.866025403784));
#11984 = DIRECTION('',(0.,0.866025403784,-0.5));
#11985 = ADVANCED_FACE('',(#11986),#11990,.F.);
#11986 = FACE_BOUND('',#11987,.F.);
#11987 = EDGE_LOOP('',(#11988,#11989));
#11988 = ORIENTED_EDGE('',*,*,#11941,.F.);
#11989 = ORIENTED_EDGE('',*,*,#11964,.T.);
#11990 = PLANE('',#11991);
#11991 = AXIS2_PLACEMENT_3D('',#11992,#11993,#11994);
#11992 = CARTESIAN_POINT('',(9.5,93.5,-69.10216302264));
#11993 = DIRECTION('',(0.,0.5,0.866025403784));
#11994 = DIRECTION('',(0.,0.866025403784,-0.5));
#11995 = ADVANCED_FACE('',(#11996),#12024,.F.);
#11996 = FACE_BOUND('',#11997,.F.);
#11997 = EDGE_LOOP('',(#11998,#11999,#12007,#12016,#12023));
#11998 = ORIENTED_EDGE('',*,*,#11826,.F.);
#11999 = ORIENTED_EDGE('',*,*,#12000,.F.);
#12000 = EDGE_CURVE('',#12001,#11801,#12003,.T.);
#12001 = VERTEX_POINT('',#12002);
#12002 = CARTESIAN_POINT('',(9.5,86.624871130596,-86.61023553303));
#12003 = LINE('',#12004,#12005);
#12004 = CARTESIAN_POINT('',(9.5,85.424871130596,-88.68869650211));
#12005 = VECTOR('',#12006,1.);
#12006 = DIRECTION('',(0.,0.5,0.866025403784));
#12007 = ORIENTED_EDGE('',*,*,#12008,.F.);
#12008 = EDGE_CURVE('',#12009,#12001,#12011,.T.);
#12009 = VERTEX_POINT('',#12010);
#12010 = CARTESIAN_POINT('',(9.5,81.775128869404,-83.81023553303));
#12011 = CIRCLE('',#12012,2.8);
#12012 = AXIS2_PLACEMENT_3D('',#12013,#12014,#12015);
#12013 = CARTESIAN_POINT('',(9.5,84.2,-85.21023553303));
#12014 = DIRECTION('',(-0.,-0.5,-0.866025403784));
#12015 = DIRECTION('',(0.,-0.866025403784,0.5));
#12016 = ORIENTED_EDGE('',*,*,#12017,.F.);
#12017 = EDGE_CURVE('',#12001,#12009,#12018,.T.);
#12018 = CIRCLE('',#12019,2.8);
#12019 = AXIS2_PLACEMENT_3D('',#12020,#12021,#12022);
#12020 = CARTESIAN_POINT('',(9.5,84.2,-85.21023553303));
#12021 = DIRECTION('',(-0.,-0.5,-0.866025403784));
#12022 = DIRECTION('',(0.,-0.866025403784,0.5));
#12023 = ORIENTED_EDGE('',*,*,#12000,.T.);
#12024 = CYLINDRICAL_SURFACE('',#12025,2.8);
#12025 = AXIS2_PLACEMENT_3D('',#12026,#12027,#12028);
#12026 = CARTESIAN_POINT('',(9.5,83.,-87.28869650211));
#12027 = DIRECTION('',(0.,0.5,0.866025403784));
#12028 = DIRECTION('',(0.,0.866025403784,-0.5));
#12029 = ADVANCED_FACE('',(#12030),#12086,.F.);
#12030 = FACE_BOUND('',#12031,.F.);
#12031 = EDGE_LOOP('',(#12032,#12040,#12049,#12058,#12067,#12076,#12083,
    #12084,#12085));
#12032 = ORIENTED_EDGE('',*,*,#12033,.T.);
#12033 = EDGE_CURVE('',#12009,#12034,#12036,.T.);
#12034 = VERTEX_POINT('',#12035);
#12035 = CARTESIAN_POINT('',(9.5,81.22871870789,-83.95664569454));
#12036 = LINE('',#12037,#12038);
#12037 = CARTESIAN_POINT('',(9.5,81.775128869404,-83.81023553303));
#12038 = VECTOR('',#12039,1.);
#12039 = DIRECTION('',(1.731912112471E-16,-0.965925826289,
    -0.258819045103));
#12040 = ORIENTED_EDGE('',*,*,#12041,.F.);
#12041 = EDGE_CURVE('',#12042,#12034,#12044,.T.);
#12042 = VERTEX_POINT('',#12043);
#12043 = CARTESIAN_POINT('',(12.5,83.035634923901,-84.99986925826));
#12044 = CIRCLE('',#12045,3.2);
#12045 = AXIS2_PLACEMENT_3D('',#12046,#12047,#12048);
#12046 = CARTESIAN_POINT('',(9.5,84.,-85.55664569454));
#12047 = DIRECTION('',(-0.,-0.5,-0.866025403784));
#12048 = DIRECTION('',(0.,-0.866025403784,0.5));
#12049 = ORIENTED_EDGE('',*,*,#12050,.F.);
#12050 = EDGE_CURVE('',#12051,#12042,#12053,.T.);
#12051 = VERTEX_POINT('',#12052);
#12052 = CARTESIAN_POINT('',(12.5,84.964365076099,-86.11342213082));
#12053 = CIRCLE('',#12054,3.2);
#12054 = AXIS2_PLACEMENT_3D('',#12055,#12056,#12057);
#12055 = CARTESIAN_POINT('',(9.5,84.,-85.55664569454));
#12056 = DIRECTION('',(-0.,-0.5,-0.866025403784));
#12057 = DIRECTION('',(0.,-0.866025403784,0.5));
#12058 = ORIENTED_EDGE('',*,*,#12059,.F.);
#12059 = EDGE_CURVE('',#12060,#12051,#12062,.T.);
#12060 = VERTEX_POINT('',#12061);
#12061 = CARTESIAN_POINT('',(6.5,84.964365076099,-86.11342213082));
#12062 = CIRCLE('',#12063,3.2);
#12063 = AXIS2_PLACEMENT_3D('',#12064,#12065,#12066);
#12064 = CARTESIAN_POINT('',(9.5,84.,-85.55664569454));
#12065 = DIRECTION('',(-0.,-0.5,-0.866025403784));
#12066 = DIRECTION('',(0.,-0.866025403784,0.5));
#12067 = ORIENTED_EDGE('',*,*,#12068,.F.);
#12068 = EDGE_CURVE('',#12069,#12060,#12071,.T.);
#12069 = VERTEX_POINT('',#12070);
#12070 = CARTESIAN_POINT('',(6.5,83.035634923901,-84.99986925826));
#12071 = CIRCLE('',#12072,3.2);
#12072 = AXIS2_PLACEMENT_3D('',#12073,#12074,#12075);
#12073 = CARTESIAN_POINT('',(9.5,84.,-85.55664569454));
#12074 = DIRECTION('',(-0.,-0.5,-0.866025403784));
#12075 = DIRECTION('',(0.,-0.866025403784,0.5));
#12076 = ORIENTED_EDGE('',*,*,#12077,.F.);
#12077 = EDGE_CURVE('',#12034,#12069,#12078,.T.);
#12078 = CIRCLE('',#12079,3.2);
#12079 = AXIS2_PLACEMENT_3D('',#12080,#12081,#12082);
#12080 = CARTESIAN_POINT('',(9.5,84.,-85.55664569454));
#12081 = DIRECTION('',(-0.,-0.5,-0.866025403784));
#12082 = DIRECTION('',(0.,-0.866025403784,0.5));
#12083 = ORIENTED_EDGE('',*,*,#12033,.F.);
#12084 = ORIENTED_EDGE('',*,*,#12008,.T.);
#12085 = ORIENTED_EDGE('',*,*,#12017,.T.);
#12086 = CONICAL_SURFACE('',#12087,2.8,0.785398163397);
#12087 = AXIS2_PLACEMENT_3D('',#12088,#12089,#12090);
#12088 = CARTESIAN_POINT('',(9.5,84.2,-85.21023553303));
#12089 = DIRECTION('',(-0.,-0.5,-0.866025403784));
#12090 = DIRECTION('',(0.,-0.866025403784,0.5));
#12091 = ADVANCED_FACE('',(#12092),#12136,.T.);
#12092 = FACE_BOUND('',#12093,.T.);
#12093 = EDGE_LOOP('',(#12094,#12102,#12103,#12104,#12105,#12106,#12114,
    #12122,#12130));
#12094 = ORIENTED_EDGE('',*,*,#12095,.T.);
#12095 = EDGE_CURVE('',#12096,#11906,#12098,.T.);
#12096 = VERTEX_POINT('',#12097);
#12097 = CARTESIAN_POINT('',(6.5,54.6,17.));
#12098 = LINE('',#12099,#12100);
#12099 = CARTESIAN_POINT('',(6.5,54.6,17.));
#12100 = VECTOR('',#12101,1.);
#12101 = DIRECTION('',(0.,1.,0.));
#12102 = ORIENTED_EDGE('',*,*,#11905,.T.);
#12103 = ORIENTED_EDGE('',*,*,#11874,.F.);
#12104 = ORIENTED_EDGE('',*,*,#11758,.F.);
#12105 = ORIENTED_EDGE('',*,*,#11867,.F.);
#12106 = ORIENTED_EDGE('',*,*,#12107,.F.);
#12107 = EDGE_CURVE('',#12108,#11859,#12110,.T.);
#12108 = VERTEX_POINT('',#12109);
#12109 = CARTESIAN_POINT('',(6.5,78.522774424948,-82.39436803437));
#12110 = LINE('',#12111,#12112);
#12111 = CARTESIAN_POINT('',(6.5,78.522774424948,-82.39436803437));
#12112 = VECTOR('',#12113,1.);
#12113 = DIRECTION('',(0.,0.5,0.866025403784));
#12114 = ORIENTED_EDGE('',*,*,#12115,.T.);
#12115 = EDGE_CURVE('',#12108,#12116,#12118,.T.);
#12116 = VERTEX_POINT('',#12117);
#12117 = CARTESIAN_POINT('',(6.5,78.,-82.0925440794));
#12118 = LINE('',#12119,#12120);
#12119 = CARTESIAN_POINT('',(6.5,90.,-89.02074730968));
#12120 = VECTOR('',#12121,1.);
#12121 = DIRECTION('',(0.,-0.866025403784,0.5));
#12122 = ORIENTED_EDGE('',*,*,#12123,.T.);
#12123 = EDGE_CURVE('',#12116,#12124,#12126,.T.);
#12124 = VERTEX_POINT('',#12125);
#12125 = CARTESIAN_POINT('',(6.5,54.6,-15.));
#12126 = LINE('',#12127,#12128);
#12127 = CARTESIAN_POINT('',(6.5,78.,-82.0925440794));
#12128 = VECTOR('',#12129,1.);
#12129 = DIRECTION('',(0.,-0.329317253734,0.94421933172));
#12130 = ORIENTED_EDGE('',*,*,#12131,.T.);
#12131 = EDGE_CURVE('',#12124,#12096,#12132,.T.);
#12132 = LINE('',#12133,#12134);
#12133 = CARTESIAN_POINT('',(6.5,54.6,-15.));
#12134 = VECTOR('',#12135,1.);
#12135 = DIRECTION('',(0.,0.,1.));
#12136 = PLANE('',#12137);
#12137 = AXIS2_PLACEMENT_3D('',#12138,#12139,#12140);
#12138 = CARTESIAN_POINT('',(6.5,72.827180523274,-33.42059439457));
#12139 = DIRECTION('',(-1.,-0.,-0.));
#12140 = DIRECTION('',(0.,0.,-1.));
#12141 = ADVANCED_FACE('',(#12142),#12184,.T.);
#12142 = FACE_BOUND('',#12143,.T.);
#12143 = EDGE_LOOP('',(#12144,#12145,#12153,#12162,#12170,#12178));
#12144 = ORIENTED_EDGE('',*,*,#12123,.F.);
#12145 = ORIENTED_EDGE('',*,*,#12146,.T.);
#12146 = EDGE_CURVE('',#12116,#12147,#12149,.T.);
#12147 = VERTEX_POINT('',#12148);
#12148 = CARTESIAN_POINT('',(8.5,78.,-82.0925440794));
#12149 = LINE('',#12150,#12151);
#12150 = CARTESIAN_POINT('',(6.5,78.,-82.0925440794));
#12151 = VECTOR('',#12152,1.);
#12152 = DIRECTION('',(1.,0.,0.));
#12153 = ORIENTED_EDGE('',*,*,#12154,.F.);
#12154 = EDGE_CURVE('',#12155,#12147,#12157,.T.);
#12155 = VERTEX_POINT('',#12156);
#12156 = CARTESIAN_POINT('',(10.5,78.,-82.0925440794));
#12157 = ELLIPSE('',#12158,9.243281910273,7.);
#12158 = AXIS2_PLACEMENT_3D('',#12159,#12160,#12161);
#12159 = CARTESIAN_POINT('',(9.5,81.01275116102,-90.7307124585));
#12160 = DIRECTION('',(0.,-0.94421933172,-0.329317253734));
#12161 = DIRECTION('',(0.,-0.329317253734,0.94421933172));
#12162 = ORIENTED_EDGE('',*,*,#12163,.T.);
#12163 = EDGE_CURVE('',#12155,#12164,#12166,.T.);
#12164 = VERTEX_POINT('',#12165);
#12165 = CARTESIAN_POINT('',(12.5,78.,-82.0925440794));
#12166 = LINE('',#12167,#12168);
#12167 = CARTESIAN_POINT('',(6.5,78.,-82.0925440794));
#12168 = VECTOR('',#12169,1.);
#12169 = DIRECTION('',(1.,0.,0.));
#12170 = ORIENTED_EDGE('',*,*,#12171,.T.);
#12171 = EDGE_CURVE('',#12164,#12172,#12174,.T.);
#12172 = VERTEX_POINT('',#12173);
#12173 = CARTESIAN_POINT('',(12.5,54.6,-15.));
#12174 = LINE('',#12175,#12176);
#12175 = CARTESIAN_POINT('',(12.5,78.,-82.0925440794));
#12176 = VECTOR('',#12177,1.);
#12177 = DIRECTION('',(0.,-0.329317253734,0.94421933172));
#12178 = ORIENTED_EDGE('',*,*,#12179,.F.);
#12179 = EDGE_CURVE('',#12124,#12172,#12180,.T.);
#12180 = LINE('',#12181,#12182);
#12181 = CARTESIAN_POINT('',(6.5,54.6,-15.));
#12182 = VECTOR('',#12183,1.);
#12183 = DIRECTION('',(1.,0.,0.));
#12184 = PLANE('',#12185);
#12185 = AXIS2_PLACEMENT_3D('',#12186,#12187,#12188);
#12186 = CARTESIAN_POINT('',(6.5,78.,-82.0925440794));
#12187 = DIRECTION('',(0.,-0.94421933172,-0.329317253734));
#12188 = DIRECTION('',(0.,-0.329317253734,0.94421933172));
#12189 = ADVANCED_FACE('',(#12190),#12200,.T.);
#12190 = FACE_BOUND('',#12191,.T.);
#12191 = EDGE_LOOP('',(#12192,#12193));
#12192 = ORIENTED_EDGE('',*,*,#12154,.T.);
#12193 = ORIENTED_EDGE('',*,*,#12194,.T.);
#12194 = EDGE_CURVE('',#12147,#12155,#12195,.T.);
#12195 = CIRCLE('',#12196,7.);
#12196 = AXIS2_PLACEMENT_3D('',#12197,#12198,#12199);
#12197 = CARTESIAN_POINT('',(9.5,84.,-85.55664569454));
#12198 = DIRECTION('',(0.,0.5,0.866025403784));
#12199 = DIRECTION('',(0.,0.866025403784,-0.5));
#12200 = CYLINDRICAL_SURFACE('',#12201,7.);
#12201 = AXIS2_PLACEMENT_3D('',#12202,#12203,#12204);
#12202 = CARTESIAN_POINT('',(9.5,84.,-85.55664569454));
#12203 = DIRECTION('',(0.,0.5,0.866025403784));
#12204 = DIRECTION('',(0.,0.866025403784,-0.5));
#12205 = ADVANCED_FACE('',(#12206,#12224),#12258,.T.);
#12206 = FACE_BOUND('',#12207,.T.);
#12207 = EDGE_LOOP('',(#12208,#12209,#12210,#12218));
#12208 = ORIENTED_EDGE('',*,*,#12131,.F.);
#12209 = ORIENTED_EDGE('',*,*,#12179,.T.);
#12210 = ORIENTED_EDGE('',*,*,#12211,.T.);
#12211 = EDGE_CURVE('',#12172,#12212,#12214,.T.);
#12212 = VERTEX_POINT('',#12213);
#12213 = CARTESIAN_POINT('',(12.5,54.6,17.));
#12214 = LINE('',#12215,#12216);
#12215 = CARTESIAN_POINT('',(12.5,54.6,-15.));
#12216 = VECTOR('',#12217,1.);
#12217 = DIRECTION('',(0.,0.,1.));
#12218 = ORIENTED_EDGE('',*,*,#12219,.F.);
#12219 = EDGE_CURVE('',#12096,#12212,#12220,.T.);
#12220 = LINE('',#12221,#12222);
#12221 = CARTESIAN_POINT('',(6.5,54.6,17.));
#12222 = VECTOR('',#12223,1.);
#12223 = DIRECTION('',(1.,0.,0.));
#12224 = FACE_BOUND('',#12225,.T.);
#12225 = EDGE_LOOP('',(#12226,#12236,#12244,#12252));
#12226 = ORIENTED_EDGE('',*,*,#12227,.T.);
#12227 = EDGE_CURVE('',#12228,#12230,#12232,.T.);
#12228 = VERTEX_POINT('',#12229);
#12229 = CARTESIAN_POINT('',(12.,54.6,-5.7));
#12230 = VERTEX_POINT('',#12231);
#12231 = CARTESIAN_POINT('',(7.,54.6,-5.7));
#12232 = LINE('',#12233,#12234);
#12233 = CARTESIAN_POINT('',(6.75,54.6,-5.7));
#12234 = VECTOR('',#12235,1.);
#12235 = DIRECTION('',(-1.,0.,0.));
#12236 = ORIENTED_EDGE('',*,*,#12237,.T.);
#12237 = EDGE_CURVE('',#12230,#12238,#12240,.T.);
#12238 = VERTEX_POINT('',#12239);
#12239 = CARTESIAN_POINT('',(7.,54.6,-2.3));
#12240 = LINE('',#12241,#12242);
#12241 = CARTESIAN_POINT('',(7.,54.6,-10.35));
#12242 = VECTOR('',#12243,1.);
#12243 = DIRECTION('',(0.,0.,1.));
#12244 = ORIENTED_EDGE('',*,*,#12245,.F.);
#12245 = EDGE_CURVE('',#12246,#12238,#12248,.T.);
#12246 = VERTEX_POINT('',#12247);
#12247 = CARTESIAN_POINT('',(12.,54.6,-2.3));
#12248 = LINE('',#12249,#12250);
#12249 = CARTESIAN_POINT('',(6.75,54.6,-2.3));
#12250 = VECTOR('',#12251,1.);
#12251 = DIRECTION('',(-1.,0.,0.));
#12252 = ORIENTED_EDGE('',*,*,#12253,.F.);
#12253 = EDGE_CURVE('',#12228,#12246,#12254,.T.);
#12254 = LINE('',#12255,#12256);
#12255 = CARTESIAN_POINT('',(12.,54.6,-10.35));
#12256 = VECTOR('',#12257,1.);
#12257 = DIRECTION('',(0.,0.,1.));
#12258 = PLANE('',#12259);
#12259 = AXIS2_PLACEMENT_3D('',#12260,#12261,#12262);
#12260 = CARTESIAN_POINT('',(9.5,54.6,1.));
#12261 = DIRECTION('',(-0.,-1.,-0.));
#12262 = DIRECTION('',(0.,0.,-1.));
#12263 = ADVANCED_FACE('',(#12264),#12289,.T.);
#12264 = FACE_BOUND('',#12265,.T.);
#12265 = EDGE_LOOP('',(#12266,#12274,#12282,#12288));
#12266 = ORIENTED_EDGE('',*,*,#12267,.F.);
#12267 = EDGE_CURVE('',#12268,#12238,#12270,.T.);
#12268 = VERTEX_POINT('',#12269);
#12269 = CARTESIAN_POINT('',(7.,-1.,-2.3));
#12270 = LINE('',#12271,#12272);
#12271 = CARTESIAN_POINT('',(7.,-1.,-2.3));
#12272 = VECTOR('',#12273,1.);
#12273 = DIRECTION('',(-0.,1.,0.));
#12274 = ORIENTED_EDGE('',*,*,#12275,.T.);
#12275 = EDGE_CURVE('',#12268,#12276,#12278,.T.);
#12276 = VERTEX_POINT('',#12277);
#12277 = CARTESIAN_POINT('',(12.,-1.,-2.3));
#12278 = LINE('',#12279,#12280);
#12279 = CARTESIAN_POINT('',(7.,-1.,-2.3));
#12280 = VECTOR('',#12281,1.);
#12281 = DIRECTION('',(1.,0.,-0.));
#12282 = ORIENTED_EDGE('',*,*,#12283,.T.);
#12283 = EDGE_CURVE('',#12276,#12246,#12284,.T.);
#12284 = LINE('',#12285,#12286);
#12285 = CARTESIAN_POINT('',(12.,-1.,-2.3));
#12286 = VECTOR('',#12287,1.);
#12287 = DIRECTION('',(-0.,1.,0.));
#12288 = ORIENTED_EDGE('',*,*,#12245,.T.);
#12289 = PLANE('',#12290);
#12290 = AXIS2_PLACEMENT_3D('',#12291,#12292,#12293);
#12291 = CARTESIAN_POINT('',(7.,-1.,-2.3));
#12292 = DIRECTION('',(0.,0.,1.));
#12293 = DIRECTION('',(1.,0.,-0.));
#12294 = ADVANCED_FACE('',(#12295),#12320,.F.);
#12295 = FACE_BOUND('',#12296,.F.);
#12296 = EDGE_LOOP('',(#12297,#12307,#12313,#12314));
#12297 = ORIENTED_EDGE('',*,*,#12298,.F.);
#12298 = EDGE_CURVE('',#12299,#12301,#12303,.T.);
#12299 = VERTEX_POINT('',#12300);
#12300 = CARTESIAN_POINT('',(7.,-1.,-4.3));
#12301 = VERTEX_POINT('',#12302);
#12302 = CARTESIAN_POINT('',(12.,-1.,-4.3));
#12303 = LINE('',#12304,#12305);
#12304 = CARTESIAN_POINT('',(7.,-1.,-4.3));
#12305 = VECTOR('',#12306,1.);
#12306 = DIRECTION('',(1.,0.,-0.));
#12307 = ORIENTED_EDGE('',*,*,#12308,.T.);
#12308 = EDGE_CURVE('',#12299,#12268,#12309,.T.);
#12309 = LINE('',#12310,#12311);
#12310 = CARTESIAN_POINT('',(7.,-1.,-5.7));
#12311 = VECTOR('',#12312,1.);
#12312 = DIRECTION('',(0.,0.,1.));
#12313 = ORIENTED_EDGE('',*,*,#12275,.T.);
#12314 = ORIENTED_EDGE('',*,*,#12315,.F.);
#12315 = EDGE_CURVE('',#12301,#12276,#12316,.T.);
#12316 = LINE('',#12317,#12318);
#12317 = CARTESIAN_POINT('',(12.,-1.,-5.7));
#12318 = VECTOR('',#12319,1.);
#12319 = DIRECTION('',(0.,0.,1.));
#12320 = PLANE('',#12321);
#12321 = AXIS2_PLACEMENT_3D('',#12322,#12323,#12324);
#12322 = CARTESIAN_POINT('',(7.,-1.,-5.7));
#12323 = DIRECTION('',(-0.,1.,0.));
#12324 = DIRECTION('',(0.,0.,1.));
#12325 = ADVANCED_FACE('',(#12326),#12351,.T.);
#12326 = FACE_BOUND('',#12327,.T.);
#12327 = EDGE_LOOP('',(#12328,#12336,#12344,#12350));
#12328 = ORIENTED_EDGE('',*,*,#12329,.F.);
#12329 = EDGE_CURVE('',#12330,#12299,#12332,.T.);
#12330 = VERTEX_POINT('',#12331);
#12331 = CARTESIAN_POINT('',(7.,-5.6,-4.3));
#12332 = LINE('',#12333,#12334);
#12333 = CARTESIAN_POINT('',(7.,-22.,-4.3));
#12334 = VECTOR('',#12335,1.);
#12335 = DIRECTION('',(-0.,1.,0.));
#12336 = ORIENTED_EDGE('',*,*,#12337,.T.);
#12337 = EDGE_CURVE('',#12330,#12338,#12340,.T.);
#12338 = VERTEX_POINT('',#12339);
#12339 = CARTESIAN_POINT('',(12.,-5.6,-4.3));
#12340 = LINE('',#12341,#12342);
#12341 = CARTESIAN_POINT('',(7.,-5.6,-4.3));
#12342 = VECTOR('',#12343,1.);
#12343 = DIRECTION('',(1.,0.,0.));
#12344 = ORIENTED_EDGE('',*,*,#12345,.T.);
#12345 = EDGE_CURVE('',#12338,#12301,#12346,.T.);
#12346 = LINE('',#12347,#12348);
#12347 = CARTESIAN_POINT('',(12.,-22.,-4.3));
#12348 = VECTOR('',#12349,1.);
#12349 = DIRECTION('',(-0.,1.,0.));
#12350 = ORIENTED_EDGE('',*,*,#12298,.F.);
#12351 = PLANE('',#12352);
#12352 = AXIS2_PLACEMENT_3D('',#12353,#12354,#12355);
#12353 = CARTESIAN_POINT('',(7.,-22.,-4.3));
#12354 = DIRECTION('',(0.,0.,1.));
#12355 = DIRECTION('',(1.,0.,-0.));
#12356 = ADVANCED_FACE('',(#12357),#12382,.T.);
#12357 = FACE_BOUND('',#12358,.T.);
#12358 = EDGE_LOOP('',(#12359,#12369,#12375,#12376));
#12359 = ORIENTED_EDGE('',*,*,#12360,.T.);
#12360 = EDGE_CURVE('',#12361,#12363,#12365,.T.);
#12361 = VERTEX_POINT('',#12362);
#12362 = CARTESIAN_POINT('',(7.,-5.6,-0.6));
#12363 = VERTEX_POINT('',#12364);
#12364 = CARTESIAN_POINT('',(12.,-5.6,-0.6));
#12365 = LINE('',#12366,#12367);
#12366 = CARTESIAN_POINT('',(7.,-5.6,-0.6));
#12367 = VECTOR('',#12368,1.);
#12368 = DIRECTION('',(1.,0.,0.));
#12369 = ORIENTED_EDGE('',*,*,#12370,.T.);
#12370 = EDGE_CURVE('',#12363,#12338,#12371,.T.);
#12371 = LINE('',#12372,#12373);
#12372 = CARTESIAN_POINT('',(12.,-5.6,-0.6));
#12373 = VECTOR('',#12374,1.);
#12374 = DIRECTION('',(0.,0.,-1.));
#12375 = ORIENTED_EDGE('',*,*,#12337,.F.);
#12376 = ORIENTED_EDGE('',*,*,#12377,.F.);
#12377 = EDGE_CURVE('',#12361,#12330,#12378,.T.);
#12378 = LINE('',#12379,#12380);
#12379 = CARTESIAN_POINT('',(7.,-5.6,-0.6));
#12380 = VECTOR('',#12381,1.);
#12381 = DIRECTION('',(0.,0.,-1.));
#12382 = PLANE('',#12383);
#12383 = AXIS2_PLACEMENT_3D('',#12384,#12385,#12386);
#12384 = CARTESIAN_POINT('',(7.,-5.6,-0.6));
#12385 = DIRECTION('',(-0.,1.,0.));
#12386 = DIRECTION('',(0.,0.,-1.));
#12387 = ADVANCED_FACE('',(#12388),#12413,.T.);
#12388 = FACE_BOUND('',#12389,.T.);
#12389 = EDGE_LOOP('',(#12390,#12400,#12406,#12407));
#12390 = ORIENTED_EDGE('',*,*,#12391,.T.);
#12391 = EDGE_CURVE('',#12392,#12394,#12396,.T.);
#12392 = VERTEX_POINT('',#12393);
#12393 = CARTESIAN_POINT('',(7.,-9.,-0.6));
#12394 = VERTEX_POINT('',#12395);
#12395 = CARTESIAN_POINT('',(12.,-9.,-0.6));
#12396 = LINE('',#12397,#12398);
#12397 = CARTESIAN_POINT('',(7.,-9.,-0.6));
#12398 = VECTOR('',#12399,1.);
#12399 = DIRECTION('',(1.,0.,0.));
#12400 = ORIENTED_EDGE('',*,*,#12401,.T.);
#12401 = EDGE_CURVE('',#12394,#12363,#12402,.T.);
#12402 = LINE('',#12403,#12404);
#12403 = CARTESIAN_POINT('',(12.,-9.,-0.6));
#12404 = VECTOR('',#12405,1.);
#12405 = DIRECTION('',(0.,1.,0.));
#12406 = ORIENTED_EDGE('',*,*,#12360,.F.);
#12407 = ORIENTED_EDGE('',*,*,#12408,.F.);
#12408 = EDGE_CURVE('',#12392,#12361,#12409,.T.);
#12409 = LINE('',#12410,#12411);
#12410 = CARTESIAN_POINT('',(7.,-9.,-0.6));
#12411 = VECTOR('',#12412,1.);
#12412 = DIRECTION('',(0.,1.,0.));
#12413 = PLANE('',#12414);
#12414 = AXIS2_PLACEMENT_3D('',#12415,#12416,#12417);
#12415 = CARTESIAN_POINT('',(7.,-9.,-0.6));
#12416 = DIRECTION('',(0.,0.,1.));
#12417 = DIRECTION('',(0.,1.,0.));
#12418 = ADVANCED_FACE('',(#12419),#12444,.T.);
#12419 = FACE_BOUND('',#12420,.T.);
#12420 = EDGE_LOOP('',(#12421,#12429,#12437,#12443));
#12421 = ORIENTED_EDGE('',*,*,#12422,.F.);
#12422 = EDGE_CURVE('',#12423,#12392,#12425,.T.);
#12423 = VERTEX_POINT('',#12424);
#12424 = CARTESIAN_POINT('',(7.,-10.,-1.216666666667));
#12425 = LINE('',#12426,#12427);
#12426 = CARTESIAN_POINT('',(7.,-15.,-4.3));
#12427 = VECTOR('',#12428,1.);
#12428 = DIRECTION('',(0.,0.851170869724,0.524888702996));
#12429 = ORIENTED_EDGE('',*,*,#12430,.F.);
#12430 = EDGE_CURVE('',#12431,#12423,#12433,.T.);
#12431 = VERTEX_POINT('',#12432);
#12432 = CARTESIAN_POINT('',(12.,-10.,-1.216666666667));
#12433 = LINE('',#12434,#12435);
#12434 = CARTESIAN_POINT('',(2.75,-10.,-1.216666666667));
#12435 = VECTOR('',#12436,1.);
#12436 = DIRECTION('',(-1.,-0.,0.));
#12437 = ORIENTED_EDGE('',*,*,#12438,.T.);
#12438 = EDGE_CURVE('',#12431,#12394,#12439,.T.);
#12439 = LINE('',#12440,#12441);
#12440 = CARTESIAN_POINT('',(12.,-15.,-4.3));
#12441 = VECTOR('',#12442,1.);
#12442 = DIRECTION('',(0.,0.851170869724,0.524888702996));
#12443 = ORIENTED_EDGE('',*,*,#12391,.F.);
#12444 = PLANE('',#12445);
#12445 = AXIS2_PLACEMENT_3D('',#12446,#12447,#12448);
#12446 = CARTESIAN_POINT('',(7.,-15.,-4.3));
#12447 = DIRECTION('',(0.,-0.524888702996,0.851170869724));
#12448 = DIRECTION('',(0.,0.851170869724,0.524888702996));
#12449 = ADVANCED_FACE('',(#12450),#12475,.F.);
#12450 = FACE_BOUND('',#12451,.F.);
#12451 = EDGE_LOOP('',(#12452,#12462,#12468,#12469));
#12452 = ORIENTED_EDGE('',*,*,#12453,.F.);
#12453 = EDGE_CURVE('',#12454,#12456,#12458,.T.);
#12454 = VERTEX_POINT('',#12455);
#12455 = CARTESIAN_POINT('',(7.,-10.,-1.3));
#12456 = VERTEX_POINT('',#12457);
#12457 = CARTESIAN_POINT('',(12.,-10.,-1.3));
#12458 = LINE('',#12459,#12460);
#12459 = CARTESIAN_POINT('',(-1.5,-10.,-1.3));
#12460 = VECTOR('',#12461,1.);
#12461 = DIRECTION('',(1.,0.,-0.));
#12462 = ORIENTED_EDGE('',*,*,#12463,.F.);
#12463 = EDGE_CURVE('',#12423,#12454,#12464,.T.);
#12464 = LINE('',#12465,#12466);
#12465 = CARTESIAN_POINT('',(7.,-10.,-2.110677662303));
#12466 = VECTOR('',#12467,1.);
#12467 = DIRECTION('',(0.,0.,-1.));
#12468 = ORIENTED_EDGE('',*,*,#12430,.F.);
#12469 = ORIENTED_EDGE('',*,*,#12470,.T.);
#12470 = EDGE_CURVE('',#12431,#12456,#12471,.T.);
#12471 = LINE('',#12472,#12473);
#12472 = CARTESIAN_POINT('',(12.,-10.,-2.110677662303));
#12473 = VECTOR('',#12474,1.);
#12474 = DIRECTION('',(0.,0.,-1.));
#12475 = PLANE('',#12476);
#12476 = AXIS2_PLACEMENT_3D('',#12477,#12478,#12479);
#12477 = CARTESIAN_POINT('',(-1.5,-10.,-1.3));
#12478 = DIRECTION('',(-0.,1.,0.));
#12479 = DIRECTION('',(0.,0.,1.));
#12480 = ADVANCED_FACE('',(#12481),#12506,.T.);
#12481 = FACE_BOUND('',#12482,.T.);
#12482 = EDGE_LOOP('',(#12483,#12484,#12492,#12500));
#12483 = ORIENTED_EDGE('',*,*,#12453,.F.);
#12484 = ORIENTED_EDGE('',*,*,#12485,.F.);
#12485 = EDGE_CURVE('',#12486,#12454,#12488,.T.);
#12486 = VERTEX_POINT('',#12487);
#12487 = CARTESIAN_POINT('',(7.,-10.13513513513,-1.3));
#12488 = LINE('',#12489,#12490);
#12489 = CARTESIAN_POINT('',(7.,-11.31863917742,-1.3));
#12490 = VECTOR('',#12491,1.);
#12491 = DIRECTION('',(0.,1.,0.));
#12492 = ORIENTED_EDGE('',*,*,#12493,.F.);
#12493 = EDGE_CURVE('',#12494,#12486,#12496,.T.);
#12494 = VERTEX_POINT('',#12495);
#12495 = CARTESIAN_POINT('',(12.,-10.13513513513,-1.3));
#12496 = LINE('',#12497,#12498);
#12497 = CARTESIAN_POINT('',(2.75,-10.13513513513,-1.3));
#12498 = VECTOR('',#12499,1.);
#12499 = DIRECTION('',(-1.,0.,0.));
#12500 = ORIENTED_EDGE('',*,*,#12501,.T.);
#12501 = EDGE_CURVE('',#12494,#12456,#12502,.T.);
#12502 = LINE('',#12503,#12504);
#12503 = CARTESIAN_POINT('',(12.,-11.31863917742,-1.3));
#12504 = VECTOR('',#12505,1.);
#12505 = DIRECTION('',(0.,1.,0.));
#12506 = PLANE('',#12507);
#12507 = AXIS2_PLACEMENT_3D('',#12508,#12509,#12510);
#12508 = CARTESIAN_POINT('',(-1.5,-13.,-1.3));
#12509 = DIRECTION('',(0.,0.,1.));
#12510 = DIRECTION('',(1.,0.,-0.));
#12511 = ADVANCED_FACE('',(#12512),#12537,.T.);
#12512 = FACE_BOUND('',#12513,.T.);
#12513 = EDGE_LOOP('',(#12514,#12522,#12530,#12536));
#12514 = ORIENTED_EDGE('',*,*,#12515,.F.);
#12515 = EDGE_CURVE('',#12516,#12486,#12518,.T.);
#12516 = VERTEX_POINT('',#12517);
#12517 = CARTESIAN_POINT('',(7.,-11.75675675675,-2.3));
#12518 = LINE('',#12519,#12520);
#12519 = CARTESIAN_POINT('',(7.,-15.,-4.3));
#12520 = VECTOR('',#12521,1.);
#12521 = DIRECTION('',(0.,0.851170869724,0.524888702996));
#12522 = ORIENTED_EDGE('',*,*,#12523,.F.);
#12523 = EDGE_CURVE('',#12524,#12516,#12526,.T.);
#12524 = VERTEX_POINT('',#12525);
#12525 = CARTESIAN_POINT('',(12.,-11.75675675675,-2.3));
#12526 = LINE('',#12527,#12528);
#12527 = CARTESIAN_POINT('',(7.,-11.75675675675,-2.3));
#12528 = VECTOR('',#12529,1.);
#12529 = DIRECTION('',(-1.,0.,0.));
#12530 = ORIENTED_EDGE('',*,*,#12531,.T.);
#12531 = EDGE_CURVE('',#12524,#12494,#12532,.T.);
#12532 = LINE('',#12533,#12534);
#12533 = CARTESIAN_POINT('',(12.,-15.,-4.3));
#12534 = VECTOR('',#12535,1.);
#12535 = DIRECTION('',(0.,0.851170869724,0.524888702996));
#12536 = ORIENTED_EDGE('',*,*,#12493,.T.);
#12537 = PLANE('',#12538);
#12538 = AXIS2_PLACEMENT_3D('',#12539,#12540,#12541);
#12539 = CARTESIAN_POINT('',(7.,-15.,-4.3));
#12540 = DIRECTION('',(0.,-0.524888702996,0.851170869724));
#12541 = DIRECTION('',(0.,0.851170869724,0.524888702996));
#12542 = ADVANCED_FACE('',(#12543),#12554,.T.);
#12543 = FACE_BOUND('',#12544,.T.);
#12544 = EDGE_LOOP('',(#12545,#12546,#12547,#12553));
#12545 = ORIENTED_EDGE('',*,*,#12095,.F.);
#12546 = ORIENTED_EDGE('',*,*,#12219,.T.);
#12547 = ORIENTED_EDGE('',*,*,#12548,.T.);
#12548 = EDGE_CURVE('',#12212,#11914,#12549,.T.);
#12549 = LINE('',#12550,#12551);
#12550 = CARTESIAN_POINT('',(12.5,54.6,17.));
#12551 = VECTOR('',#12552,1.);
#12552 = DIRECTION('',(0.,1.,0.));
#12553 = ORIENTED_EDGE('',*,*,#11913,.F.);
#12554 = PLANE('',#12555);
#12555 = AXIS2_PLACEMENT_3D('',#12556,#12557,#12558);
#12556 = CARTESIAN_POINT('',(9.5,61.6,17.));
#12557 = DIRECTION('',(0.,0.,1.));
#12558 = DIRECTION('',(1.,0.,-0.));
#12559 = ADVANCED_FACE('',(#12560),#12583,.T.);
#12560 = FACE_BOUND('',#12561,.T.);
#12561 = EDGE_LOOP('',(#12562,#12563,#12564,#12572,#12578,#12579,#12580,
    #12581,#12582));
#12562 = ORIENTED_EDGE('',*,*,#12211,.F.);
#12563 = ORIENTED_EDGE('',*,*,#12171,.F.);
#12564 = ORIENTED_EDGE('',*,*,#12565,.F.);
#12565 = EDGE_CURVE('',#12566,#12164,#12568,.T.);
#12566 = VERTEX_POINT('',#12567);
#12567 = CARTESIAN_POINT('',(12.5,78.522774424948,-82.39436803437));
#12568 = LINE('',#12569,#12570);
#12569 = CARTESIAN_POINT('',(12.5,90.,-89.02074730968));
#12570 = VECTOR('',#12571,1.);
#12571 = DIRECTION('',(0.,-0.866025403784,0.5));
#12572 = ORIENTED_EDGE('',*,*,#12573,.T.);
#12573 = EDGE_CURVE('',#12566,#11842,#12574,.T.);
#12574 = LINE('',#12575,#12576);
#12575 = CARTESIAN_POINT('',(12.5,78.522774424948,-82.39436803437));
#12576 = VECTOR('',#12577,1.);
#12577 = DIRECTION('',(0.,0.5,0.866025403784));
#12578 = ORIENTED_EDGE('',*,*,#11841,.T.);
#12579 = ORIENTED_EDGE('',*,*,#11775,.T.);
#12580 = ORIENTED_EDGE('',*,*,#11890,.T.);
#12581 = ORIENTED_EDGE('',*,*,#11921,.F.);
#12582 = ORIENTED_EDGE('',*,*,#12548,.F.);
#12583 = PLANE('',#12584);
#12584 = AXIS2_PLACEMENT_3D('',#12585,#12586,#12587);
#12585 = CARTESIAN_POINT('',(12.5,72.827180523274,-33.42059439457));
#12586 = DIRECTION('',(1.,0.,0.));
#12587 = DIRECTION('',(-0.,0.,1.));
#12588 = ADVANCED_FACE('',(#12589,#12662),#12669,.T.);
#12589 = FACE_BOUND('',#12590,.T.);
#12590 = EDGE_LOOP('',(#12591,#12592,#12601,#12609,#12617,#12626,#12635,
    #12643,#12651,#12658,#12659,#12660,#12661));
#12591 = ORIENTED_EDGE('',*,*,#12115,.F.);
#12592 = ORIENTED_EDGE('',*,*,#12593,.F.);
#12593 = EDGE_CURVE('',#12594,#12108,#12596,.T.);
#12594 = VERTEX_POINT('',#12595);
#12595 = CARTESIAN_POINT('',(6.5,89.477225575052,-88.71892335471));
#12596 = CIRCLE('',#12597,7.);
#12597 = AXIS2_PLACEMENT_3D('',#12598,#12599,#12600);
#12598 = CARTESIAN_POINT('',(9.5,84.,-85.55664569454));
#12599 = DIRECTION('',(0.,0.5,0.866025403784));
#12600 = DIRECTION('',(0.,0.866025403784,-0.5));
#12601 = ORIENTED_EDGE('',*,*,#12602,.F.);
#12602 = EDGE_CURVE('',#12603,#12594,#12605,.T.);
#12603 = VERTEX_POINT('',#12604);
#12604 = CARTESIAN_POINT('',(6.5,90.,-89.02074730968));
#12605 = LINE('',#12606,#12607);
#12606 = CARTESIAN_POINT('',(6.5,90.,-89.02074730968));
#12607 = VECTOR('',#12608,1.);
#12608 = DIRECTION('',(0.,-0.866025403784,0.5));
#12609 = ORIENTED_EDGE('',*,*,#12610,.T.);
#12610 = EDGE_CURVE('',#12603,#12611,#12613,.T.);
#12611 = VERTEX_POINT('',#12612);
#12612 = CARTESIAN_POINT('',(8.499999999999,90.,-89.02074730968));
#12613 = LINE('',#12614,#12615);
#12614 = CARTESIAN_POINT('',(6.5,90.,-89.02074730968));
#12615 = VECTOR('',#12616,1.);
#12616 = DIRECTION('',(1.,0.,0.));
#12617 = ORIENTED_EDGE('',*,*,#12618,.F.);
#12618 = EDGE_CURVE('',#12619,#12611,#12621,.T.);
#12619 = VERTEX_POINT('',#12620);
#12620 = CARTESIAN_POINT('',(9.5,90.062177826491,-89.05664569454));
#12621 = CIRCLE('',#12622,7.);
#12622 = AXIS2_PLACEMENT_3D('',#12623,#12624,#12625);
#12623 = CARTESIAN_POINT('',(9.5,84.,-85.55664569454));
#12624 = DIRECTION('',(0.,0.5,0.866025403784));
#12625 = DIRECTION('',(0.,0.866025403784,-0.5));
#12626 = ORIENTED_EDGE('',*,*,#12627,.F.);
#12627 = EDGE_CURVE('',#12628,#12619,#12630,.T.);
#12628 = VERTEX_POINT('',#12629);
#12629 = CARTESIAN_POINT('',(10.500000000001,90.,-89.02074730968));
#12630 = CIRCLE('',#12631,7.);
#12631 = AXIS2_PLACEMENT_3D('',#12632,#12633,#12634);
#12632 = CARTESIAN_POINT('',(9.5,84.,-85.55664569454));
#12633 = DIRECTION('',(0.,0.5,0.866025403784));
#12634 = DIRECTION('',(0.,0.866025403784,-0.5));
#12635 = ORIENTED_EDGE('',*,*,#12636,.T.);
#12636 = EDGE_CURVE('',#12628,#12637,#12639,.T.);
#12637 = VERTEX_POINT('',#12638);
#12638 = CARTESIAN_POINT('',(12.5,90.,-89.02074730968));
#12639 = LINE('',#12640,#12641);
#12640 = CARTESIAN_POINT('',(6.5,90.,-89.02074730968));
#12641 = VECTOR('',#12642,1.);
#12642 = DIRECTION('',(1.,0.,0.));
#12643 = ORIENTED_EDGE('',*,*,#12644,.T.);
#12644 = EDGE_CURVE('',#12637,#12645,#12647,.T.);
#12645 = VERTEX_POINT('',#12646);
#12646 = CARTESIAN_POINT('',(12.5,89.477225575052,-88.71892335471));
#12647 = LINE('',#12648,#12649);
#12648 = CARTESIAN_POINT('',(12.5,90.,-89.02074730968));
#12649 = VECTOR('',#12650,1.);
#12650 = DIRECTION('',(0.,-0.866025403784,0.5));
#12651 = ORIENTED_EDGE('',*,*,#12652,.F.);
#12652 = EDGE_CURVE('',#12566,#12645,#12653,.T.);
#12653 = CIRCLE('',#12654,7.);
#12654 = AXIS2_PLACEMENT_3D('',#12655,#12656,#12657);
#12655 = CARTESIAN_POINT('',(9.5,84.,-85.55664569454));
#12656 = DIRECTION('',(0.,0.5,0.866025403784));
#12657 = DIRECTION('',(0.,0.866025403784,-0.5));
#12658 = ORIENTED_EDGE('',*,*,#12565,.T.);
#12659 = ORIENTED_EDGE('',*,*,#12163,.F.);
#12660 = ORIENTED_EDGE('',*,*,#12194,.F.);
#12661 = ORIENTED_EDGE('',*,*,#12146,.F.);
#12662 = FACE_BOUND('',#12663,.T.);
#12663 = EDGE_LOOP('',(#12664,#12665,#12666,#12667,#12668));
#12664 = ORIENTED_EDGE('',*,*,#12041,.F.);
#12665 = ORIENTED_EDGE('',*,*,#12050,.F.);
#12666 = ORIENTED_EDGE('',*,*,#12059,.F.);
#12667 = ORIENTED_EDGE('',*,*,#12068,.F.);
#12668 = ORIENTED_EDGE('',*,*,#12077,.F.);
#12669 = PLANE('',#12670);
#12670 = AXIS2_PLACEMENT_3D('',#12671,#12672,#12673);
#12671 = CARTESIAN_POINT('',(9.5,84.000229255549,-85.55677805529));
#12672 = DIRECTION('',(-0.,-0.5,-0.866025403784));
#12673 = DIRECTION('',(0.,-0.866025403784,0.5));
#12674 = ADVANCED_FACE('',(#12675),#12700,.T.);
#12675 = FACE_BOUND('',#12676,.T.);
#12676 = EDGE_LOOP('',(#12677,#12685,#12693,#12699));
#12677 = ORIENTED_EDGE('',*,*,#12678,.T.);
#12678 = EDGE_CURVE('',#12594,#12679,#12681,.T.);
#12679 = VERTEX_POINT('',#12680);
#12680 = CARTESIAN_POINT('',(6.5,95.506993486341,-78.27505897451));
#12681 = LINE('',#12682,#12683);
#12682 = CARTESIAN_POINT('',(6.5,89.477225575052,-88.71892335471));
#12683 = VECTOR('',#12684,1.);
#12684 = DIRECTION('',(0.,0.5,0.866025403784));
#12685 = ORIENTED_EDGE('',*,*,#12686,.T.);
#12686 = EDGE_CURVE('',#12679,#12687,#12689,.T.);
#12687 = VERTEX_POINT('',#12688);
#12688 = CARTESIAN_POINT('',(6.5,96.,-80.02074730968));
#12689 = LINE('',#12690,#12691);
#12690 = CARTESIAN_POINT('',(6.5,68.6,17.));
#12691 = VECTOR('',#12692,1.);
#12692 = DIRECTION('',(0.,0.271783332376,-0.962358467642));
#12693 = ORIENTED_EDGE('',*,*,#12694,.T.);
#12694 = EDGE_CURVE('',#12687,#12603,#12695,.T.);
#12695 = LINE('',#12696,#12697);
#12696 = CARTESIAN_POINT('',(6.5,96.,-80.02074730968));
#12697 = VECTOR('',#12698,1.);
#12698 = DIRECTION('',(0.,-0.554700196225,-0.832050294338));
#12699 = ORIENTED_EDGE('',*,*,#12602,.T.);
#12700 = PLANE('',#12701);
#12701 = AXIS2_PLACEMENT_3D('',#12702,#12703,#12704);
#12702 = CARTESIAN_POINT('',(6.5,73.337516095933,-34.8636074775));
#12703 = DIRECTION('',(-1.,-0.,-0.));
#12704 = DIRECTION('',(0.,0.,-1.));
#12705 = ADVANCED_FACE('',(#12706),#12741,.T.);
#12706 = FACE_BOUND('',#12707,.T.);
#12707 = EDGE_LOOP('',(#12708,#12709,#12718,#12727,#12735));
#12708 = ORIENTED_EDGE('',*,*,#12686,.F.);
#12709 = ORIENTED_EDGE('',*,*,#12710,.F.);
#12710 = EDGE_CURVE('',#12711,#12679,#12713,.T.);
#12711 = VERTEX_POINT('',#12712);
#12712 = CARTESIAN_POINT('',(9.5,95.763185624723,-79.18221053366));
#12713 = ELLIPSE('',#12714,9.769025297008,7.);
#12714 = AXIS2_PLACEMENT_3D('',#12715,#12716,#12717);
#12715 = CARTESIAN_POINT('',(9.5,93.108127375441,-69.78090631847));
#12716 = DIRECTION('',(-0.,0.962358467642,0.271783332376));
#12717 = DIRECTION('',(0.,-0.271783332376,0.962358467642));
#12718 = ORIENTED_EDGE('',*,*,#12719,.F.);
#12719 = EDGE_CURVE('',#12720,#12711,#12722,.T.);
#12720 = VERTEX_POINT('',#12721);
#12721 = CARTESIAN_POINT('',(12.5,95.506993486341,-78.27505897451));
#12722 = ELLIPSE('',#12723,9.769025297008,7.);
#12723 = AXIS2_PLACEMENT_3D('',#12724,#12725,#12726);
#12724 = CARTESIAN_POINT('',(9.5,93.108127375441,-69.78090631847));
#12725 = DIRECTION('',(-0.,0.962358467642,0.271783332376));
#12726 = DIRECTION('',(0.,-0.271783332376,0.962358467642));
#12727 = ORIENTED_EDGE('',*,*,#12728,.T.);
#12728 = EDGE_CURVE('',#12720,#12729,#12731,.T.);
#12729 = VERTEX_POINT('',#12730);
#12730 = CARTESIAN_POINT('',(12.5,96.,-80.02074730968));
#12731 = LINE('',#12732,#12733);
#12732 = CARTESIAN_POINT('',(12.5,68.6,17.));
#12733 = VECTOR('',#12734,1.);
#12734 = DIRECTION('',(0.,0.271783332376,-0.962358467642));
#12735 = ORIENTED_EDGE('',*,*,#12736,.F.);
#12736 = EDGE_CURVE('',#12687,#12729,#12737,.T.);
#12737 = LINE('',#12738,#12739);
#12738 = CARTESIAN_POINT('',(6.5,96.,-80.02074730968));
#12739 = VECTOR('',#12740,1.);
#12740 = DIRECTION('',(1.,0.,0.));
#12741 = PLANE('',#12742);
#12742 = AXIS2_PLACEMENT_3D('',#12743,#12744,#12745);
#12743 = CARTESIAN_POINT('',(6.5,68.6,17.));
#12744 = DIRECTION('',(-0.,0.962358467642,0.271783332376));
#12745 = DIRECTION('',(0.,0.271783332376,-0.962358467642));
#12746 = ADVANCED_FACE('',(#12747),#12775,.T.);
#12747 = FACE_BOUND('',#12748,.T.);
#12748 = EDGE_LOOP('',(#12749,#12750,#12751,#12757,#12758,#12767,#12774)
  );
#12749 = ORIENTED_EDGE('',*,*,#12694,.F.);
#12750 = ORIENTED_EDGE('',*,*,#12736,.T.);
#12751 = ORIENTED_EDGE('',*,*,#12752,.T.);
#12752 = EDGE_CURVE('',#12729,#12637,#12753,.T.);
#12753 = LINE('',#12754,#12755);
#12754 = CARTESIAN_POINT('',(12.5,96.,-80.02074730968));
#12755 = VECTOR('',#12756,1.);
#12756 = DIRECTION('',(0.,-0.554700196225,-0.832050294338));
#12757 = ORIENTED_EDGE('',*,*,#12636,.F.);
#12758 = ORIENTED_EDGE('',*,*,#12759,.F.);
#12759 = EDGE_CURVE('',#12760,#12628,#12762,.T.);
#12760 = VERTEX_POINT('',#12761);
#12761 = CARTESIAN_POINT('',(9.5,90.618802153517,-88.0925440794));
#12762 = ELLIPSE('',#12763,108.76436584154,7.);
#12763 = AXIS2_PLACEMENT_3D('',#12764,#12765,#12766);
#12764 = CARTESIAN_POINT('',(9.5,30.287187078898,-178.5899666913));
#12765 = DIRECTION('',(0.,0.832050294338,-0.554700196225));
#12766 = DIRECTION('',(0.,0.554700196225,0.832050294338));
#12767 = ORIENTED_EDGE('',*,*,#12768,.F.);
#12768 = EDGE_CURVE('',#12611,#12760,#12769,.T.);
#12769 = ELLIPSE('',#12770,108.76436584154,7.);
#12770 = AXIS2_PLACEMENT_3D('',#12771,#12772,#12773);
#12771 = CARTESIAN_POINT('',(9.5,30.287187078898,-178.5899666913));
#12772 = DIRECTION('',(0.,0.832050294338,-0.554700196225));
#12773 = DIRECTION('',(0.,0.554700196225,0.832050294338));
#12774 = ORIENTED_EDGE('',*,*,#12610,.F.);
#12775 = PLANE('',#12776);
#12776 = AXIS2_PLACEMENT_3D('',#12777,#12778,#12779);
#12777 = CARTESIAN_POINT('',(6.5,96.,-80.02074730968));
#12778 = DIRECTION('',(0.,0.832050294338,-0.554700196225));
#12779 = DIRECTION('',(0.,-0.554700196225,-0.832050294338));
#12780 = ADVANCED_FACE('',(#12781),#12792,.F.);
#12781 = FACE_BOUND('',#12782,.F.);
#12782 = EDGE_LOOP('',(#12783,#12789,#12790,#12791));
#12783 = ORIENTED_EDGE('',*,*,#12784,.T.);
#12784 = EDGE_CURVE('',#12645,#12720,#12785,.T.);
#12785 = LINE('',#12786,#12787);
#12786 = CARTESIAN_POINT('',(12.5,89.477225575052,-88.71892335471));
#12787 = VECTOR('',#12788,1.);
#12788 = DIRECTION('',(0.,0.5,0.866025403784));
#12789 = ORIENTED_EDGE('',*,*,#12728,.T.);
#12790 = ORIENTED_EDGE('',*,*,#12752,.T.);
#12791 = ORIENTED_EDGE('',*,*,#12644,.T.);
#12792 = PLANE('',#12793);
#12793 = AXIS2_PLACEMENT_3D('',#12794,#12795,#12796);
#12794 = CARTESIAN_POINT('',(12.5,73.337516095933,-34.8636074775));
#12795 = DIRECTION('',(-1.,-0.,-0.));
#12796 = DIRECTION('',(0.,0.,-1.));
#12797 = ADVANCED_FACE('',(#12798),#12823,.T.);
#12798 = FACE_BOUND('',#12799,.T.);
#12799 = EDGE_LOOP('',(#12800,#12801,#12809,#12817));
#12800 = ORIENTED_EDGE('',*,*,#12227,.F.);
#12801 = ORIENTED_EDGE('',*,*,#12802,.F.);
#12802 = EDGE_CURVE('',#12803,#12228,#12805,.T.);
#12803 = VERTEX_POINT('',#12804);
#12804 = CARTESIAN_POINT('',(12.,-5.6,-5.7));
#12805 = LINE('',#12806,#12807);
#12806 = CARTESIAN_POINT('',(12.,-1.,-5.7));
#12807 = VECTOR('',#12808,1.);
#12808 = DIRECTION('',(-0.,1.,0.));
#12809 = ORIENTED_EDGE('',*,*,#12810,.F.);
#12810 = EDGE_CURVE('',#12811,#12803,#12813,.T.);
#12811 = VERTEX_POINT('',#12812);
#12812 = CARTESIAN_POINT('',(7.,-5.6,-5.7));
#12813 = LINE('',#12814,#12815);
#12814 = CARTESIAN_POINT('',(7.,-5.6,-5.7));
#12815 = VECTOR('',#12816,1.);
#12816 = DIRECTION('',(1.,0.,0.));
#12817 = ORIENTED_EDGE('',*,*,#12818,.T.);
#12818 = EDGE_CURVE('',#12811,#12230,#12819,.T.);
#12819 = LINE('',#12820,#12821);
#12820 = CARTESIAN_POINT('',(7.,-22.,-5.7));
#12821 = VECTOR('',#12822,1.);
#12822 = DIRECTION('',(-0.,1.,0.));
#12823 = PLANE('',#12824);
#12824 = AXIS2_PLACEMENT_3D('',#12825,#12826,#12827);
#12825 = CARTESIAN_POINT('',(9.5,24.5,-5.7));
#12826 = DIRECTION('',(-0.,-0.,-1.));
#12827 = DIRECTION('',(-1.,0.,0.));
#12828 = ADVANCED_FACE('',(#12829),#12854,.F.);
#12829 = FACE_BOUND('',#12830,.F.);
#12830 = EDGE_LOOP('',(#12831,#12841,#12847,#12848));
#12831 = ORIENTED_EDGE('',*,*,#12832,.T.);
#12832 = EDGE_CURVE('',#12833,#12835,#12837,.T.);
#12833 = VERTEX_POINT('',#12834);
#12834 = CARTESIAN_POINT('',(7.,-5.6,-7.4));
#12835 = VERTEX_POINT('',#12836);
#12836 = CARTESIAN_POINT('',(12.,-5.6,-7.4));
#12837 = LINE('',#12838,#12839);
#12838 = CARTESIAN_POINT('',(7.,-5.6,-7.4));
#12839 = VECTOR('',#12840,1.);
#12840 = DIRECTION('',(1.,0.,0.));
#12841 = ORIENTED_EDGE('',*,*,#12842,.T.);
#12842 = EDGE_CURVE('',#12835,#12803,#12843,.T.);
#12843 = LINE('',#12844,#12845);
#12844 = CARTESIAN_POINT('',(12.,-5.6,-7.4));
#12845 = VECTOR('',#12846,1.);
#12846 = DIRECTION('',(0.,0.,1.));
#12847 = ORIENTED_EDGE('',*,*,#12810,.F.);
#12848 = ORIENTED_EDGE('',*,*,#12849,.F.);
#12849 = EDGE_CURVE('',#12833,#12811,#12850,.T.);
#12850 = LINE('',#12851,#12852);
#12851 = CARTESIAN_POINT('',(7.,-5.6,-7.4));
#12852 = VECTOR('',#12853,1.);
#12853 = DIRECTION('',(0.,0.,1.));
#12854 = PLANE('',#12855);
#12855 = AXIS2_PLACEMENT_3D('',#12856,#12857,#12858);
#12856 = CARTESIAN_POINT('',(7.,-5.6,-7.4));
#12857 = DIRECTION('',(0.,-1.,0.));
#12858 = DIRECTION('',(0.,0.,1.));
#12859 = ADVANCED_FACE('',(#12860),#12885,.F.);
#12860 = FACE_BOUND('',#12861,.F.);
#12861 = EDGE_LOOP('',(#12862,#12872,#12878,#12879));
#12862 = ORIENTED_EDGE('',*,*,#12863,.T.);
#12863 = EDGE_CURVE('',#12864,#12866,#12868,.T.);
#12864 = VERTEX_POINT('',#12865);
#12865 = CARTESIAN_POINT('',(7.,-9.,-7.4));
#12866 = VERTEX_POINT('',#12867);
#12867 = CARTESIAN_POINT('',(12.,-9.,-7.4));
#12868 = LINE('',#12869,#12870);
#12869 = CARTESIAN_POINT('',(7.,-9.,-7.4));
#12870 = VECTOR('',#12871,1.);
#12871 = DIRECTION('',(1.,0.,0.));
#12872 = ORIENTED_EDGE('',*,*,#12873,.T.);
#12873 = EDGE_CURVE('',#12866,#12835,#12874,.T.);
#12874 = LINE('',#12875,#12876);
#12875 = CARTESIAN_POINT('',(12.,-9.,-7.4));
#12876 = VECTOR('',#12877,1.);
#12877 = DIRECTION('',(0.,1.,0.));
#12878 = ORIENTED_EDGE('',*,*,#12832,.F.);
#12879 = ORIENTED_EDGE('',*,*,#12880,.F.);
#12880 = EDGE_CURVE('',#12864,#12833,#12881,.T.);
#12881 = LINE('',#12882,#12883);
#12882 = CARTESIAN_POINT('',(7.,-9.,-7.4));
#12883 = VECTOR('',#12884,1.);
#12884 = DIRECTION('',(0.,1.,0.));
#12885 = PLANE('',#12886);
#12886 = AXIS2_PLACEMENT_3D('',#12887,#12888,#12889);
#12887 = CARTESIAN_POINT('',(7.,-9.,-7.4));
#12888 = DIRECTION('',(0.,0.,1.));
#12889 = DIRECTION('',(0.,1.,0.));
#12890 = ADVANCED_FACE('',(#12891),#12916,.F.);
#12891 = FACE_BOUND('',#12892,.F.);
#12892 = EDGE_LOOP('',(#12893,#12903,#12909,#12910));
#12893 = ORIENTED_EDGE('',*,*,#12894,.T.);
#12894 = EDGE_CURVE('',#12895,#12897,#12899,.T.);
#12895 = VERTEX_POINT('',#12896);
#12896 = CARTESIAN_POINT('',(7.,-15.,-5.7));
#12897 = VERTEX_POINT('',#12898);
#12898 = CARTESIAN_POINT('',(12.,-15.,-5.7));
#12899 = LINE('',#12900,#12901);
#12900 = CARTESIAN_POINT('',(7.,-15.,-5.7));
#12901 = VECTOR('',#12902,1.);
#12902 = DIRECTION('',(1.,0.,0.));
#12903 = ORIENTED_EDGE('',*,*,#12904,.T.);
#12904 = EDGE_CURVE('',#12897,#12866,#12905,.T.);
#12905 = LINE('',#12906,#12907);
#12906 = CARTESIAN_POINT('',(12.,-15.,-5.7));
#12907 = VECTOR('',#12908,1.);
#12908 = DIRECTION('',(0.,0.962126726315,-0.272602572456));
#12909 = ORIENTED_EDGE('',*,*,#12863,.F.);
#12910 = ORIENTED_EDGE('',*,*,#12911,.F.);
#12911 = EDGE_CURVE('',#12895,#12864,#12912,.T.);
#12912 = LINE('',#12913,#12914);
#12913 = CARTESIAN_POINT('',(7.,-15.,-5.7));
#12914 = VECTOR('',#12915,1.);
#12915 = DIRECTION('',(0.,0.962126726315,-0.272602572456));
#12916 = PLANE('',#12917);
#12917 = AXIS2_PLACEMENT_3D('',#12918,#12919,#12920);
#12918 = CARTESIAN_POINT('',(7.,-15.,-5.7));
#12919 = DIRECTION('',(-0.,0.272602572456,0.962126726315));
#12920 = DIRECTION('',(0.,0.962126726315,-0.272602572456));
#12921 = ADVANCED_FACE('',(#12922),#12947,.T.);
#12922 = FACE_BOUND('',#12923,.T.);
#12923 = EDGE_LOOP('',(#12924,#12925,#12933,#12941));
#12924 = ORIENTED_EDGE('',*,*,#12894,.T.);
#12925 = ORIENTED_EDGE('',*,*,#12926,.F.);
#12926 = EDGE_CURVE('',#12927,#12897,#12929,.T.);
#12927 = VERTEX_POINT('',#12928);
#12928 = CARTESIAN_POINT('',(12.,-30.8,-5.7));
#12929 = LINE('',#12930,#12931);
#12930 = CARTESIAN_POINT('',(12.,-22.,-5.7));
#12931 = VECTOR('',#12932,1.);
#12932 = DIRECTION('',(-0.,1.,0.));
#12933 = ORIENTED_EDGE('',*,*,#12934,.T.);
#12934 = EDGE_CURVE('',#12927,#12935,#12937,.T.);
#12935 = VERTEX_POINT('',#12936);
#12936 = CARTESIAN_POINT('',(7.,-30.8,-5.7));
#12937 = LINE('',#12938,#12939);
#12938 = CARTESIAN_POINT('',(6.5,-30.8,-5.7));
#12939 = VECTOR('',#12940,1.);
#12940 = DIRECTION('',(-1.,-0.,0.));
#12941 = ORIENTED_EDGE('',*,*,#12942,.T.);
#12942 = EDGE_CURVE('',#12935,#12895,#12943,.T.);
#12943 = LINE('',#12944,#12945);
#12944 = CARTESIAN_POINT('',(7.,-48.6,-5.7));
#12945 = VECTOR('',#12946,1.);
#12946 = DIRECTION('',(-0.,1.,0.));
#12947 = PLANE('',#12948);
#12948 = AXIS2_PLACEMENT_3D('',#12949,#12950,#12951);
#12949 = CARTESIAN_POINT('',(9.5,-22.9,-5.7));
#12950 = DIRECTION('',(-0.,-0.,-1.));
#12951 = DIRECTION('',(-1.,0.,0.));
#12952 = ADVANCED_FACE('',(#12953),#12978,.F.);
#12953 = FACE_BOUND('',#12954,.F.);
#12954 = EDGE_LOOP('',(#12955,#12965,#12971,#12972));
#12955 = ORIENTED_EDGE('',*,*,#12956,.T.);
#12956 = EDGE_CURVE('',#12957,#12959,#12961,.T.);
#12957 = VERTEX_POINT('',#12958);
#12958 = CARTESIAN_POINT('',(7.,-30.8,-4.4));
#12959 = VERTEX_POINT('',#12960);
#12960 = CARTESIAN_POINT('',(12.,-30.8,-4.4));
#12961 = LINE('',#12962,#12963);
#12962 = CARTESIAN_POINT('',(6.,-30.8,-4.4));
#12963 = VECTOR('',#12964,1.);
#12964 = DIRECTION('',(1.,0.,-0.));
#12965 = ORIENTED_EDGE('',*,*,#12966,.F.);
#12966 = EDGE_CURVE('',#12927,#12959,#12967,.T.);
#12967 = LINE('',#12968,#12969);
#12968 = CARTESIAN_POINT('',(12.,-30.8,-5.85));
#12969 = VECTOR('',#12970,1.);
#12970 = DIRECTION('',(0.,0.,1.));
#12971 = ORIENTED_EDGE('',*,*,#12934,.T.);
#12972 = ORIENTED_EDGE('',*,*,#12973,.T.);
#12973 = EDGE_CURVE('',#12935,#12957,#12974,.T.);
#12974 = LINE('',#12975,#12976);
#12975 = CARTESIAN_POINT('',(7.,-30.8,-5.85));
#12976 = VECTOR('',#12977,1.);
#12977 = DIRECTION('',(0.,0.,1.));
#12978 = PLANE('',#12979);
#12979 = AXIS2_PLACEMENT_3D('',#12980,#12981,#12982);
#12980 = CARTESIAN_POINT('',(6.,-30.8,-6.));
#12981 = DIRECTION('',(-0.,1.,0.));
#12982 = DIRECTION('',(0.,0.,1.));
#12983 = ADVANCED_FACE('',(#12984),#13009,.F.);
#12984 = FACE_BOUND('',#12985,.F.);
#12985 = EDGE_LOOP('',(#12986,#12987,#12995,#13003));
#12986 = ORIENTED_EDGE('',*,*,#12956,.F.);
#12987 = ORIENTED_EDGE('',*,*,#12988,.T.);
#12988 = EDGE_CURVE('',#12957,#12989,#12991,.T.);
#12989 = VERTEX_POINT('',#12990);
#12990 = CARTESIAN_POINT('',(7.,-36.4,-4.4));
#12991 = LINE('',#12992,#12993);
#12992 = CARTESIAN_POINT('',(7.,-42.5,-4.4));
#12993 = VECTOR('',#12994,1.);
#12994 = DIRECTION('',(0.,-1.,0.));
#12995 = ORIENTED_EDGE('',*,*,#12996,.T.);
#12996 = EDGE_CURVE('',#12989,#12997,#12999,.T.);
#12997 = VERTEX_POINT('',#12998);
#12998 = CARTESIAN_POINT('',(12.,-36.4,-4.4));
#12999 = LINE('',#13000,#13001);
#13000 = CARTESIAN_POINT('',(6.,-36.4,-4.4));
#13001 = VECTOR('',#13002,1.);
#13002 = DIRECTION('',(1.,0.,-0.));
#13003 = ORIENTED_EDGE('',*,*,#13004,.F.);
#13004 = EDGE_CURVE('',#12959,#12997,#13005,.T.);
#13005 = LINE('',#13006,#13007);
#13006 = CARTESIAN_POINT('',(12.,-42.5,-4.4));
#13007 = VECTOR('',#13008,1.);
#13008 = DIRECTION('',(0.,-1.,0.));
#13009 = PLANE('',#13010);
#13010 = AXIS2_PLACEMENT_3D('',#13011,#13012,#13013);
#13011 = CARTESIAN_POINT('',(6.,-36.4,-4.4));
#13012 = DIRECTION('',(0.,0.,1.));
#13013 = DIRECTION('',(1.,0.,-0.));
#13014 = ADVANCED_FACE('',(#13015),#13040,.T.);
#13015 = FACE_BOUND('',#13016,.T.);
#13016 = EDGE_LOOP('',(#13017,#13018,#13026,#13034));
#13017 = ORIENTED_EDGE('',*,*,#12996,.T.);
#13018 = ORIENTED_EDGE('',*,*,#13019,.F.);
#13019 = EDGE_CURVE('',#13020,#12997,#13022,.T.);
#13020 = VERTEX_POINT('',#13021);
#13021 = CARTESIAN_POINT('',(12.,-36.4,-5.7));
#13022 = LINE('',#13023,#13024);
#13023 = CARTESIAN_POINT('',(12.,-36.4,-5.85));
#13024 = VECTOR('',#13025,1.);
#13025 = DIRECTION('',(0.,0.,1.));
#13026 = ORIENTED_EDGE('',*,*,#13027,.T.);
#13027 = EDGE_CURVE('',#13020,#13028,#13030,.T.);
#13028 = VERTEX_POINT('',#13029);
#13029 = CARTESIAN_POINT('',(7.,-36.4,-5.7));
#13030 = LINE('',#13031,#13032);
#13031 = CARTESIAN_POINT('',(6.5,-36.4,-5.7));
#13032 = VECTOR('',#13033,1.);
#13033 = DIRECTION('',(-1.,-0.,0.));
#13034 = ORIENTED_EDGE('',*,*,#13035,.T.);
#13035 = EDGE_CURVE('',#13028,#12989,#13036,.T.);
#13036 = LINE('',#13037,#13038);
#13037 = CARTESIAN_POINT('',(7.,-36.4,-5.85));
#13038 = VECTOR('',#13039,1.);
#13039 = DIRECTION('',(0.,0.,1.));
#13040 = PLANE('',#13041);
#13041 = AXIS2_PLACEMENT_3D('',#13042,#13043,#13044);
#13042 = CARTESIAN_POINT('',(6.,-36.4,-6.));
#13043 = DIRECTION('',(-0.,1.,0.));
#13044 = DIRECTION('',(0.,0.,1.));
#13045 = ADVANCED_FACE('',(#13046),#13071,.F.);
#13046 = FACE_BOUND('',#13047,.F.);
#13047 = EDGE_LOOP('',(#13048,#13056,#13064,#13070));
#13048 = ORIENTED_EDGE('',*,*,#13049,.F.);
#13049 = EDGE_CURVE('',#13050,#13028,#13052,.T.);
#13050 = VERTEX_POINT('',#13051);
#13051 = CARTESIAN_POINT('',(7.,-48.6,-5.7));
#13052 = LINE('',#13053,#13054);
#13053 = CARTESIAN_POINT('',(7.,-48.6,-5.7));
#13054 = VECTOR('',#13055,1.);
#13055 = DIRECTION('',(-0.,1.,0.));
#13056 = ORIENTED_EDGE('',*,*,#13057,.T.);
#13057 = EDGE_CURVE('',#13050,#13058,#13060,.T.);
#13058 = VERTEX_POINT('',#13059);
#13059 = CARTESIAN_POINT('',(12.,-48.6,-5.7));
#13060 = LINE('',#13061,#13062);
#13061 = CARTESIAN_POINT('',(7.,-48.6,-5.7));
#13062 = VECTOR('',#13063,1.);
#13063 = DIRECTION('',(1.,0.,-0.));
#13064 = ORIENTED_EDGE('',*,*,#13065,.T.);
#13065 = EDGE_CURVE('',#13058,#13020,#13066,.T.);
#13066 = LINE('',#13067,#13068);
#13067 = CARTESIAN_POINT('',(12.,-48.6,-5.7));
#13068 = VECTOR('',#13069,1.);
#13069 = DIRECTION('',(-0.,1.,0.));
#13070 = ORIENTED_EDGE('',*,*,#13027,.T.);
#13071 = PLANE('',#13072);
#13072 = AXIS2_PLACEMENT_3D('',#13073,#13074,#13075);
#13073 = CARTESIAN_POINT('',(7.,-48.6,-5.7));
#13074 = DIRECTION('',(0.,0.,1.));
#13075 = DIRECTION('',(1.,0.,-0.));
#13076 = ADVANCED_FACE('',(#13077),#13102,.F.);
#13077 = FACE_BOUND('',#13078,.F.);
#13078 = EDGE_LOOP('',(#13079,#13080,#13088,#13096));
#13079 = ORIENTED_EDGE('',*,*,#13057,.F.);
#13080 = ORIENTED_EDGE('',*,*,#13081,.T.);
#13081 = EDGE_CURVE('',#13050,#13082,#13084,.T.);
#13082 = VERTEX_POINT('',#13083);
#13083 = CARTESIAN_POINT('',(7.,-48.6,-2.3));
#13084 = LINE('',#13085,#13086);
#13085 = CARTESIAN_POINT('',(7.,-48.6,-5.7));
#13086 = VECTOR('',#13087,1.);
#13087 = DIRECTION('',(0.,0.,1.));
#13088 = ORIENTED_EDGE('',*,*,#13089,.T.);
#13089 = EDGE_CURVE('',#13082,#13090,#13092,.T.);
#13090 = VERTEX_POINT('',#13091);
#13091 = CARTESIAN_POINT('',(12.,-48.6,-2.3));
#13092 = LINE('',#13093,#13094);
#13093 = CARTESIAN_POINT('',(7.,-48.6,-2.3));
#13094 = VECTOR('',#13095,1.);
#13095 = DIRECTION('',(1.,0.,-0.));
#13096 = ORIENTED_EDGE('',*,*,#13097,.F.);
#13097 = EDGE_CURVE('',#13058,#13090,#13098,.T.);
#13098 = LINE('',#13099,#13100);
#13099 = CARTESIAN_POINT('',(12.,-48.6,-5.7));
#13100 = VECTOR('',#13101,1.);
#13101 = DIRECTION('',(0.,0.,1.));
#13102 = PLANE('',#13103);
#13103 = AXIS2_PLACEMENT_3D('',#13104,#13105,#13106);
#13104 = CARTESIAN_POINT('',(7.,-48.6,-5.7));
#13105 = DIRECTION('',(-0.,1.,0.));
#13106 = DIRECTION('',(0.,0.,1.));
#13107 = ADVANCED_FACE('',(#13108),#13136,.T.);
#13108 = FACE_BOUND('',#13109,.T.);
#13109 = EDGE_LOOP('',(#13110,#13111,#13112,#13113,#13114,#13115,#13116,
    #13117,#13118,#13119,#13125,#13126,#13127,#13128,#13129,#13130,
    #13131,#13132,#13133,#13134,#13135));
#13110 = ORIENTED_EDGE('',*,*,#12283,.F.);
#13111 = ORIENTED_EDGE('',*,*,#12315,.F.);
#13112 = ORIENTED_EDGE('',*,*,#12345,.F.);
#13113 = ORIENTED_EDGE('',*,*,#12370,.F.);
#13114 = ORIENTED_EDGE('',*,*,#12401,.F.);
#13115 = ORIENTED_EDGE('',*,*,#12438,.F.);
#13116 = ORIENTED_EDGE('',*,*,#12470,.T.);
#13117 = ORIENTED_EDGE('',*,*,#12501,.F.);
#13118 = ORIENTED_EDGE('',*,*,#12531,.F.);
#13119 = ORIENTED_EDGE('',*,*,#13120,.F.);
#13120 = EDGE_CURVE('',#13090,#12524,#13121,.T.);
#13121 = LINE('',#13122,#13123);
#13122 = CARTESIAN_POINT('',(12.,-48.6,-2.3));
#13123 = VECTOR('',#13124,1.);
#13124 = DIRECTION('',(-0.,1.,0.));
#13125 = ORIENTED_EDGE('',*,*,#13097,.F.);
#13126 = ORIENTED_EDGE('',*,*,#13065,.T.);
#13127 = ORIENTED_EDGE('',*,*,#13019,.T.);
#13128 = ORIENTED_EDGE('',*,*,#13004,.F.);
#13129 = ORIENTED_EDGE('',*,*,#12966,.F.);
#13130 = ORIENTED_EDGE('',*,*,#12926,.T.);
#13131 = ORIENTED_EDGE('',*,*,#12904,.T.);
#13132 = ORIENTED_EDGE('',*,*,#12873,.T.);
#13133 = ORIENTED_EDGE('',*,*,#12842,.T.);
#13134 = ORIENTED_EDGE('',*,*,#12802,.T.);
#13135 = ORIENTED_EDGE('',*,*,#12253,.T.);
#13136 = PLANE('',#13137);
#13137 = AXIS2_PLACEMENT_3D('',#13138,#13139,#13140);
#13138 = CARTESIAN_POINT('',(12.,2.284009545007,-4.017063308401));
#13139 = DIRECTION('',(1.,0.,0.));
#13140 = DIRECTION('',(-0.,0.,1.));
#13141 = ADVANCED_FACE('',(#13142),#13153,.T.);
#13142 = FACE_BOUND('',#13143,.T.);
#13143 = EDGE_LOOP('',(#13144,#13150,#13151,#13152));
#13144 = ORIENTED_EDGE('',*,*,#13145,.F.);
#13145 = EDGE_CURVE('',#13082,#12516,#13146,.T.);
#13146 = LINE('',#13147,#13148);
#13147 = CARTESIAN_POINT('',(7.,-48.6,-2.3));
#13148 = VECTOR('',#13149,1.);
#13149 = DIRECTION('',(-0.,1.,0.));
#13150 = ORIENTED_EDGE('',*,*,#13089,.T.);
#13151 = ORIENTED_EDGE('',*,*,#13120,.T.);
#13152 = ORIENTED_EDGE('',*,*,#12523,.T.);
#13153 = PLANE('',#13154);
#13154 = AXIS2_PLACEMENT_3D('',#13155,#13156,#13157);
#13155 = CARTESIAN_POINT('',(7.,-48.6,-2.3));
#13156 = DIRECTION('',(0.,0.,1.));
#13157 = DIRECTION('',(1.,0.,-0.));
#13158 = ADVANCED_FACE('',(#13159),#13182,.T.);
#13159 = FACE_BOUND('',#13160,.T.);
#13160 = EDGE_LOOP('',(#13161,#13162,#13163,#13164,#13165,#13166,#13167,
    #13168,#13169,#13170,#13171,#13172,#13173,#13174,#13175,#13176,
    #13177,#13178,#13179,#13180,#13181));
#13161 = ORIENTED_EDGE('',*,*,#12267,.T.);
#13162 = ORIENTED_EDGE('',*,*,#12237,.F.);
#13163 = ORIENTED_EDGE('',*,*,#12818,.F.);
#13164 = ORIENTED_EDGE('',*,*,#12849,.F.);
#13165 = ORIENTED_EDGE('',*,*,#12880,.F.);
#13166 = ORIENTED_EDGE('',*,*,#12911,.F.);
#13167 = ORIENTED_EDGE('',*,*,#12942,.F.);
#13168 = ORIENTED_EDGE('',*,*,#12973,.T.);
#13169 = ORIENTED_EDGE('',*,*,#12988,.T.);
#13170 = ORIENTED_EDGE('',*,*,#13035,.F.);
#13171 = ORIENTED_EDGE('',*,*,#13049,.F.);
#13172 = ORIENTED_EDGE('',*,*,#13081,.T.);
#13173 = ORIENTED_EDGE('',*,*,#13145,.T.);
#13174 = ORIENTED_EDGE('',*,*,#12515,.T.);
#13175 = ORIENTED_EDGE('',*,*,#12485,.T.);
#13176 = ORIENTED_EDGE('',*,*,#12463,.F.);
#13177 = ORIENTED_EDGE('',*,*,#12422,.T.);
#13178 = ORIENTED_EDGE('',*,*,#12408,.T.);
#13179 = ORIENTED_EDGE('',*,*,#12377,.T.);
#13180 = ORIENTED_EDGE('',*,*,#12329,.T.);
#13181 = ORIENTED_EDGE('',*,*,#12308,.T.);
#13182 = PLANE('',#13183);
#13183 = AXIS2_PLACEMENT_3D('',#13184,#13185,#13186);
#13184 = CARTESIAN_POINT('',(7.,2.284009545007,-4.017063308401));
#13185 = DIRECTION('',(-1.,-0.,-0.));
#13186 = DIRECTION('',(0.,0.,-1.));
#13187 = ADVANCED_FACE('',(#13188),#13200,.T.);
#13188 = FACE_BOUND('',#13189,.T.);
#13189 = EDGE_LOOP('',(#13190,#13191,#13192,#13193,#13194,#13195,#13196,
    #13197,#13198,#13199));
#13190 = ORIENTED_EDGE('',*,*,#11849,.F.);
#13191 = ORIENTED_EDGE('',*,*,#12573,.F.);
#13192 = ORIENTED_EDGE('',*,*,#12652,.T.);
#13193 = ORIENTED_EDGE('',*,*,#12784,.T.);
#13194 = ORIENTED_EDGE('',*,*,#12719,.T.);
#13195 = ORIENTED_EDGE('',*,*,#12710,.T.);
#13196 = ORIENTED_EDGE('',*,*,#12678,.F.);
#13197 = ORIENTED_EDGE('',*,*,#12593,.T.);
#13198 = ORIENTED_EDGE('',*,*,#12107,.T.);
#13199 = ORIENTED_EDGE('',*,*,#11858,.F.);
#13200 = CYLINDRICAL_SURFACE('',#13201,7.);
#13201 = AXIS2_PLACEMENT_3D('',#13202,#13203,#13204);
#13202 = CARTESIAN_POINT('',(9.5,84.,-85.55664569454));
#13203 = DIRECTION('',(0.,0.5,0.866025403784));
#13204 = DIRECTION('',(0.,0.866025403784,-0.5));
#13205 = ADVANCED_FACE('',(#13206),#13212,.T.);
#13206 = FACE_BOUND('',#13207,.T.);
#13207 = EDGE_LOOP('',(#13208,#13209,#13210,#13211));
#13208 = ORIENTED_EDGE('',*,*,#12759,.T.);
#13209 = ORIENTED_EDGE('',*,*,#12627,.T.);
#13210 = ORIENTED_EDGE('',*,*,#12618,.T.);
#13211 = ORIENTED_EDGE('',*,*,#12768,.T.);
#13212 = CYLINDRICAL_SURFACE('',#13213,7.);
#13213 = AXIS2_PLACEMENT_3D('',#13214,#13215,#13216);
#13214 = CARTESIAN_POINT('',(9.5,84.,-85.55664569454));
#13215 = DIRECTION('',(0.,0.5,0.866025403784));
#13216 = DIRECTION('',(0.,0.866025403784,-0.5));
#13217 = MANIFOLD_SOLID_BREP('',#13218);
#13218 = CLOSED_SHELL('',(#13219,#13259,#13316,#13380,#13412,#13476,
    #13515,#13546,#13562,#13573,#13598,#13648,#13658,#13668,#13694,
    #13734,#13765,#13811,#13835,#13860,#13885,#13902,#13960,#13991,
    #14008,#14023,#14047,#14080,#14109));
#13219 = ADVANCED_FACE('',(#13220),#13254,.F.);
#13220 = FACE_BOUND('',#13221,.F.);
#13221 = EDGE_LOOP('',(#13222,#13232,#13240,#13248));
#13222 = ORIENTED_EDGE('',*,*,#13223,.F.);
#13223 = EDGE_CURVE('',#13224,#13226,#13228,.T.);
#13224 = VERTEX_POINT('',#13225);
#13225 = CARTESIAN_POINT('',(3.9,-48.6,-6.8));
#13226 = VERTEX_POINT('',#13227);
#13227 = CARTESIAN_POINT('',(3.9,-48.6,0.));
#13228 = LINE('',#13229,#13230);
#13229 = CARTESIAN_POINT('',(3.9,-48.6,-6.8));
#13230 = VECTOR('',#13231,1.);
#13231 = DIRECTION('',(0.,0.,1.));
#13232 = ORIENTED_EDGE('',*,*,#13233,.T.);
#13233 = EDGE_CURVE('',#13224,#13234,#13236,.T.);
#13234 = VERTEX_POINT('',#13235);
#13235 = CARTESIAN_POINT('',(3.9,-18.6,-6.8));
#13236 = LINE('',#13237,#13238);
#13237 = CARTESIAN_POINT('',(3.9,-48.6,-6.8));
#13238 = VECTOR('',#13239,1.);
#13239 = DIRECTION('',(-0.,1.,0.));
#13240 = ORIENTED_EDGE('',*,*,#13241,.T.);
#13241 = EDGE_CURVE('',#13234,#13242,#13244,.T.);
#13242 = VERTEX_POINT('',#13243);
#13243 = CARTESIAN_POINT('',(3.9,-18.6,0.));
#13244 = LINE('',#13245,#13246);
#13245 = CARTESIAN_POINT('',(3.9,-18.6,-6.8));
#13246 = VECTOR('',#13247,1.);
#13247 = DIRECTION('',(0.,0.,1.));
#13248 = ORIENTED_EDGE('',*,*,#13249,.F.);
#13249 = EDGE_CURVE('',#13226,#13242,#13250,.T.);
#13250 = LINE('',#13251,#13252);
#13251 = CARTESIAN_POINT('',(3.9,-48.6,0.));
#13252 = VECTOR('',#13253,1.);
#13253 = DIRECTION('',(-0.,1.,0.));
#13254 = PLANE('',#13255);
#13255 = AXIS2_PLACEMENT_3D('',#13256,#13257,#13258);
#13256 = CARTESIAN_POINT('',(3.9,-48.6,-6.8));
#13257 = DIRECTION('',(1.,0.,-0.));
#13258 = DIRECTION('',(0.,0.,1.));
#13259 = ADVANCED_FACE('',(#13260),#13311,.F.);
#13260 = FACE_BOUND('',#13261,.F.);
#13261 = EDGE_LOOP('',(#13262,#13270,#13271,#13279,#13287,#13296,#13305)
  );
#13262 = ORIENTED_EDGE('',*,*,#13263,.F.);
#13263 = EDGE_CURVE('',#13234,#13264,#13266,.T.);
#13264 = VERTEX_POINT('',#13265);
#13265 = CARTESIAN_POINT('',(6.4,-18.6,-6.8));
#13266 = LINE('',#13267,#13268);
#13267 = CARTESIAN_POINT('',(3.9,-18.6,-6.8));
#13268 = VECTOR('',#13269,1.);
#13269 = DIRECTION('',(1.,0.,-0.));
#13270 = ORIENTED_EDGE('',*,*,#13233,.F.);
#13271 = ORIENTED_EDGE('',*,*,#13272,.T.);
#13272 = EDGE_CURVE('',#13224,#13273,#13275,.T.);
#13273 = VERTEX_POINT('',#13274);
#13274 = CARTESIAN_POINT('',(6.4,-48.6,-6.8));
#13275 = LINE('',#13276,#13277);
#13276 = CARTESIAN_POINT('',(3.9,-48.6,-6.8));
#13277 = VECTOR('',#13278,1.);
#13278 = DIRECTION('',(1.,0.,-0.));
#13279 = ORIENTED_EDGE('',*,*,#13280,.T.);
#13280 = EDGE_CURVE('',#13273,#13281,#13283,.T.);
#13281 = VERTEX_POINT('',#13282);
#13282 = CARTESIAN_POINT('',(6.4,-34.39372539331,-6.8));
#13283 = LINE('',#13284,#13285);
#13284 = CARTESIAN_POINT('',(6.4,-48.6,-6.8));
#13285 = VECTOR('',#13286,1.);
#13286 = DIRECTION('',(-0.,1.,0.));
#13287 = ORIENTED_EDGE('',*,*,#13288,.T.);
#13288 = EDGE_CURVE('',#13281,#13289,#13291,.T.);
#13289 = VERTEX_POINT('',#13290);
#13290 = CARTESIAN_POINT('',(6.3,-33.6,-6.8));
#13291 = CIRCLE('',#13292,3.2);
#13292 = AXIS2_PLACEMENT_3D('',#13293,#13294,#13295);
#13293 = CARTESIAN_POINT('',(9.5,-33.6,-6.8));
#13294 = DIRECTION('',(-0.,0.,-1.));
#13295 = DIRECTION('',(-1.,0.,0.));
#13296 = ORIENTED_EDGE('',*,*,#13297,.T.);
#13297 = EDGE_CURVE('',#13289,#13298,#13300,.T.);
#13298 = VERTEX_POINT('',#13299);
#13299 = CARTESIAN_POINT('',(6.4,-32.80627460668,-6.8));
#13300 = CIRCLE('',#13301,3.2);
#13301 = AXIS2_PLACEMENT_3D('',#13302,#13303,#13304);
#13302 = CARTESIAN_POINT('',(9.5,-33.6,-6.8));
#13303 = DIRECTION('',(-0.,0.,-1.));
#13304 = DIRECTION('',(-1.,0.,0.));
#13305 = ORIENTED_EDGE('',*,*,#13306,.T.);
#13306 = EDGE_CURVE('',#13298,#13264,#13307,.T.);
#13307 = LINE('',#13308,#13309);
#13308 = CARTESIAN_POINT('',(6.4,-48.6,-6.8));
#13309 = VECTOR('',#13310,1.);
#13310 = DIRECTION('',(-0.,1.,0.));
#13311 = PLANE('',#13312);
#13312 = AXIS2_PLACEMENT_3D('',#13313,#13314,#13315);
#13313 = CARTESIAN_POINT('',(3.9,-48.6,-6.8));
#13314 = DIRECTION('',(0.,0.,1.));
#13315 = DIRECTION('',(1.,0.,-0.));
#13316 = ADVANCED_FACE('',(#13317),#13375,.T.);
#13317 = FACE_BOUND('',#13318,.T.);
#13318 = EDGE_LOOP('',(#13319,#13327,#13328,#13337,#13344,#13345,#13353,
    #13361,#13369));
#13319 = ORIENTED_EDGE('',*,*,#13320,.F.);
#13320 = EDGE_CURVE('',#13273,#13321,#13323,.T.);
#13321 = VERTEX_POINT('',#13322);
#13322 = CARTESIAN_POINT('',(6.4,-48.6,0.));
#13323 = LINE('',#13324,#13325);
#13324 = CARTESIAN_POINT('',(6.4,-48.6,-6.8));
#13325 = VECTOR('',#13326,1.);
#13326 = DIRECTION('',(0.,0.,1.));
#13327 = ORIENTED_EDGE('',*,*,#13280,.T.);
#13328 = ORIENTED_EDGE('',*,*,#13329,.T.);
#13329 = EDGE_CURVE('',#13281,#13330,#13332,.T.);
#13330 = VERTEX_POINT('',#13331);
#13331 = CARTESIAN_POINT('',(6.4,-33.6,-6.7));
#13332 = HYPERBOLA('',#13333,3.1,3.1);
#13333 = AXIS2_PLACEMENT_3D('',#13334,#13335,#13336);
#13334 = CARTESIAN_POINT('',(6.4,-33.6,-3.6));
#13335 = DIRECTION('',(1.,0.,-0.));
#13336 = DIRECTION('',(-0.,0.,-1.));
#13337 = ORIENTED_EDGE('',*,*,#13338,.T.);
#13338 = EDGE_CURVE('',#13330,#13298,#13339,.T.);
#13339 = HYPERBOLA('',#13340,3.1,3.1);
#13340 = AXIS2_PLACEMENT_3D('',#13341,#13342,#13343);
#13341 = CARTESIAN_POINT('',(6.4,-33.6,-3.6));
#13342 = DIRECTION('',(1.,0.,-0.));
#13343 = DIRECTION('',(-0.,0.,-1.));
#13344 = ORIENTED_EDGE('',*,*,#13306,.T.);
#13345 = ORIENTED_EDGE('',*,*,#13346,.T.);
#13346 = EDGE_CURVE('',#13264,#13347,#13349,.T.);
#13347 = VERTEX_POINT('',#13348);
#13348 = CARTESIAN_POINT('',(6.4,-18.6,0.));
#13349 = LINE('',#13350,#13351);
#13350 = CARTESIAN_POINT('',(6.4,-18.6,-6.8));
#13351 = VECTOR('',#13352,1.);
#13352 = DIRECTION('',(0.,0.,1.));
#13353 = ORIENTED_EDGE('',*,*,#13354,.F.);
#13354 = EDGE_CURVE('',#13355,#13347,#13357,.T.);
#13355 = VERTEX_POINT('',#13356);
#13356 = CARTESIAN_POINT('',(6.4,-23.80627460668,0.));
#13357 = LINE('',#13358,#13359);
#13358 = CARTESIAN_POINT('',(6.4,-48.6,0.));
#13359 = VECTOR('',#13360,1.);
#13360 = DIRECTION('',(-0.,1.,0.));
#13361 = ORIENTED_EDGE('',*,*,#13362,.F.);
#13362 = EDGE_CURVE('',#13363,#13355,#13365,.T.);
#13363 = VERTEX_POINT('',#13364);
#13364 = CARTESIAN_POINT('',(6.4,-25.39372539331,0.));
#13365 = LINE('',#13366,#13367);
#13366 = CARTESIAN_POINT('',(6.4,-48.6,0.));
#13367 = VECTOR('',#13368,1.);
#13368 = DIRECTION('',(-0.,1.,0.));
#13369 = ORIENTED_EDGE('',*,*,#13370,.F.);
#13370 = EDGE_CURVE('',#13321,#13363,#13371,.T.);
#13371 = LINE('',#13372,#13373);
#13372 = CARTESIAN_POINT('',(6.4,-48.6,0.));
#13373 = VECTOR('',#13374,1.);
#13374 = DIRECTION('',(-0.,1.,0.));
#13375 = PLANE('',#13376);
#13376 = AXIS2_PLACEMENT_3D('',#13377,#13378,#13379);
#13377 = CARTESIAN_POINT('',(6.4,-48.6,-6.8));
#13378 = DIRECTION('',(1.,0.,-0.));
#13379 = DIRECTION('',(0.,0.,1.));
#13380 = ADVANCED_FACE('',(#13381),#13407,.F.);
#13381 = FACE_BOUND('',#13382,.F.);
#13382 = EDGE_LOOP('',(#13383,#13384,#13393,#13401));
#13383 = ORIENTED_EDGE('',*,*,#13354,.F.);
#13384 = ORIENTED_EDGE('',*,*,#13385,.T.);
#13385 = EDGE_CURVE('',#13355,#13386,#13388,.T.);
#13386 = VERTEX_POINT('',#13387);
#13387 = CARTESIAN_POINT('',(12.6,-23.80627460668,0.));
#13388 = CIRCLE('',#13389,3.2);
#13389 = AXIS2_PLACEMENT_3D('',#13390,#13391,#13392);
#13390 = CARTESIAN_POINT('',(9.5,-24.6,0.));
#13391 = DIRECTION('',(-0.,0.,-1.));
#13392 = DIRECTION('',(-1.,0.,0.));
#13393 = ORIENTED_EDGE('',*,*,#13394,.T.);
#13394 = EDGE_CURVE('',#13386,#13395,#13397,.T.);
#13395 = VERTEX_POINT('',#13396);
#13396 = CARTESIAN_POINT('',(12.6,-18.6,0.));
#13397 = LINE('',#13398,#13399);
#13398 = CARTESIAN_POINT('',(12.6,-48.6,0.));
#13399 = VECTOR('',#13400,1.);
#13400 = DIRECTION('',(-0.,1.,0.));
#13401 = ORIENTED_EDGE('',*,*,#13402,.F.);
#13402 = EDGE_CURVE('',#13347,#13395,#13403,.T.);
#13403 = LINE('',#13404,#13405);
#13404 = CARTESIAN_POINT('',(-3.5,-18.6,0.));
#13405 = VECTOR('',#13406,1.);
#13406 = DIRECTION('',(1.,0.,-0.));
#13407 = PLANE('',#13408);
#13408 = AXIS2_PLACEMENT_3D('',#13409,#13410,#13411);
#13409 = CARTESIAN_POINT('',(-3.5,-48.6,0.));
#13410 = DIRECTION('',(0.,0.,1.));
#13411 = DIRECTION('',(1.,0.,-0.));
#13412 = ADVANCED_FACE('',(#13413),#13471,.F.);
#13413 = FACE_BOUND('',#13414,.F.);
#13414 = EDGE_LOOP('',(#13415,#13425,#13433,#13442,#13450,#13456,#13457,
    #13465));
#13415 = ORIENTED_EDGE('',*,*,#13416,.F.);
#13416 = EDGE_CURVE('',#13417,#13419,#13421,.T.);
#13417 = VERTEX_POINT('',#13418);
#13418 = CARTESIAN_POINT('',(12.6,-48.6,-6.8));
#13419 = VERTEX_POINT('',#13420);
#13420 = CARTESIAN_POINT('',(12.6,-48.6,0.));
#13421 = LINE('',#13422,#13423);
#13422 = CARTESIAN_POINT('',(12.6,-48.6,-6.8));
#13423 = VECTOR('',#13424,1.);
#13424 = DIRECTION('',(0.,0.,1.));
#13425 = ORIENTED_EDGE('',*,*,#13426,.T.);
#13426 = EDGE_CURVE('',#13417,#13427,#13429,.T.);
#13427 = VERTEX_POINT('',#13428);
#13428 = CARTESIAN_POINT('',(12.6,-34.39372539331,-6.8));
#13429 = LINE('',#13430,#13431);
#13430 = CARTESIAN_POINT('',(12.6,-48.6,-6.8));
#13431 = VECTOR('',#13432,1.);
#13432 = DIRECTION('',(-0.,1.,0.));
#13433 = ORIENTED_EDGE('',*,*,#13434,.T.);
#13434 = EDGE_CURVE('',#13427,#13435,#13437,.T.);
#13435 = VERTEX_POINT('',#13436);
#13436 = CARTESIAN_POINT('',(12.6,-32.80627460668,-6.8));
#13437 = HYPERBOLA('',#13438,3.1,3.1);
#13438 = AXIS2_PLACEMENT_3D('',#13439,#13440,#13441);
#13439 = CARTESIAN_POINT('',(12.6,-33.6,-3.6));
#13440 = DIRECTION('',(1.,0.,-0.));
#13441 = DIRECTION('',(-0.,0.,-1.));
#13442 = ORIENTED_EDGE('',*,*,#13443,.T.);
#13443 = EDGE_CURVE('',#13435,#13444,#13446,.T.);
#13444 = VERTEX_POINT('',#13445);
#13445 = CARTESIAN_POINT('',(12.6,-18.6,-6.8));
#13446 = LINE('',#13447,#13448);
#13447 = CARTESIAN_POINT('',(12.6,-48.6,-6.8));
#13448 = VECTOR('',#13449,1.);
#13449 = DIRECTION('',(-0.,1.,0.));
#13450 = ORIENTED_EDGE('',*,*,#13451,.T.);
#13451 = EDGE_CURVE('',#13444,#13395,#13452,.T.);
#13452 = LINE('',#13453,#13454);
#13453 = CARTESIAN_POINT('',(12.6,-18.6,-6.8));
#13454 = VECTOR('',#13455,1.);
#13455 = DIRECTION('',(0.,0.,1.));
#13456 = ORIENTED_EDGE('',*,*,#13394,.F.);
#13457 = ORIENTED_EDGE('',*,*,#13458,.F.);
#13458 = EDGE_CURVE('',#13459,#13386,#13461,.T.);
#13459 = VERTEX_POINT('',#13460);
#13460 = CARTESIAN_POINT('',(12.6,-25.39372539331,0.));
#13461 = LINE('',#13462,#13463);
#13462 = CARTESIAN_POINT('',(12.6,-48.6,0.));
#13463 = VECTOR('',#13464,1.);
#13464 = DIRECTION('',(-0.,1.,0.));
#13465 = ORIENTED_EDGE('',*,*,#13466,.F.);
#13466 = EDGE_CURVE('',#13419,#13459,#13467,.T.);
#13467 = LINE('',#13468,#13469);
#13468 = CARTESIAN_POINT('',(12.6,-48.6,0.));
#13469 = VECTOR('',#13470,1.);
#13470 = DIRECTION('',(-0.,1.,0.));
#13471 = PLANE('',#13472);
#13472 = AXIS2_PLACEMENT_3D('',#13473,#13474,#13475);
#13473 = CARTESIAN_POINT('',(12.6,-48.6,-6.8));
#13474 = DIRECTION('',(1.,0.,-0.));
#13475 = DIRECTION('',(0.,0.,1.));
#13476 = ADVANCED_FACE('',(#13477),#13510,.F.);
#13477 = FACE_BOUND('',#13478,.F.);
#13478 = EDGE_LOOP('',(#13479,#13480,#13488,#13496,#13502,#13503));
#13479 = ORIENTED_EDGE('',*,*,#13426,.F.);
#13480 = ORIENTED_EDGE('',*,*,#13481,.T.);
#13481 = EDGE_CURVE('',#13417,#13482,#13484,.T.);
#13482 = VERTEX_POINT('',#13483);
#13483 = CARTESIAN_POINT('',(15.1,-48.6,-6.8));
#13484 = LINE('',#13485,#13486);
#13485 = CARTESIAN_POINT('',(12.6,-48.6,-6.8));
#13486 = VECTOR('',#13487,1.);
#13487 = DIRECTION('',(1.,0.,-0.));
#13488 = ORIENTED_EDGE('',*,*,#13489,.T.);
#13489 = EDGE_CURVE('',#13482,#13490,#13492,.T.);
#13490 = VERTEX_POINT('',#13491);
#13491 = CARTESIAN_POINT('',(15.1,-18.6,-6.8));
#13492 = LINE('',#13493,#13494);
#13493 = CARTESIAN_POINT('',(15.1,-48.6,-6.8));
#13494 = VECTOR('',#13495,1.);
#13495 = DIRECTION('',(-0.,1.,0.));
#13496 = ORIENTED_EDGE('',*,*,#13497,.F.);
#13497 = EDGE_CURVE('',#13444,#13490,#13498,.T.);
#13498 = LINE('',#13499,#13500);
#13499 = CARTESIAN_POINT('',(12.6,-18.6,-6.8));
#13500 = VECTOR('',#13501,1.);
#13501 = DIRECTION('',(1.,0.,-0.));
#13502 = ORIENTED_EDGE('',*,*,#13443,.F.);
#13503 = ORIENTED_EDGE('',*,*,#13504,.T.);
#13504 = EDGE_CURVE('',#13435,#13427,#13505,.T.);
#13505 = CIRCLE('',#13506,3.2);
#13506 = AXIS2_PLACEMENT_3D('',#13507,#13508,#13509);
#13507 = CARTESIAN_POINT('',(9.5,-33.6,-6.8));
#13508 = DIRECTION('',(-0.,0.,-1.));
#13509 = DIRECTION('',(-1.,0.,0.));
#13510 = PLANE('',#13511);
#13511 = AXIS2_PLACEMENT_3D('',#13512,#13513,#13514);
#13512 = CARTESIAN_POINT('',(12.6,-48.6,-6.8));
#13513 = DIRECTION('',(0.,0.,1.));
#13514 = DIRECTION('',(1.,0.,-0.));
#13515 = ADVANCED_FACE('',(#13516),#13541,.T.);
#13516 = FACE_BOUND('',#13517,.T.);
#13517 = EDGE_LOOP('',(#13518,#13526,#13527,#13535));
#13518 = ORIENTED_EDGE('',*,*,#13519,.F.);
#13519 = EDGE_CURVE('',#13482,#13520,#13522,.T.);
#13520 = VERTEX_POINT('',#13521);
#13521 = CARTESIAN_POINT('',(15.1,-48.6,0.));
#13522 = LINE('',#13523,#13524);
#13523 = CARTESIAN_POINT('',(15.1,-48.6,-6.8));
#13524 = VECTOR('',#13525,1.);
#13525 = DIRECTION('',(0.,0.,1.));
#13526 = ORIENTED_EDGE('',*,*,#13489,.T.);
#13527 = ORIENTED_EDGE('',*,*,#13528,.T.);
#13528 = EDGE_CURVE('',#13490,#13529,#13531,.T.);
#13529 = VERTEX_POINT('',#13530);
#13530 = CARTESIAN_POINT('',(15.1,-18.6,0.));
#13531 = LINE('',#13532,#13533);
#13532 = CARTESIAN_POINT('',(15.1,-18.6,-6.8));
#13533 = VECTOR('',#13534,1.);
#13534 = DIRECTION('',(0.,0.,1.));
#13535 = ORIENTED_EDGE('',*,*,#13536,.F.);
#13536 = EDGE_CURVE('',#13520,#13529,#13537,.T.);
#13537 = LINE('',#13538,#13539);
#13538 = CARTESIAN_POINT('',(15.1,-48.6,0.));
#13539 = VECTOR('',#13540,1.);
#13540 = DIRECTION('',(-0.,1.,0.));
#13541 = PLANE('',#13542);
#13542 = AXIS2_PLACEMENT_3D('',#13543,#13544,#13545);
#13543 = CARTESIAN_POINT('',(15.1,-48.6,-6.8));
#13544 = DIRECTION('',(1.,0.,-0.));
#13545 = DIRECTION('',(0.,0.,1.));
#13546 = ADVANCED_FACE('',(#13547),#13557,.F.);
#13547 = FACE_BOUND('',#13548,.F.);
#13548 = EDGE_LOOP('',(#13549,#13550,#13556));
#13549 = ORIENTED_EDGE('',*,*,#13297,.F.);
#13550 = ORIENTED_EDGE('',*,*,#13551,.F.);
#13551 = EDGE_CURVE('',#13330,#13289,#13552,.T.);
#13552 = LINE('',#13553,#13554);
#13553 = CARTESIAN_POINT('',(6.7,-33.6,-6.4));
#13554 = VECTOR('',#13555,1.);
#13555 = DIRECTION('',(-0.707106781187,-1.731912112471E-16,
    -0.707106781187));
#13556 = ORIENTED_EDGE('',*,*,#13338,.T.);
#13557 = CONICAL_SURFACE('',#13558,2.8,0.785398163397);
#13558 = AXIS2_PLACEMENT_3D('',#13559,#13560,#13561);
#13559 = CARTESIAN_POINT('',(9.5,-33.6,-6.4));
#13560 = DIRECTION('',(-0.,-0.,-1.));
#13561 = DIRECTION('',(-1.,0.,0.));
#13562 = ADVANCED_FACE('',(#13563),#13568,.F.);
#13563 = FACE_BOUND('',#13564,.F.);
#13564 = EDGE_LOOP('',(#13565,#13566,#13567));
#13565 = ORIENTED_EDGE('',*,*,#13551,.T.);
#13566 = ORIENTED_EDGE('',*,*,#13288,.F.);
#13567 = ORIENTED_EDGE('',*,*,#13329,.T.);
#13568 = CONICAL_SURFACE('',#13569,2.8,0.785398163397);
#13569 = AXIS2_PLACEMENT_3D('',#13570,#13571,#13572);
#13570 = CARTESIAN_POINT('',(9.5,-33.6,-6.4));
#13571 = DIRECTION('',(-0.,-0.,-1.));
#13572 = DIRECTION('',(-1.,0.,0.));
#13573 = ADVANCED_FACE('',(#13574),#13593,.F.);
#13574 = FACE_BOUND('',#13575,.F.);
#13575 = EDGE_LOOP('',(#13576,#13585,#13592));
#13576 = ORIENTED_EDGE('',*,*,#13577,.T.);
#13577 = EDGE_CURVE('',#13363,#13578,#13580,.T.);
#13578 = VERTEX_POINT('',#13579);
#13579 = CARTESIAN_POINT('',(6.3,-24.6,0.));
#13580 = CIRCLE('',#13581,3.2);
#13581 = AXIS2_PLACEMENT_3D('',#13582,#13583,#13584);
#13582 = CARTESIAN_POINT('',(9.5,-24.6,0.));
#13583 = DIRECTION('',(-0.,0.,-1.));
#13584 = DIRECTION('',(-1.,0.,0.));
#13585 = ORIENTED_EDGE('',*,*,#13586,.T.);
#13586 = EDGE_CURVE('',#13578,#13355,#13587,.T.);
#13587 = CIRCLE('',#13588,3.2);
#13588 = AXIS2_PLACEMENT_3D('',#13589,#13590,#13591);
#13589 = CARTESIAN_POINT('',(9.5,-24.6,0.));
#13590 = DIRECTION('',(-0.,0.,-1.));
#13591 = DIRECTION('',(-1.,0.,0.));
#13592 = ORIENTED_EDGE('',*,*,#13362,.F.);
#13593 = PLANE('',#13594);
#13594 = AXIS2_PLACEMENT_3D('',#13595,#13596,#13597);
#13595 = CARTESIAN_POINT('',(9.5,-24.6,0.));
#13596 = DIRECTION('',(-0.,-0.,-1.));
#13597 = DIRECTION('',(-1.,0.,0.));
#13598 = ADVANCED_FACE('',(#13599),#13643,.F.);
#13599 = FACE_BOUND('',#13600,.F.);
#13600 = EDGE_LOOP('',(#13601,#13609,#13610,#13617,#13624,#13625,#13626,
    #13627,#13636));
#13601 = ORIENTED_EDGE('',*,*,#13602,.T.);
#13602 = EDGE_CURVE('',#13603,#13578,#13605,.T.);
#13603 = VERTEX_POINT('',#13604);
#13604 = CARTESIAN_POINT('',(6.7,-24.6,0.4));
#13605 = LINE('',#13606,#13607);
#13606 = CARTESIAN_POINT('',(6.7,-24.6,0.4));
#13607 = VECTOR('',#13608,1.);
#13608 = DIRECTION('',(-0.707106781187,-1.731912112471E-16,
    -0.707106781187));
#13609 = ORIENTED_EDGE('',*,*,#13577,.F.);
#13610 = ORIENTED_EDGE('',*,*,#13611,.F.);
#13611 = EDGE_CURVE('',#13459,#13363,#13612,.T.);
#13612 = CIRCLE('',#13613,3.2);
#13613 = AXIS2_PLACEMENT_3D('',#13614,#13615,#13616);
#13614 = CARTESIAN_POINT('',(9.5,-24.6,0.));
#13615 = DIRECTION('',(-0.,0.,-1.));
#13616 = DIRECTION('',(-1.,0.,0.));
#13617 = ORIENTED_EDGE('',*,*,#13618,.F.);
#13618 = EDGE_CURVE('',#13386,#13459,#13619,.T.);
#13619 = CIRCLE('',#13620,3.2);
#13620 = AXIS2_PLACEMENT_3D('',#13621,#13622,#13623);
#13621 = CARTESIAN_POINT('',(9.5,-24.6,0.));
#13622 = DIRECTION('',(-0.,0.,-1.));
#13623 = DIRECTION('',(-1.,0.,0.));
#13624 = ORIENTED_EDGE('',*,*,#13385,.F.);
#13625 = ORIENTED_EDGE('',*,*,#13586,.F.);
#13626 = ORIENTED_EDGE('',*,*,#13602,.F.);
#13627 = ORIENTED_EDGE('',*,*,#13628,.T.);
#13628 = EDGE_CURVE('',#13603,#13629,#13631,.T.);
#13629 = VERTEX_POINT('',#13630);
#13630 = CARTESIAN_POINT('',(12.3,-24.6,0.4));
#13631 = CIRCLE('',#13632,2.8);
#13632 = AXIS2_PLACEMENT_3D('',#13633,#13634,#13635);
#13633 = CARTESIAN_POINT('',(9.5,-24.6,0.4));
#13634 = DIRECTION('',(-0.,0.,-1.));
#13635 = DIRECTION('',(-1.,0.,0.));
#13636 = ORIENTED_EDGE('',*,*,#13637,.T.);
#13637 = EDGE_CURVE('',#13629,#13603,#13638,.T.);
#13638 = CIRCLE('',#13639,2.8);
#13639 = AXIS2_PLACEMENT_3D('',#13640,#13641,#13642);
#13640 = CARTESIAN_POINT('',(9.5,-24.6,0.4));
#13641 = DIRECTION('',(-0.,0.,-1.));
#13642 = DIRECTION('',(-1.,0.,0.));
#13643 = CONICAL_SURFACE('',#13644,2.8,0.785398163397);
#13644 = AXIS2_PLACEMENT_3D('',#13645,#13646,#13647);
#13645 = CARTESIAN_POINT('',(9.5,-24.6,0.4));
#13646 = DIRECTION('',(-0.,-0.,-1.));
#13647 = DIRECTION('',(-1.,0.,0.));
#13648 = ADVANCED_FACE('',(#13649),#13653,.F.);
#13649 = FACE_BOUND('',#13650,.F.);
#13650 = EDGE_LOOP('',(#13651,#13652));
#13651 = ORIENTED_EDGE('',*,*,#13458,.T.);
#13652 = ORIENTED_EDGE('',*,*,#13618,.T.);
#13653 = PLANE('',#13654);
#13654 = AXIS2_PLACEMENT_3D('',#13655,#13656,#13657);
#13655 = CARTESIAN_POINT('',(9.5,-24.6,0.));
#13656 = DIRECTION('',(-0.,-0.,-1.));
#13657 = DIRECTION('',(-1.,0.,0.));
#13658 = ADVANCED_FACE('',(#13659),#13663,.F.);
#13659 = FACE_BOUND('',#13660,.F.);
#13660 = EDGE_LOOP('',(#13661,#13662));
#13661 = ORIENTED_EDGE('',*,*,#13504,.F.);
#13662 = ORIENTED_EDGE('',*,*,#13434,.F.);
#13663 = CONICAL_SURFACE('',#13664,2.8,0.785398163397);
#13664 = AXIS2_PLACEMENT_3D('',#13665,#13666,#13667);
#13665 = CARTESIAN_POINT('',(9.5,-33.6,-6.4));
#13666 = DIRECTION('',(-0.,-0.,-1.));
#13667 = DIRECTION('',(-1.,0.,0.));
#13668 = ADVANCED_FACE('',(#13669),#13689,.F.);
#13669 = FACE_BOUND('',#13670,.F.);
#13670 = EDGE_LOOP('',(#13671,#13672,#13680,#13687,#13688));
#13671 = ORIENTED_EDGE('',*,*,#13637,.F.);
#13672 = ORIENTED_EDGE('',*,*,#13673,.T.);
#13673 = EDGE_CURVE('',#13629,#13674,#13676,.T.);
#13674 = VERTEX_POINT('',#13675);
#13675 = CARTESIAN_POINT('',(12.3,-24.6,2.6));
#13676 = LINE('',#13677,#13678);
#13677 = CARTESIAN_POINT('',(12.3,-24.6,-1.));
#13678 = VECTOR('',#13679,1.);
#13679 = DIRECTION('',(0.,0.,1.));
#13680 = ORIENTED_EDGE('',*,*,#13681,.F.);
#13681 = EDGE_CURVE('',#13674,#13674,#13682,.T.);
#13682 = CIRCLE('',#13683,2.8);
#13683 = AXIS2_PLACEMENT_3D('',#13684,#13685,#13686);
#13684 = CARTESIAN_POINT('',(9.5,-24.6,2.6));
#13685 = DIRECTION('',(0.,0.,1.));
#13686 = DIRECTION('',(1.,0.,-0.));
#13687 = ORIENTED_EDGE('',*,*,#13673,.F.);
#13688 = ORIENTED_EDGE('',*,*,#13628,.F.);
#13689 = CYLINDRICAL_SURFACE('',#13690,2.8);
#13690 = AXIS2_PLACEMENT_3D('',#13691,#13692,#13693);
#13691 = CARTESIAN_POINT('',(9.5,-24.6,-1.));
#13692 = DIRECTION('',(0.,0.,1.));
#13693 = DIRECTION('',(1.,0.,-0.));
#13694 = ADVANCED_FACE('',(#13695),#13729,.T.);
#13695 = FACE_BOUND('',#13696,.T.);
#13696 = EDGE_LOOP('',(#13697,#13707,#13715,#13723));
#13697 = ORIENTED_EDGE('',*,*,#13698,.F.);
#13698 = EDGE_CURVE('',#13699,#13701,#13703,.T.);
#13699 = VERTEX_POINT('',#13700);
#13700 = CARTESIAN_POINT('',(-0.5,-45.6,8.));
#13701 = VERTEX_POINT('',#13702);
#13702 = CARTESIAN_POINT('',(-0.5,-18.6,8.));
#13703 = LINE('',#13704,#13705);
#13704 = CARTESIAN_POINT('',(-0.5,-48.6,8.));
#13705 = VECTOR('',#13706,1.);
#13706 = DIRECTION('',(-0.,1.,0.));
#13707 = ORIENTED_EDGE('',*,*,#13708,.T.);
#13708 = EDGE_CURVE('',#13699,#13709,#13711,.T.);
#13709 = VERTEX_POINT('',#13710);
#13710 = CARTESIAN_POINT('',(-0.5,-45.6,3.));
#13711 = LINE('',#13712,#13713);
#13712 = CARTESIAN_POINT('',(-0.5,-45.6,0.));
#13713 = VECTOR('',#13714,1.);
#13714 = DIRECTION('',(-0.,0.,-1.));
#13715 = ORIENTED_EDGE('',*,*,#13716,.T.);
#13716 = EDGE_CURVE('',#13709,#13717,#13719,.T.);
#13717 = VERTEX_POINT('',#13718);
#13718 = CARTESIAN_POINT('',(-0.5,-18.6,3.));
#13719 = LINE('',#13720,#13721);
#13720 = CARTESIAN_POINT('',(-0.5,-48.6,3.));
#13721 = VECTOR('',#13722,1.);
#13722 = DIRECTION('',(-0.,1.,0.));
#13723 = ORIENTED_EDGE('',*,*,#13724,.T.);
#13724 = EDGE_CURVE('',#13717,#13701,#13725,.T.);
#13725 = LINE('',#13726,#13727);
#13726 = CARTESIAN_POINT('',(-0.5,-18.6,0.));
#13727 = VECTOR('',#13728,1.);
#13728 = DIRECTION('',(0.,0.,1.));
#13729 = PLANE('',#13730);
#13730 = AXIS2_PLACEMENT_3D('',#13731,#13732,#13733);
#13731 = CARTESIAN_POINT('',(-0.5,-48.6,0.));
#13732 = DIRECTION('',(1.,0.,-0.));
#13733 = DIRECTION('',(0.,0.,1.));
#13734 = ADVANCED_FACE('',(#13735),#13760,.T.);
#13735 = FACE_BOUND('',#13736,.T.);
#13736 = EDGE_LOOP('',(#13737,#13747,#13753,#13754));
#13737 = ORIENTED_EDGE('',*,*,#13738,.T.);
#13738 = EDGE_CURVE('',#13739,#13741,#13743,.T.);
#13739 = VERTEX_POINT('',#13740);
#13740 = CARTESIAN_POINT('',(19.5,-45.6,8.));
#13741 = VERTEX_POINT('',#13742);
#13742 = CARTESIAN_POINT('',(19.5,-45.6,3.));
#13743 = LINE('',#13744,#13745);
#13744 = CARTESIAN_POINT('',(19.5,-45.6,0.));
#13745 = VECTOR('',#13746,1.);
#13746 = DIRECTION('',(-0.,0.,-1.));
#13747 = ORIENTED_EDGE('',*,*,#13748,.T.);
#13748 = EDGE_CURVE('',#13741,#13709,#13749,.T.);
#13749 = LINE('',#13750,#13751);
#13750 = CARTESIAN_POINT('',(-3.5,-45.6,3.));
#13751 = VECTOR('',#13752,1.);
#13752 = DIRECTION('',(-1.,-0.,0.));
#13753 = ORIENTED_EDGE('',*,*,#13708,.F.);
#13754 = ORIENTED_EDGE('',*,*,#13755,.T.);
#13755 = EDGE_CURVE('',#13699,#13739,#13756,.T.);
#13756 = LINE('',#13757,#13758);
#13757 = CARTESIAN_POINT('',(-3.5,-45.6,8.));
#13758 = VECTOR('',#13759,1.);
#13759 = DIRECTION('',(1.,0.,-0.));
#13760 = PLANE('',#13761);
#13761 = AXIS2_PLACEMENT_3D('',#13762,#13763,#13764);
#13762 = CARTESIAN_POINT('',(-3.5,-45.6,0.));
#13763 = DIRECTION('',(-0.,1.,0.));
#13764 = DIRECTION('',(0.,0.,1.));
#13765 = ADVANCED_FACE('',(#13766,#13784,#13795),#13806,.T.);
#13766 = FACE_BOUND('',#13767,.T.);
#13767 = EDGE_LOOP('',(#13768,#13769,#13770,#13778));
#13768 = ORIENTED_EDGE('',*,*,#13716,.F.);
#13769 = ORIENTED_EDGE('',*,*,#13748,.F.);
#13770 = ORIENTED_EDGE('',*,*,#13771,.T.);
#13771 = EDGE_CURVE('',#13741,#13772,#13774,.T.);
#13772 = VERTEX_POINT('',#13773);
#13773 = CARTESIAN_POINT('',(19.5,-18.6,3.));
#13774 = LINE('',#13775,#13776);
#13775 = CARTESIAN_POINT('',(19.5,-48.6,3.));
#13776 = VECTOR('',#13777,1.);
#13777 = DIRECTION('',(-0.,1.,0.));
#13778 = ORIENTED_EDGE('',*,*,#13779,.F.);
#13779 = EDGE_CURVE('',#13717,#13772,#13780,.T.);
#13780 = LINE('',#13781,#13782);
#13781 = CARTESIAN_POINT('',(-3.5,-18.6,3.));
#13782 = VECTOR('',#13783,1.);
#13783 = DIRECTION('',(1.,0.,-0.));
#13784 = FACE_BOUND('',#13785,.T.);
#13785 = EDGE_LOOP('',(#13786));
#13786 = ORIENTED_EDGE('',*,*,#13787,.F.);
#13787 = EDGE_CURVE('',#13788,#13788,#13790,.T.);
#13788 = VERTEX_POINT('',#13789);
#13789 = CARTESIAN_POINT('',(12.7,-33.6,3.));
#13790 = CIRCLE('',#13791,3.2);
#13791 = AXIS2_PLACEMENT_3D('',#13792,#13793,#13794);
#13792 = CARTESIAN_POINT('',(9.5,-33.6,3.));
#13793 = DIRECTION('',(0.,0.,1.));
#13794 = DIRECTION('',(1.,0.,-0.));
#13795 = FACE_BOUND('',#13796,.T.);
#13796 = EDGE_LOOP('',(#13797));
#13797 = ORIENTED_EDGE('',*,*,#13798,.F.);
#13798 = EDGE_CURVE('',#13799,#13799,#13801,.T.);
#13799 = VERTEX_POINT('',#13800);
#13800 = CARTESIAN_POINT('',(12.7,-24.6,3.));
#13801 = CIRCLE('',#13802,3.2);
#13802 = AXIS2_PLACEMENT_3D('',#13803,#13804,#13805);
#13803 = CARTESIAN_POINT('',(9.5,-24.6,3.));
#13804 = DIRECTION('',(0.,0.,1.));
#13805 = DIRECTION('',(1.,0.,-0.));
#13806 = PLANE('',#13807);
#13807 = AXIS2_PLACEMENT_3D('',#13808,#13809,#13810);
#13808 = CARTESIAN_POINT('',(-3.5,-48.6,3.));
#13809 = DIRECTION('',(0.,0.,1.));
#13810 = DIRECTION('',(1.,0.,-0.));
#13811 = ADVANCED_FACE('',(#13812),#13830,.F.);
#13812 = FACE_BOUND('',#13813,.F.);
#13813 = EDGE_LOOP('',(#13814,#13822,#13823,#13824));
#13814 = ORIENTED_EDGE('',*,*,#13815,.F.);
#13815 = EDGE_CURVE('',#13739,#13816,#13818,.T.);
#13816 = VERTEX_POINT('',#13817);
#13817 = CARTESIAN_POINT('',(19.5,-18.6,8.));
#13818 = LINE('',#13819,#13820);
#13819 = CARTESIAN_POINT('',(19.5,-48.6,8.));
#13820 = VECTOR('',#13821,1.);
#13821 = DIRECTION('',(-0.,1.,0.));
#13822 = ORIENTED_EDGE('',*,*,#13738,.T.);
#13823 = ORIENTED_EDGE('',*,*,#13771,.T.);
#13824 = ORIENTED_EDGE('',*,*,#13825,.T.);
#13825 = EDGE_CURVE('',#13772,#13816,#13826,.T.);
#13826 = LINE('',#13827,#13828);
#13827 = CARTESIAN_POINT('',(19.5,-18.6,0.));
#13828 = VECTOR('',#13829,1.);
#13829 = DIRECTION('',(0.,0.,1.));
#13830 = PLANE('',#13831);
#13831 = AXIS2_PLACEMENT_3D('',#13832,#13833,#13834);
#13832 = CARTESIAN_POINT('',(19.5,-48.6,0.));
#13833 = DIRECTION('',(1.,0.,-0.));
#13834 = DIRECTION('',(0.,0.,1.));
#13835 = ADVANCED_FACE('',(#13836),#13855,.F.);
#13836 = FACE_BOUND('',#13837,.F.);
#13837 = EDGE_LOOP('',(#13838,#13839,#13847,#13854));
#13838 = ORIENTED_EDGE('',*,*,#13787,.F.);
#13839 = ORIENTED_EDGE('',*,*,#13840,.F.);
#13840 = EDGE_CURVE('',#13841,#13788,#13843,.T.);
#13841 = VERTEX_POINT('',#13842);
#13842 = CARTESIAN_POINT('',(12.3,-33.6,2.6));
#13843 = LINE('',#13844,#13845);
#13844 = CARTESIAN_POINT('',(12.3,-33.6,2.6));
#13845 = VECTOR('',#13846,1.);
#13846 = DIRECTION('',(0.707106781187,-1.731912112471E-16,0.707106781187
    ));
#13847 = ORIENTED_EDGE('',*,*,#13848,.T.);
#13848 = EDGE_CURVE('',#13841,#13841,#13849,.T.);
#13849 = CIRCLE('',#13850,2.8);
#13850 = AXIS2_PLACEMENT_3D('',#13851,#13852,#13853);
#13851 = CARTESIAN_POINT('',(9.5,-33.6,2.6));
#13852 = DIRECTION('',(0.,0.,1.));
#13853 = DIRECTION('',(1.,0.,-0.));
#13854 = ORIENTED_EDGE('',*,*,#13840,.T.);
#13855 = CONICAL_SURFACE('',#13856,2.8,0.785398163397);
#13856 = AXIS2_PLACEMENT_3D('',#13857,#13858,#13859);
#13857 = CARTESIAN_POINT('',(9.5,-33.6,2.6));
#13858 = DIRECTION('',(0.,0.,1.));
#13859 = DIRECTION('',(1.,0.,-0.));
#13860 = ADVANCED_FACE('',(#13861),#13880,.F.);
#13861 = FACE_BOUND('',#13862,.F.);
#13862 = EDGE_LOOP('',(#13863,#13864,#13872,#13879));
#13863 = ORIENTED_EDGE('',*,*,#13848,.F.);
#13864 = ORIENTED_EDGE('',*,*,#13865,.F.);
#13865 = EDGE_CURVE('',#13866,#13841,#13868,.T.);
#13866 = VERTEX_POINT('',#13867);
#13867 = CARTESIAN_POINT('',(12.3,-33.6,0.));
#13868 = LINE('',#13869,#13870);
#13869 = CARTESIAN_POINT('',(12.3,-33.6,-8.3));
#13870 = VECTOR('',#13871,1.);
#13871 = DIRECTION('',(0.,0.,1.));
#13872 = ORIENTED_EDGE('',*,*,#13873,.T.);
#13873 = EDGE_CURVE('',#13866,#13866,#13874,.T.);
#13874 = CIRCLE('',#13875,2.8);
#13875 = AXIS2_PLACEMENT_3D('',#13876,#13877,#13878);
#13876 = CARTESIAN_POINT('',(9.5,-33.6,0.));
#13877 = DIRECTION('',(0.,0.,1.));
#13878 = DIRECTION('',(1.,0.,-0.));
#13879 = ORIENTED_EDGE('',*,*,#13865,.T.);
#13880 = CYLINDRICAL_SURFACE('',#13881,2.8);
#13881 = AXIS2_PLACEMENT_3D('',#13882,#13883,#13884);
#13882 = CARTESIAN_POINT('',(9.5,-33.6,-8.3));
#13883 = DIRECTION('',(0.,0.,1.));
#13884 = DIRECTION('',(1.,0.,-0.));
#13885 = ADVANCED_FACE('',(#13886),#13897,.F.);
#13886 = FACE_BOUND('',#13887,.F.);
#13887 = EDGE_LOOP('',(#13888,#13889,#13895,#13896));
#13888 = ORIENTED_EDGE('',*,*,#13798,.F.);
#13889 = ORIENTED_EDGE('',*,*,#13890,.F.);
#13890 = EDGE_CURVE('',#13674,#13799,#13891,.T.);
#13891 = LINE('',#13892,#13893);
#13892 = CARTESIAN_POINT('',(12.3,-24.6,2.6));
#13893 = VECTOR('',#13894,1.);
#13894 = DIRECTION('',(0.707106781187,-1.731912112471E-16,0.707106781187
    ));
#13895 = ORIENTED_EDGE('',*,*,#13681,.T.);
#13896 = ORIENTED_EDGE('',*,*,#13890,.T.);
#13897 = CONICAL_SURFACE('',#13898,2.8,0.785398163397);
#13898 = AXIS2_PLACEMENT_3D('',#13899,#13900,#13901);
#13899 = CARTESIAN_POINT('',(9.5,-24.6,2.6));
#13900 = DIRECTION('',(0.,0.,1.));
#13901 = DIRECTION('',(1.,0.,-0.));
#13902 = ADVANCED_FACE('',(#13903),#13955,.T.);
#13903 = FACE_BOUND('',#13904,.T.);
#13904 = EDGE_LOOP('',(#13905,#13913,#13914,#13915,#13916,#13922,#13923,
    #13924,#13925,#13933,#13941,#13949));
#13905 = ORIENTED_EDGE('',*,*,#13906,.T.);
#13906 = EDGE_CURVE('',#13907,#13226,#13909,.T.);
#13907 = VERTEX_POINT('',#13908);
#13908 = CARTESIAN_POINT('',(-3.5,-48.6,0.));
#13909 = LINE('',#13910,#13911);
#13910 = CARTESIAN_POINT('',(-3.5,-48.6,0.));
#13911 = VECTOR('',#13912,1.);
#13912 = DIRECTION('',(1.,0.,-0.));
#13913 = ORIENTED_EDGE('',*,*,#13223,.F.);
#13914 = ORIENTED_EDGE('',*,*,#13272,.T.);
#13915 = ORIENTED_EDGE('',*,*,#13320,.T.);
#13916 = ORIENTED_EDGE('',*,*,#13917,.T.);
#13917 = EDGE_CURVE('',#13321,#13419,#13918,.T.);
#13918 = LINE('',#13919,#13920);
#13919 = CARTESIAN_POINT('',(-3.5,-48.6,0.));
#13920 = VECTOR('',#13921,1.);
#13921 = DIRECTION('',(1.,0.,-0.));
#13922 = ORIENTED_EDGE('',*,*,#13416,.F.);
#13923 = ORIENTED_EDGE('',*,*,#13481,.T.);
#13924 = ORIENTED_EDGE('',*,*,#13519,.T.);
#13925 = ORIENTED_EDGE('',*,*,#13926,.T.);
#13926 = EDGE_CURVE('',#13520,#13927,#13929,.T.);
#13927 = VERTEX_POINT('',#13928);
#13928 = CARTESIAN_POINT('',(22.5,-48.6,0.));
#13929 = LINE('',#13930,#13931);
#13930 = CARTESIAN_POINT('',(-3.5,-48.6,0.));
#13931 = VECTOR('',#13932,1.);
#13932 = DIRECTION('',(1.,0.,-0.));
#13933 = ORIENTED_EDGE('',*,*,#13934,.T.);
#13934 = EDGE_CURVE('',#13927,#13935,#13937,.T.);
#13935 = VERTEX_POINT('',#13936);
#13936 = CARTESIAN_POINT('',(22.5,-48.6,8.));
#13937 = LINE('',#13938,#13939);
#13938 = CARTESIAN_POINT('',(22.5,-48.6,0.));
#13939 = VECTOR('',#13940,1.);
#13940 = DIRECTION('',(0.,0.,1.));
#13941 = ORIENTED_EDGE('',*,*,#13942,.F.);
#13942 = EDGE_CURVE('',#13943,#13935,#13945,.T.);
#13943 = VERTEX_POINT('',#13944);
#13944 = CARTESIAN_POINT('',(-3.5,-48.6,8.));
#13945 = LINE('',#13946,#13947);
#13946 = CARTESIAN_POINT('',(-3.5,-48.6,8.));
#13947 = VECTOR('',#13948,1.);
#13948 = DIRECTION('',(1.,0.,-0.));
#13949 = ORIENTED_EDGE('',*,*,#13950,.F.);
#13950 = EDGE_CURVE('',#13907,#13943,#13951,.T.);
#13951 = LINE('',#13952,#13953);
#13952 = CARTESIAN_POINT('',(-3.5,-48.6,0.));
#13953 = VECTOR('',#13954,1.);
#13954 = DIRECTION('',(0.,0.,1.));
#13955 = PLANE('',#13956);
#13956 = AXIS2_PLACEMENT_3D('',#13957,#13958,#13959);
#13957 = CARTESIAN_POINT('',(9.5,-48.6,1.528571428571));
#13958 = DIRECTION('',(-0.,-1.,-0.));
#13959 = DIRECTION('',(0.,0.,-1.));
#13960 = ADVANCED_FACE('',(#13961),#13986,.T.);
#13961 = FACE_BOUND('',#13962,.T.);
#13962 = EDGE_LOOP('',(#13963,#13964,#13972,#13980));
#13963 = ORIENTED_EDGE('',*,*,#13950,.T.);
#13964 = ORIENTED_EDGE('',*,*,#13965,.T.);
#13965 = EDGE_CURVE('',#13943,#13966,#13968,.T.);
#13966 = VERTEX_POINT('',#13967);
#13967 = CARTESIAN_POINT('',(-3.5,-18.6,8.));
#13968 = LINE('',#13969,#13970);
#13969 = CARTESIAN_POINT('',(-3.5,-48.6,8.));
#13970 = VECTOR('',#13971,1.);
#13971 = DIRECTION('',(-0.,1.,0.));
#13972 = ORIENTED_EDGE('',*,*,#13973,.F.);
#13973 = EDGE_CURVE('',#13974,#13966,#13976,.T.);
#13974 = VERTEX_POINT('',#13975);
#13975 = CARTESIAN_POINT('',(-3.5,-18.6,0.));
#13976 = LINE('',#13977,#13978);
#13977 = CARTESIAN_POINT('',(-3.5,-18.6,0.));
#13978 = VECTOR('',#13979,1.);
#13979 = DIRECTION('',(0.,0.,1.));
#13980 = ORIENTED_EDGE('',*,*,#13981,.F.);
#13981 = EDGE_CURVE('',#13907,#13974,#13982,.T.);
#13982 = LINE('',#13983,#13984);
#13983 = CARTESIAN_POINT('',(-3.5,-48.6,0.));
#13984 = VECTOR('',#13985,1.);
#13985 = DIRECTION('',(-0.,1.,0.));
#13986 = PLANE('',#13987);
#13987 = AXIS2_PLACEMENT_3D('',#13988,#13989,#13990);
#13988 = CARTESIAN_POINT('',(-3.5,-33.6,4.));
#13989 = DIRECTION('',(-1.,-0.,-0.));
#13990 = DIRECTION('',(0.,0.,-1.));
#13991 = ADVANCED_FACE('',(#13992),#14003,.T.);
#13992 = FACE_BOUND('',#13993,.T.);
#13993 = EDGE_LOOP('',(#13994,#13995,#14001,#14002));
#13994 = ORIENTED_EDGE('',*,*,#13981,.T.);
#13995 = ORIENTED_EDGE('',*,*,#13996,.T.);
#13996 = EDGE_CURVE('',#13974,#13242,#13997,.T.);
#13997 = LINE('',#13998,#13999);
#13998 = CARTESIAN_POINT('',(-3.5,-18.6,0.));
#13999 = VECTOR('',#14000,1.);
#14000 = DIRECTION('',(1.,0.,-0.));
#14001 = ORIENTED_EDGE('',*,*,#13249,.F.);
#14002 = ORIENTED_EDGE('',*,*,#13906,.F.);
#14003 = PLANE('',#14004);
#14004 = AXIS2_PLACEMENT_3D('',#14005,#14006,#14007);
#14005 = CARTESIAN_POINT('',(0.2,-33.6,0.));
#14006 = DIRECTION('',(-0.,-0.,-1.));
#14007 = DIRECTION('',(-1.,0.,0.));
#14008 = ADVANCED_FACE('',(#14009,#14015),#14018,.T.);
#14009 = FACE_BOUND('',#14010,.T.);
#14010 = EDGE_LOOP('',(#14011,#14012,#14013,#14014));
#14011 = ORIENTED_EDGE('',*,*,#13370,.T.);
#14012 = ORIENTED_EDGE('',*,*,#13611,.F.);
#14013 = ORIENTED_EDGE('',*,*,#13466,.F.);
#14014 = ORIENTED_EDGE('',*,*,#13917,.F.);
#14015 = FACE_BOUND('',#14016,.T.);
#14016 = EDGE_LOOP('',(#14017));
#14017 = ORIENTED_EDGE('',*,*,#13873,.T.);
#14018 = PLANE('',#14019);
#14019 = AXIS2_PLACEMENT_3D('',#14020,#14021,#14022);
#14020 = CARTESIAN_POINT('',(9.5,-36.80764547586,0.));
#14021 = DIRECTION('',(-0.,-0.,-1.));
#14022 = DIRECTION('',(-1.,0.,0.));
#14023 = ADVANCED_FACE('',(#14024),#14042,.T.);
#14024 = FACE_BOUND('',#14025,.T.);
#14025 = EDGE_LOOP('',(#14026,#14027,#14035,#14041));
#14026 = ORIENTED_EDGE('',*,*,#13536,.T.);
#14027 = ORIENTED_EDGE('',*,*,#14028,.T.);
#14028 = EDGE_CURVE('',#13529,#14029,#14031,.T.);
#14029 = VERTEX_POINT('',#14030);
#14030 = CARTESIAN_POINT('',(22.5,-18.6,0.));
#14031 = LINE('',#14032,#14033);
#14032 = CARTESIAN_POINT('',(-3.5,-18.6,0.));
#14033 = VECTOR('',#14034,1.);
#14034 = DIRECTION('',(1.,0.,-0.));
#14035 = ORIENTED_EDGE('',*,*,#14036,.F.);
#14036 = EDGE_CURVE('',#13927,#14029,#14037,.T.);
#14037 = LINE('',#14038,#14039);
#14038 = CARTESIAN_POINT('',(22.5,-48.6,0.));
#14039 = VECTOR('',#14040,1.);
#14040 = DIRECTION('',(-0.,1.,0.));
#14041 = ORIENTED_EDGE('',*,*,#13926,.F.);
#14042 = PLANE('',#14043);
#14043 = AXIS2_PLACEMENT_3D('',#14044,#14045,#14046);
#14044 = CARTESIAN_POINT('',(18.8,-33.6,0.));
#14045 = DIRECTION('',(-0.,-0.,-1.));
#14046 = DIRECTION('',(-1.,0.,0.));
#14047 = ADVANCED_FACE('',(#14048),#14075,.T.);
#14048 = FACE_BOUND('',#14049,.T.);
#14049 = EDGE_LOOP('',(#14050,#14051,#14052,#14060,#14066,#14067,#14068,
    #14069));
#14050 = ORIENTED_EDGE('',*,*,#13965,.F.);
#14051 = ORIENTED_EDGE('',*,*,#13942,.T.);
#14052 = ORIENTED_EDGE('',*,*,#14053,.T.);
#14053 = EDGE_CURVE('',#13935,#14054,#14056,.T.);
#14054 = VERTEX_POINT('',#14055);
#14055 = CARTESIAN_POINT('',(22.5,-18.6,8.));
#14056 = LINE('',#14057,#14058);
#14057 = CARTESIAN_POINT('',(22.5,-48.6,8.));
#14058 = VECTOR('',#14059,1.);
#14059 = DIRECTION('',(-0.,1.,0.));
#14060 = ORIENTED_EDGE('',*,*,#14061,.F.);
#14061 = EDGE_CURVE('',#13816,#14054,#14062,.T.);
#14062 = LINE('',#14063,#14064);
#14063 = CARTESIAN_POINT('',(19.5,-18.6,8.));
#14064 = VECTOR('',#14065,1.);
#14065 = DIRECTION('',(1.,0.,-0.));
#14066 = ORIENTED_EDGE('',*,*,#13815,.F.);
#14067 = ORIENTED_EDGE('',*,*,#13755,.F.);
#14068 = ORIENTED_EDGE('',*,*,#13698,.T.);
#14069 = ORIENTED_EDGE('',*,*,#14070,.F.);
#14070 = EDGE_CURVE('',#13966,#13701,#14071,.T.);
#14071 = LINE('',#14072,#14073);
#14072 = CARTESIAN_POINT('',(-3.5,-18.6,8.));
#14073 = VECTOR('',#14074,1.);
#14074 = DIRECTION('',(1.,0.,-0.));
#14075 = PLANE('',#14076);
#14076 = AXIS2_PLACEMENT_3D('',#14077,#14078,#14079);
#14077 = CARTESIAN_POINT('',(9.5,-36.36506024096,8.));
#14078 = DIRECTION('',(0.,0.,1.));
#14079 = DIRECTION('',(1.,0.,-0.));
#14080 = ADVANCED_FACE('',(#14081),#14104,.T.);
#14081 = FACE_BOUND('',#14082,.T.);
#14082 = EDGE_LOOP('',(#14083,#14084,#14085,#14086,#14087,#14088,#14089,
    #14090,#14096,#14097,#14098,#14099,#14100,#14101,#14102,#14103));
#14083 = ORIENTED_EDGE('',*,*,#13996,.F.);
#14084 = ORIENTED_EDGE('',*,*,#13973,.T.);
#14085 = ORIENTED_EDGE('',*,*,#14070,.T.);
#14086 = ORIENTED_EDGE('',*,*,#13724,.F.);
#14087 = ORIENTED_EDGE('',*,*,#13779,.T.);
#14088 = ORIENTED_EDGE('',*,*,#13825,.T.);
#14089 = ORIENTED_EDGE('',*,*,#14061,.T.);
#14090 = ORIENTED_EDGE('',*,*,#14091,.F.);
#14091 = EDGE_CURVE('',#14029,#14054,#14092,.T.);
#14092 = LINE('',#14093,#14094);
#14093 = CARTESIAN_POINT('',(22.5,-18.6,0.));
#14094 = VECTOR('',#14095,1.);
#14095 = DIRECTION('',(0.,0.,1.));
#14096 = ORIENTED_EDGE('',*,*,#14028,.F.);
#14097 = ORIENTED_EDGE('',*,*,#13528,.F.);
#14098 = ORIENTED_EDGE('',*,*,#13497,.F.);
#14099 = ORIENTED_EDGE('',*,*,#13451,.T.);
#14100 = ORIENTED_EDGE('',*,*,#13402,.F.);
#14101 = ORIENTED_EDGE('',*,*,#13346,.F.);
#14102 = ORIENTED_EDGE('',*,*,#13263,.F.);
#14103 = ORIENTED_EDGE('',*,*,#13241,.T.);
#14104 = PLANE('',#14105);
#14105 = AXIS2_PLACEMENT_3D('',#14106,#14107,#14108);
#14106 = CARTESIAN_POINT('',(9.5,-18.6,0.955513307985));
#14107 = DIRECTION('',(0.,1.,0.));
#14108 = DIRECTION('',(0.,-0.,1.));
#14109 = ADVANCED_FACE('',(#14110),#14116,.T.);
#14110 = FACE_BOUND('',#14111,.T.);
#14111 = EDGE_LOOP('',(#14112,#14113,#14114,#14115));
#14112 = ORIENTED_EDGE('',*,*,#13934,.F.);
#14113 = ORIENTED_EDGE('',*,*,#14036,.T.);
#14114 = ORIENTED_EDGE('',*,*,#14091,.T.);
#14115 = ORIENTED_EDGE('',*,*,#14053,.F.);
#14116 = PLANE('',#14117);
#14117 = AXIS2_PLACEMENT_3D('',#14118,#14119,#14120);
#14118 = CARTESIAN_POINT('',(22.5,-33.6,4.));
#14119 = DIRECTION('',(1.,0.,0.));
#14120 = DIRECTION('',(-0.,0.,1.));
#14121 = MANIFOLD_SOLID_BREP('',#14122);
#14122 = CLOSED_SHELL('',(#14123,#14185,#14226,#14290,#14349,#14374,
    #14384,#14418,#14480,#14530,#14578,#14594,#14652,#14683,#14714,
    #14745,#14776,#14807,#14838,#14869,#14900,#14931,#14948,#14977,
    #15063,#15094,#15135,#15169,#15186,#15217,#15248,#15279,#15310,
    #15341,#15372,#15403,#15434,#15465,#15496,#15530,#15547,#15576,
    #15594));
#14123 = ADVANCED_FACE('',(#14124,#14169),#14180,.F.);
#14124 = FACE_BOUND('',#14125,.F.);
#14125 = EDGE_LOOP('',(#14126,#14137,#14146,#14154,#14163));
#14126 = ORIENTED_EDGE('',*,*,#14127,.T.);
#14127 = EDGE_CURVE('',#14128,#14130,#14132,.T.);
#14128 = VERTEX_POINT('',#14129);
#14129 = CARTESIAN_POINT('',(62.5,91.464365076099,-74.85509188163));
#14130 = VERTEX_POINT('',#14131);
#14131 = CARTESIAN_POINT('',(59.5,93.27128129211,-75.89831544534));
#14132 = CIRCLE('',#14133,3.2);
#14133 = AXIS2_PLACEMENT_3D('',#14134,#14135,#14136);
#14134 = CARTESIAN_POINT('',(59.5,90.5,-74.29831544534));
#14135 = DIRECTION('',(0.,0.5,0.866025403784));
#14136 = DIRECTION('',(0.,0.866025403784,-0.5));
#14137 = ORIENTED_EDGE('',*,*,#14138,.T.);
#14138 = EDGE_CURVE('',#14130,#14139,#14141,.T.);
#14139 = VERTEX_POINT('',#14140);
#14140 = CARTESIAN_POINT('',(56.5,91.464365076099,-74.85509188163));
#14141 = CIRCLE('',#14142,3.2);
#14142 = AXIS2_PLACEMENT_3D('',#14143,#14144,#14145);
#14143 = CARTESIAN_POINT('',(59.5,90.5,-74.29831544534));
#14144 = DIRECTION('',(0.,0.5,0.866025403784));
#14145 = DIRECTION('',(0.,0.866025403784,-0.5));
#14146 = ORIENTED_EDGE('',*,*,#14147,.F.);
#14147 = EDGE_CURVE('',#14148,#14139,#14150,.T.);
#14148 = VERTEX_POINT('',#14149);
#14149 = CARTESIAN_POINT('',(56.5,89.535634923901,-73.74153900906));
#14150 = LINE('',#14151,#14152);
#14151 = CARTESIAN_POINT('',(56.5,75.526203813233,-65.65319018612));
#14152 = VECTOR('',#14153,1.);
#14153 = DIRECTION('',(0.,0.866025403784,-0.5));
#14154 = ORIENTED_EDGE('',*,*,#14155,.T.);
#14155 = EDGE_CURVE('',#14148,#14156,#14158,.T.);
#14156 = VERTEX_POINT('',#14157);
#14157 = CARTESIAN_POINT('',(62.5,89.535634923901,-73.74153900906));
#14158 = CIRCLE('',#14159,3.2);
#14159 = AXIS2_PLACEMENT_3D('',#14160,#14161,#14162);
#14160 = CARTESIAN_POINT('',(59.5,90.5,-74.29831544534));
#14161 = DIRECTION('',(0.,0.5,0.866025403784));
#14162 = DIRECTION('',(0.,0.866025403784,-0.5));
#14163 = ORIENTED_EDGE('',*,*,#14164,.T.);
#14164 = EDGE_CURVE('',#14156,#14128,#14165,.T.);
#14165 = LINE('',#14166,#14167);
#14166 = CARTESIAN_POINT('',(62.5,75.526203813233,-65.65319018612));
#14167 = VECTOR('',#14168,1.);
#14168 = DIRECTION('',(0.,0.866025403784,-0.5));
#14169 = FACE_BOUND('',#14170,.F.);
#14170 = EDGE_LOOP('',(#14171));
#14171 = ORIENTED_EDGE('',*,*,#14172,.F.);
#14172 = EDGE_CURVE('',#14173,#14173,#14175,.T.);
#14173 = VERTEX_POINT('',#14174);
#14174 = CARTESIAN_POINT('',(59.5,92.924871130596,-75.69831544534));
#14175 = CIRCLE('',#14176,2.8);
#14176 = AXIS2_PLACEMENT_3D('',#14177,#14178,#14179);
#14177 = CARTESIAN_POINT('',(59.5,90.5,-74.29831544534));
#14178 = DIRECTION('',(0.,0.5,0.866025403784));
#14179 = DIRECTION('',(0.,0.866025403784,-0.5));
#14180 = PLANE('',#14181);
#14181 = AXIS2_PLACEMENT_3D('',#14182,#14183,#14184);
#14182 = CARTESIAN_POINT('',(59.5,90.5,-74.29831544534));
#14183 = DIRECTION('',(0.,0.5,0.866025403784));
#14184 = DIRECTION('',(0.,0.866025403784,-0.5));
#14185 = ADVANCED_FACE('',(#14186),#14221,.F.);
#14186 = FACE_BOUND('',#14187,.F.);
#14187 = EDGE_LOOP('',(#14188,#14196,#14197,#14204,#14205,#14212,#14213,
    #14214));
#14188 = ORIENTED_EDGE('',*,*,#14189,.T.);
#14189 = EDGE_CURVE('',#14190,#14130,#14192,.T.);
#14190 = VERTEX_POINT('',#14191);
#14191 = CARTESIAN_POINT('',(59.5,92.724871130596,-76.04472560686));
#14192 = LINE('',#14193,#14194);
#14193 = CARTESIAN_POINT('',(59.5,92.724871130596,-76.04472560686));
#14194 = VECTOR('',#14195,1.);
#14195 = DIRECTION('',(1.731912112471E-16,0.965925826289,0.258819045103)
  );
#14196 = ORIENTED_EDGE('',*,*,#14127,.F.);
#14197 = ORIENTED_EDGE('',*,*,#14198,.F.);
#14198 = EDGE_CURVE('',#14156,#14128,#14199,.T.);
#14199 = CIRCLE('',#14200,3.2);
#14200 = AXIS2_PLACEMENT_3D('',#14201,#14202,#14203);
#14201 = CARTESIAN_POINT('',(59.5,90.5,-74.29831544534));
#14202 = DIRECTION('',(0.,0.5,0.866025403784));
#14203 = DIRECTION('',(0.,0.866025403784,-0.5));
#14204 = ORIENTED_EDGE('',*,*,#14155,.F.);
#14205 = ORIENTED_EDGE('',*,*,#14206,.F.);
#14206 = EDGE_CURVE('',#14139,#14148,#14207,.T.);
#14207 = CIRCLE('',#14208,3.2);
#14208 = AXIS2_PLACEMENT_3D('',#14209,#14210,#14211);
#14209 = CARTESIAN_POINT('',(59.5,90.5,-74.29831544534));
#14210 = DIRECTION('',(0.,0.5,0.866025403784));
#14211 = DIRECTION('',(0.,0.866025403784,-0.5));
#14212 = ORIENTED_EDGE('',*,*,#14138,.F.);
#14213 = ORIENTED_EDGE('',*,*,#14189,.F.);
#14214 = ORIENTED_EDGE('',*,*,#14215,.T.);
#14215 = EDGE_CURVE('',#14190,#14190,#14216,.T.);
#14216 = CIRCLE('',#14217,2.8);
#14217 = AXIS2_PLACEMENT_3D('',#14218,#14219,#14220);
#14218 = CARTESIAN_POINT('',(59.5,90.3,-74.64472560686));
#14219 = DIRECTION('',(0.,0.5,0.866025403784));
#14220 = DIRECTION('',(0.,0.866025403784,-0.5));
#14221 = CONICAL_SURFACE('',#14222,2.8,0.785398163397);
#14222 = AXIS2_PLACEMENT_3D('',#14223,#14224,#14225);
#14223 = CARTESIAN_POINT('',(59.5,90.3,-74.64472560686));
#14224 = DIRECTION('',(0.,0.5,0.866025403784));
#14225 = DIRECTION('',(0.,0.866025403784,-0.5));
#14226 = ADVANCED_FACE('',(#14227),#14285,.T.);
#14227 = FACE_BOUND('',#14228,.T.);
#14228 = EDGE_LOOP('',(#14229,#14237,#14246,#14255,#14261,#14262,#14270,
    #14278,#14284));
#14229 = ORIENTED_EDGE('',*,*,#14230,.F.);
#14230 = EDGE_CURVE('',#14231,#14156,#14233,.T.);
#14231 = VERTEX_POINT('',#14232);
#14232 = CARTESIAN_POINT('',(62.5,85.022774424948,-71.13603778517));
#14233 = LINE('',#14234,#14235);
#14234 = CARTESIAN_POINT('',(62.5,75.526203813233,-65.65319018612));
#14235 = VECTOR('',#14236,1.);
#14236 = DIRECTION('',(0.,0.866025403784,-0.5));
#14237 = ORIENTED_EDGE('',*,*,#14238,.T.);
#14238 = EDGE_CURVE('',#14231,#14239,#14241,.T.);
#14239 = VERTEX_POINT('',#14240);
#14240 = CARTESIAN_POINT('',(59.5,96.562177826491,-77.79831544534));
#14241 = CIRCLE('',#14242,7.);
#14242 = AXIS2_PLACEMENT_3D('',#14243,#14244,#14245);
#14243 = CARTESIAN_POINT('',(59.5,90.5,-74.29831544534));
#14244 = DIRECTION('',(0.,0.5,0.866025403784));
#14245 = DIRECTION('',(0.,0.866025403784,-0.5));
#14246 = ORIENTED_EDGE('',*,*,#14247,.T.);
#14247 = EDGE_CURVE('',#14239,#14248,#14250,.T.);
#14248 = VERTEX_POINT('',#14249);
#14249 = CARTESIAN_POINT('',(56.5,85.022774424948,-71.13603778517));
#14250 = CIRCLE('',#14251,7.);
#14251 = AXIS2_PLACEMENT_3D('',#14252,#14253,#14254);
#14252 = CARTESIAN_POINT('',(59.5,90.5,-74.29831544534));
#14253 = DIRECTION('',(0.,0.5,0.866025403784));
#14254 = DIRECTION('',(0.,0.866025403784,-0.5));
#14255 = ORIENTED_EDGE('',*,*,#14256,.T.);
#14256 = EDGE_CURVE('',#14248,#14148,#14257,.T.);
#14257 = LINE('',#14258,#14259);
#14258 = CARTESIAN_POINT('',(56.5,75.526203813233,-65.65319018612));
#14259 = VECTOR('',#14260,1.);
#14260 = DIRECTION('',(0.,0.866025403784,-0.5));
#14261 = ORIENTED_EDGE('',*,*,#14206,.F.);
#14262 = ORIENTED_EDGE('',*,*,#14263,.T.);
#14263 = EDGE_CURVE('',#14139,#14264,#14266,.T.);
#14264 = VERTEX_POINT('',#14265);
#14265 = CARTESIAN_POINT('',(56.5,95.140556806349,-76.97754216668));
#14266 = LINE('',#14267,#14268);
#14267 = CARTESIAN_POINT('',(56.5,75.526203813233,-65.65319018612));
#14268 = VECTOR('',#14269,1.);
#14269 = DIRECTION('',(0.,0.866025403784,-0.5));
#14270 = ORIENTED_EDGE('',*,*,#14271,.T.);
#14271 = EDGE_CURVE('',#14264,#14272,#14274,.T.);
#14272 = VERTEX_POINT('',#14273);
#14273 = CARTESIAN_POINT('',(62.5,95.140556806349,-76.97754216668));
#14274 = LINE('',#14275,#14276);
#14275 = CARTESIAN_POINT('',(58.,95.140556806349,-76.97754216668));
#14276 = VECTOR('',#14277,1.);
#14277 = DIRECTION('',(1.,0.,-0.));
#14278 = ORIENTED_EDGE('',*,*,#14279,.F.);
#14279 = EDGE_CURVE('',#14128,#14272,#14280,.T.);
#14280 = LINE('',#14281,#14282);
#14281 = CARTESIAN_POINT('',(62.5,75.526203813233,-65.65319018612));
#14282 = VECTOR('',#14283,1.);
#14283 = DIRECTION('',(0.,0.866025403784,-0.5));
#14284 = ORIENTED_EDGE('',*,*,#14198,.F.);
#14285 = PLANE('',#14286);
#14286 = AXIS2_PLACEMENT_3D('',#14287,#14288,#14289);
#14287 = CARTESIAN_POINT('',(59.5,90.5,-74.29831544534));
#14288 = DIRECTION('',(0.,0.5,0.866025403784));
#14289 = DIRECTION('',(0.,0.866025403784,-0.5));
#14290 = ADVANCED_FACE('',(#14291,#14316),#14344,.T.);
#14291 = FACE_BOUND('',#14292,.T.);
#14292 = EDGE_LOOP('',(#14293,#14301,#14309,#14315));
#14293 = ORIENTED_EDGE('',*,*,#14294,.F.);
#14294 = EDGE_CURVE('',#14295,#14264,#14297,.T.);
#14295 = VERTEX_POINT('',#14296);
#14296 = CARTESIAN_POINT('',(56.5,68.6,17.));
#14297 = LINE('',#14298,#14299);
#14298 = CARTESIAN_POINT('',(56.5,68.6,17.));
#14299 = VECTOR('',#14300,1.);
#14300 = DIRECTION('',(0.,0.271783332376,-0.962358467642));
#14301 = ORIENTED_EDGE('',*,*,#14302,.T.);
#14302 = EDGE_CURVE('',#14295,#14303,#14305,.T.);
#14303 = VERTEX_POINT('',#14304);
#14304 = CARTESIAN_POINT('',(62.5,68.6,17.));
#14305 = LINE('',#14306,#14307);
#14306 = CARTESIAN_POINT('',(56.5,68.6,17.));
#14307 = VECTOR('',#14308,1.);
#14308 = DIRECTION('',(1.,0.,0.));
#14309 = ORIENTED_EDGE('',*,*,#14310,.T.);
#14310 = EDGE_CURVE('',#14303,#14272,#14311,.T.);
#14311 = LINE('',#14312,#14313);
#14312 = CARTESIAN_POINT('',(62.5,68.6,17.));
#14313 = VECTOR('',#14314,1.);
#14314 = DIRECTION('',(0.,0.271783332376,-0.962358467642));
#14315 = ORIENTED_EDGE('',*,*,#14271,.F.);
#14316 = FACE_BOUND('',#14317,.T.);
#14317 = EDGE_LOOP('',(#14318,#14329,#14337));
#14318 = ORIENTED_EDGE('',*,*,#14319,.F.);
#14319 = EDGE_CURVE('',#14320,#14322,#14324,.T.);
#14320 = VERTEX_POINT('',#14321);
#14321 = CARTESIAN_POINT('',(62.181752558897,92.802753695144,
    -68.69960768084));
#14322 = VERTEX_POINT('',#14323);
#14323 = CARTESIAN_POINT('',(59.5,94.170150675154,-73.54142800454));
#14324 = ELLIPSE('',#14325,3.907610118803,2.8);
#14325 = AXIS2_PLACEMENT_3D('',#14326,#14327,#14328);
#14326 = CARTESIAN_POINT('',(59.5,93.108127375441,-69.78090631847));
#14327 = DIRECTION('',(-0.,0.962358467642,0.271783332376));
#14328 = DIRECTION('',(0.,-0.271783332376,0.962358467642));
#14329 = ORIENTED_EDGE('',*,*,#14330,.F.);
#14330 = EDGE_CURVE('',#14331,#14320,#14333,.T.);
#14331 = VERTEX_POINT('',#14332);
#14332 = CARTESIAN_POINT('',(56.818247441103,92.802753695144,
    -68.69960768084));
#14333 = LINE('',#14334,#14335);
#14334 = CARTESIAN_POINT('',(58.,92.802753695144,-68.69960768084));
#14335 = VECTOR('',#14336,1.);
#14336 = DIRECTION('',(1.,0.,-0.));
#14337 = ORIENTED_EDGE('',*,*,#14338,.F.);
#14338 = EDGE_CURVE('',#14322,#14331,#14339,.T.);
#14339 = ELLIPSE('',#14340,3.907610118803,2.8);
#14340 = AXIS2_PLACEMENT_3D('',#14341,#14342,#14343);
#14341 = CARTESIAN_POINT('',(59.5,93.108127375441,-69.78090631847));
#14342 = DIRECTION('',(-0.,0.962358467642,0.271783332376));
#14343 = DIRECTION('',(0.,-0.271783332376,0.962358467642));
#14344 = PLANE('',#14345);
#14345 = AXIS2_PLACEMENT_3D('',#14346,#14347,#14348);
#14346 = CARTESIAN_POINT('',(56.5,68.6,17.));
#14347 = DIRECTION('',(-0.,0.962358467642,0.271783332376));
#14348 = DIRECTION('',(0.,0.271783332376,-0.962358467642));
#14349 = ADVANCED_FACE('',(#14350),#14369,.F.);
#14350 = FACE_BOUND('',#14351,.F.);
#14351 = EDGE_LOOP('',(#14352,#14359,#14360,#14366,#14367,#14368));
#14352 = ORIENTED_EDGE('',*,*,#14353,.F.);
#14353 = EDGE_CURVE('',#14331,#14320,#14354,.T.);
#14354 = CIRCLE('',#14355,2.8);
#14355 = AXIS2_PLACEMENT_3D('',#14356,#14357,#14358);
#14356 = CARTESIAN_POINT('',(59.5,93.5,-69.10216302264));
#14357 = DIRECTION('',(0.,0.5,0.866025403784));
#14358 = DIRECTION('',(0.,0.866025403784,-0.5));
#14359 = ORIENTED_EDGE('',*,*,#14338,.F.);
#14360 = ORIENTED_EDGE('',*,*,#14361,.F.);
#14361 = EDGE_CURVE('',#14173,#14322,#14362,.T.);
#14362 = LINE('',#14363,#14364);
#14363 = CARTESIAN_POINT('',(59.5,85.424871130596,-88.68869650211));
#14364 = VECTOR('',#14365,1.);
#14365 = DIRECTION('',(0.,0.5,0.866025403784));
#14366 = ORIENTED_EDGE('',*,*,#14172,.T.);
#14367 = ORIENTED_EDGE('',*,*,#14361,.T.);
#14368 = ORIENTED_EDGE('',*,*,#14319,.F.);
#14369 = CYLINDRICAL_SURFACE('',#14370,2.8);
#14370 = AXIS2_PLACEMENT_3D('',#14371,#14372,#14373);
#14371 = CARTESIAN_POINT('',(59.5,83.,-87.28869650211));
#14372 = DIRECTION('',(0.,0.5,0.866025403784));
#14373 = DIRECTION('',(0.,0.866025403784,-0.5));
#14374 = ADVANCED_FACE('',(#14375),#14379,.F.);
#14375 = FACE_BOUND('',#14376,.F.);
#14376 = EDGE_LOOP('',(#14377,#14378));
#14377 = ORIENTED_EDGE('',*,*,#14330,.F.);
#14378 = ORIENTED_EDGE('',*,*,#14353,.T.);
#14379 = PLANE('',#14380);
#14380 = AXIS2_PLACEMENT_3D('',#14381,#14382,#14383);
#14381 = CARTESIAN_POINT('',(59.5,93.5,-69.10216302264));
#14382 = DIRECTION('',(0.,0.5,0.866025403784));
#14383 = DIRECTION('',(0.,0.866025403784,-0.5));
#14384 = ADVANCED_FACE('',(#14385),#14413,.F.);
#14385 = FACE_BOUND('',#14386,.F.);
#14386 = EDGE_LOOP('',(#14387,#14388,#14396,#14405,#14412));
#14387 = ORIENTED_EDGE('',*,*,#14215,.F.);
#14388 = ORIENTED_EDGE('',*,*,#14389,.F.);
#14389 = EDGE_CURVE('',#14390,#14190,#14392,.T.);
#14390 = VERTEX_POINT('',#14391);
#14391 = CARTESIAN_POINT('',(59.5,86.624871130596,-86.61023553303));
#14392 = LINE('',#14393,#14394);
#14393 = CARTESIAN_POINT('',(59.5,85.424871130596,-88.68869650211));
#14394 = VECTOR('',#14395,1.);
#14395 = DIRECTION('',(0.,0.5,0.866025403784));
#14396 = ORIENTED_EDGE('',*,*,#14397,.F.);
#14397 = EDGE_CURVE('',#14398,#14390,#14400,.T.);
#14398 = VERTEX_POINT('',#14399);
#14399 = CARTESIAN_POINT('',(59.5,81.775128869404,-83.81023553303));
#14400 = CIRCLE('',#14401,2.8);
#14401 = AXIS2_PLACEMENT_3D('',#14402,#14403,#14404);
#14402 = CARTESIAN_POINT('',(59.5,84.2,-85.21023553303));
#14403 = DIRECTION('',(-0.,-0.5,-0.866025403784));
#14404 = DIRECTION('',(0.,-0.866025403784,0.5));
#14405 = ORIENTED_EDGE('',*,*,#14406,.F.);
#14406 = EDGE_CURVE('',#14390,#14398,#14407,.T.);
#14407 = CIRCLE('',#14408,2.8);
#14408 = AXIS2_PLACEMENT_3D('',#14409,#14410,#14411);
#14409 = CARTESIAN_POINT('',(59.5,84.2,-85.21023553303));
#14410 = DIRECTION('',(-0.,-0.5,-0.866025403784));
#14411 = DIRECTION('',(0.,-0.866025403784,0.5));
#14412 = ORIENTED_EDGE('',*,*,#14389,.T.);
#14413 = CYLINDRICAL_SURFACE('',#14414,2.8);
#14414 = AXIS2_PLACEMENT_3D('',#14415,#14416,#14417);
#14415 = CARTESIAN_POINT('',(59.5,83.,-87.28869650211));
#14416 = DIRECTION('',(0.,0.5,0.866025403784));
#14417 = DIRECTION('',(0.,0.866025403784,-0.5));
#14418 = ADVANCED_FACE('',(#14419),#14475,.F.);
#14419 = FACE_BOUND('',#14420,.F.);
#14420 = EDGE_LOOP('',(#14421,#14429,#14438,#14447,#14456,#14465,#14472,
    #14473,#14474));
#14421 = ORIENTED_EDGE('',*,*,#14422,.T.);
#14422 = EDGE_CURVE('',#14398,#14423,#14425,.T.);
#14423 = VERTEX_POINT('',#14424);
#14424 = CARTESIAN_POINT('',(59.5,81.22871870789,-83.95664569454));
#14425 = LINE('',#14426,#14427);
#14426 = CARTESIAN_POINT('',(59.5,81.775128869404,-83.81023553303));
#14427 = VECTOR('',#14428,1.);
#14428 = DIRECTION('',(1.731912112471E-16,-0.965925826289,
    -0.258819045103));
#14429 = ORIENTED_EDGE('',*,*,#14430,.F.);
#14430 = EDGE_CURVE('',#14431,#14423,#14433,.T.);
#14431 = VERTEX_POINT('',#14432);
#14432 = CARTESIAN_POINT('',(62.5,83.035634923901,-84.99986925826));
#14433 = CIRCLE('',#14434,3.2);
#14434 = AXIS2_PLACEMENT_3D('',#14435,#14436,#14437);
#14435 = CARTESIAN_POINT('',(59.5,84.,-85.55664569454));
#14436 = DIRECTION('',(-0.,-0.5,-0.866025403784));
#14437 = DIRECTION('',(0.,-0.866025403784,0.5));
#14438 = ORIENTED_EDGE('',*,*,#14439,.F.);
#14439 = EDGE_CURVE('',#14440,#14431,#14442,.T.);
#14440 = VERTEX_POINT('',#14441);
#14441 = CARTESIAN_POINT('',(62.5,84.964365076099,-86.11342213082));
#14442 = CIRCLE('',#14443,3.2);
#14443 = AXIS2_PLACEMENT_3D('',#14444,#14445,#14446);
#14444 = CARTESIAN_POINT('',(59.5,84.,-85.55664569454));
#14445 = DIRECTION('',(-0.,-0.5,-0.866025403784));
#14446 = DIRECTION('',(0.,-0.866025403784,0.5));
#14447 = ORIENTED_EDGE('',*,*,#14448,.F.);
#14448 = EDGE_CURVE('',#14449,#14440,#14451,.T.);
#14449 = VERTEX_POINT('',#14450);
#14450 = CARTESIAN_POINT('',(56.5,84.964365076099,-86.11342213082));
#14451 = CIRCLE('',#14452,3.2);
#14452 = AXIS2_PLACEMENT_3D('',#14453,#14454,#14455);
#14453 = CARTESIAN_POINT('',(59.5,84.,-85.55664569454));
#14454 = DIRECTION('',(-0.,-0.5,-0.866025403784));
#14455 = DIRECTION('',(0.,-0.866025403784,0.5));
#14456 = ORIENTED_EDGE('',*,*,#14457,.F.);
#14457 = EDGE_CURVE('',#14458,#14449,#14460,.T.);
#14458 = VERTEX_POINT('',#14459);
#14459 = CARTESIAN_POINT('',(56.5,83.035634923901,-84.99986925826));
#14460 = CIRCLE('',#14461,3.2);
#14461 = AXIS2_PLACEMENT_3D('',#14462,#14463,#14464);
#14462 = CARTESIAN_POINT('',(59.5,84.,-85.55664569454));
#14463 = DIRECTION('',(-0.,-0.5,-0.866025403784));
#14464 = DIRECTION('',(0.,-0.866025403784,0.5));
#14465 = ORIENTED_EDGE('',*,*,#14466,.F.);
#14466 = EDGE_CURVE('',#14423,#14458,#14467,.T.);
#14467 = CIRCLE('',#14468,3.2);
#14468 = AXIS2_PLACEMENT_3D('',#14469,#14470,#14471);
#14469 = CARTESIAN_POINT('',(59.5,84.,-85.55664569454));
#14470 = DIRECTION('',(-0.,-0.5,-0.866025403784));
#14471 = DIRECTION('',(0.,-0.866025403784,0.5));
#14472 = ORIENTED_EDGE('',*,*,#14422,.F.);
#14473 = ORIENTED_EDGE('',*,*,#14397,.T.);
#14474 = ORIENTED_EDGE('',*,*,#14406,.T.);
#14475 = CONICAL_SURFACE('',#14476,2.8,0.785398163397);
#14476 = AXIS2_PLACEMENT_3D('',#14477,#14478,#14479);
#14477 = CARTESIAN_POINT('',(59.5,84.2,-85.21023553303));
#14478 = DIRECTION('',(-0.,-0.5,-0.866025403784));
#14479 = DIRECTION('',(0.,-0.866025403784,0.5));
#14480 = ADVANCED_FACE('',(#14481),#14525,.T.);
#14481 = FACE_BOUND('',#14482,.T.);
#14482 = EDGE_LOOP('',(#14483,#14491,#14492,#14493,#14494,#14495,#14503,
    #14511,#14519));
#14483 = ORIENTED_EDGE('',*,*,#14484,.T.);
#14484 = EDGE_CURVE('',#14485,#14295,#14487,.T.);
#14485 = VERTEX_POINT('',#14486);
#14486 = CARTESIAN_POINT('',(56.5,54.6,17.));
#14487 = LINE('',#14488,#14489);
#14488 = CARTESIAN_POINT('',(56.5,54.6,17.));
#14489 = VECTOR('',#14490,1.);
#14490 = DIRECTION('',(0.,1.,0.));
#14491 = ORIENTED_EDGE('',*,*,#14294,.T.);
#14492 = ORIENTED_EDGE('',*,*,#14263,.F.);
#14493 = ORIENTED_EDGE('',*,*,#14147,.F.);
#14494 = ORIENTED_EDGE('',*,*,#14256,.F.);
#14495 = ORIENTED_EDGE('',*,*,#14496,.F.);
#14496 = EDGE_CURVE('',#14497,#14248,#14499,.T.);
#14497 = VERTEX_POINT('',#14498);
#14498 = CARTESIAN_POINT('',(56.5,78.522774424948,-82.39436803437));
#14499 = LINE('',#14500,#14501);
#14500 = CARTESIAN_POINT('',(56.5,78.522774424948,-82.39436803437));
#14501 = VECTOR('',#14502,1.);
#14502 = DIRECTION('',(0.,0.5,0.866025403784));
#14503 = ORIENTED_EDGE('',*,*,#14504,.T.);
#14504 = EDGE_CURVE('',#14497,#14505,#14507,.T.);
#14505 = VERTEX_POINT('',#14506);
#14506 = CARTESIAN_POINT('',(56.5,78.,-82.0925440794));
#14507 = LINE('',#14508,#14509);
#14508 = CARTESIAN_POINT('',(56.5,90.,-89.02074730968));
#14509 = VECTOR('',#14510,1.);
#14510 = DIRECTION('',(0.,-0.866025403784,0.5));
#14511 = ORIENTED_EDGE('',*,*,#14512,.T.);
#14512 = EDGE_CURVE('',#14505,#14513,#14515,.T.);
#14513 = VERTEX_POINT('',#14514);
#14514 = CARTESIAN_POINT('',(56.5,54.6,-15.));
#14515 = LINE('',#14516,#14517);
#14516 = CARTESIAN_POINT('',(56.5,78.,-82.0925440794));
#14517 = VECTOR('',#14518,1.);
#14518 = DIRECTION('',(0.,-0.329317253734,0.94421933172));
#14519 = ORIENTED_EDGE('',*,*,#14520,.T.);
#14520 = EDGE_CURVE('',#14513,#14485,#14521,.T.);
#14521 = LINE('',#14522,#14523);
#14522 = CARTESIAN_POINT('',(56.5,54.6,-15.));
#14523 = VECTOR('',#14524,1.);
#14524 = DIRECTION('',(0.,0.,1.));
#14525 = PLANE('',#14526);
#14526 = AXIS2_PLACEMENT_3D('',#14527,#14528,#14529);
#14527 = CARTESIAN_POINT('',(56.5,72.827180523274,-33.42059439457));
#14528 = DIRECTION('',(-1.,-0.,-0.));
#14529 = DIRECTION('',(0.,0.,-1.));
#14530 = ADVANCED_FACE('',(#14531),#14573,.T.);
#14531 = FACE_BOUND('',#14532,.T.);
#14532 = EDGE_LOOP('',(#14533,#14534,#14542,#14551,#14559,#14567));
#14533 = ORIENTED_EDGE('',*,*,#14512,.F.);
#14534 = ORIENTED_EDGE('',*,*,#14535,.T.);
#14535 = EDGE_CURVE('',#14505,#14536,#14538,.T.);
#14536 = VERTEX_POINT('',#14537);
#14537 = CARTESIAN_POINT('',(58.5,78.,-82.0925440794));
#14538 = LINE('',#14539,#14540);
#14539 = CARTESIAN_POINT('',(56.5,78.,-82.0925440794));
#14540 = VECTOR('',#14541,1.);
#14541 = DIRECTION('',(1.,0.,0.));
#14542 = ORIENTED_EDGE('',*,*,#14543,.F.);
#14543 = EDGE_CURVE('',#14544,#14536,#14546,.T.);
#14544 = VERTEX_POINT('',#14545);
#14545 = CARTESIAN_POINT('',(60.5,78.,-82.0925440794));
#14546 = ELLIPSE('',#14547,9.243281910273,7.);
#14547 = AXIS2_PLACEMENT_3D('',#14548,#14549,#14550);
#14548 = CARTESIAN_POINT('',(59.5,81.01275116102,-90.7307124585));
#14549 = DIRECTION('',(0.,-0.94421933172,-0.329317253734));
#14550 = DIRECTION('',(0.,-0.329317253734,0.94421933172));
#14551 = ORIENTED_EDGE('',*,*,#14552,.T.);
#14552 = EDGE_CURVE('',#14544,#14553,#14555,.T.);
#14553 = VERTEX_POINT('',#14554);
#14554 = CARTESIAN_POINT('',(62.5,78.,-82.0925440794));
#14555 = LINE('',#14556,#14557);
#14556 = CARTESIAN_POINT('',(56.5,78.,-82.0925440794));
#14557 = VECTOR('',#14558,1.);
#14558 = DIRECTION('',(1.,0.,0.));
#14559 = ORIENTED_EDGE('',*,*,#14560,.T.);
#14560 = EDGE_CURVE('',#14553,#14561,#14563,.T.);
#14561 = VERTEX_POINT('',#14562);
#14562 = CARTESIAN_POINT('',(62.5,54.6,-15.));
#14563 = LINE('',#14564,#14565);
#14564 = CARTESIAN_POINT('',(62.5,78.,-82.0925440794));
#14565 = VECTOR('',#14566,1.);
#14566 = DIRECTION('',(0.,-0.329317253734,0.94421933172));
#14567 = ORIENTED_EDGE('',*,*,#14568,.F.);
#14568 = EDGE_CURVE('',#14513,#14561,#14569,.T.);
#14569 = LINE('',#14570,#14571);
#14570 = CARTESIAN_POINT('',(56.5,54.6,-15.));
#14571 = VECTOR('',#14572,1.);
#14572 = DIRECTION('',(1.,0.,0.));
#14573 = PLANE('',#14574);
#14574 = AXIS2_PLACEMENT_3D('',#14575,#14576,#14577);
#14575 = CARTESIAN_POINT('',(56.5,78.,-82.0925440794));
#14576 = DIRECTION('',(0.,-0.94421933172,-0.329317253734));
#14577 = DIRECTION('',(0.,-0.329317253734,0.94421933172));
#14578 = ADVANCED_FACE('',(#14579),#14589,.T.);
#14579 = FACE_BOUND('',#14580,.T.);
#14580 = EDGE_LOOP('',(#14581,#14582));
#14581 = ORIENTED_EDGE('',*,*,#14543,.T.);
#14582 = ORIENTED_EDGE('',*,*,#14583,.T.);
#14583 = EDGE_CURVE('',#14536,#14544,#14584,.T.);
#14584 = CIRCLE('',#14585,7.);
#14585 = AXIS2_PLACEMENT_3D('',#14586,#14587,#14588);
#14586 = CARTESIAN_POINT('',(59.5,84.,-85.55664569454));
#14587 = DIRECTION('',(0.,0.5,0.866025403784));
#14588 = DIRECTION('',(0.,0.866025403784,-0.5));
#14589 = CYLINDRICAL_SURFACE('',#14590,7.);
#14590 = AXIS2_PLACEMENT_3D('',#14591,#14592,#14593);
#14591 = CARTESIAN_POINT('',(59.5,84.,-85.55664569454));
#14592 = DIRECTION('',(0.,0.5,0.866025403784));
#14593 = DIRECTION('',(0.,0.866025403784,-0.5));
#14594 = ADVANCED_FACE('',(#14595,#14613),#14647,.T.);
#14595 = FACE_BOUND('',#14596,.T.);
#14596 = EDGE_LOOP('',(#14597,#14598,#14599,#14607));
#14597 = ORIENTED_EDGE('',*,*,#14520,.F.);
#14598 = ORIENTED_EDGE('',*,*,#14568,.T.);
#14599 = ORIENTED_EDGE('',*,*,#14600,.T.);
#14600 = EDGE_CURVE('',#14561,#14601,#14603,.T.);
#14601 = VERTEX_POINT('',#14602);
#14602 = CARTESIAN_POINT('',(62.5,54.6,17.));
#14603 = LINE('',#14604,#14605);
#14604 = CARTESIAN_POINT('',(62.5,54.6,-15.));
#14605 = VECTOR('',#14606,1.);
#14606 = DIRECTION('',(0.,0.,1.));
#14607 = ORIENTED_EDGE('',*,*,#14608,.F.);
#14608 = EDGE_CURVE('',#14485,#14601,#14609,.T.);
#14609 = LINE('',#14610,#14611);
#14610 = CARTESIAN_POINT('',(56.5,54.6,17.));
#14611 = VECTOR('',#14612,1.);
#14612 = DIRECTION('',(1.,0.,0.));
#14613 = FACE_BOUND('',#14614,.T.);
#14614 = EDGE_LOOP('',(#14615,#14625,#14633,#14641));
#14615 = ORIENTED_EDGE('',*,*,#14616,.T.);
#14616 = EDGE_CURVE('',#14617,#14619,#14621,.T.);
#14617 = VERTEX_POINT('',#14618);
#14618 = CARTESIAN_POINT('',(62.,54.6,-5.7));
#14619 = VERTEX_POINT('',#14620);
#14620 = CARTESIAN_POINT('',(57.,54.6,-5.7));
#14621 = LINE('',#14622,#14623);
#14622 = CARTESIAN_POINT('',(56.75,54.6,-5.7));
#14623 = VECTOR('',#14624,1.);
#14624 = DIRECTION('',(-1.,0.,0.));
#14625 = ORIENTED_EDGE('',*,*,#14626,.T.);
#14626 = EDGE_CURVE('',#14619,#14627,#14629,.T.);
#14627 = VERTEX_POINT('',#14628);
#14628 = CARTESIAN_POINT('',(57.,54.6,-2.3));
#14629 = LINE('',#14630,#14631);
#14630 = CARTESIAN_POINT('',(57.,54.6,-10.35));
#14631 = VECTOR('',#14632,1.);
#14632 = DIRECTION('',(0.,0.,1.));
#14633 = ORIENTED_EDGE('',*,*,#14634,.F.);
#14634 = EDGE_CURVE('',#14635,#14627,#14637,.T.);
#14635 = VERTEX_POINT('',#14636);
#14636 = CARTESIAN_POINT('',(62.,54.6,-2.3));
#14637 = LINE('',#14638,#14639);
#14638 = CARTESIAN_POINT('',(56.75,54.6,-2.3));
#14639 = VECTOR('',#14640,1.);
#14640 = DIRECTION('',(-1.,0.,0.));
#14641 = ORIENTED_EDGE('',*,*,#14642,.F.);
#14642 = EDGE_CURVE('',#14617,#14635,#14643,.T.);
#14643 = LINE('',#14644,#14645);
#14644 = CARTESIAN_POINT('',(62.,54.6,-10.35));
#14645 = VECTOR('',#14646,1.);
#14646 = DIRECTION('',(0.,0.,1.));
#14647 = PLANE('',#14648);
#14648 = AXIS2_PLACEMENT_3D('',#14649,#14650,#14651);
#14649 = CARTESIAN_POINT('',(59.5,54.6,1.));
#14650 = DIRECTION('',(-0.,-1.,-0.));
#14651 = DIRECTION('',(0.,0.,-1.));
#14652 = ADVANCED_FACE('',(#14653),#14678,.T.);
#14653 = FACE_BOUND('',#14654,.T.);
#14654 = EDGE_LOOP('',(#14655,#14663,#14671,#14677));
#14655 = ORIENTED_EDGE('',*,*,#14656,.F.);
#14656 = EDGE_CURVE('',#14657,#14627,#14659,.T.);
#14657 = VERTEX_POINT('',#14658);
#14658 = CARTESIAN_POINT('',(57.,-1.,-2.3));
#14659 = LINE('',#14660,#14661);
#14660 = CARTESIAN_POINT('',(57.,-1.,-2.3));
#14661 = VECTOR('',#14662,1.);
#14662 = DIRECTION('',(-0.,1.,0.));
#14663 = ORIENTED_EDGE('',*,*,#14664,.T.);
#14664 = EDGE_CURVE('',#14657,#14665,#14667,.T.);
#14665 = VERTEX_POINT('',#14666);
#14666 = CARTESIAN_POINT('',(62.,-1.,-2.3));
#14667 = LINE('',#14668,#14669);
#14668 = CARTESIAN_POINT('',(57.,-1.,-2.3));
#14669 = VECTOR('',#14670,1.);
#14670 = DIRECTION('',(1.,0.,-0.));
#14671 = ORIENTED_EDGE('',*,*,#14672,.T.);
#14672 = EDGE_CURVE('',#14665,#14635,#14673,.T.);
#14673 = LINE('',#14674,#14675);
#14674 = CARTESIAN_POINT('',(62.,-1.,-2.3));
#14675 = VECTOR('',#14676,1.);
#14676 = DIRECTION('',(-0.,1.,0.));
#14677 = ORIENTED_EDGE('',*,*,#14634,.T.);
#14678 = PLANE('',#14679);
#14679 = AXIS2_PLACEMENT_3D('',#14680,#14681,#14682);
#14680 = CARTESIAN_POINT('',(57.,-1.,-2.3));
#14681 = DIRECTION('',(0.,0.,1.));
#14682 = DIRECTION('',(1.,0.,-0.));
#14683 = ADVANCED_FACE('',(#14684),#14709,.F.);
#14684 = FACE_BOUND('',#14685,.F.);
#14685 = EDGE_LOOP('',(#14686,#14696,#14702,#14703));
#14686 = ORIENTED_EDGE('',*,*,#14687,.F.);
#14687 = EDGE_CURVE('',#14688,#14690,#14692,.T.);
#14688 = VERTEX_POINT('',#14689);
#14689 = CARTESIAN_POINT('',(57.,-1.,-4.3));
#14690 = VERTEX_POINT('',#14691);
#14691 = CARTESIAN_POINT('',(62.,-1.,-4.3));
#14692 = LINE('',#14693,#14694);
#14693 = CARTESIAN_POINT('',(57.,-1.,-4.3));
#14694 = VECTOR('',#14695,1.);
#14695 = DIRECTION('',(1.,0.,-0.));
#14696 = ORIENTED_EDGE('',*,*,#14697,.T.);
#14697 = EDGE_CURVE('',#14688,#14657,#14698,.T.);
#14698 = LINE('',#14699,#14700);
#14699 = CARTESIAN_POINT('',(57.,-1.,-5.7));
#14700 = VECTOR('',#14701,1.);
#14701 = DIRECTION('',(0.,0.,1.));
#14702 = ORIENTED_EDGE('',*,*,#14664,.T.);
#14703 = ORIENTED_EDGE('',*,*,#14704,.F.);
#14704 = EDGE_CURVE('',#14690,#14665,#14705,.T.);
#14705 = LINE('',#14706,#14707);
#14706 = CARTESIAN_POINT('',(62.,-1.,-5.7));
#14707 = VECTOR('',#14708,1.);
#14708 = DIRECTION('',(0.,0.,1.));
#14709 = PLANE('',#14710);
#14710 = AXIS2_PLACEMENT_3D('',#14711,#14712,#14713);
#14711 = CARTESIAN_POINT('',(57.,-1.,-5.7));
#14712 = DIRECTION('',(-0.,1.,0.));
#14713 = DIRECTION('',(0.,0.,1.));
#14714 = ADVANCED_FACE('',(#14715),#14740,.T.);
#14715 = FACE_BOUND('',#14716,.T.);
#14716 = EDGE_LOOP('',(#14717,#14725,#14733,#14739));
#14717 = ORIENTED_EDGE('',*,*,#14718,.F.);
#14718 = EDGE_CURVE('',#14719,#14688,#14721,.T.);
#14719 = VERTEX_POINT('',#14720);
#14720 = CARTESIAN_POINT('',(57.,-5.6,-4.3));
#14721 = LINE('',#14722,#14723);
#14722 = CARTESIAN_POINT('',(57.,-22.,-4.3));
#14723 = VECTOR('',#14724,1.);
#14724 = DIRECTION('',(-0.,1.,0.));
#14725 = ORIENTED_EDGE('',*,*,#14726,.T.);
#14726 = EDGE_CURVE('',#14719,#14727,#14729,.T.);
#14727 = VERTEX_POINT('',#14728);
#14728 = CARTESIAN_POINT('',(62.,-5.6,-4.3));
#14729 = LINE('',#14730,#14731);
#14730 = CARTESIAN_POINT('',(57.,-5.6,-4.3));
#14731 = VECTOR('',#14732,1.);
#14732 = DIRECTION('',(1.,0.,0.));
#14733 = ORIENTED_EDGE('',*,*,#14734,.T.);
#14734 = EDGE_CURVE('',#14727,#14690,#14735,.T.);
#14735 = LINE('',#14736,#14737);
#14736 = CARTESIAN_POINT('',(62.,-22.,-4.3));
#14737 = VECTOR('',#14738,1.);
#14738 = DIRECTION('',(-0.,1.,0.));
#14739 = ORIENTED_EDGE('',*,*,#14687,.F.);
#14740 = PLANE('',#14741);
#14741 = AXIS2_PLACEMENT_3D('',#14742,#14743,#14744);
#14742 = CARTESIAN_POINT('',(57.,-22.,-4.3));
#14743 = DIRECTION('',(0.,0.,1.));
#14744 = DIRECTION('',(1.,0.,-0.));
#14745 = ADVANCED_FACE('',(#14746),#14771,.T.);
#14746 = FACE_BOUND('',#14747,.T.);
#14747 = EDGE_LOOP('',(#14748,#14758,#14764,#14765));
#14748 = ORIENTED_EDGE('',*,*,#14749,.T.);
#14749 = EDGE_CURVE('',#14750,#14752,#14754,.T.);
#14750 = VERTEX_POINT('',#14751);
#14751 = CARTESIAN_POINT('',(57.,-5.6,-0.6));
#14752 = VERTEX_POINT('',#14753);
#14753 = CARTESIAN_POINT('',(62.,-5.6,-0.6));
#14754 = LINE('',#14755,#14756);
#14755 = CARTESIAN_POINT('',(57.,-5.6,-0.6));
#14756 = VECTOR('',#14757,1.);
#14757 = DIRECTION('',(1.,0.,0.));
#14758 = ORIENTED_EDGE('',*,*,#14759,.T.);
#14759 = EDGE_CURVE('',#14752,#14727,#14760,.T.);
#14760 = LINE('',#14761,#14762);
#14761 = CARTESIAN_POINT('',(62.,-5.6,-0.6));
#14762 = VECTOR('',#14763,1.);
#14763 = DIRECTION('',(0.,0.,-1.));
#14764 = ORIENTED_EDGE('',*,*,#14726,.F.);
#14765 = ORIENTED_EDGE('',*,*,#14766,.F.);
#14766 = EDGE_CURVE('',#14750,#14719,#14767,.T.);
#14767 = LINE('',#14768,#14769);
#14768 = CARTESIAN_POINT('',(57.,-5.6,-0.6));
#14769 = VECTOR('',#14770,1.);
#14770 = DIRECTION('',(0.,0.,-1.));
#14771 = PLANE('',#14772);
#14772 = AXIS2_PLACEMENT_3D('',#14773,#14774,#14775);
#14773 = CARTESIAN_POINT('',(57.,-5.6,-0.6));
#14774 = DIRECTION('',(-0.,1.,0.));
#14775 = DIRECTION('',(0.,0.,-1.));
#14776 = ADVANCED_FACE('',(#14777),#14802,.T.);
#14777 = FACE_BOUND('',#14778,.T.);
#14778 = EDGE_LOOP('',(#14779,#14789,#14795,#14796));
#14779 = ORIENTED_EDGE('',*,*,#14780,.T.);
#14780 = EDGE_CURVE('',#14781,#14783,#14785,.T.);
#14781 = VERTEX_POINT('',#14782);
#14782 = CARTESIAN_POINT('',(57.,-9.,-0.6));
#14783 = VERTEX_POINT('',#14784);
#14784 = CARTESIAN_POINT('',(62.,-9.,-0.6));
#14785 = LINE('',#14786,#14787);
#14786 = CARTESIAN_POINT('',(57.,-9.,-0.6));
#14787 = VECTOR('',#14788,1.);
#14788 = DIRECTION('',(1.,0.,0.));
#14789 = ORIENTED_EDGE('',*,*,#14790,.T.);
#14790 = EDGE_CURVE('',#14783,#14752,#14791,.T.);
#14791 = LINE('',#14792,#14793);
#14792 = CARTESIAN_POINT('',(62.,-9.,-0.6));
#14793 = VECTOR('',#14794,1.);
#14794 = DIRECTION('',(0.,1.,0.));
#14795 = ORIENTED_EDGE('',*,*,#14749,.F.);
#14796 = ORIENTED_EDGE('',*,*,#14797,.F.);
#14797 = EDGE_CURVE('',#14781,#14750,#14798,.T.);
#14798 = LINE('',#14799,#14800);
#14799 = CARTESIAN_POINT('',(57.,-9.,-0.6));
#14800 = VECTOR('',#14801,1.);
#14801 = DIRECTION('',(0.,1.,0.));
#14802 = PLANE('',#14803);
#14803 = AXIS2_PLACEMENT_3D('',#14804,#14805,#14806);
#14804 = CARTESIAN_POINT('',(57.,-9.,-0.6));
#14805 = DIRECTION('',(0.,0.,1.));
#14806 = DIRECTION('',(0.,1.,0.));
#14807 = ADVANCED_FACE('',(#14808),#14833,.T.);
#14808 = FACE_BOUND('',#14809,.T.);
#14809 = EDGE_LOOP('',(#14810,#14818,#14826,#14832));
#14810 = ORIENTED_EDGE('',*,*,#14811,.F.);
#14811 = EDGE_CURVE('',#14812,#14781,#14814,.T.);
#14812 = VERTEX_POINT('',#14813);
#14813 = CARTESIAN_POINT('',(57.,-10.,-1.216666666667));
#14814 = LINE('',#14815,#14816);
#14815 = CARTESIAN_POINT('',(57.,-15.,-4.3));
#14816 = VECTOR('',#14817,1.);
#14817 = DIRECTION('',(0.,0.851170869724,0.524888702996));
#14818 = ORIENTED_EDGE('',*,*,#14819,.F.);
#14819 = EDGE_CURVE('',#14820,#14812,#14822,.T.);
#14820 = VERTEX_POINT('',#14821);
#14821 = CARTESIAN_POINT('',(62.,-10.,-1.216666666667));
#14822 = LINE('',#14823,#14824);
#14823 = CARTESIAN_POINT('',(52.75,-10.,-1.216666666667));
#14824 = VECTOR('',#14825,1.);
#14825 = DIRECTION('',(-1.,-0.,0.));
#14826 = ORIENTED_EDGE('',*,*,#14827,.T.);
#14827 = EDGE_CURVE('',#14820,#14783,#14828,.T.);
#14828 = LINE('',#14829,#14830);
#14829 = CARTESIAN_POINT('',(62.,-15.,-4.3));
#14830 = VECTOR('',#14831,1.);
#14831 = DIRECTION('',(0.,0.851170869724,0.524888702996));
#14832 = ORIENTED_EDGE('',*,*,#14780,.F.);
#14833 = PLANE('',#14834);
#14834 = AXIS2_PLACEMENT_3D('',#14835,#14836,#14837);
#14835 = CARTESIAN_POINT('',(57.,-15.,-4.3));
#14836 = DIRECTION('',(0.,-0.524888702996,0.851170869724));
#14837 = DIRECTION('',(0.,0.851170869724,0.524888702996));
#14838 = ADVANCED_FACE('',(#14839),#14864,.F.);
#14839 = FACE_BOUND('',#14840,.F.);
#14840 = EDGE_LOOP('',(#14841,#14851,#14857,#14858));
#14841 = ORIENTED_EDGE('',*,*,#14842,.F.);
#14842 = EDGE_CURVE('',#14843,#14845,#14847,.T.);
#14843 = VERTEX_POINT('',#14844);
#14844 = CARTESIAN_POINT('',(57.,-10.,-1.3));
#14845 = VERTEX_POINT('',#14846);
#14846 = CARTESIAN_POINT('',(62.,-10.,-1.3));
#14847 = LINE('',#14848,#14849);
#14848 = CARTESIAN_POINT('',(48.5,-10.,-1.3));
#14849 = VECTOR('',#14850,1.);
#14850 = DIRECTION('',(1.,0.,-0.));
#14851 = ORIENTED_EDGE('',*,*,#14852,.F.);
#14852 = EDGE_CURVE('',#14812,#14843,#14853,.T.);
#14853 = LINE('',#14854,#14855);
#14854 = CARTESIAN_POINT('',(57.,-10.,-2.110677662303));
#14855 = VECTOR('',#14856,1.);
#14856 = DIRECTION('',(0.,0.,-1.));
#14857 = ORIENTED_EDGE('',*,*,#14819,.F.);
#14858 = ORIENTED_EDGE('',*,*,#14859,.T.);
#14859 = EDGE_CURVE('',#14820,#14845,#14860,.T.);
#14860 = LINE('',#14861,#14862);
#14861 = CARTESIAN_POINT('',(62.,-10.,-2.110677662303));
#14862 = VECTOR('',#14863,1.);
#14863 = DIRECTION('',(0.,0.,-1.));
#14864 = PLANE('',#14865);
#14865 = AXIS2_PLACEMENT_3D('',#14866,#14867,#14868);
#14866 = CARTESIAN_POINT('',(48.5,-10.,-1.3));
#14867 = DIRECTION('',(-0.,1.,0.));
#14868 = DIRECTION('',(0.,0.,1.));
#14869 = ADVANCED_FACE('',(#14870),#14895,.T.);
#14870 = FACE_BOUND('',#14871,.T.);
#14871 = EDGE_LOOP('',(#14872,#14873,#14881,#14889));
#14872 = ORIENTED_EDGE('',*,*,#14842,.F.);
#14873 = ORIENTED_EDGE('',*,*,#14874,.F.);
#14874 = EDGE_CURVE('',#14875,#14843,#14877,.T.);
#14875 = VERTEX_POINT('',#14876);
#14876 = CARTESIAN_POINT('',(57.,-10.13513513513,-1.3));
#14877 = LINE('',#14878,#14879);
#14878 = CARTESIAN_POINT('',(57.,-11.31863917742,-1.3));
#14879 = VECTOR('',#14880,1.);
#14880 = DIRECTION('',(0.,1.,0.));
#14881 = ORIENTED_EDGE('',*,*,#14882,.F.);
#14882 = EDGE_CURVE('',#14883,#14875,#14885,.T.);
#14883 = VERTEX_POINT('',#14884);
#14884 = CARTESIAN_POINT('',(62.,-10.13513513513,-1.3));
#14885 = LINE('',#14886,#14887);
#14886 = CARTESIAN_POINT('',(52.75,-10.13513513513,-1.3));
#14887 = VECTOR('',#14888,1.);
#14888 = DIRECTION('',(-1.,0.,0.));
#14889 = ORIENTED_EDGE('',*,*,#14890,.T.);
#14890 = EDGE_CURVE('',#14883,#14845,#14891,.T.);
#14891 = LINE('',#14892,#14893);
#14892 = CARTESIAN_POINT('',(62.,-11.31863917742,-1.3));
#14893 = VECTOR('',#14894,1.);
#14894 = DIRECTION('',(0.,1.,0.));
#14895 = PLANE('',#14896);
#14896 = AXIS2_PLACEMENT_3D('',#14897,#14898,#14899);
#14897 = CARTESIAN_POINT('',(48.5,-13.,-1.3));
#14898 = DIRECTION('',(0.,0.,1.));
#14899 = DIRECTION('',(1.,0.,-0.));
#14900 = ADVANCED_FACE('',(#14901),#14926,.T.);
#14901 = FACE_BOUND('',#14902,.T.);
#14902 = EDGE_LOOP('',(#14903,#14911,#14919,#14925));
#14903 = ORIENTED_EDGE('',*,*,#14904,.F.);
#14904 = EDGE_CURVE('',#14905,#14875,#14907,.T.);
#14905 = VERTEX_POINT('',#14906);
#14906 = CARTESIAN_POINT('',(57.,-11.75675675675,-2.3));
#14907 = LINE('',#14908,#14909);
#14908 = CARTESIAN_POINT('',(57.,-15.,-4.3));
#14909 = VECTOR('',#14910,1.);
#14910 = DIRECTION('',(0.,0.851170869724,0.524888702996));
#14911 = ORIENTED_EDGE('',*,*,#14912,.F.);
#14912 = EDGE_CURVE('',#14913,#14905,#14915,.T.);
#14913 = VERTEX_POINT('',#14914);
#14914 = CARTESIAN_POINT('',(62.,-11.75675675675,-2.3));
#14915 = LINE('',#14916,#14917);
#14916 = CARTESIAN_POINT('',(57.,-11.75675675675,-2.3));
#14917 = VECTOR('',#14918,1.);
#14918 = DIRECTION('',(-1.,0.,0.));
#14919 = ORIENTED_EDGE('',*,*,#14920,.T.);
#14920 = EDGE_CURVE('',#14913,#14883,#14921,.T.);
#14921 = LINE('',#14922,#14923);
#14922 = CARTESIAN_POINT('',(62.,-15.,-4.3));
#14923 = VECTOR('',#14924,1.);
#14924 = DIRECTION('',(0.,0.851170869724,0.524888702996));
#14925 = ORIENTED_EDGE('',*,*,#14882,.T.);
#14926 = PLANE('',#14927);
#14927 = AXIS2_PLACEMENT_3D('',#14928,#14929,#14930);
#14928 = CARTESIAN_POINT('',(57.,-15.,-4.3));
#14929 = DIRECTION('',(0.,-0.524888702996,0.851170869724));
#14930 = DIRECTION('',(0.,0.851170869724,0.524888702996));
#14931 = ADVANCED_FACE('',(#14932),#14943,.T.);
#14932 = FACE_BOUND('',#14933,.T.);
#14933 = EDGE_LOOP('',(#14934,#14935,#14936,#14942));
#14934 = ORIENTED_EDGE('',*,*,#14484,.F.);
#14935 = ORIENTED_EDGE('',*,*,#14608,.T.);
#14936 = ORIENTED_EDGE('',*,*,#14937,.T.);
#14937 = EDGE_CURVE('',#14601,#14303,#14938,.T.);
#14938 = LINE('',#14939,#14940);
#14939 = CARTESIAN_POINT('',(62.5,54.6,17.));
#14940 = VECTOR('',#14941,1.);
#14941 = DIRECTION('',(0.,1.,0.));
#14942 = ORIENTED_EDGE('',*,*,#14302,.F.);
#14943 = PLANE('',#14944);
#14944 = AXIS2_PLACEMENT_3D('',#14945,#14946,#14947);
#14945 = CARTESIAN_POINT('',(59.5,61.6,17.));
#14946 = DIRECTION('',(0.,0.,1.));
#14947 = DIRECTION('',(1.,0.,-0.));
#14948 = ADVANCED_FACE('',(#14949),#14972,.T.);
#14949 = FACE_BOUND('',#14950,.T.);
#14950 = EDGE_LOOP('',(#14951,#14952,#14953,#14961,#14967,#14968,#14969,
    #14970,#14971));
#14951 = ORIENTED_EDGE('',*,*,#14600,.F.);
#14952 = ORIENTED_EDGE('',*,*,#14560,.F.);
#14953 = ORIENTED_EDGE('',*,*,#14954,.F.);
#14954 = EDGE_CURVE('',#14955,#14553,#14957,.T.);
#14955 = VERTEX_POINT('',#14956);
#14956 = CARTESIAN_POINT('',(62.5,78.522774424948,-82.39436803437));
#14957 = LINE('',#14958,#14959);
#14958 = CARTESIAN_POINT('',(62.5,90.,-89.02074730968));
#14959 = VECTOR('',#14960,1.);
#14960 = DIRECTION('',(0.,-0.866025403784,0.5));
#14961 = ORIENTED_EDGE('',*,*,#14962,.T.);
#14962 = EDGE_CURVE('',#14955,#14231,#14963,.T.);
#14963 = LINE('',#14964,#14965);
#14964 = CARTESIAN_POINT('',(62.5,78.522774424948,-82.39436803437));
#14965 = VECTOR('',#14966,1.);
#14966 = DIRECTION('',(0.,0.5,0.866025403784));
#14967 = ORIENTED_EDGE('',*,*,#14230,.T.);
#14968 = ORIENTED_EDGE('',*,*,#14164,.T.);
#14969 = ORIENTED_EDGE('',*,*,#14279,.T.);
#14970 = ORIENTED_EDGE('',*,*,#14310,.F.);
#14971 = ORIENTED_EDGE('',*,*,#14937,.F.);
#14972 = PLANE('',#14973);
#14973 = AXIS2_PLACEMENT_3D('',#14974,#14975,#14976);
#14974 = CARTESIAN_POINT('',(62.5,72.827180523274,-33.42059439457));
#14975 = DIRECTION('',(1.,0.,0.));
#14976 = DIRECTION('',(-0.,0.,1.));
#14977 = ADVANCED_FACE('',(#14978,#15051),#15058,.T.);
#14978 = FACE_BOUND('',#14979,.T.);
#14979 = EDGE_LOOP('',(#14980,#14981,#14990,#14998,#15006,#15015,#15024,
    #15032,#15040,#15047,#15048,#15049,#15050));
#14980 = ORIENTED_EDGE('',*,*,#14504,.F.);
#14981 = ORIENTED_EDGE('',*,*,#14982,.F.);
#14982 = EDGE_CURVE('',#14983,#14497,#14985,.T.);
#14983 = VERTEX_POINT('',#14984);
#14984 = CARTESIAN_POINT('',(56.5,89.477225575052,-88.71892335471));
#14985 = CIRCLE('',#14986,7.);
#14986 = AXIS2_PLACEMENT_3D('',#14987,#14988,#14989);
#14987 = CARTESIAN_POINT('',(59.5,84.,-85.55664569454));
#14988 = DIRECTION('',(0.,0.5,0.866025403784));
#14989 = DIRECTION('',(0.,0.866025403784,-0.5));
#14990 = ORIENTED_EDGE('',*,*,#14991,.F.);
#14991 = EDGE_CURVE('',#14992,#14983,#14994,.T.);
#14992 = VERTEX_POINT('',#14993);
#14993 = CARTESIAN_POINT('',(56.5,90.,-89.02074730968));
#14994 = LINE('',#14995,#14996);
#14995 = CARTESIAN_POINT('',(56.5,90.,-89.02074730968));
#14996 = VECTOR('',#14997,1.);
#14997 = DIRECTION('',(0.,-0.866025403784,0.5));
#14998 = ORIENTED_EDGE('',*,*,#14999,.T.);
#14999 = EDGE_CURVE('',#14992,#15000,#15002,.T.);
#15000 = VERTEX_POINT('',#15001);
#15001 = CARTESIAN_POINT('',(58.499999999999,90.,-89.02074730968));
#15002 = LINE('',#15003,#15004);
#15003 = CARTESIAN_POINT('',(56.5,90.,-89.02074730968));
#15004 = VECTOR('',#15005,1.);
#15005 = DIRECTION('',(1.,0.,0.));
#15006 = ORIENTED_EDGE('',*,*,#15007,.F.);
#15007 = EDGE_CURVE('',#15008,#15000,#15010,.T.);
#15008 = VERTEX_POINT('',#15009);
#15009 = CARTESIAN_POINT('',(59.5,90.062177826491,-89.05664569454));
#15010 = CIRCLE('',#15011,7.);
#15011 = AXIS2_PLACEMENT_3D('',#15012,#15013,#15014);
#15012 = CARTESIAN_POINT('',(59.5,84.,-85.55664569454));
#15013 = DIRECTION('',(0.,0.5,0.866025403784));
#15014 = DIRECTION('',(0.,0.866025403784,-0.5));
#15015 = ORIENTED_EDGE('',*,*,#15016,.F.);
#15016 = EDGE_CURVE('',#15017,#15008,#15019,.T.);
#15017 = VERTEX_POINT('',#15018);
#15018 = CARTESIAN_POINT('',(60.500000000001,90.,-89.02074730968));
#15019 = CIRCLE('',#15020,7.);
#15020 = AXIS2_PLACEMENT_3D('',#15021,#15022,#15023);
#15021 = CARTESIAN_POINT('',(59.5,84.,-85.55664569454));
#15022 = DIRECTION('',(0.,0.5,0.866025403784));
#15023 = DIRECTION('',(0.,0.866025403784,-0.5));
#15024 = ORIENTED_EDGE('',*,*,#15025,.T.);
#15025 = EDGE_CURVE('',#15017,#15026,#15028,.T.);
#15026 = VERTEX_POINT('',#15027);
#15027 = CARTESIAN_POINT('',(62.5,90.,-89.02074730968));
#15028 = LINE('',#15029,#15030);
#15029 = CARTESIAN_POINT('',(56.5,90.,-89.02074730968));
#15030 = VECTOR('',#15031,1.);
#15031 = DIRECTION('',(1.,0.,0.));
#15032 = ORIENTED_EDGE('',*,*,#15033,.T.);
#15033 = EDGE_CURVE('',#15026,#15034,#15036,.T.);
#15034 = VERTEX_POINT('',#15035);
#15035 = CARTESIAN_POINT('',(62.5,89.477225575052,-88.71892335471));
#15036 = LINE('',#15037,#15038);
#15037 = CARTESIAN_POINT('',(62.5,90.,-89.02074730968));
#15038 = VECTOR('',#15039,1.);
#15039 = DIRECTION('',(0.,-0.866025403784,0.5));
#15040 = ORIENTED_EDGE('',*,*,#15041,.F.);
#15041 = EDGE_CURVE('',#14955,#15034,#15042,.T.);
#15042 = CIRCLE('',#15043,7.);
#15043 = AXIS2_PLACEMENT_3D('',#15044,#15045,#15046);
#15044 = CARTESIAN_POINT('',(59.5,84.,-85.55664569454));
#15045 = DIRECTION('',(0.,0.5,0.866025403784));
#15046 = DIRECTION('',(0.,0.866025403784,-0.5));
#15047 = ORIENTED_EDGE('',*,*,#14954,.T.);
#15048 = ORIENTED_EDGE('',*,*,#14552,.F.);
#15049 = ORIENTED_EDGE('',*,*,#14583,.F.);
#15050 = ORIENTED_EDGE('',*,*,#14535,.F.);
#15051 = FACE_BOUND('',#15052,.T.);
#15052 = EDGE_LOOP('',(#15053,#15054,#15055,#15056,#15057));
#15053 = ORIENTED_EDGE('',*,*,#14430,.F.);
#15054 = ORIENTED_EDGE('',*,*,#14439,.F.);
#15055 = ORIENTED_EDGE('',*,*,#14448,.F.);
#15056 = ORIENTED_EDGE('',*,*,#14457,.F.);
#15057 = ORIENTED_EDGE('',*,*,#14466,.F.);
#15058 = PLANE('',#15059);
#15059 = AXIS2_PLACEMENT_3D('',#15060,#15061,#15062);
#15060 = CARTESIAN_POINT('',(59.5,84.000229255549,-85.55677805529));
#15061 = DIRECTION('',(-0.,-0.5,-0.866025403784));
#15062 = DIRECTION('',(0.,-0.866025403784,0.5));
#15063 = ADVANCED_FACE('',(#15064),#15089,.T.);
#15064 = FACE_BOUND('',#15065,.T.);
#15065 = EDGE_LOOP('',(#15066,#15074,#15082,#15088));
#15066 = ORIENTED_EDGE('',*,*,#15067,.T.);
#15067 = EDGE_CURVE('',#14983,#15068,#15070,.T.);
#15068 = VERTEX_POINT('',#15069);
#15069 = CARTESIAN_POINT('',(56.5,95.506993486341,-78.27505897451));
#15070 = LINE('',#15071,#15072);
#15071 = CARTESIAN_POINT('',(56.5,89.477225575052,-88.71892335471));
#15072 = VECTOR('',#15073,1.);
#15073 = DIRECTION('',(0.,0.5,0.866025403784));
#15074 = ORIENTED_EDGE('',*,*,#15075,.T.);
#15075 = EDGE_CURVE('',#15068,#15076,#15078,.T.);
#15076 = VERTEX_POINT('',#15077);
#15077 = CARTESIAN_POINT('',(56.5,96.,-80.02074730968));
#15078 = LINE('',#15079,#15080);
#15079 = CARTESIAN_POINT('',(56.5,68.6,17.));
#15080 = VECTOR('',#15081,1.);
#15081 = DIRECTION('',(0.,0.271783332376,-0.962358467642));
#15082 = ORIENTED_EDGE('',*,*,#15083,.T.);
#15083 = EDGE_CURVE('',#15076,#14992,#15084,.T.);
#15084 = LINE('',#15085,#15086);
#15085 = CARTESIAN_POINT('',(56.5,96.,-80.02074730968));
#15086 = VECTOR('',#15087,1.);
#15087 = DIRECTION('',(0.,-0.554700196225,-0.832050294338));
#15088 = ORIENTED_EDGE('',*,*,#14991,.T.);
#15089 = PLANE('',#15090);
#15090 = AXIS2_PLACEMENT_3D('',#15091,#15092,#15093);
#15091 = CARTESIAN_POINT('',(56.5,73.337516095933,-34.8636074775));
#15092 = DIRECTION('',(-1.,-0.,-0.));
#15093 = DIRECTION('',(0.,0.,-1.));
#15094 = ADVANCED_FACE('',(#15095),#15130,.T.);
#15095 = FACE_BOUND('',#15096,.T.);
#15096 = EDGE_LOOP('',(#15097,#15098,#15107,#15116,#15124));
#15097 = ORIENTED_EDGE('',*,*,#15075,.F.);
#15098 = ORIENTED_EDGE('',*,*,#15099,.F.);
#15099 = EDGE_CURVE('',#15100,#15068,#15102,.T.);
#15100 = VERTEX_POINT('',#15101);
#15101 = CARTESIAN_POINT('',(59.5,95.763185624723,-79.18221053366));
#15102 = ELLIPSE('',#15103,9.769025297008,7.);
#15103 = AXIS2_PLACEMENT_3D('',#15104,#15105,#15106);
#15104 = CARTESIAN_POINT('',(59.5,93.108127375441,-69.78090631847));
#15105 = DIRECTION('',(-0.,0.962358467642,0.271783332376));
#15106 = DIRECTION('',(0.,-0.271783332376,0.962358467642));
#15107 = ORIENTED_EDGE('',*,*,#15108,.F.);
#15108 = EDGE_CURVE('',#15109,#15100,#15111,.T.);
#15109 = VERTEX_POINT('',#15110);
#15110 = CARTESIAN_POINT('',(62.5,95.506993486341,-78.27505897451));
#15111 = ELLIPSE('',#15112,9.769025297008,7.);
#15112 = AXIS2_PLACEMENT_3D('',#15113,#15114,#15115);
#15113 = CARTESIAN_POINT('',(59.5,93.108127375441,-69.78090631847));
#15114 = DIRECTION('',(-0.,0.962358467642,0.271783332376));
#15115 = DIRECTION('',(0.,-0.271783332376,0.962358467642));
#15116 = ORIENTED_EDGE('',*,*,#15117,.T.);
#15117 = EDGE_CURVE('',#15109,#15118,#15120,.T.);
#15118 = VERTEX_POINT('',#15119);
#15119 = CARTESIAN_POINT('',(62.5,96.,-80.02074730968));
#15120 = LINE('',#15121,#15122);
#15121 = CARTESIAN_POINT('',(62.5,68.6,17.));
#15122 = VECTOR('',#15123,1.);
#15123 = DIRECTION('',(0.,0.271783332376,-0.962358467642));
#15124 = ORIENTED_EDGE('',*,*,#15125,.F.);
#15125 = EDGE_CURVE('',#15076,#15118,#15126,.T.);
#15126 = LINE('',#15127,#15128);
#15127 = CARTESIAN_POINT('',(56.5,96.,-80.02074730968));
#15128 = VECTOR('',#15129,1.);
#15129 = DIRECTION('',(1.,0.,0.));
#15130 = PLANE('',#15131);
#15131 = AXIS2_PLACEMENT_3D('',#15132,#15133,#15134);
#15132 = CARTESIAN_POINT('',(56.5,68.6,17.));
#15133 = DIRECTION('',(-0.,0.962358467642,0.271783332376));
#15134 = DIRECTION('',(0.,0.271783332376,-0.962358467642));
#15135 = ADVANCED_FACE('',(#15136),#15164,.T.);
#15136 = FACE_BOUND('',#15137,.T.);
#15137 = EDGE_LOOP('',(#15138,#15139,#15140,#15146,#15147,#15156,#15163)
  );
#15138 = ORIENTED_EDGE('',*,*,#15083,.F.);
#15139 = ORIENTED_EDGE('',*,*,#15125,.T.);
#15140 = ORIENTED_EDGE('',*,*,#15141,.T.);
#15141 = EDGE_CURVE('',#15118,#15026,#15142,.T.);
#15142 = LINE('',#15143,#15144);
#15143 = CARTESIAN_POINT('',(62.5,96.,-80.02074730968));
#15144 = VECTOR('',#15145,1.);
#15145 = DIRECTION('',(0.,-0.554700196225,-0.832050294338));
#15146 = ORIENTED_EDGE('',*,*,#15025,.F.);
#15147 = ORIENTED_EDGE('',*,*,#15148,.F.);
#15148 = EDGE_CURVE('',#15149,#15017,#15151,.T.);
#15149 = VERTEX_POINT('',#15150);
#15150 = CARTESIAN_POINT('',(59.5,90.618802153517,-88.0925440794));
#15151 = ELLIPSE('',#15152,108.76436584154,7.);
#15152 = AXIS2_PLACEMENT_3D('',#15153,#15154,#15155);
#15153 = CARTESIAN_POINT('',(59.5,30.287187078898,-178.5899666913));
#15154 = DIRECTION('',(0.,0.832050294338,-0.554700196225));
#15155 = DIRECTION('',(0.,0.554700196225,0.832050294338));
#15156 = ORIENTED_EDGE('',*,*,#15157,.F.);
#15157 = EDGE_CURVE('',#15000,#15149,#15158,.T.);
#15158 = ELLIPSE('',#15159,108.76436584154,7.);
#15159 = AXIS2_PLACEMENT_3D('',#15160,#15161,#15162);
#15160 = CARTESIAN_POINT('',(59.5,30.287187078898,-178.5899666913));
#15161 = DIRECTION('',(0.,0.832050294338,-0.554700196225));
#15162 = DIRECTION('',(0.,0.554700196225,0.832050294338));
#15163 = ORIENTED_EDGE('',*,*,#14999,.F.);
#15164 = PLANE('',#15165);
#15165 = AXIS2_PLACEMENT_3D('',#15166,#15167,#15168);
#15166 = CARTESIAN_POINT('',(56.5,96.,-80.02074730968));
#15167 = DIRECTION('',(0.,0.832050294338,-0.554700196225));
#15168 = DIRECTION('',(0.,-0.554700196225,-0.832050294338));
#15169 = ADVANCED_FACE('',(#15170),#15181,.F.);
#15170 = FACE_BOUND('',#15171,.F.);
#15171 = EDGE_LOOP('',(#15172,#15178,#15179,#15180));
#15172 = ORIENTED_EDGE('',*,*,#15173,.T.);
#15173 = EDGE_CURVE('',#15034,#15109,#15174,.T.);
#15174 = LINE('',#15175,#15176);
#15175 = CARTESIAN_POINT('',(62.5,89.477225575052,-88.71892335471));
#15176 = VECTOR('',#15177,1.);
#15177 = DIRECTION('',(0.,0.5,0.866025403784));
#15178 = ORIENTED_EDGE('',*,*,#15117,.T.);
#15179 = ORIENTED_EDGE('',*,*,#15141,.T.);
#15180 = ORIENTED_EDGE('',*,*,#15033,.T.);
#15181 = PLANE('',#15182);
#15182 = AXIS2_PLACEMENT_3D('',#15183,#15184,#15185);
#15183 = CARTESIAN_POINT('',(62.5,73.337516095933,-34.8636074775));
#15184 = DIRECTION('',(-1.,-0.,-0.));
#15185 = DIRECTION('',(0.,0.,-1.));
#15186 = ADVANCED_FACE('',(#15187),#15212,.T.);
#15187 = FACE_BOUND('',#15188,.T.);
#15188 = EDGE_LOOP('',(#15189,#15190,#15198,#15206));
#15189 = ORIENTED_EDGE('',*,*,#14616,.F.);
#15190 = ORIENTED_EDGE('',*,*,#15191,.F.);
#15191 = EDGE_CURVE('',#15192,#14617,#15194,.T.);
#15192 = VERTEX_POINT('',#15193);
#15193 = CARTESIAN_POINT('',(62.,-5.6,-5.7));
#15194 = LINE('',#15195,#15196);
#15195 = CARTESIAN_POINT('',(62.,-1.,-5.7));
#15196 = VECTOR('',#15197,1.);
#15197 = DIRECTION('',(-0.,1.,0.));
#15198 = ORIENTED_EDGE('',*,*,#15199,.F.);
#15199 = EDGE_CURVE('',#15200,#15192,#15202,.T.);
#15200 = VERTEX_POINT('',#15201);
#15201 = CARTESIAN_POINT('',(57.,-5.6,-5.7));
#15202 = LINE('',#15203,#15204);
#15203 = CARTESIAN_POINT('',(57.,-5.6,-5.7));
#15204 = VECTOR('',#15205,1.);
#15205 = DIRECTION('',(1.,0.,0.));
#15206 = ORIENTED_EDGE('',*,*,#15207,.T.);
#15207 = EDGE_CURVE('',#15200,#14619,#15208,.T.);
#15208 = LINE('',#15209,#15210);
#15209 = CARTESIAN_POINT('',(57.,-22.,-5.7));
#15210 = VECTOR('',#15211,1.);
#15211 = DIRECTION('',(-0.,1.,0.));
#15212 = PLANE('',#15213);
#15213 = AXIS2_PLACEMENT_3D('',#15214,#15215,#15216);
#15214 = CARTESIAN_POINT('',(59.5,24.5,-5.7));
#15215 = DIRECTION('',(-0.,-0.,-1.));
#15216 = DIRECTION('',(-1.,0.,0.));
#15217 = ADVANCED_FACE('',(#15218),#15243,.F.);
#15218 = FACE_BOUND('',#15219,.F.);
#15219 = EDGE_LOOP('',(#15220,#15230,#15236,#15237));
#15220 = ORIENTED_EDGE('',*,*,#15221,.T.);
#15221 = EDGE_CURVE('',#15222,#15224,#15226,.T.);
#15222 = VERTEX_POINT('',#15223);
#15223 = CARTESIAN_POINT('',(57.,-5.6,-7.4));
#15224 = VERTEX_POINT('',#15225);
#15225 = CARTESIAN_POINT('',(62.,-5.6,-7.4));
#15226 = LINE('',#15227,#15228);
#15227 = CARTESIAN_POINT('',(57.,-5.6,-7.4));
#15228 = VECTOR('',#15229,1.);
#15229 = DIRECTION('',(1.,0.,0.));
#15230 = ORIENTED_EDGE('',*,*,#15231,.T.);
#15231 = EDGE_CURVE('',#15224,#15192,#15232,.T.);
#15232 = LINE('',#15233,#15234);
#15233 = CARTESIAN_POINT('',(62.,-5.6,-7.4));
#15234 = VECTOR('',#15235,1.);
#15235 = DIRECTION('',(0.,0.,1.));
#15236 = ORIENTED_EDGE('',*,*,#15199,.F.);
#15237 = ORIENTED_EDGE('',*,*,#15238,.F.);
#15238 = EDGE_CURVE('',#15222,#15200,#15239,.T.);
#15239 = LINE('',#15240,#15241);
#15240 = CARTESIAN_POINT('',(57.,-5.6,-7.4));
#15241 = VECTOR('',#15242,1.);
#15242 = DIRECTION('',(0.,0.,1.));
#15243 = PLANE('',#15244);
#15244 = AXIS2_PLACEMENT_3D('',#15245,#15246,#15247);
#15245 = CARTESIAN_POINT('',(57.,-5.6,-7.4));
#15246 = DIRECTION('',(0.,-1.,0.));
#15247 = DIRECTION('',(0.,0.,1.));
#15248 = ADVANCED_FACE('',(#15249),#15274,.F.);
#15249 = FACE_BOUND('',#15250,.F.);
#15250 = EDGE_LOOP('',(#15251,#15261,#15267,#15268));
#15251 = ORIENTED_EDGE('',*,*,#15252,.T.);
#15252 = EDGE_CURVE('',#15253,#15255,#15257,.T.);
#15253 = VERTEX_POINT('',#15254);
#15254 = CARTESIAN_POINT('',(57.,-9.,-7.4));
#15255 = VERTEX_POINT('',#15256);
#15256 = CARTESIAN_POINT('',(62.,-9.,-7.4));
#15257 = LINE('',#15258,#15259);
#15258 = CARTESIAN_POINT('',(57.,-9.,-7.4));
#15259 = VECTOR('',#15260,1.);
#15260 = DIRECTION('',(1.,0.,0.));
#15261 = ORIENTED_EDGE('',*,*,#15262,.T.);
#15262 = EDGE_CURVE('',#15255,#15224,#15263,.T.);
#15263 = LINE('',#15264,#15265);
#15264 = CARTESIAN_POINT('',(62.,-9.,-7.4));
#15265 = VECTOR('',#15266,1.);
#15266 = DIRECTION('',(0.,1.,0.));
#15267 = ORIENTED_EDGE('',*,*,#15221,.F.);
#15268 = ORIENTED_EDGE('',*,*,#15269,.F.);
#15269 = EDGE_CURVE('',#15253,#15222,#15270,.T.);
#15270 = LINE('',#15271,#15272);
#15271 = CARTESIAN_POINT('',(57.,-9.,-7.4));
#15272 = VECTOR('',#15273,1.);
#15273 = DIRECTION('',(0.,1.,0.));
#15274 = PLANE('',#15275);
#15275 = AXIS2_PLACEMENT_3D('',#15276,#15277,#15278);
#15276 = CARTESIAN_POINT('',(57.,-9.,-7.4));
#15277 = DIRECTION('',(0.,0.,1.));
#15278 = DIRECTION('',(0.,1.,0.));
#15279 = ADVANCED_FACE('',(#15280),#15305,.F.);
#15280 = FACE_BOUND('',#15281,.F.);
#15281 = EDGE_LOOP('',(#15282,#15292,#15298,#15299));
#15282 = ORIENTED_EDGE('',*,*,#15283,.T.);
#15283 = EDGE_CURVE('',#15284,#15286,#15288,.T.);
#15284 = VERTEX_POINT('',#15285);
#15285 = CARTESIAN_POINT('',(57.,-15.,-5.7));
#15286 = VERTEX_POINT('',#15287);
#15287 = CARTESIAN_POINT('',(62.,-15.,-5.7));
#15288 = LINE('',#15289,#15290);
#15289 = CARTESIAN_POINT('',(57.,-15.,-5.7));
#15290 = VECTOR('',#15291,1.);
#15291 = DIRECTION('',(1.,0.,0.));
#15292 = ORIENTED_EDGE('',*,*,#15293,.T.);
#15293 = EDGE_CURVE('',#15286,#15255,#15294,.T.);
#15294 = LINE('',#15295,#15296);
#15295 = CARTESIAN_POINT('',(62.,-15.,-5.7));
#15296 = VECTOR('',#15297,1.);
#15297 = DIRECTION('',(0.,0.962126726315,-0.272602572456));
#15298 = ORIENTED_EDGE('',*,*,#15252,.F.);
#15299 = ORIENTED_EDGE('',*,*,#15300,.F.);
#15300 = EDGE_CURVE('',#15284,#15253,#15301,.T.);
#15301 = LINE('',#15302,#15303);
#15302 = CARTESIAN_POINT('',(57.,-15.,-5.7));
#15303 = VECTOR('',#15304,1.);
#15304 = DIRECTION('',(0.,0.962126726315,-0.272602572456));
#15305 = PLANE('',#15306);
#15306 = AXIS2_PLACEMENT_3D('',#15307,#15308,#15309);
#15307 = CARTESIAN_POINT('',(57.,-15.,-5.7));
#15308 = DIRECTION('',(-0.,0.272602572456,0.962126726315));
#15309 = DIRECTION('',(0.,0.962126726315,-0.272602572456));
#15310 = ADVANCED_FACE('',(#15311),#15336,.T.);
#15311 = FACE_BOUND('',#15312,.T.);
#15312 = EDGE_LOOP('',(#15313,#15314,#15322,#15330));
#15313 = ORIENTED_EDGE('',*,*,#15283,.T.);
#15314 = ORIENTED_EDGE('',*,*,#15315,.F.);
#15315 = EDGE_CURVE('',#15316,#15286,#15318,.T.);
#15316 = VERTEX_POINT('',#15317);
#15317 = CARTESIAN_POINT('',(62.,-30.8,-5.7));
#15318 = LINE('',#15319,#15320);
#15319 = CARTESIAN_POINT('',(62.,-22.,-5.7));
#15320 = VECTOR('',#15321,1.);
#15321 = DIRECTION('',(-0.,1.,0.));
#15322 = ORIENTED_EDGE('',*,*,#15323,.T.);
#15323 = EDGE_CURVE('',#15316,#15324,#15326,.T.);
#15324 = VERTEX_POINT('',#15325);
#15325 = CARTESIAN_POINT('',(57.,-30.8,-5.7));
#15326 = LINE('',#15327,#15328);
#15327 = CARTESIAN_POINT('',(56.5,-30.8,-5.7));
#15328 = VECTOR('',#15329,1.);
#15329 = DIRECTION('',(-1.,-0.,0.));
#15330 = ORIENTED_EDGE('',*,*,#15331,.T.);
#15331 = EDGE_CURVE('',#15324,#15284,#15332,.T.);
#15332 = LINE('',#15333,#15334);
#15333 = CARTESIAN_POINT('',(57.,-48.6,-5.7));
#15334 = VECTOR('',#15335,1.);
#15335 = DIRECTION('',(-0.,1.,0.));
#15336 = PLANE('',#15337);
#15337 = AXIS2_PLACEMENT_3D('',#15338,#15339,#15340);
#15338 = CARTESIAN_POINT('',(59.5,-22.9,-5.7));
#15339 = DIRECTION('',(-0.,-0.,-1.));
#15340 = DIRECTION('',(-1.,0.,0.));
#15341 = ADVANCED_FACE('',(#15342),#15367,.F.);
#15342 = FACE_BOUND('',#15343,.F.);
#15343 = EDGE_LOOP('',(#15344,#15354,#15360,#15361));
#15344 = ORIENTED_EDGE('',*,*,#15345,.T.);
#15345 = EDGE_CURVE('',#15346,#15348,#15350,.T.);
#15346 = VERTEX_POINT('',#15347);
#15347 = CARTESIAN_POINT('',(57.,-30.8,-4.4));
#15348 = VERTEX_POINT('',#15349);
#15349 = CARTESIAN_POINT('',(62.,-30.8,-4.4));
#15350 = LINE('',#15351,#15352);
#15351 = CARTESIAN_POINT('',(56.,-30.8,-4.4));
#15352 = VECTOR('',#15353,1.);
#15353 = DIRECTION('',(1.,0.,-0.));
#15354 = ORIENTED_EDGE('',*,*,#15355,.F.);
#15355 = EDGE_CURVE('',#15316,#15348,#15356,.T.);
#15356 = LINE('',#15357,#15358);
#15357 = CARTESIAN_POINT('',(62.,-30.8,-5.85));
#15358 = VECTOR('',#15359,1.);
#15359 = DIRECTION('',(0.,0.,1.));
#15360 = ORIENTED_EDGE('',*,*,#15323,.T.);
#15361 = ORIENTED_EDGE('',*,*,#15362,.T.);
#15362 = EDGE_CURVE('',#15324,#15346,#15363,.T.);
#15363 = LINE('',#15364,#15365);
#15364 = CARTESIAN_POINT('',(57.,-30.8,-5.85));
#15365 = VECTOR('',#15366,1.);
#15366 = DIRECTION('',(0.,0.,1.));
#15367 = PLANE('',#15368);
#15368 = AXIS2_PLACEMENT_3D('',#15369,#15370,#15371);
#15369 = CARTESIAN_POINT('',(56.,-30.8,-6.));
#15370 = DIRECTION('',(-0.,1.,0.));
#15371 = DIRECTION('',(0.,0.,1.));
#15372 = ADVANCED_FACE('',(#15373),#15398,.F.);
#15373 = FACE_BOUND('',#15374,.F.);
#15374 = EDGE_LOOP('',(#15375,#15376,#15384,#15392));
#15375 = ORIENTED_EDGE('',*,*,#15345,.F.);
#15376 = ORIENTED_EDGE('',*,*,#15377,.T.);
#15377 = EDGE_CURVE('',#15346,#15378,#15380,.T.);
#15378 = VERTEX_POINT('',#15379);
#15379 = CARTESIAN_POINT('',(57.,-36.4,-4.4));
#15380 = LINE('',#15381,#15382);
#15381 = CARTESIAN_POINT('',(57.,-42.5,-4.4));
#15382 = VECTOR('',#15383,1.);
#15383 = DIRECTION('',(0.,-1.,0.));
#15384 = ORIENTED_EDGE('',*,*,#15385,.T.);
#15385 = EDGE_CURVE('',#15378,#15386,#15388,.T.);
#15386 = VERTEX_POINT('',#15387);
#15387 = CARTESIAN_POINT('',(62.,-36.4,-4.4));
#15388 = LINE('',#15389,#15390);
#15389 = CARTESIAN_POINT('',(56.,-36.4,-4.4));
#15390 = VECTOR('',#15391,1.);
#15391 = DIRECTION('',(1.,0.,-0.));
#15392 = ORIENTED_EDGE('',*,*,#15393,.F.);
#15393 = EDGE_CURVE('',#15348,#15386,#15394,.T.);
#15394 = LINE('',#15395,#15396);
#15395 = CARTESIAN_POINT('',(62.,-42.5,-4.4));
#15396 = VECTOR('',#15397,1.);
#15397 = DIRECTION('',(0.,-1.,0.));
#15398 = PLANE('',#15399);
#15399 = AXIS2_PLACEMENT_3D('',#15400,#15401,#15402);
#15400 = CARTESIAN_POINT('',(56.,-36.4,-4.4));
#15401 = DIRECTION('',(0.,0.,1.));
#15402 = DIRECTION('',(1.,0.,-0.));
#15403 = ADVANCED_FACE('',(#15404),#15429,.T.);
#15404 = FACE_BOUND('',#15405,.T.);
#15405 = EDGE_LOOP('',(#15406,#15407,#15415,#15423));
#15406 = ORIENTED_EDGE('',*,*,#15385,.T.);
#15407 = ORIENTED_EDGE('',*,*,#15408,.F.);
#15408 = EDGE_CURVE('',#15409,#15386,#15411,.T.);
#15409 = VERTEX_POINT('',#15410);
#15410 = CARTESIAN_POINT('',(62.,-36.4,-5.7));
#15411 = LINE('',#15412,#15413);
#15412 = CARTESIAN_POINT('',(62.,-36.4,-5.85));
#15413 = VECTOR('',#15414,1.);
#15414 = DIRECTION('',(0.,0.,1.));
#15415 = ORIENTED_EDGE('',*,*,#15416,.T.);
#15416 = EDGE_CURVE('',#15409,#15417,#15419,.T.);
#15417 = VERTEX_POINT('',#15418);
#15418 = CARTESIAN_POINT('',(57.,-36.4,-5.7));
#15419 = LINE('',#15420,#15421);
#15420 = CARTESIAN_POINT('',(56.5,-36.4,-5.7));
#15421 = VECTOR('',#15422,1.);
#15422 = DIRECTION('',(-1.,-0.,0.));
#15423 = ORIENTED_EDGE('',*,*,#15424,.T.);
#15424 = EDGE_CURVE('',#15417,#15378,#15425,.T.);
#15425 = LINE('',#15426,#15427);
#15426 = CARTESIAN_POINT('',(57.,-36.4,-5.85));
#15427 = VECTOR('',#15428,1.);
#15428 = DIRECTION('',(0.,0.,1.));
#15429 = PLANE('',#15430);
#15430 = AXIS2_PLACEMENT_3D('',#15431,#15432,#15433);
#15431 = CARTESIAN_POINT('',(56.,-36.4,-6.));
#15432 = DIRECTION('',(-0.,1.,0.));
#15433 = DIRECTION('',(0.,0.,1.));
#15434 = ADVANCED_FACE('',(#15435),#15460,.F.);
#15435 = FACE_BOUND('',#15436,.F.);
#15436 = EDGE_LOOP('',(#15437,#15445,#15453,#15459));
#15437 = ORIENTED_EDGE('',*,*,#15438,.F.);
#15438 = EDGE_CURVE('',#15439,#15417,#15441,.T.);
#15439 = VERTEX_POINT('',#15440);
#15440 = CARTESIAN_POINT('',(57.,-48.6,-5.7));
#15441 = LINE('',#15442,#15443);
#15442 = CARTESIAN_POINT('',(57.,-48.6,-5.7));
#15443 = VECTOR('',#15444,1.);
#15444 = DIRECTION('',(-0.,1.,0.));
#15445 = ORIENTED_EDGE('',*,*,#15446,.T.);
#15446 = EDGE_CURVE('',#15439,#15447,#15449,.T.);
#15447 = VERTEX_POINT('',#15448);
#15448 = CARTESIAN_POINT('',(62.,-48.6,-5.7));
#15449 = LINE('',#15450,#15451);
#15450 = CARTESIAN_POINT('',(57.,-48.6,-5.7));
#15451 = VECTOR('',#15452,1.);
#15452 = DIRECTION('',(1.,0.,-0.));
#15453 = ORIENTED_EDGE('',*,*,#15454,.T.);
#15454 = EDGE_CURVE('',#15447,#15409,#15455,.T.);
#15455 = LINE('',#15456,#15457);
#15456 = CARTESIAN_POINT('',(62.,-48.6,-5.7));
#15457 = VECTOR('',#15458,1.);
#15458 = DIRECTION('',(-0.,1.,0.));
#15459 = ORIENTED_EDGE('',*,*,#15416,.T.);
#15460 = PLANE('',#15461);
#15461 = AXIS2_PLACEMENT_3D('',#15462,#15463,#15464);
#15462 = CARTESIAN_POINT('',(57.,-48.6,-5.7));
#15463 = DIRECTION('',(0.,0.,1.));
#15464 = DIRECTION('',(1.,0.,-0.));
#15465 = ADVANCED_FACE('',(#15466),#15491,.F.);
#15466 = FACE_BOUND('',#15467,.F.);
#15467 = EDGE_LOOP('',(#15468,#15469,#15477,#15485));
#15468 = ORIENTED_EDGE('',*,*,#15446,.F.);
#15469 = ORIENTED_EDGE('',*,*,#15470,.T.);
#15470 = EDGE_CURVE('',#15439,#15471,#15473,.T.);
#15471 = VERTEX_POINT('',#15472);
#15472 = CARTESIAN_POINT('',(57.,-48.6,-2.3));
#15473 = LINE('',#15474,#15475);
#15474 = CARTESIAN_POINT('',(57.,-48.6,-5.7));
#15475 = VECTOR('',#15476,1.);
#15476 = DIRECTION('',(0.,0.,1.));
#15477 = ORIENTED_EDGE('',*,*,#15478,.T.);
#15478 = EDGE_CURVE('',#15471,#15479,#15481,.T.);
#15479 = VERTEX_POINT('',#15480);
#15480 = CARTESIAN_POINT('',(62.,-48.6,-2.3));
#15481 = LINE('',#15482,#15483);
#15482 = CARTESIAN_POINT('',(57.,-48.6,-2.3));
#15483 = VECTOR('',#15484,1.);
#15484 = DIRECTION('',(1.,0.,-0.));
#15485 = ORIENTED_EDGE('',*,*,#15486,.F.);
#15486 = EDGE_CURVE('',#15447,#15479,#15487,.T.);
#15487 = LINE('',#15488,#15489);
#15488 = CARTESIAN_POINT('',(62.,-48.6,-5.7));
#15489 = VECTOR('',#15490,1.);
#15490 = DIRECTION('',(0.,0.,1.));
#15491 = PLANE('',#15492);
#15492 = AXIS2_PLACEMENT_3D('',#15493,#15494,#15495);
#15493 = CARTESIAN_POINT('',(57.,-48.6,-5.7));
#15494 = DIRECTION('',(-0.,1.,0.));
#15495 = DIRECTION('',(0.,0.,1.));
#15496 = ADVANCED_FACE('',(#15497),#15525,.T.);
#15497 = FACE_BOUND('',#15498,.T.);
#15498 = EDGE_LOOP('',(#15499,#15500,#15501,#15502,#15503,#15504,#15505,
    #15506,#15507,#15508,#15514,#15515,#15516,#15517,#15518,#15519,
    #15520,#15521,#15522,#15523,#15524));
#15499 = ORIENTED_EDGE('',*,*,#14672,.F.);
#15500 = ORIENTED_EDGE('',*,*,#14704,.F.);
#15501 = ORIENTED_EDGE('',*,*,#14734,.F.);
#15502 = ORIENTED_EDGE('',*,*,#14759,.F.);
#15503 = ORIENTED_EDGE('',*,*,#14790,.F.);
#15504 = ORIENTED_EDGE('',*,*,#14827,.F.);
#15505 = ORIENTED_EDGE('',*,*,#14859,.T.);
#15506 = ORIENTED_EDGE('',*,*,#14890,.F.);
#15507 = ORIENTED_EDGE('',*,*,#14920,.F.);
#15508 = ORIENTED_EDGE('',*,*,#15509,.F.);
#15509 = EDGE_CURVE('',#15479,#14913,#15510,.T.);
#15510 = LINE('',#15511,#15512);
#15511 = CARTESIAN_POINT('',(62.,-48.6,-2.3));
#15512 = VECTOR('',#15513,1.);
#15513 = DIRECTION('',(-0.,1.,0.));
#15514 = ORIENTED_EDGE('',*,*,#15486,.F.);
#15515 = ORIENTED_EDGE('',*,*,#15454,.T.);
#15516 = ORIENTED_EDGE('',*,*,#15408,.T.);
#15517 = ORIENTED_EDGE('',*,*,#15393,.F.);
#15518 = ORIENTED_EDGE('',*,*,#15355,.F.);
#15519 = ORIENTED_EDGE('',*,*,#15315,.T.);
#15520 = ORIENTED_EDGE('',*,*,#15293,.T.);
#15521 = ORIENTED_EDGE('',*,*,#15262,.T.);
#15522 = ORIENTED_EDGE('',*,*,#15231,.T.);
#15523 = ORIENTED_EDGE('',*,*,#15191,.T.);
#15524 = ORIENTED_EDGE('',*,*,#14642,.T.);
#15525 = PLANE('',#15526);
#15526 = AXIS2_PLACEMENT_3D('',#15527,#15528,#15529);
#15527 = CARTESIAN_POINT('',(62.,2.284009545007,-4.017063308401));
#15528 = DIRECTION('',(1.,0.,0.));
#15529 = DIRECTION('',(-0.,0.,1.));
#15530 = ADVANCED_FACE('',(#15531),#15542,.T.);
#15531 = FACE_BOUND('',#15532,.T.);
#15532 = EDGE_LOOP('',(#15533,#15539,#15540,#15541));
#15533 = ORIENTED_EDGE('',*,*,#15534,.F.);
#15534 = EDGE_CURVE('',#15471,#14905,#15535,.T.);
#15535 = LINE('',#15536,#15537);
#15536 = CARTESIAN_POINT('',(57.,-48.6,-2.3));
#15537 = VECTOR('',#15538,1.);
#15538 = DIRECTION('',(-0.,1.,0.));
#15539 = ORIENTED_EDGE('',*,*,#15478,.T.);
#15540 = ORIENTED_EDGE('',*,*,#15509,.T.);
#15541 = ORIENTED_EDGE('',*,*,#14912,.T.);
#15542 = PLANE('',#15543);
#15543 = AXIS2_PLACEMENT_3D('',#15544,#15545,#15546);
#15544 = CARTESIAN_POINT('',(57.,-48.6,-2.3));
#15545 = DIRECTION('',(0.,0.,1.));
#15546 = DIRECTION('',(1.,0.,-0.));
#15547 = ADVANCED_FACE('',(#15548),#15571,.T.);
#15548 = FACE_BOUND('',#15549,.T.);
#15549 = EDGE_LOOP('',(#15550,#15551,#15552,#15553,#15554,#15555,#15556,
    #15557,#15558,#15559,#15560,#15561,#15562,#15563,#15564,#15565,
    #15566,#15567,#15568,#15569,#15570));
#15550 = ORIENTED_EDGE('',*,*,#14656,.T.);
#15551 = ORIENTED_EDGE('',*,*,#14626,.F.);
#15552 = ORIENTED_EDGE('',*,*,#15207,.F.);
#15553 = ORIENTED_EDGE('',*,*,#15238,.F.);
#15554 = ORIENTED_EDGE('',*,*,#15269,.F.);
#15555 = ORIENTED_EDGE('',*,*,#15300,.F.);
#15556 = ORIENTED_EDGE('',*,*,#15331,.F.);
#15557 = ORIENTED_EDGE('',*,*,#15362,.T.);
#15558 = ORIENTED_EDGE('',*,*,#15377,.T.);
#15559 = ORIENTED_EDGE('',*,*,#15424,.F.);
#15560 = ORIENTED_EDGE('',*,*,#15438,.F.);
#15561 = ORIENTED_EDGE('',*,*,#15470,.T.);
#15562 = ORIENTED_EDGE('',*,*,#15534,.T.);
#15563 = ORIENTED_EDGE('',*,*,#14904,.T.);
#15564 = ORIENTED_EDGE('',*,*,#14874,.T.);
#15565 = ORIENTED_EDGE('',*,*,#14852,.F.);
#15566 = ORIENTED_EDGE('',*,*,#14811,.T.);
#15567 = ORIENTED_EDGE('',*,*,#14797,.T.);
#15568 = ORIENTED_EDGE('',*,*,#14766,.T.);
#15569 = ORIENTED_EDGE('',*,*,#14718,.T.);
#15570 = ORIENTED_EDGE('',*,*,#14697,.T.);
#15571 = PLANE('',#15572);
#15572 = AXIS2_PLACEMENT_3D('',#15573,#15574,#15575);
#15573 = CARTESIAN_POINT('',(57.,2.284009545007,-4.017063308401));
#15574 = DIRECTION('',(-1.,-0.,-0.));
#15575 = DIRECTION('',(0.,0.,-1.));
#15576 = ADVANCED_FACE('',(#15577),#15589,.T.);
#15577 = FACE_BOUND('',#15578,.T.);
#15578 = EDGE_LOOP('',(#15579,#15580,#15581,#15582,#15583,#15584,#15585,
    #15586,#15587,#15588));
#15579 = ORIENTED_EDGE('',*,*,#14238,.F.);
#15580 = ORIENTED_EDGE('',*,*,#14962,.F.);
#15581 = ORIENTED_EDGE('',*,*,#15041,.T.);
#15582 = ORIENTED_EDGE('',*,*,#15173,.T.);
#15583 = ORIENTED_EDGE('',*,*,#15108,.T.);
#15584 = ORIENTED_EDGE('',*,*,#15099,.T.);
#15585 = ORIENTED_EDGE('',*,*,#15067,.F.);
#15586 = ORIENTED_EDGE('',*,*,#14982,.T.);
#15587 = ORIENTED_EDGE('',*,*,#14496,.T.);
#15588 = ORIENTED_EDGE('',*,*,#14247,.F.);
#15589 = CYLINDRICAL_SURFACE('',#15590,7.);
#15590 = AXIS2_PLACEMENT_3D('',#15591,#15592,#15593);
#15591 = CARTESIAN_POINT('',(59.5,84.,-85.55664569454));
#15592 = DIRECTION('',(0.,0.5,0.866025403784));
#15593 = DIRECTION('',(0.,0.866025403784,-0.5));
#15594 = ADVANCED_FACE('',(#15595),#15601,.T.);
#15595 = FACE_BOUND('',#15596,.T.);
#15596 = EDGE_LOOP('',(#15597,#15598,#15599,#15600));
#15597 = ORIENTED_EDGE('',*,*,#15148,.T.);
#15598 = ORIENTED_EDGE('',*,*,#15016,.T.);
#15599 = ORIENTED_EDGE('',*,*,#15007,.T.);
#15600 = ORIENTED_EDGE('',*,*,#15157,.T.);
#15601 = CYLINDRICAL_SURFACE('',#15602,7.);
#15602 = AXIS2_PLACEMENT_3D('',#15603,#15604,#15605);
#15603 = CARTESIAN_POINT('',(59.5,84.,-85.55664569454));
#15604 = DIRECTION('',(0.,0.5,0.866025403784));
#15605 = DIRECTION('',(0.,0.866025403784,-0.5));
#15606 = MANIFOLD_SOLID_BREP('',#15607);
#15607 = CLOSED_SHELL('',(#15608,#15648,#15705,#15769,#15801,#15865,
    #15904,#15935,#15951,#15962,#15987,#16037,#16047,#16057,#16083,
    #16123,#16154,#16200,#16224,#16249,#16274,#16291,#16349,#16380,
    #16397,#16412,#16436,#16469,#16498));
#15608 = ADVANCED_FACE('',(#15609),#15643,.F.);
#15609 = FACE_BOUND('',#15610,.F.);
#15610 = EDGE_LOOP('',(#15611,#15621,#15629,#15637));
#15611 = ORIENTED_EDGE('',*,*,#15612,.F.);
#15612 = EDGE_CURVE('',#15613,#15615,#15617,.T.);
#15613 = VERTEX_POINT('',#15614);
#15614 = CARTESIAN_POINT('',(53.9,-48.6,-6.8));
#15615 = VERTEX_POINT('',#15616);
#15616 = CARTESIAN_POINT('',(53.9,-48.6,0.));
#15617 = LINE('',#15618,#15619);
#15618 = CARTESIAN_POINT('',(53.9,-48.6,-6.8));
#15619 = VECTOR('',#15620,1.);
#15620 = DIRECTION('',(0.,0.,1.));
#15621 = ORIENTED_EDGE('',*,*,#15622,.T.);
#15622 = EDGE_CURVE('',#15613,#15623,#15625,.T.);
#15623 = VERTEX_POINT('',#15624);
#15624 = CARTESIAN_POINT('',(53.9,-18.6,-6.8));
#15625 = LINE('',#15626,#15627);
#15626 = CARTESIAN_POINT('',(53.9,-48.6,-6.8));
#15627 = VECTOR('',#15628,1.);
#15628 = DIRECTION('',(-0.,1.,0.));
#15629 = ORIENTED_EDGE('',*,*,#15630,.T.);
#15630 = EDGE_CURVE('',#15623,#15631,#15633,.T.);
#15631 = VERTEX_POINT('',#15632);
#15632 = CARTESIAN_POINT('',(53.9,-18.6,0.));
#15633 = LINE('',#15634,#15635);
#15634 = CARTESIAN_POINT('',(53.9,-18.6,-6.8));
#15635 = VECTOR('',#15636,1.);
#15636 = DIRECTION('',(0.,0.,1.));
#15637 = ORIENTED_EDGE('',*,*,#15638,.F.);
#15638 = EDGE_CURVE('',#15615,#15631,#15639,.T.);
#15639 = LINE('',#15640,#15641);
#15640 = CARTESIAN_POINT('',(53.9,-48.6,0.));
#15641 = VECTOR('',#15642,1.);
#15642 = DIRECTION('',(-0.,1.,0.));
#15643 = PLANE('',#15644);
#15644 = AXIS2_PLACEMENT_3D('',#15645,#15646,#15647);
#15645 = CARTESIAN_POINT('',(53.9,-48.6,-6.8));
#15646 = DIRECTION('',(1.,0.,-0.));
#15647 = DIRECTION('',(0.,0.,1.));
#15648 = ADVANCED_FACE('',(#15649),#15700,.F.);
#15649 = FACE_BOUND('',#15650,.F.);
#15650 = EDGE_LOOP('',(#15651,#15659,#15660,#15668,#15676,#15685,#15694)
  );
#15651 = ORIENTED_EDGE('',*,*,#15652,.F.);
#15652 = EDGE_CURVE('',#15623,#15653,#15655,.T.);
#15653 = VERTEX_POINT('',#15654);
#15654 = CARTESIAN_POINT('',(56.4,-18.6,-6.8));
#15655 = LINE('',#15656,#15657);
#15656 = CARTESIAN_POINT('',(53.9,-18.6,-6.8));
#15657 = VECTOR('',#15658,1.);
#15658 = DIRECTION('',(1.,0.,-0.));
#15659 = ORIENTED_EDGE('',*,*,#15622,.F.);
#15660 = ORIENTED_EDGE('',*,*,#15661,.T.);
#15661 = EDGE_CURVE('',#15613,#15662,#15664,.T.);
#15662 = VERTEX_POINT('',#15663);
#15663 = CARTESIAN_POINT('',(56.4,-48.6,-6.8));
#15664 = LINE('',#15665,#15666);
#15665 = CARTESIAN_POINT('',(53.9,-48.6,-6.8));
#15666 = VECTOR('',#15667,1.);
#15667 = DIRECTION('',(1.,0.,-0.));
#15668 = ORIENTED_EDGE('',*,*,#15669,.T.);
#15669 = EDGE_CURVE('',#15662,#15670,#15672,.T.);
#15670 = VERTEX_POINT('',#15671);
#15671 = CARTESIAN_POINT('',(56.4,-34.39372539331,-6.8));
#15672 = LINE('',#15673,#15674);
#15673 = CARTESIAN_POINT('',(56.4,-48.6,-6.8));
#15674 = VECTOR('',#15675,1.);
#15675 = DIRECTION('',(-0.,1.,0.));
#15676 = ORIENTED_EDGE('',*,*,#15677,.T.);
#15677 = EDGE_CURVE('',#15670,#15678,#15680,.T.);
#15678 = VERTEX_POINT('',#15679);
#15679 = CARTESIAN_POINT('',(56.3,-33.6,-6.8));
#15680 = CIRCLE('',#15681,3.2);
#15681 = AXIS2_PLACEMENT_3D('',#15682,#15683,#15684);
#15682 = CARTESIAN_POINT('',(59.5,-33.6,-6.8));
#15683 = DIRECTION('',(-0.,0.,-1.));
#15684 = DIRECTION('',(-1.,0.,0.));
#15685 = ORIENTED_EDGE('',*,*,#15686,.T.);
#15686 = EDGE_CURVE('',#15678,#15687,#15689,.T.);
#15687 = VERTEX_POINT('',#15688);
#15688 = CARTESIAN_POINT('',(56.4,-32.80627460668,-6.8));
#15689 = CIRCLE('',#15690,3.2);
#15690 = AXIS2_PLACEMENT_3D('',#15691,#15692,#15693);
#15691 = CARTESIAN_POINT('',(59.5,-33.6,-6.8));
#15692 = DIRECTION('',(-0.,0.,-1.));
#15693 = DIRECTION('',(-1.,0.,0.));
#15694 = ORIENTED_EDGE('',*,*,#15695,.T.);
#15695 = EDGE_CURVE('',#15687,#15653,#15696,.T.);
#15696 = LINE('',#15697,#15698);
#15697 = CARTESIAN_POINT('',(56.4,-48.6,-6.8));
#15698 = VECTOR('',#15699,1.);
#15699 = DIRECTION('',(-0.,1.,0.));
#15700 = PLANE('',#15701);
#15701 = AXIS2_PLACEMENT_3D('',#15702,#15703,#15704);
#15702 = CARTESIAN_POINT('',(53.9,-48.6,-6.8));
#15703 = DIRECTION('',(0.,0.,1.));
#15704 = DIRECTION('',(1.,0.,-0.));
#15705 = ADVANCED_FACE('',(#15706),#15764,.T.);
#15706 = FACE_BOUND('',#15707,.T.);
#15707 = EDGE_LOOP('',(#15708,#15716,#15717,#15726,#15733,#15734,#15742,
    #15750,#15758));
#15708 = ORIENTED_EDGE('',*,*,#15709,.F.);
#15709 = EDGE_CURVE('',#15662,#15710,#15712,.T.);
#15710 = VERTEX_POINT('',#15711);
#15711 = CARTESIAN_POINT('',(56.4,-48.6,0.));
#15712 = LINE('',#15713,#15714);
#15713 = CARTESIAN_POINT('',(56.4,-48.6,-6.8));
#15714 = VECTOR('',#15715,1.);
#15715 = DIRECTION('',(0.,0.,1.));
#15716 = ORIENTED_EDGE('',*,*,#15669,.T.);
#15717 = ORIENTED_EDGE('',*,*,#15718,.T.);
#15718 = EDGE_CURVE('',#15670,#15719,#15721,.T.);
#15719 = VERTEX_POINT('',#15720);
#15720 = CARTESIAN_POINT('',(56.4,-33.6,-6.7));
#15721 = HYPERBOLA('',#15722,3.1,3.1);
#15722 = AXIS2_PLACEMENT_3D('',#15723,#15724,#15725);
#15723 = CARTESIAN_POINT('',(56.4,-33.6,-3.6));
#15724 = DIRECTION('',(1.,0.,-0.));
#15725 = DIRECTION('',(-0.,0.,-1.));
#15726 = ORIENTED_EDGE('',*,*,#15727,.T.);
#15727 = EDGE_CURVE('',#15719,#15687,#15728,.T.);
#15728 = HYPERBOLA('',#15729,3.1,3.1);
#15729 = AXIS2_PLACEMENT_3D('',#15730,#15731,#15732);
#15730 = CARTESIAN_POINT('',(56.4,-33.6,-3.6));
#15731 = DIRECTION('',(1.,0.,-0.));
#15732 = DIRECTION('',(-0.,0.,-1.));
#15733 = ORIENTED_EDGE('',*,*,#15695,.T.);
#15734 = ORIENTED_EDGE('',*,*,#15735,.T.);
#15735 = EDGE_CURVE('',#15653,#15736,#15738,.T.);
#15736 = VERTEX_POINT('',#15737);
#15737 = CARTESIAN_POINT('',(56.4,-18.6,0.));
#15738 = LINE('',#15739,#15740);
#15739 = CARTESIAN_POINT('',(56.4,-18.6,-6.8));
#15740 = VECTOR('',#15741,1.);
#15741 = DIRECTION('',(0.,0.,1.));
#15742 = ORIENTED_EDGE('',*,*,#15743,.F.);
#15743 = EDGE_CURVE('',#15744,#15736,#15746,.T.);
#15744 = VERTEX_POINT('',#15745);
#15745 = CARTESIAN_POINT('',(56.4,-23.80627460668,0.));
#15746 = LINE('',#15747,#15748);
#15747 = CARTESIAN_POINT('',(56.4,-48.6,0.));
#15748 = VECTOR('',#15749,1.);
#15749 = DIRECTION('',(-0.,1.,0.));
#15750 = ORIENTED_EDGE('',*,*,#15751,.F.);
#15751 = EDGE_CURVE('',#15752,#15744,#15754,.T.);
#15752 = VERTEX_POINT('',#15753);
#15753 = CARTESIAN_POINT('',(56.4,-25.39372539331,0.));
#15754 = LINE('',#15755,#15756);
#15755 = CARTESIAN_POINT('',(56.4,-48.6,0.));
#15756 = VECTOR('',#15757,1.);
#15757 = DIRECTION('',(-0.,1.,0.));
#15758 = ORIENTED_EDGE('',*,*,#15759,.F.);
#15759 = EDGE_CURVE('',#15710,#15752,#15760,.T.);
#15760 = LINE('',#15761,#15762);
#15761 = CARTESIAN_POINT('',(56.4,-48.6,0.));
#15762 = VECTOR('',#15763,1.);
#15763 = DIRECTION('',(-0.,1.,0.));
#15764 = PLANE('',#15765);
#15765 = AXIS2_PLACEMENT_3D('',#15766,#15767,#15768);
#15766 = CARTESIAN_POINT('',(56.4,-48.6,-6.8));
#15767 = DIRECTION('',(1.,0.,-0.));
#15768 = DIRECTION('',(0.,0.,1.));
#15769 = ADVANCED_FACE('',(#15770),#15796,.F.);
#15770 = FACE_BOUND('',#15771,.F.);
#15771 = EDGE_LOOP('',(#15772,#15773,#15782,#15790));
#15772 = ORIENTED_EDGE('',*,*,#15743,.F.);
#15773 = ORIENTED_EDGE('',*,*,#15774,.T.);
#15774 = EDGE_CURVE('',#15744,#15775,#15777,.T.);
#15775 = VERTEX_POINT('',#15776);
#15776 = CARTESIAN_POINT('',(62.6,-23.80627460668,0.));
#15777 = CIRCLE('',#15778,3.2);
#15778 = AXIS2_PLACEMENT_3D('',#15779,#15780,#15781);
#15779 = CARTESIAN_POINT('',(59.5,-24.6,0.));
#15780 = DIRECTION('',(-0.,0.,-1.));
#15781 = DIRECTION('',(-1.,0.,0.));
#15782 = ORIENTED_EDGE('',*,*,#15783,.T.);
#15783 = EDGE_CURVE('',#15775,#15784,#15786,.T.);
#15784 = VERTEX_POINT('',#15785);
#15785 = CARTESIAN_POINT('',(62.6,-18.6,0.));
#15786 = LINE('',#15787,#15788);
#15787 = CARTESIAN_POINT('',(62.6,-48.6,0.));
#15788 = VECTOR('',#15789,1.);
#15789 = DIRECTION('',(-0.,1.,0.));
#15790 = ORIENTED_EDGE('',*,*,#15791,.F.);
#15791 = EDGE_CURVE('',#15736,#15784,#15792,.T.);
#15792 = LINE('',#15793,#15794);
#15793 = CARTESIAN_POINT('',(46.5,-18.6,0.));
#15794 = VECTOR('',#15795,1.);
#15795 = DIRECTION('',(1.,0.,-0.));
#15796 = PLANE('',#15797);
#15797 = AXIS2_PLACEMENT_3D('',#15798,#15799,#15800);
#15798 = CARTESIAN_POINT('',(46.5,-48.6,0.));
#15799 = DIRECTION('',(0.,0.,1.));
#15800 = DIRECTION('',(1.,0.,-0.));
#15801 = ADVANCED_FACE('',(#15802),#15860,.F.);
#15802 = FACE_BOUND('',#15803,.F.);
#15803 = EDGE_LOOP('',(#15804,#15814,#15822,#15831,#15839,#15845,#15846,
    #15854));
#15804 = ORIENTED_EDGE('',*,*,#15805,.F.);
#15805 = EDGE_CURVE('',#15806,#15808,#15810,.T.);
#15806 = VERTEX_POINT('',#15807);
#15807 = CARTESIAN_POINT('',(62.6,-48.6,-6.8));
#15808 = VERTEX_POINT('',#15809);
#15809 = CARTESIAN_POINT('',(62.6,-48.6,0.));
#15810 = LINE('',#15811,#15812);
#15811 = CARTESIAN_POINT('',(62.6,-48.6,-6.8));
#15812 = VECTOR('',#15813,1.);
#15813 = DIRECTION('',(0.,0.,1.));
#15814 = ORIENTED_EDGE('',*,*,#15815,.T.);
#15815 = EDGE_CURVE('',#15806,#15816,#15818,.T.);
#15816 = VERTEX_POINT('',#15817);
#15817 = CARTESIAN_POINT('',(62.6,-34.39372539331,-6.8));
#15818 = LINE('',#15819,#15820);
#15819 = CARTESIAN_POINT('',(62.6,-48.6,-6.8));
#15820 = VECTOR('',#15821,1.);
#15821 = DIRECTION('',(-0.,1.,0.));
#15822 = ORIENTED_EDGE('',*,*,#15823,.T.);
#15823 = EDGE_CURVE('',#15816,#15824,#15826,.T.);
#15824 = VERTEX_POINT('',#15825);
#15825 = CARTESIAN_POINT('',(62.6,-32.80627460668,-6.8));
#15826 = HYPERBOLA('',#15827,3.1,3.1);
#15827 = AXIS2_PLACEMENT_3D('',#15828,#15829,#15830);
#15828 = CARTESIAN_POINT('',(62.6,-33.6,-3.6));
#15829 = DIRECTION('',(1.,0.,-0.));
#15830 = DIRECTION('',(-0.,0.,-1.));
#15831 = ORIENTED_EDGE('',*,*,#15832,.T.);
#15832 = EDGE_CURVE('',#15824,#15833,#15835,.T.);
#15833 = VERTEX_POINT('',#15834);
#15834 = CARTESIAN_POINT('',(62.6,-18.6,-6.8));
#15835 = LINE('',#15836,#15837);
#15836 = CARTESIAN_POINT('',(62.6,-48.6,-6.8));
#15837 = VECTOR('',#15838,1.);
#15838 = DIRECTION('',(-0.,1.,0.));
#15839 = ORIENTED_EDGE('',*,*,#15840,.T.);
#15840 = EDGE_CURVE('',#15833,#15784,#15841,.T.);
#15841 = LINE('',#15842,#15843);
#15842 = CARTESIAN_POINT('',(62.6,-18.6,-6.8));
#15843 = VECTOR('',#15844,1.);
#15844 = DIRECTION('',(0.,0.,1.));
#15845 = ORIENTED_EDGE('',*,*,#15783,.F.);
#15846 = ORIENTED_EDGE('',*,*,#15847,.F.);
#15847 = EDGE_CURVE('',#15848,#15775,#15850,.T.);
#15848 = VERTEX_POINT('',#15849);
#15849 = CARTESIAN_POINT('',(62.6,-25.39372539331,0.));
#15850 = LINE('',#15851,#15852);
#15851 = CARTESIAN_POINT('',(62.6,-48.6,0.));
#15852 = VECTOR('',#15853,1.);
#15853 = DIRECTION('',(-0.,1.,0.));
#15854 = ORIENTED_EDGE('',*,*,#15855,.F.);
#15855 = EDGE_CURVE('',#15808,#15848,#15856,.T.);
#15856 = LINE('',#15857,#15858);
#15857 = CARTESIAN_POINT('',(62.6,-48.6,0.));
#15858 = VECTOR('',#15859,1.);
#15859 = DIRECTION('',(-0.,1.,0.));
#15860 = PLANE('',#15861);
#15861 = AXIS2_PLACEMENT_3D('',#15862,#15863,#15864);
#15862 = CARTESIAN_POINT('',(62.6,-48.6,-6.8));
#15863 = DIRECTION('',(1.,0.,-0.));
#15864 = DIRECTION('',(0.,0.,1.));
#15865 = ADVANCED_FACE('',(#15866),#15899,.F.);
#15866 = FACE_BOUND('',#15867,.F.);
#15867 = EDGE_LOOP('',(#15868,#15869,#15877,#15885,#15891,#15892));
#15868 = ORIENTED_EDGE('',*,*,#15815,.F.);
#15869 = ORIENTED_EDGE('',*,*,#15870,.T.);
#15870 = EDGE_CURVE('',#15806,#15871,#15873,.T.);
#15871 = VERTEX_POINT('',#15872);
#15872 = CARTESIAN_POINT('',(65.1,-48.6,-6.8));
#15873 = LINE('',#15874,#15875);
#15874 = CARTESIAN_POINT('',(62.6,-48.6,-6.8));
#15875 = VECTOR('',#15876,1.);
#15876 = DIRECTION('',(1.,0.,-0.));
#15877 = ORIENTED_EDGE('',*,*,#15878,.T.);
#15878 = EDGE_CURVE('',#15871,#15879,#15881,.T.);
#15879 = VERTEX_POINT('',#15880);
#15880 = CARTESIAN_POINT('',(65.1,-18.6,-6.8));
#15881 = LINE('',#15882,#15883);
#15882 = CARTESIAN_POINT('',(65.1,-48.6,-6.8));
#15883 = VECTOR('',#15884,1.);
#15884 = DIRECTION('',(-0.,1.,0.));
#15885 = ORIENTED_EDGE('',*,*,#15886,.F.);
#15886 = EDGE_CURVE('',#15833,#15879,#15887,.T.);
#15887 = LINE('',#15888,#15889);
#15888 = CARTESIAN_POINT('',(62.6,-18.6,-6.8));
#15889 = VECTOR('',#15890,1.);
#15890 = DIRECTION('',(1.,0.,-0.));
#15891 = ORIENTED_EDGE('',*,*,#15832,.F.);
#15892 = ORIENTED_EDGE('',*,*,#15893,.T.);
#15893 = EDGE_CURVE('',#15824,#15816,#15894,.T.);
#15894 = CIRCLE('',#15895,3.2);
#15895 = AXIS2_PLACEMENT_3D('',#15896,#15897,#15898);
#15896 = CARTESIAN_POINT('',(59.5,-33.6,-6.8));
#15897 = DIRECTION('',(-0.,0.,-1.));
#15898 = DIRECTION('',(-1.,0.,0.));
#15899 = PLANE('',#15900);
#15900 = AXIS2_PLACEMENT_3D('',#15901,#15902,#15903);
#15901 = CARTESIAN_POINT('',(62.6,-48.6,-6.8));
#15902 = DIRECTION('',(0.,0.,1.));
#15903 = DIRECTION('',(1.,0.,-0.));
#15904 = ADVANCED_FACE('',(#15905),#15930,.T.);
#15905 = FACE_BOUND('',#15906,.T.);
#15906 = EDGE_LOOP('',(#15907,#15915,#15916,#15924));
#15907 = ORIENTED_EDGE('',*,*,#15908,.F.);
#15908 = EDGE_CURVE('',#15871,#15909,#15911,.T.);
#15909 = VERTEX_POINT('',#15910);
#15910 = CARTESIAN_POINT('',(65.1,-48.6,0.));
#15911 = LINE('',#15912,#15913);
#15912 = CARTESIAN_POINT('',(65.1,-48.6,-6.8));
#15913 = VECTOR('',#15914,1.);
#15914 = DIRECTION('',(0.,0.,1.));
#15915 = ORIENTED_EDGE('',*,*,#15878,.T.);
#15916 = ORIENTED_EDGE('',*,*,#15917,.T.);
#15917 = EDGE_CURVE('',#15879,#15918,#15920,.T.);
#15918 = VERTEX_POINT('',#15919);
#15919 = CARTESIAN_POINT('',(65.1,-18.6,0.));
#15920 = LINE('',#15921,#15922);
#15921 = CARTESIAN_POINT('',(65.1,-18.6,-6.8));
#15922 = VECTOR('',#15923,1.);
#15923 = DIRECTION('',(0.,0.,1.));
#15924 = ORIENTED_EDGE('',*,*,#15925,.F.);
#15925 = EDGE_CURVE('',#15909,#15918,#15926,.T.);
#15926 = LINE('',#15927,#15928);
#15927 = CARTESIAN_POINT('',(65.1,-48.6,0.));
#15928 = VECTOR('',#15929,1.);
#15929 = DIRECTION('',(-0.,1.,0.));
#15930 = PLANE('',#15931);
#15931 = AXIS2_PLACEMENT_3D('',#15932,#15933,#15934);
#15932 = CARTESIAN_POINT('',(65.1,-48.6,-6.8));
#15933 = DIRECTION('',(1.,0.,-0.));
#15934 = DIRECTION('',(0.,0.,1.));
#15935 = ADVANCED_FACE('',(#15936),#15946,.F.);
#15936 = FACE_BOUND('',#15937,.F.);
#15937 = EDGE_LOOP('',(#15938,#15939,#15945));
#15938 = ORIENTED_EDGE('',*,*,#15686,.F.);
#15939 = ORIENTED_EDGE('',*,*,#15940,.F.);
#15940 = EDGE_CURVE('',#15719,#15678,#15941,.T.);
#15941 = LINE('',#15942,#15943);
#15942 = CARTESIAN_POINT('',(56.7,-33.6,-6.4));
#15943 = VECTOR('',#15944,1.);
#15944 = DIRECTION('',(-0.707106781187,-1.731912112471E-16,
    -0.707106781187));
#15945 = ORIENTED_EDGE('',*,*,#15727,.T.);
#15946 = CONICAL_SURFACE('',#15947,2.8,0.785398163397);
#15947 = AXIS2_PLACEMENT_3D('',#15948,#15949,#15950);
#15948 = CARTESIAN_POINT('',(59.5,-33.6,-6.4));
#15949 = DIRECTION('',(-0.,-0.,-1.));
#15950 = DIRECTION('',(-1.,0.,0.));
#15951 = ADVANCED_FACE('',(#15952),#15957,.F.);
#15952 = FACE_BOUND('',#15953,.F.);
#15953 = EDGE_LOOP('',(#15954,#15955,#15956));
#15954 = ORIENTED_EDGE('',*,*,#15940,.T.);
#15955 = ORIENTED_EDGE('',*,*,#15677,.F.);
#15956 = ORIENTED_EDGE('',*,*,#15718,.T.);
#15957 = CONICAL_SURFACE('',#15958,2.8,0.785398163397);
#15958 = AXIS2_PLACEMENT_3D('',#15959,#15960,#15961);
#15959 = CARTESIAN_POINT('',(59.5,-33.6,-6.4));
#15960 = DIRECTION('',(-0.,-0.,-1.));
#15961 = DIRECTION('',(-1.,0.,0.));
#15962 = ADVANCED_FACE('',(#15963),#15982,.F.);
#15963 = FACE_BOUND('',#15964,.F.);
#15964 = EDGE_LOOP('',(#15965,#15974,#15981));
#15965 = ORIENTED_EDGE('',*,*,#15966,.T.);
#15966 = EDGE_CURVE('',#15752,#15967,#15969,.T.);
#15967 = VERTEX_POINT('',#15968);
#15968 = CARTESIAN_POINT('',(56.3,-24.6,0.));
#15969 = CIRCLE('',#15970,3.2);
#15970 = AXIS2_PLACEMENT_3D('',#15971,#15972,#15973);
#15971 = CARTESIAN_POINT('',(59.5,-24.6,0.));
#15972 = DIRECTION('',(-0.,0.,-1.));
#15973 = DIRECTION('',(-1.,0.,0.));
#15974 = ORIENTED_EDGE('',*,*,#15975,.T.);
#15975 = EDGE_CURVE('',#15967,#15744,#15976,.T.);
#15976 = CIRCLE('',#15977,3.2);
#15977 = AXIS2_PLACEMENT_3D('',#15978,#15979,#15980);
#15978 = CARTESIAN_POINT('',(59.5,-24.6,0.));
#15979 = DIRECTION('',(-0.,0.,-1.));
#15980 = DIRECTION('',(-1.,0.,0.));
#15981 = ORIENTED_EDGE('',*,*,#15751,.F.);
#15982 = PLANE('',#15983);
#15983 = AXIS2_PLACEMENT_3D('',#15984,#15985,#15986);
#15984 = CARTESIAN_POINT('',(59.5,-24.6,0.));
#15985 = DIRECTION('',(-0.,-0.,-1.));
#15986 = DIRECTION('',(-1.,0.,0.));
#15987 = ADVANCED_FACE('',(#15988),#16032,.F.);
#15988 = FACE_BOUND('',#15989,.F.);
#15989 = EDGE_LOOP('',(#15990,#15998,#15999,#16006,#16013,#16014,#16015,
    #16016,#16025));
#15990 = ORIENTED_EDGE('',*,*,#15991,.T.);
#15991 = EDGE_CURVE('',#15992,#15967,#15994,.T.);
#15992 = VERTEX_POINT('',#15993);
#15993 = CARTESIAN_POINT('',(56.7,-24.6,0.4));
#15994 = LINE('',#15995,#15996);
#15995 = CARTESIAN_POINT('',(56.7,-24.6,0.4));
#15996 = VECTOR('',#15997,1.);
#15997 = DIRECTION('',(-0.707106781187,-1.731912112471E-16,
    -0.707106781187));
#15998 = ORIENTED_EDGE('',*,*,#15966,.F.);
#15999 = ORIENTED_EDGE('',*,*,#16000,.F.);
#16000 = EDGE_CURVE('',#15848,#15752,#16001,.T.);
#16001 = CIRCLE('',#16002,3.2);
#16002 = AXIS2_PLACEMENT_3D('',#16003,#16004,#16005);
#16003 = CARTESIAN_POINT('',(59.5,-24.6,0.));
#16004 = DIRECTION('',(-0.,0.,-1.));
#16005 = DIRECTION('',(-1.,0.,0.));
#16006 = ORIENTED_EDGE('',*,*,#16007,.F.);
#16007 = EDGE_CURVE('',#15775,#15848,#16008,.T.);
#16008 = CIRCLE('',#16009,3.2);
#16009 = AXIS2_PLACEMENT_3D('',#16010,#16011,#16012);
#16010 = CARTESIAN_POINT('',(59.5,-24.6,0.));
#16011 = DIRECTION('',(-0.,0.,-1.));
#16012 = DIRECTION('',(-1.,0.,0.));
#16013 = ORIENTED_EDGE('',*,*,#15774,.F.);
#16014 = ORIENTED_EDGE('',*,*,#15975,.F.);
#16015 = ORIENTED_EDGE('',*,*,#15991,.F.);
#16016 = ORIENTED_EDGE('',*,*,#16017,.T.);
#16017 = EDGE_CURVE('',#15992,#16018,#16020,.T.);
#16018 = VERTEX_POINT('',#16019);
#16019 = CARTESIAN_POINT('',(62.3,-24.6,0.4));
#16020 = CIRCLE('',#16021,2.8);
#16021 = AXIS2_PLACEMENT_3D('',#16022,#16023,#16024);
#16022 = CARTESIAN_POINT('',(59.5,-24.6,0.4));
#16023 = DIRECTION('',(-0.,0.,-1.));
#16024 = DIRECTION('',(-1.,0.,0.));
#16025 = ORIENTED_EDGE('',*,*,#16026,.T.);
#16026 = EDGE_CURVE('',#16018,#15992,#16027,.T.);
#16027 = CIRCLE('',#16028,2.8);
#16028 = AXIS2_PLACEMENT_3D('',#16029,#16030,#16031);
#16029 = CARTESIAN_POINT('',(59.5,-24.6,0.4));
#16030 = DIRECTION('',(-0.,0.,-1.));
#16031 = DIRECTION('',(-1.,0.,0.));
#16032 = CONICAL_SURFACE('',#16033,2.8,0.785398163397);
#16033 = AXIS2_PLACEMENT_3D('',#16034,#16035,#16036);
#16034 = CARTESIAN_POINT('',(59.5,-24.6,0.4));
#16035 = DIRECTION('',(-0.,-0.,-1.));
#16036 = DIRECTION('',(-1.,0.,0.));
#16037 = ADVANCED_FACE('',(#16038),#16042,.F.);
#16038 = FACE_BOUND('',#16039,.F.);
#16039 = EDGE_LOOP('',(#16040,#16041));
#16040 = ORIENTED_EDGE('',*,*,#15847,.T.);
#16041 = ORIENTED_EDGE('',*,*,#16007,.T.);
#16042 = PLANE('',#16043);
#16043 = AXIS2_PLACEMENT_3D('',#16044,#16045,#16046);
#16044 = CARTESIAN_POINT('',(59.5,-24.6,0.));
#16045 = DIRECTION('',(-0.,-0.,-1.));
#16046 = DIRECTION('',(-1.,0.,0.));
#16047 = ADVANCED_FACE('',(#16048),#16052,.F.);
#16048 = FACE_BOUND('',#16049,.F.);
#16049 = EDGE_LOOP('',(#16050,#16051));
#16050 = ORIENTED_EDGE('',*,*,#15893,.F.);
#16051 = ORIENTED_EDGE('',*,*,#15823,.F.);
#16052 = CONICAL_SURFACE('',#16053,2.8,0.785398163397);
#16053 = AXIS2_PLACEMENT_3D('',#16054,#16055,#16056);
#16054 = CARTESIAN_POINT('',(59.5,-33.6,-6.4));
#16055 = DIRECTION('',(-0.,-0.,-1.));
#16056 = DIRECTION('',(-1.,0.,0.));
#16057 = ADVANCED_FACE('',(#16058),#16078,.F.);
#16058 = FACE_BOUND('',#16059,.F.);
#16059 = EDGE_LOOP('',(#16060,#16061,#16069,#16076,#16077));
#16060 = ORIENTED_EDGE('',*,*,#16026,.F.);
#16061 = ORIENTED_EDGE('',*,*,#16062,.T.);
#16062 = EDGE_CURVE('',#16018,#16063,#16065,.T.);
#16063 = VERTEX_POINT('',#16064);
#16064 = CARTESIAN_POINT('',(62.3,-24.6,2.6));
#16065 = LINE('',#16066,#16067);
#16066 = CARTESIAN_POINT('',(62.3,-24.6,-1.));
#16067 = VECTOR('',#16068,1.);
#16068 = DIRECTION('',(0.,0.,1.));
#16069 = ORIENTED_EDGE('',*,*,#16070,.F.);
#16070 = EDGE_CURVE('',#16063,#16063,#16071,.T.);
#16071 = CIRCLE('',#16072,2.8);
#16072 = AXIS2_PLACEMENT_3D('',#16073,#16074,#16075);
#16073 = CARTESIAN_POINT('',(59.5,-24.6,2.6));
#16074 = DIRECTION('',(0.,0.,1.));
#16075 = DIRECTION('',(1.,0.,-0.));
#16076 = ORIENTED_EDGE('',*,*,#16062,.F.);
#16077 = ORIENTED_EDGE('',*,*,#16017,.F.);
#16078 = CYLINDRICAL_SURFACE('',#16079,2.8);
#16079 = AXIS2_PLACEMENT_3D('',#16080,#16081,#16082);
#16080 = CARTESIAN_POINT('',(59.5,-24.6,-1.));
#16081 = DIRECTION('',(0.,0.,1.));
#16082 = DIRECTION('',(1.,0.,-0.));
#16083 = ADVANCED_FACE('',(#16084),#16118,.T.);
#16084 = FACE_BOUND('',#16085,.T.);
#16085 = EDGE_LOOP('',(#16086,#16096,#16104,#16112));
#16086 = ORIENTED_EDGE('',*,*,#16087,.F.);
#16087 = EDGE_CURVE('',#16088,#16090,#16092,.T.);
#16088 = VERTEX_POINT('',#16089);
#16089 = CARTESIAN_POINT('',(49.5,-45.6,8.));
#16090 = VERTEX_POINT('',#16091);
#16091 = CARTESIAN_POINT('',(49.5,-18.6,8.));
#16092 = LINE('',#16093,#16094);
#16093 = CARTESIAN_POINT('',(49.5,-48.6,8.));
#16094 = VECTOR('',#16095,1.);
#16095 = DIRECTION('',(-0.,1.,0.));
#16096 = ORIENTED_EDGE('',*,*,#16097,.T.);
#16097 = EDGE_CURVE('',#16088,#16098,#16100,.T.);
#16098 = VERTEX_POINT('',#16099);
#16099 = CARTESIAN_POINT('',(49.5,-45.6,3.));
#16100 = LINE('',#16101,#16102);
#16101 = CARTESIAN_POINT('',(49.5,-45.6,0.));
#16102 = VECTOR('',#16103,1.);
#16103 = DIRECTION('',(-0.,0.,-1.));
#16104 = ORIENTED_EDGE('',*,*,#16105,.T.);
#16105 = EDGE_CURVE('',#16098,#16106,#16108,.T.);
#16106 = VERTEX_POINT('',#16107);
#16107 = CARTESIAN_POINT('',(49.5,-18.6,3.));
#16108 = LINE('',#16109,#16110);
#16109 = CARTESIAN_POINT('',(49.5,-48.6,3.));
#16110 = VECTOR('',#16111,1.);
#16111 = DIRECTION('',(-0.,1.,0.));
#16112 = ORIENTED_EDGE('',*,*,#16113,.T.);
#16113 = EDGE_CURVE('',#16106,#16090,#16114,.T.);
#16114 = LINE('',#16115,#16116);
#16115 = CARTESIAN_POINT('',(49.5,-18.6,0.));
#16116 = VECTOR('',#16117,1.);
#16117 = DIRECTION('',(0.,0.,1.));
#16118 = PLANE('',#16119);
#16119 = AXIS2_PLACEMENT_3D('',#16120,#16121,#16122);
#16120 = CARTESIAN_POINT('',(49.5,-48.6,0.));
#16121 = DIRECTION('',(1.,0.,-0.));
#16122 = DIRECTION('',(0.,0.,1.));
#16123 = ADVANCED_FACE('',(#16124),#16149,.T.);
#16124 = FACE_BOUND('',#16125,.T.);
#16125 = EDGE_LOOP('',(#16126,#16136,#16142,#16143));
#16126 = ORIENTED_EDGE('',*,*,#16127,.T.);
#16127 = EDGE_CURVE('',#16128,#16130,#16132,.T.);
#16128 = VERTEX_POINT('',#16129);
#16129 = CARTESIAN_POINT('',(69.5,-45.6,8.));
#16130 = VERTEX_POINT('',#16131);
#16131 = CARTESIAN_POINT('',(69.5,-45.6,3.));
#16132 = LINE('',#16133,#16134);
#16133 = CARTESIAN_POINT('',(69.5,-45.6,0.));
#16134 = VECTOR('',#16135,1.);
#16135 = DIRECTION('',(-0.,0.,-1.));
#16136 = ORIENTED_EDGE('',*,*,#16137,.T.);
#16137 = EDGE_CURVE('',#16130,#16098,#16138,.T.);
#16138 = LINE('',#16139,#16140);
#16139 = CARTESIAN_POINT('',(46.5,-45.6,3.));
#16140 = VECTOR('',#16141,1.);
#16141 = DIRECTION('',(-1.,-0.,0.));
#16142 = ORIENTED_EDGE('',*,*,#16097,.F.);
#16143 = ORIENTED_EDGE('',*,*,#16144,.T.);
#16144 = EDGE_CURVE('',#16088,#16128,#16145,.T.);
#16145 = LINE('',#16146,#16147);
#16146 = CARTESIAN_POINT('',(46.5,-45.6,8.));
#16147 = VECTOR('',#16148,1.);
#16148 = DIRECTION('',(1.,0.,-0.));
#16149 = PLANE('',#16150);
#16150 = AXIS2_PLACEMENT_3D('',#16151,#16152,#16153);
#16151 = CARTESIAN_POINT('',(46.5,-45.6,0.));
#16152 = DIRECTION('',(-0.,1.,0.));
#16153 = DIRECTION('',(0.,0.,1.));
#16154 = ADVANCED_FACE('',(#16155,#16173,#16184),#16195,.T.);
#16155 = FACE_BOUND('',#16156,.T.);
#16156 = EDGE_LOOP('',(#16157,#16158,#16159,#16167));
#16157 = ORIENTED_EDGE('',*,*,#16105,.F.);
#16158 = ORIENTED_EDGE('',*,*,#16137,.F.);
#16159 = ORIENTED_EDGE('',*,*,#16160,.T.);
#16160 = EDGE_CURVE('',#16130,#16161,#16163,.T.);
#16161 = VERTEX_POINT('',#16162);
#16162 = CARTESIAN_POINT('',(69.5,-18.6,3.));
#16163 = LINE('',#16164,#16165);
#16164 = CARTESIAN_POINT('',(69.5,-48.6,3.));
#16165 = VECTOR('',#16166,1.);
#16166 = DIRECTION('',(-0.,1.,0.));
#16167 = ORIENTED_EDGE('',*,*,#16168,.F.);
#16168 = EDGE_CURVE('',#16106,#16161,#16169,.T.);
#16169 = LINE('',#16170,#16171);
#16170 = CARTESIAN_POINT('',(46.5,-18.6,3.));
#16171 = VECTOR('',#16172,1.);
#16172 = DIRECTION('',(1.,0.,-0.));
#16173 = FACE_BOUND('',#16174,.T.);
#16174 = EDGE_LOOP('',(#16175));
#16175 = ORIENTED_EDGE('',*,*,#16176,.F.);
#16176 = EDGE_CURVE('',#16177,#16177,#16179,.T.);
#16177 = VERTEX_POINT('',#16178);
#16178 = CARTESIAN_POINT('',(62.7,-33.6,3.));
#16179 = CIRCLE('',#16180,3.2);
#16180 = AXIS2_PLACEMENT_3D('',#16181,#16182,#16183);
#16181 = CARTESIAN_POINT('',(59.5,-33.6,3.));
#16182 = DIRECTION('',(0.,0.,1.));
#16183 = DIRECTION('',(1.,0.,-0.));
#16184 = FACE_BOUND('',#16185,.T.);
#16185 = EDGE_LOOP('',(#16186));
#16186 = ORIENTED_EDGE('',*,*,#16187,.F.);
#16187 = EDGE_CURVE('',#16188,#16188,#16190,.T.);
#16188 = VERTEX_POINT('',#16189);
#16189 = CARTESIAN_POINT('',(62.7,-24.6,3.));
#16190 = CIRCLE('',#16191,3.2);
#16191 = AXIS2_PLACEMENT_3D('',#16192,#16193,#16194);
#16192 = CARTESIAN_POINT('',(59.5,-24.6,3.));
#16193 = DIRECTION('',(0.,0.,1.));
#16194 = DIRECTION('',(1.,0.,-0.));
#16195 = PLANE('',#16196);
#16196 = AXIS2_PLACEMENT_3D('',#16197,#16198,#16199);
#16197 = CARTESIAN_POINT('',(46.5,-48.6,3.));
#16198 = DIRECTION('',(0.,0.,1.));
#16199 = DIRECTION('',(1.,0.,-0.));
#16200 = ADVANCED_FACE('',(#16201),#16219,.F.);
#16201 = FACE_BOUND('',#16202,.F.);
#16202 = EDGE_LOOP('',(#16203,#16211,#16212,#16213));
#16203 = ORIENTED_EDGE('',*,*,#16204,.F.);
#16204 = EDGE_CURVE('',#16128,#16205,#16207,.T.);
#16205 = VERTEX_POINT('',#16206);
#16206 = CARTESIAN_POINT('',(69.5,-18.6,8.));
#16207 = LINE('',#16208,#16209);
#16208 = CARTESIAN_POINT('',(69.5,-48.6,8.));
#16209 = VECTOR('',#16210,1.);
#16210 = DIRECTION('',(-0.,1.,0.));
#16211 = ORIENTED_EDGE('',*,*,#16127,.T.);
#16212 = ORIENTED_EDGE('',*,*,#16160,.T.);
#16213 = ORIENTED_EDGE('',*,*,#16214,.T.);
#16214 = EDGE_CURVE('',#16161,#16205,#16215,.T.);
#16215 = LINE('',#16216,#16217);
#16216 = CARTESIAN_POINT('',(69.5,-18.6,0.));
#16217 = VECTOR('',#16218,1.);
#16218 = DIRECTION('',(0.,0.,1.));
#16219 = PLANE('',#16220);
#16220 = AXIS2_PLACEMENT_3D('',#16221,#16222,#16223);
#16221 = CARTESIAN_POINT('',(69.5,-48.6,0.));
#16222 = DIRECTION('',(1.,0.,-0.));
#16223 = DIRECTION('',(0.,0.,1.));
#16224 = ADVANCED_FACE('',(#16225),#16244,.F.);
#16225 = FACE_BOUND('',#16226,.F.);
#16226 = EDGE_LOOP('',(#16227,#16228,#16236,#16243));
#16227 = ORIENTED_EDGE('',*,*,#16176,.F.);
#16228 = ORIENTED_EDGE('',*,*,#16229,.F.);
#16229 = EDGE_CURVE('',#16230,#16177,#16232,.T.);
#16230 = VERTEX_POINT('',#16231);
#16231 = CARTESIAN_POINT('',(62.3,-33.6,2.6));
#16232 = LINE('',#16233,#16234);
#16233 = CARTESIAN_POINT('',(62.3,-33.6,2.6));
#16234 = VECTOR('',#16235,1.);
#16235 = DIRECTION('',(0.707106781187,-1.731912112471E-16,0.707106781187
    ));
#16236 = ORIENTED_EDGE('',*,*,#16237,.T.);
#16237 = EDGE_CURVE('',#16230,#16230,#16238,.T.);
#16238 = CIRCLE('',#16239,2.8);
#16239 = AXIS2_PLACEMENT_3D('',#16240,#16241,#16242);
#16240 = CARTESIAN_POINT('',(59.5,-33.6,2.6));
#16241 = DIRECTION('',(0.,0.,1.));
#16242 = DIRECTION('',(1.,0.,-0.));
#16243 = ORIENTED_EDGE('',*,*,#16229,.T.);
#16244 = CONICAL_SURFACE('',#16245,2.8,0.785398163397);
#16245 = AXIS2_PLACEMENT_3D('',#16246,#16247,#16248);
#16246 = CARTESIAN_POINT('',(59.5,-33.6,2.6));
#16247 = DIRECTION('',(0.,0.,1.));
#16248 = DIRECTION('',(1.,0.,-0.));
#16249 = ADVANCED_FACE('',(#16250),#16269,.F.);
#16250 = FACE_BOUND('',#16251,.F.);
#16251 = EDGE_LOOP('',(#16252,#16253,#16261,#16268));
#16252 = ORIENTED_EDGE('',*,*,#16237,.F.);
#16253 = ORIENTED_EDGE('',*,*,#16254,.F.);
#16254 = EDGE_CURVE('',#16255,#16230,#16257,.T.);
#16255 = VERTEX_POINT('',#16256);
#16256 = CARTESIAN_POINT('',(62.3,-33.6,0.));
#16257 = LINE('',#16258,#16259);
#16258 = CARTESIAN_POINT('',(62.3,-33.6,-8.3));
#16259 = VECTOR('',#16260,1.);
#16260 = DIRECTION('',(0.,0.,1.));
#16261 = ORIENTED_EDGE('',*,*,#16262,.T.);
#16262 = EDGE_CURVE('',#16255,#16255,#16263,.T.);
#16263 = CIRCLE('',#16264,2.8);
#16264 = AXIS2_PLACEMENT_3D('',#16265,#16266,#16267);
#16265 = CARTESIAN_POINT('',(59.5,-33.6,0.));
#16266 = DIRECTION('',(0.,0.,1.));
#16267 = DIRECTION('',(1.,0.,-0.));
#16268 = ORIENTED_EDGE('',*,*,#16254,.T.);
#16269 = CYLINDRICAL_SURFACE('',#16270,2.8);
#16270 = AXIS2_PLACEMENT_3D('',#16271,#16272,#16273);
#16271 = CARTESIAN_POINT('',(59.5,-33.6,-8.3));
#16272 = DIRECTION('',(0.,0.,1.));
#16273 = DIRECTION('',(1.,0.,-0.));
#16274 = ADVANCED_FACE('',(#16275),#16286,.F.);
#16275 = FACE_BOUND('',#16276,.F.);
#16276 = EDGE_LOOP('',(#16277,#16278,#16284,#16285));
#16277 = ORIENTED_EDGE('',*,*,#16187,.F.);
#16278 = ORIENTED_EDGE('',*,*,#16279,.F.);
#16279 = EDGE_CURVE('',#16063,#16188,#16280,.T.);
#16280 = LINE('',#16281,#16282);
#16281 = CARTESIAN_POINT('',(62.3,-24.6,2.6));
#16282 = VECTOR('',#16283,1.);
#16283 = DIRECTION('',(0.707106781187,-1.731912112471E-16,0.707106781187
    ));
#16284 = ORIENTED_EDGE('',*,*,#16070,.T.);
#16285 = ORIENTED_EDGE('',*,*,#16279,.T.);
#16286 = CONICAL_SURFACE('',#16287,2.8,0.785398163397);
#16287 = AXIS2_PLACEMENT_3D('',#16288,#16289,#16290);
#16288 = CARTESIAN_POINT('',(59.5,-24.6,2.6));
#16289 = DIRECTION('',(0.,0.,1.));
#16290 = DIRECTION('',(1.,0.,-0.));
#16291 = ADVANCED_FACE('',(#16292),#16344,.T.);
#16292 = FACE_BOUND('',#16293,.T.);
#16293 = EDGE_LOOP('',(#16294,#16302,#16303,#16304,#16305,#16311,#16312,
    #16313,#16314,#16322,#16330,#16338));
#16294 = ORIENTED_EDGE('',*,*,#16295,.T.);
#16295 = EDGE_CURVE('',#16296,#15615,#16298,.T.);
#16296 = VERTEX_POINT('',#16297);
#16297 = CARTESIAN_POINT('',(46.5,-48.6,0.));
#16298 = LINE('',#16299,#16300);
#16299 = CARTESIAN_POINT('',(46.5,-48.6,0.));
#16300 = VECTOR('',#16301,1.);
#16301 = DIRECTION('',(1.,0.,-0.));
#16302 = ORIENTED_EDGE('',*,*,#15612,.F.);
#16303 = ORIENTED_EDGE('',*,*,#15661,.T.);
#16304 = ORIENTED_EDGE('',*,*,#15709,.T.);
#16305 = ORIENTED_EDGE('',*,*,#16306,.T.);
#16306 = EDGE_CURVE('',#15710,#15808,#16307,.T.);
#16307 = LINE('',#16308,#16309);
#16308 = CARTESIAN_POINT('',(46.5,-48.6,0.));
#16309 = VECTOR('',#16310,1.);
#16310 = DIRECTION('',(1.,0.,-0.));
#16311 = ORIENTED_EDGE('',*,*,#15805,.F.);
#16312 = ORIENTED_EDGE('',*,*,#15870,.T.);
#16313 = ORIENTED_EDGE('',*,*,#15908,.T.);
#16314 = ORIENTED_EDGE('',*,*,#16315,.T.);
#16315 = EDGE_CURVE('',#15909,#16316,#16318,.T.);
#16316 = VERTEX_POINT('',#16317);
#16317 = CARTESIAN_POINT('',(72.5,-48.6,0.));
#16318 = LINE('',#16319,#16320);
#16319 = CARTESIAN_POINT('',(46.5,-48.6,0.));
#16320 = VECTOR('',#16321,1.);
#16321 = DIRECTION('',(1.,0.,-0.));
#16322 = ORIENTED_EDGE('',*,*,#16323,.T.);
#16323 = EDGE_CURVE('',#16316,#16324,#16326,.T.);
#16324 = VERTEX_POINT('',#16325);
#16325 = CARTESIAN_POINT('',(72.5,-48.6,8.));
#16326 = LINE('',#16327,#16328);
#16327 = CARTESIAN_POINT('',(72.5,-48.6,0.));
#16328 = VECTOR('',#16329,1.);
#16329 = DIRECTION('',(0.,0.,1.));
#16330 = ORIENTED_EDGE('',*,*,#16331,.F.);
#16331 = EDGE_CURVE('',#16332,#16324,#16334,.T.);
#16332 = VERTEX_POINT('',#16333);
#16333 = CARTESIAN_POINT('',(46.5,-48.6,8.));
#16334 = LINE('',#16335,#16336);
#16335 = CARTESIAN_POINT('',(46.5,-48.6,8.));
#16336 = VECTOR('',#16337,1.);
#16337 = DIRECTION('',(1.,0.,-0.));
#16338 = ORIENTED_EDGE('',*,*,#16339,.F.);
#16339 = EDGE_CURVE('',#16296,#16332,#16340,.T.);
#16340 = LINE('',#16341,#16342);
#16341 = CARTESIAN_POINT('',(46.5,-48.6,0.));
#16342 = VECTOR('',#16343,1.);
#16343 = DIRECTION('',(0.,0.,1.));
#16344 = PLANE('',#16345);
#16345 = AXIS2_PLACEMENT_3D('',#16346,#16347,#16348);
#16346 = CARTESIAN_POINT('',(59.5,-48.6,1.528571428571));
#16347 = DIRECTION('',(-0.,-1.,-0.));
#16348 = DIRECTION('',(0.,0.,-1.));
#16349 = ADVANCED_FACE('',(#16350),#16375,.T.);
#16350 = FACE_BOUND('',#16351,.T.);
#16351 = EDGE_LOOP('',(#16352,#16353,#16361,#16369));
#16352 = ORIENTED_EDGE('',*,*,#16339,.T.);
#16353 = ORIENTED_EDGE('',*,*,#16354,.T.);
#16354 = EDGE_CURVE('',#16332,#16355,#16357,.T.);
#16355 = VERTEX_POINT('',#16356);
#16356 = CARTESIAN_POINT('',(46.5,-18.6,8.));
#16357 = LINE('',#16358,#16359);
#16358 = CARTESIAN_POINT('',(46.5,-48.6,8.));
#16359 = VECTOR('',#16360,1.);
#16360 = DIRECTION('',(-0.,1.,0.));
#16361 = ORIENTED_EDGE('',*,*,#16362,.F.);
#16362 = EDGE_CURVE('',#16363,#16355,#16365,.T.);
#16363 = VERTEX_POINT('',#16364);
#16364 = CARTESIAN_POINT('',(46.5,-18.6,0.));
#16365 = LINE('',#16366,#16367);
#16366 = CARTESIAN_POINT('',(46.5,-18.6,0.));
#16367 = VECTOR('',#16368,1.);
#16368 = DIRECTION('',(0.,0.,1.));
#16369 = ORIENTED_EDGE('',*,*,#16370,.F.);
#16370 = EDGE_CURVE('',#16296,#16363,#16371,.T.);
#16371 = LINE('',#16372,#16373);
#16372 = CARTESIAN_POINT('',(46.5,-48.6,0.));
#16373 = VECTOR('',#16374,1.);
#16374 = DIRECTION('',(-0.,1.,0.));
#16375 = PLANE('',#16376);
#16376 = AXIS2_PLACEMENT_3D('',#16377,#16378,#16379);
#16377 = CARTESIAN_POINT('',(46.5,-33.6,4.));
#16378 = DIRECTION('',(-1.,-0.,-0.));
#16379 = DIRECTION('',(0.,0.,-1.));
#16380 = ADVANCED_FACE('',(#16381),#16392,.T.);
#16381 = FACE_BOUND('',#16382,.T.);
#16382 = EDGE_LOOP('',(#16383,#16384,#16390,#16391));
#16383 = ORIENTED_EDGE('',*,*,#16370,.T.);
#16384 = ORIENTED_EDGE('',*,*,#16385,.T.);
#16385 = EDGE_CURVE('',#16363,#15631,#16386,.T.);
#16386 = LINE('',#16387,#16388);
#16387 = CARTESIAN_POINT('',(46.5,-18.6,0.));
#16388 = VECTOR('',#16389,1.);
#16389 = DIRECTION('',(1.,0.,-0.));
#16390 = ORIENTED_EDGE('',*,*,#15638,.F.);
#16391 = ORIENTED_EDGE('',*,*,#16295,.F.);
#16392 = PLANE('',#16393);
#16393 = AXIS2_PLACEMENT_3D('',#16394,#16395,#16396);
#16394 = CARTESIAN_POINT('',(50.2,-33.6,0.));
#16395 = DIRECTION('',(-0.,-0.,-1.));
#16396 = DIRECTION('',(-1.,0.,0.));
#16397 = ADVANCED_FACE('',(#16398,#16404),#16407,.T.);
#16398 = FACE_BOUND('',#16399,.T.);
#16399 = EDGE_LOOP('',(#16400,#16401,#16402,#16403));
#16400 = ORIENTED_EDGE('',*,*,#15759,.T.);
#16401 = ORIENTED_EDGE('',*,*,#16000,.F.);
#16402 = ORIENTED_EDGE('',*,*,#15855,.F.);
#16403 = ORIENTED_EDGE('',*,*,#16306,.F.);
#16404 = FACE_BOUND('',#16405,.T.);
#16405 = EDGE_LOOP('',(#16406));
#16406 = ORIENTED_EDGE('',*,*,#16262,.T.);
#16407 = PLANE('',#16408);
#16408 = AXIS2_PLACEMENT_3D('',#16409,#16410,#16411);
#16409 = CARTESIAN_POINT('',(59.5,-36.80764547586,0.));
#16410 = DIRECTION('',(-0.,-0.,-1.));
#16411 = DIRECTION('',(-1.,0.,0.));
#16412 = ADVANCED_FACE('',(#16413),#16431,.T.);
#16413 = FACE_BOUND('',#16414,.T.);
#16414 = EDGE_LOOP('',(#16415,#16416,#16424,#16430));
#16415 = ORIENTED_EDGE('',*,*,#15925,.T.);
#16416 = ORIENTED_EDGE('',*,*,#16417,.T.);
#16417 = EDGE_CURVE('',#15918,#16418,#16420,.T.);
#16418 = VERTEX_POINT('',#16419);
#16419 = CARTESIAN_POINT('',(72.5,-18.6,0.));
#16420 = LINE('',#16421,#16422);
#16421 = CARTESIAN_POINT('',(46.5,-18.6,0.));
#16422 = VECTOR('',#16423,1.);
#16423 = DIRECTION('',(1.,0.,-0.));
#16424 = ORIENTED_EDGE('',*,*,#16425,.F.);
#16425 = EDGE_CURVE('',#16316,#16418,#16426,.T.);
#16426 = LINE('',#16427,#16428);
#16427 = CARTESIAN_POINT('',(72.5,-48.6,0.));
#16428 = VECTOR('',#16429,1.);
#16429 = DIRECTION('',(-0.,1.,0.));
#16430 = ORIENTED_EDGE('',*,*,#16315,.F.);
#16431 = PLANE('',#16432);
#16432 = AXIS2_PLACEMENT_3D('',#16433,#16434,#16435);
#16433 = CARTESIAN_POINT('',(68.8,-33.6,0.));
#16434 = DIRECTION('',(-0.,-0.,-1.));
#16435 = DIRECTION('',(-1.,0.,0.));
#16436 = ADVANCED_FACE('',(#16437),#16464,.T.);
#16437 = FACE_BOUND('',#16438,.T.);
#16438 = EDGE_LOOP('',(#16439,#16440,#16441,#16449,#16455,#16456,#16457,
    #16458));
#16439 = ORIENTED_EDGE('',*,*,#16354,.F.);
#16440 = ORIENTED_EDGE('',*,*,#16331,.T.);
#16441 = ORIENTED_EDGE('',*,*,#16442,.T.);
#16442 = EDGE_CURVE('',#16324,#16443,#16445,.T.);
#16443 = VERTEX_POINT('',#16444);
#16444 = CARTESIAN_POINT('',(72.5,-18.6,8.));
#16445 = LINE('',#16446,#16447);
#16446 = CARTESIAN_POINT('',(72.5,-48.6,8.));
#16447 = VECTOR('',#16448,1.);
#16448 = DIRECTION('',(-0.,1.,0.));
#16449 = ORIENTED_EDGE('',*,*,#16450,.F.);
#16450 = EDGE_CURVE('',#16205,#16443,#16451,.T.);
#16451 = LINE('',#16452,#16453);
#16452 = CARTESIAN_POINT('',(69.5,-18.6,8.));
#16453 = VECTOR('',#16454,1.);
#16454 = DIRECTION('',(1.,0.,-0.));
#16455 = ORIENTED_EDGE('',*,*,#16204,.F.);
#16456 = ORIENTED_EDGE('',*,*,#16144,.F.);
#16457 = ORIENTED_EDGE('',*,*,#16087,.T.);
#16458 = ORIENTED_EDGE('',*,*,#16459,.F.);
#16459 = EDGE_CURVE('',#16355,#16090,#16460,.T.);
#16460 = LINE('',#16461,#16462);
#16461 = CARTESIAN_POINT('',(46.5,-18.6,8.));
#16462 = VECTOR('',#16463,1.);
#16463 = DIRECTION('',(1.,0.,-0.));
#16464 = PLANE('',#16465);
#16465 = AXIS2_PLACEMENT_3D('',#16466,#16467,#16468);
#16466 = CARTESIAN_POINT('',(59.5,-36.36506024096,8.));
#16467 = DIRECTION('',(0.,0.,1.));
#16468 = DIRECTION('',(1.,0.,-0.));
#16469 = ADVANCED_FACE('',(#16470),#16493,.T.);
#16470 = FACE_BOUND('',#16471,.T.);
#16471 = EDGE_LOOP('',(#16472,#16473,#16474,#16475,#16476,#16477,#16478,
    #16479,#16485,#16486,#16487,#16488,#16489,#16490,#16491,#16492));
#16472 = ORIENTED_EDGE('',*,*,#16385,.F.);
#16473 = ORIENTED_EDGE('',*,*,#16362,.T.);
#16474 = ORIENTED_EDGE('',*,*,#16459,.T.);
#16475 = ORIENTED_EDGE('',*,*,#16113,.F.);
#16476 = ORIENTED_EDGE('',*,*,#16168,.T.);
#16477 = ORIENTED_EDGE('',*,*,#16214,.T.);
#16478 = ORIENTED_EDGE('',*,*,#16450,.T.);
#16479 = ORIENTED_EDGE('',*,*,#16480,.F.);
#16480 = EDGE_CURVE('',#16418,#16443,#16481,.T.);
#16481 = LINE('',#16482,#16483);
#16482 = CARTESIAN_POINT('',(72.5,-18.6,0.));
#16483 = VECTOR('',#16484,1.);
#16484 = DIRECTION('',(0.,0.,1.));
#16485 = ORIENTED_EDGE('',*,*,#16417,.F.);
#16486 = ORIENTED_EDGE('',*,*,#15917,.F.);
#16487 = ORIENTED_EDGE('',*,*,#15886,.F.);
#16488 = ORIENTED_EDGE('',*,*,#15840,.T.);
#16489 = ORIENTED_EDGE('',*,*,#15791,.F.);
#16490 = ORIENTED_EDGE('',*,*,#15735,.F.);
#16491 = ORIENTED_EDGE('',*,*,#15652,.F.);
#16492 = ORIENTED_EDGE('',*,*,#15630,.T.);
#16493 = PLANE('',#16494);
#16494 = AXIS2_PLACEMENT_3D('',#16495,#16496,#16497);
#16495 = CARTESIAN_POINT('',(59.5,-18.6,0.955513307985));
#16496 = DIRECTION('',(0.,1.,0.));
#16497 = DIRECTION('',(0.,-0.,1.));
#16498 = ADVANCED_FACE('',(#16499),#16505,.T.);
#16499 = FACE_BOUND('',#16500,.T.);
#16500 = EDGE_LOOP('',(#16501,#16502,#16503,#16504));
#16501 = ORIENTED_EDGE('',*,*,#16323,.F.);
#16502 = ORIENTED_EDGE('',*,*,#16425,.T.);
#16503 = ORIENTED_EDGE('',*,*,#16480,.T.);
#16504 = ORIENTED_EDGE('',*,*,#16442,.F.);
#16505 = PLANE('',#16506);
#16506 = AXIS2_PLACEMENT_3D('',#16507,#16508,#16509);
#16507 = CARTESIAN_POINT('',(72.5,-33.6,4.));
#16508 = DIRECTION('',(1.,0.,0.));
#16509 = DIRECTION('',(-0.,0.,1.));
#16510 = ( GEOMETRIC_REPRESENTATION_CONTEXT(3) 
GLOBAL_UNCERTAINTY_ASSIGNED_CONTEXT((#16514)) 
GLOBAL_UNIT_ASSIGNED_CONTEXT((#16511,#16512,#16513)) 
REPRESENTATION_CONTEXT('Context #1',
  '3D Context with UNIT and UNCERTAINTY') );
#16511 = ( LENGTH_UNIT() NAMED_UNIT(*) SI_UNIT(.MILLI.,.METRE.) );
#16512 = ( NAMED_UNIT(*) PLANE_ANGLE_UNIT() SI_UNIT($,.RADIAN.) );
#16513 = ( NAMED_UNIT(*) SI_UNIT($,.STERADIAN.) SOLID_ANGLE_UNIT() );
#16514 = UNCERTAINTY_MEASURE_WITH_UNIT(LENGTH_MEASURE(2.E-07),#16511,
  'distance_accuracy_value','confusion accuracy');
#16515 = PRODUCT_RELATED_PRODUCT_CATEGORY('part',$,(#7));
ENDSEC;
END-ISO-10303-21;
